# Blender 4.1.1
# www.blender.org
mtllib AL4_Skydome.mtl
o 球
v 0.000000 98.078522 -19.509033
v 0.000000 92.387947 -38.268345
v 0.000000 70.710678 -70.710678
v 0.000000 19.509033 -98.078522
v 0.000000 -19.509033 -98.078522
v 0.000000 -70.710678 -70.710678
v 0.000000 -98.078522 -19.509033
v 1.912220 98.078522 -19.415091
v 3.750954 92.387947 -38.084072
v 5.445541 83.146957 -55.289501
v 6.930859 70.710678 -70.370186
v 8.149827 55.557026 -82.746582
v 9.055603 38.268345 -91.943077
v 9.613377 19.509033 -97.606247
v 9.801714 0.000000 -99.518471
v 9.613377 -19.509033 -97.606247
v 9.055603 -38.268345 -91.943077
v 8.149827 -55.557026 -82.746582
v 6.930859 -70.710678 -70.370186
v 5.445541 -83.146957 -55.289501
v 3.750954 -92.387947 -38.084072
v 1.912220 -98.078522 -19.415091
v 3.806023 98.078522 -19.134172
v 7.465784 92.387947 -37.533031
v 10.838637 83.146957 -54.489510
v 13.794969 70.710678 -69.351990
v 16.221167 55.557026 -81.549316
v 18.023994 38.268345 -90.612747
v 19.134171 19.509033 -96.193970
v 19.509033 0.000000 -98.078522
v 19.134171 -19.509033 -96.193970
v 18.023994 -38.268345 -90.612747
v 16.221167 -55.557026 -81.549316
v 13.794969 -70.710678 -69.351990
v 10.838637 -83.146957 -54.489510
v 7.465784 -92.387947 -37.533031
v 3.806023 -98.078522 -19.134172
v 5.663173 98.078522 -18.668982
v 11.108714 92.387947 -36.620522
v 16.127352 83.146957 -53.164761
v 20.526228 70.710678 -67.665901
v 24.136290 55.557026 -79.566681
v 26.818806 38.268345 -88.409767
v 28.470692 19.509033 -93.855293
v 29.028469 0.000000 -95.694031
v 28.470692 -19.509033 -93.855293
v 26.818806 -38.268345 -88.409767
v 24.136290 -55.557026 -79.566681
v 20.526228 -70.710678 -67.665901
v 16.127352 -83.146957 -53.164761
v 11.108714 -92.387947 -36.620522
v 5.663173 -98.078522 -18.668982
v 7.465784 98.078522 -18.023998
v 14.644662 92.387947 -35.355339
v 21.260754 83.146957 -51.328003
v 27.059805 70.710678 -65.328148
v 31.818966 55.557026 -76.817772
v 35.355339 38.268345 -85.355339
v 37.533028 19.509033 -90.612732
v 38.268345 0.000000 -92.387947
v 37.533028 -19.509033 -90.612732
v 35.355339 -38.268345 -85.355339
v 31.818966 -55.557026 -76.817772
v 27.059805 -70.710678 -65.328148
v 21.260754 -83.146957 -51.328003
v 14.644662 -92.387947 -35.355339
v 7.465784 -98.078522 -18.023998
v 9.196494 98.078522 -17.205433
v 18.039572 92.387947 -33.749664
v 26.189402 83.146957 -48.996929
v 33.332783 70.710678 -62.361248
v 39.195206 55.557026 -73.329071
v 43.551380 38.268345 -81.478897
v 46.233894 19.509033 -86.497528
v 47.139675 0.000000 -88.192123
v 46.233894 -19.509033 -86.497528
v 43.551380 -38.268345 -81.478897
v 39.195206 -55.557026 -73.329071
v 33.332783 -70.710678 -62.361248
v 26.189402 -83.146957 -48.996929
v 18.039572 -92.387947 -33.749664
v 9.196494 -98.078522 -17.205433
v 10.838637 98.078522 -16.221169
v 21.260752 92.387947 -31.818962
v 30.865833 83.146957 -46.193985
v 39.284748 70.710678 -58.793770
v 46.193977 55.557026 -69.134178
v 51.327999 38.268345 -76.817772
v 54.489506 19.509033 -81.549301
v 55.557026 0.000000 -83.146957
v 54.489506 -19.509033 -81.549301
v 51.327999 -38.268345 -76.817772
v 46.193977 -55.557026 -69.134178
v 39.284748 -70.710678 -58.793770
v 30.865833 -83.146957 -46.193985
v 21.260752 -92.387947 -31.818962
v 10.838637 -98.078522 -16.221169
v 12.376399 98.078522 -15.080688
v 24.277180 92.387947 -29.581827
v 35.245007 83.146957 -42.946167
v 44.858379 70.710678 -54.660080
v 52.747875 55.557026 -64.273476
v 58.610298 38.268345 -71.416847
v 62.220352 19.509033 -75.815712
v 63.439327 0.000000 -77.301041
v 62.220352 -19.509033 -75.815712
v 58.610298 -38.268345 -71.416847
v 52.747875 -55.557026 -64.273476
v 44.858379 -70.710678 -54.660080
v 35.245007 -83.146957 -42.946167
v 24.277180 -92.387947 -29.581827
v 12.376399 -98.078522 -15.080688
v 13.794969 98.078522 -13.794971
v 27.059805 92.387947 -27.059803
v 39.284752 83.146957 -39.284756
v 50.000000 70.710678 -49.999989
v 58.793785 55.557026 -58.793785
v 65.328148 38.268345 -65.328140
v 69.351982 19.509033 -69.351974
v 70.710678 0.000000 -70.710670
v 69.351982 -19.509033 -69.351974
v 65.328148 -38.268345 -65.328140
v 58.793785 -55.557026 -58.793785
v 50.000000 -70.710678 -49.999989
v 39.284752 -83.146957 -39.284756
v 27.059805 -92.387947 -27.059803
v 13.794969 -98.078522 -13.794971
v 15.080686 98.078522 -12.376401
v 29.581827 92.387947 -24.277176
v 42.946167 83.146957 -35.245010
v 54.660095 70.710678 -44.858368
v 64.273468 55.557026 -52.747875
v 71.416847 38.268345 -58.610283
v 75.815720 19.509033 -62.220348
v 77.301041 0.000000 -63.439323
v 75.815720 -19.509033 -62.220348
v 71.416847 -38.268345 -58.610283
v 64.273468 -55.557026 -52.747875
v 54.660095 -70.710678 -44.858368
v 42.946167 -83.146957 -35.245010
v 29.581827 -92.387947 -24.277176
v 15.080686 -98.078522 -12.376401
v 16.221167 98.078522 -10.838640
v 31.818958 92.387947 -21.260748
v 46.193981 83.146957 -30.865837
v 58.793785 70.710678 -39.284737
v 69.134171 55.557026 -46.193981
v 76.817772 38.268345 -51.327984
v 81.549301 19.509033 -54.489498
v 83.146957 0.000000 -55.557014
v 81.549301 -19.509033 -54.489498
v 76.817772 -38.268345 -51.327984
v 69.134171 -55.557026 -46.193981
v 58.793785 -70.710678 -39.284737
v 46.193981 -83.146957 -30.865837
v 31.818958 -92.387947 -21.260748
v 16.221167 -98.078522 -10.838640
v 17.205431 98.078522 -9.196496
v 33.749660 92.387947 -18.039570
v 48.996925 83.146957 -26.189407
v 62.361252 70.710678 -33.332771
v 73.329071 55.557026 -39.195213
v 81.478897 38.268345 -43.551369
v 86.497528 19.509033 -46.233891
v 88.192123 0.000000 -47.139664
v 86.497528 -19.509033 -46.233891
v 81.478897 -38.268345 -43.551369
v 73.329071 -55.557026 -39.195213
v 62.361252 -70.710678 -33.332771
v 48.996925 -83.146957 -26.189407
v 33.749660 -92.387947 -18.039570
v 17.205431 -98.078522 -9.196496
v 18.023996 98.078522 -7.465785
v 35.355331 92.387947 -14.644659
v 51.328003 83.146957 -21.260761
v 65.328148 70.710678 -27.059793
v 76.817780 55.557026 -31.818972
v 85.355339 38.268345 -35.355331
v 90.612724 19.509033 -37.533020
v 92.387947 0.000000 -38.268333
v 90.612724 -19.509033 -37.533020
v 85.355339 -38.268345 -35.355331
v 76.817780 -55.557026 -31.818972
v 65.328148 -70.710678 -27.059793
v 51.328003 -83.146957 -21.260761
v 35.355331 -92.387947 -14.644659
v 18.023996 -98.078522 -7.465785
v 18.668982 98.078522 -5.663175
v 36.620514 92.387947 -11.108711
v 53.164768 83.146957 -16.127359
v 67.665894 70.710678 -20.526215
v 79.566689 55.557026 -24.136295
v 88.409752 38.268345 -26.818796
v 93.855286 19.509033 -28.470690
v 95.694023 0.000000 -29.028458
v 93.855286 -19.509033 -28.470690
v 88.409752 -38.268345 -26.818796
v 79.566689 -55.557026 -24.136295
v 67.665894 -70.710678 -20.526215
v 53.164768 -83.146957 -16.127359
v 36.620514 -92.387947 -11.108711
v 18.668982 -98.078522 -5.663175
v 19.134172 98.078522 -3.806024
v 37.533020 92.387947 -7.465781
v 54.489525 83.146957 -10.838644
v 69.351982 70.710678 -13.794957
v 81.549316 55.557026 -16.221174
v 90.612732 38.268345 -18.023985
v 96.193962 19.509033 -19.134169
v 98.078522 0.000000 -19.509024
v 96.193962 -19.509033 -19.134169
v 90.612732 -38.268345 -18.023985
v 81.549316 -55.557026 -16.221174
v 69.351982 -70.710678 -13.794957
v 54.489525 -83.146957 -10.838644
v 37.533020 -92.387947 -7.465781
v 19.134172 -98.078522 -3.806024
v 19.415091 98.078522 -1.912221
v 38.084064 92.387947 -3.750952
v 55.289520 83.146957 -5.445546
v 70.370178 70.710678 -6.930848
v 82.746590 55.557026 -8.149835
v 91.943069 38.268345 -9.055594
v 97.606239 19.509033 -9.613374
v 99.518463 0.000000 -9.801706
v 97.606239 -19.509033 -9.613374
v 91.943069 -38.268345 -9.055594
v 82.746590 -55.557026 -8.149835
v 70.370178 -70.710678 -6.930848
v 55.289520 -83.146957 -5.445546
v 38.084064 -92.387947 -3.750952
v 19.415091 -98.078522 -1.912221
v 19.509033 98.078522 -0.000001
v 38.268333 92.387947 0.000001
v 55.557041 83.146957 -0.000003
v 70.710670 70.710678 0.000010
v 83.146965 55.557026 -0.000007
v 92.387939 38.268345 0.000007
v 98.078522 19.509033 0.000002
v 99.999985 0.000000 0.000007
v 98.078522 -19.509033 0.000002
v 92.387939 -38.268345 0.000007
v 83.146965 -55.557026 -0.000007
v 70.710670 -70.710678 0.000010
v 55.557041 -83.146957 -0.000003
v 38.268333 -92.387947 0.000001
v 19.509033 -98.078522 -0.000001
v 19.415091 98.078522 1.912219
v 38.084061 92.387947 3.750954
v 55.289520 83.146957 5.445539
v 70.370178 70.710678 6.930868
v 82.746590 55.557026 8.149821
v 91.943069 38.268345 9.055610
v 97.606239 19.509033 9.613379
v 99.518463 0.000000 9.801720
v 97.606239 -19.509033 9.613379
v 91.943069 -38.268345 9.055610
v 82.746590 -55.557026 8.149821
v 70.370178 -70.710678 6.930868
v 55.289520 -83.146957 5.445539
v 38.084061 -92.387947 3.750954
v 19.415091 -98.078522 1.912219
v 19.134172 98.078522 3.806023
v 37.533016 92.387947 7.465783
v 54.489529 83.146957 10.838638
v 69.351982 70.710678 13.794978
v 81.549324 55.557026 16.221163
v 90.612732 38.268345 18.024000
v 96.193962 19.509033 19.134172
v 98.078514 0.000000 19.509035
v 96.193962 -19.509033 19.134172
v 90.612732 -38.268345 18.024000
v 81.549324 -55.557026 16.221163
v 69.351982 -70.710678 13.794978
v 54.489529 -83.146957 10.838638
v 37.533016 -92.387947 7.465783
v 19.134172 -98.078522 3.806023
v 18.668982 98.078522 5.663173
v 36.620510 92.387947 11.108712
v 53.164780 83.146957 16.127354
v 67.665894 70.710678 20.526236
v 79.566689 55.557026 24.136286
v 88.409744 38.268345 26.818811
v 93.855286 19.509033 28.470695
v 95.694016 0.000000 29.028469
v 93.855286 -19.509033 28.470695
v 88.409744 -38.268345 26.818811
v 79.566689 -55.557026 24.136286
v 67.665894 -70.710678 20.526236
v 53.164780 -83.146957 16.127354
v 36.620510 -92.387947 11.108712
v 18.668982 -98.078522 5.663173
v 18.023998 98.078522 7.465783
v 35.355331 92.387947 14.644659
v 51.328022 83.146957 21.260756
v 65.328140 70.710678 27.059811
v 76.817780 55.557026 31.818962
v 85.355324 38.268345 35.355343
v 90.612724 19.509033 37.533028
v 92.387939 0.000000 38.268345
v 90.612724 -19.509033 37.533028
v 85.355324 -38.268345 35.355343
v 76.817780 -55.557026 31.818962
v 65.328140 -70.710678 27.059811
v 51.328022 -83.146957 21.260756
v 35.355331 -92.387947 14.644659
v 18.023998 -98.078522 7.465783
v 17.205433 98.078522 9.196494
v 33.749657 92.387947 18.039570
v 48.996944 83.146957 26.189405
v 62.361240 70.710678 33.332787
v 73.329079 55.557026 39.195206
v 81.478882 38.268345 43.551380
v 86.497520 19.509033 46.233894
v 88.192108 0.000000 47.139675
v 86.497520 -19.509033 46.233894
v 81.478882 -38.268345 43.551380
v 73.329079 -55.557026 39.195206
v 62.361240 -70.710678 33.332787
v 48.996944 -83.146957 26.189405
v 33.749657 -92.387947 18.039570
v 17.205433 -98.078522 9.196494
v 16.221169 98.078522 10.838636
v 31.818953 92.387947 21.260748
v 46.194000 83.146957 30.865837
v 58.793766 70.710678 39.284752
v 69.134178 55.557026 46.193974
v 76.817757 38.268345 51.327991
v 81.549301 19.509033 54.489506
v 83.146942 0.000000 55.557026
v 81.549301 -19.509033 54.489506
v 76.817757 -38.268345 51.327991
v 69.134178 -55.557026 46.193974
v 58.793766 -70.710678 39.284752
v 46.194000 -83.146957 30.865837
v 31.818953 -92.387947 21.260748
v 16.221169 -98.078522 10.838636
v 15.080688 98.078522 12.376398
v 29.581818 92.387947 24.277172
v 42.946186 83.146957 35.245014
v 54.660076 70.710678 44.858379
v 64.273483 55.557026 52.747875
v 71.416832 38.268345 58.610291
v 75.815712 19.509033 62.220352
v 77.301025 0.000000 63.439327
v 75.815712 -19.509033 62.220352
v 71.416832 -38.268345 58.610291
v 64.273483 -55.557026 52.747875
v 54.660076 -70.710678 44.858379
v 42.946186 -83.146957 35.245014
v 29.581818 -92.387947 24.277172
v 15.080688 -98.078522 12.376398
v 13.794971 98.078522 13.794968
v 27.059793 92.387947 27.059797
v 39.284771 83.146957 39.284760
v 49.999981 70.710678 50.000000
v 58.793789 55.557026 58.793785
v 65.328125 38.268345 65.328148
v 69.351974 19.509033 69.351982
v 70.710663 0.000000 70.710670
v 69.351974 -19.509033 69.351982
v 65.328125 -38.268345 65.328148
v 58.793789 -55.557026 58.793785
v 49.999981 -70.710678 50.000000
v 39.284771 -83.146957 39.284760
v 27.059793 -92.387947 27.059797
v 13.794971 -98.078522 13.794968
v 12.376401 98.078522 15.080685
v 24.277168 92.387947 29.581818
v 35.245026 83.146957 42.946175
v 44.858360 70.710678 54.660095
v 52.747883 55.557026 64.273468
v 58.610268 38.268345 71.416840
v 62.220348 19.509033 75.815720
v 63.439308 0.000000 77.301041
v 62.220348 -19.509033 75.815720
v 58.610268 -38.268345 71.416840
v 52.747883 -55.557026 64.273468
v 44.858360 -70.710678 54.660095
v 35.245026 -83.146957 42.946175
v 24.277168 -92.387947 29.581818
v 12.376401 -98.078522 15.080685
v 10.838640 98.078522 16.221165
v 21.260742 92.387947 31.818951
v 30.865849 83.146957 46.193993
v 39.284729 70.710678 58.793777
v 46.193989 55.557026 69.134171
v 51.327969 38.268345 76.817757
v 54.489498 19.509033 81.549301
v 55.556999 0.000000 83.146957
v 54.489498 -19.509033 81.549301
v 51.327969 -38.268345 76.817757
v 46.193989 -55.557026 69.134171
v 39.284729 -70.710678 58.793777
v 30.865849 -83.146957 46.193993
v 21.260742 -92.387947 31.818951
v 10.838640 -98.078522 16.221165
v 9.196496 98.078522 17.205429
v 18.039562 92.387947 33.749653
v 26.189417 83.146957 48.996941
v 33.332764 70.710678 62.361248
v 39.195217 55.557026 73.329071
v 43.551357 38.268345 81.478874
v 46.233891 19.509033 86.497528
v 47.139652 0.000000 88.192116
v 46.233891 -19.509033 86.497528
v 43.551357 -38.268345 81.478874
v 39.195217 -55.557026 73.329071
v 33.332764 -70.710678 62.361248
v 26.189417 -83.146957 48.996941
v 18.039562 -92.387947 33.749653
v 9.196496 -98.078522 17.205429
v 7.465785 98.078522 18.023994
v 14.644652 92.387947 35.355324
v 21.260769 83.146957 51.328022
v 27.059788 70.710678 65.328140
v 31.818977 55.557026 76.817780
v 35.355316 38.268345 85.355309
v 37.533020 19.509033 90.612724
v 38.268322 0.000000 92.387939
v 37.533020 -19.509033 90.612724
v 35.355316 -38.268345 85.355309
v 31.818977 -55.557026 76.817780
v 27.059788 -70.710678 65.328140
v 21.260769 -83.146957 51.328022
v 14.644652 -92.387947 35.355324
v 7.465785 -98.078522 18.023994
v 5.663175 98.078522 18.668980
v 11.108706 92.387947 36.620502
v 16.127365 83.146957 53.164787
v 20.526209 70.710678 67.665886
v 24.136301 55.557026 79.566689
v 26.818789 38.268345 88.409729
v 28.470690 19.509033 93.855286
v 29.028446 0.000000 95.694016
v 28.470690 -19.509033 93.855286
v 26.818789 -38.268345 88.409729
v 24.136301 -55.557026 79.566689
v 20.526209 -70.710678 67.665886
v 16.127365 -83.146957 53.164787
v 11.108706 -92.387947 36.620502
v 5.663175 -98.078522 18.668980
v 3.806025 98.078522 19.134171
v 7.465778 92.387947 37.533009
v 10.838648 83.146957 54.489540
v 13.794952 70.710678 69.351974
v 16.221180 55.557026 81.549324
v 18.023979 38.268345 90.612709
v 19.134169 19.509033 96.193962
v 19.509012 0.000000 98.078514
v 19.134169 -19.509033 96.193962
v 18.023979 -38.268345 90.612709
v 16.221180 -55.557026 81.549324
v 13.794952 -70.710678 69.351974
v 10.838648 -83.146957 54.489540
v 7.465778 -92.387947 37.533009
v 3.806025 -98.078522 19.134171
v 1.912221 98.078522 19.415089
v 3.750950 92.387947 38.084049
v 5.445548 83.146957 55.289536
v 6.930844 70.710678 70.370171
v 8.149840 55.557026 82.746597
v 9.055591 38.268345 91.943047
v 9.613374 19.509033 97.606239
v 9.801695 0.000000 99.518456
v 9.613374 -19.509033 97.606239
v 9.055591 -38.268345 91.943047
v 8.149840 -55.557026 82.746597
v 6.930844 -70.710678 70.370171
v 5.445548 -83.146957 55.289536
v 3.750950 -92.387947 38.084049
v 1.912221 -98.078522 19.415089
v 0.000002 98.078522 19.509031
v -0.000001 92.387947 38.268322
v 0.000003 83.146957 55.557060
v -0.000013 70.710678 70.710663
v 0.000011 55.557026 83.146973
v -0.000009 38.268345 92.387917
v -0.000002 19.509033 98.078522
v -0.000018 0.000000 99.999977
v -0.000002 -19.509033 98.078522
v -0.000009 -38.268345 92.387917
v 0.000011 -55.557026 83.146973
v -0.000013 -70.710678 70.710663
v 0.000003 -83.146957 55.557060
v -0.000001 -92.387947 38.268322
v 0.000002 -98.078522 19.509031
v -1.912218 98.078522 19.415089
v -3.750953 92.387947 38.084049
v -5.445541 83.146957 55.289536
v -6.930871 70.710678 70.370171
v -8.149817 55.557026 82.746597
v -9.055609 38.268345 91.943047
v -9.613379 19.509033 97.606239
v -9.801730 0.000000 99.518448
v -9.613379 -19.509033 97.606239
v -9.055609 -38.268345 91.943047
v -8.149817 -55.557026 82.746597
v -6.930871 -70.710678 70.370171
v -5.445541 -83.146957 55.289536
v -3.750953 -92.387947 38.084049
v -1.912218 -98.078522 19.415089
v -3.806022 98.078522 19.134171
v -7.465781 92.387947 37.533005
v -10.838641 83.146957 54.489548
v -13.794979 70.710678 69.351974
v -16.221159 55.557026 81.549332
v -18.023998 38.268345 90.612709
v -19.134172 19.509033 96.193962
v -19.509047 0.000000 98.078499
v -19.134172 -19.509033 96.193962
v -18.023998 -38.268345 90.612709
v -16.221159 -55.557026 81.549332
v -13.794979 -70.710678 69.351974
v -10.838641 -83.146957 54.489548
v -7.465781 -92.387947 37.533005
v -3.806022 -98.078522 19.134171
v -5.663171 98.078522 18.668980
v -11.108708 92.387947 36.620499
v -16.127359 83.146957 53.164791
v -20.526236 70.710678 67.665886
v -24.136282 55.557026 79.566696
v -26.818806 38.268345 88.409729
v -28.470695 19.509033 93.855286
v -29.028479 0.000000 95.694008
v -28.470695 -19.509033 93.855286
v -26.818806 -38.268345 88.409729
v -24.136282 -55.557026 79.566696
v -20.526236 -70.710678 67.665886
v -16.127359 -83.146957 53.164791
v -11.108708 -92.387947 36.620499
v -5.663171 -98.078522 18.668980
v -7.465781 98.078522 18.023996
v -14.644652 92.387947 35.355316
v -21.260763 83.146957 51.328033
v -27.059814 70.710678 65.328133
v -31.818958 55.557026 76.817787
v -35.355335 38.268345 85.355309
v -37.533028 19.509033 90.612724
v -38.268353 0.000000 92.387924
v -37.533028 -19.509033 90.612724
v -35.355335 -38.268345 85.355309
v -31.818958 -55.557026 76.817787
v -27.059814 -70.710678 65.328133
v -21.260763 -83.146957 51.328033
v -14.644652 -92.387947 35.355316
v -7.465781 -98.078522 18.023996
v -9.196492 98.078522 17.205431
v -18.039562 92.387947 33.749645
v -26.189413 83.146957 48.996960
v -33.332790 70.710678 62.361233
v -39.195206 55.557026 73.329086
v -43.551373 38.268345 81.478867
v -46.233894 19.509033 86.497520
v -47.139679 0.000000 88.192101
v -46.233894 -19.509033 86.497520
v -43.551373 -38.268345 81.478867
v -39.195206 -55.557026 73.329086
v -33.332790 -70.710678 62.361233
v -26.189413 -83.146957 48.996960
v -18.039562 -92.387947 33.749645
v -9.196492 -98.078522 17.205431
v -10.838635 98.078522 16.221167
v -21.260742 92.387947 31.818945
v -30.865849 83.146957 46.194016
v -39.284752 70.710678 58.793758
v -46.193974 55.557026 69.134186
v -51.327984 38.268345 76.817741
v -54.489506 19.509033 81.549301
v -55.557026 0.000000 83.146927
v -54.489506 -19.509033 81.549301
v -51.327984 -38.268345 76.817741
v -46.193974 -55.557026 69.134186
v -39.284752 -70.710678 58.793758
v -30.865849 -83.146957 46.194016
v -21.260742 -92.387947 31.818945
v -10.838635 -98.078522 16.221167
v -12.376396 98.078522 15.080686
v -24.277166 92.387947 29.581810
v -35.245026 83.146957 42.946194
v -44.858383 70.710678 54.660069
v -52.747875 55.557026 64.273491
v -58.610283 38.268345 71.416817
v -62.220352 19.509033 75.815712
v -63.439327 0.000000 77.301010
v -62.220352 -19.509033 75.815712
v -58.610283 -38.268345 71.416817
v -52.747875 -55.557026 64.273491
v -44.858383 -70.710678 54.660069
v -35.245026 -83.146957 42.946194
v -24.277166 -92.387947 29.581810
v -12.376396 -98.078522 15.080686
v -13.794966 98.078522 13.794969
v -27.059788 92.387947 27.059784
v -39.284771 83.146957 39.284779
v -50.000008 70.710678 49.999977
v -58.793785 55.557026 58.793797
v -65.328133 38.268345 65.328110
v -69.351982 19.509033 69.351974
v -70.710670 0.000000 70.710648
v -69.351982 -19.509033 69.351974
v -65.328133 -38.268345 65.328110
v -58.793785 -55.557026 58.793797
v -50.000008 -70.710678 49.999977
v -39.284771 -83.146957 39.284779
v -27.059788 -92.387947 27.059784
v -13.794966 -98.078522 13.794969
v -15.080683 98.078522 12.376399
v -29.581810 92.387947 24.277159
v -42.946186 83.146957 35.245029
v -54.660095 70.710678 44.858353
v -64.273468 55.557026 52.747887
v -71.416832 38.268345 58.610256
v -75.815720 19.509033 62.220348
v -77.301041 0.000000 63.439297
v -75.815720 -19.509033 62.220348
v -71.416832 -38.268345 58.610256
v -64.273468 -55.557026 52.747887
v -54.660095 -70.710678 44.858353
v -42.946186 -83.146957 35.245029
v -29.581810 -92.387947 24.277159
v -15.080683 -98.078522 12.376399
v -16.221165 98.078522 10.838638
v -31.818941 92.387947 21.260735
v -46.194004 83.146957 30.865850
v -58.793777 70.710678 39.284725
v -69.134171 55.557026 46.193993
v -76.817741 38.268345 51.327957
v -81.549301 19.509033 54.489498
v -83.146957 0.000000 55.556988
v -81.549301 -19.509033 54.489498
v -76.817741 -38.268345 51.327957
v -69.134171 -55.557026 46.193993
v -58.793777 -70.710678 39.284725
v -46.194004 -83.146957 30.865850
v -31.818941 -92.387947 21.260735
v -16.221165 -98.078522 10.838638
v -17.205427 98.078522 9.196494
v -33.749641 92.387947 18.039557
v -48.996948 83.146957 26.189419
v -62.361240 70.710678 33.332760
v -73.329071 55.557026 39.195225
v -81.478867 38.268345 43.551342
v -86.497528 19.509033 46.233891
v -88.192116 0.000000 47.139637
v -86.497528 -19.509033 46.233891
v -81.478867 -38.268345 43.551342
v -73.329071 -55.557026 39.195225
v -62.361240 -70.710678 33.332760
v -48.996948 -83.146957 26.189419
v -33.749641 -92.387947 18.039557
v -17.205427 -98.078522 9.196494
v -18.023993 98.078522 7.465784
v -35.355312 92.387947 14.644649
v -51.328026 83.146957 21.260769
v -65.328133 70.710678 27.059782
v -76.817780 55.557026 31.818983
v -85.355301 38.268345 35.355305
v -90.612724 19.509033 37.533020
v -92.387939 0.000000 38.268311
v -90.612724 -19.509033 37.533020
v -85.355301 -38.268345 35.355305
v -76.817780 -55.557026 31.818983
v -65.328133 -70.710678 27.059782
v -51.328026 -83.146957 21.260769
v -35.355312 -92.387947 14.644649
v -18.023993 -98.078522 7.465784
v 0.000000 -100.000000 0.000000
v -18.668978 98.078522 5.663174
v -36.620491 92.387947 11.108704
v -53.164791 83.146957 16.127365
v -67.665878 70.710678 20.526203
v -79.566689 55.557026 24.136309
v -88.409714 38.268345 26.818775
v -93.855286 19.509033 28.470690
v -95.694016 0.000000 29.028433
v -93.855286 -19.509033 28.470690
v -88.409714 -38.268345 26.818775
v -79.566689 -55.557026 24.136309
v -67.665878 -70.710678 20.526203
v -53.164791 -83.146957 16.127365
v -36.620491 -92.387947 11.108704
v -18.668978 -98.078522 5.663174
v -19.134171 98.078522 3.806024
v -37.532997 92.387947 7.465775
v -54.489548 83.146957 10.838647
v -69.351974 70.710678 13.794949
v -81.549324 55.557026 16.221186
v -90.612701 38.268345 18.023970
v -96.193962 19.509033 19.134169
v -98.078506 0.000000 19.508999
v -96.193962 -19.509033 19.134169
v -90.612701 -38.268345 18.023970
v -81.549324 -55.557026 16.221186
v -69.351974 -70.710678 13.794949
v -54.489548 -83.146957 10.838647
v -37.532997 -92.387947 7.465775
v -19.134171 -98.078522 3.806024
v 0.000000 100.000000 0.000000
v -19.415089 98.078522 1.912221
v -38.084038 92.387947 3.750949
v -55.289543 83.146957 5.445546
v -70.370171 70.710678 6.930840
v -82.746597 55.557026 8.149846
v -91.943031 38.268345 9.055582
v -97.606239 19.509033 9.613374
v -99.518448 0.000000 9.801683
v -97.606239 -19.509033 9.613374
v -91.943031 -38.268345 9.055582
v -82.746597 -55.557026 8.149846
v -70.370171 -70.710678 6.930840
v -55.289543 -83.146957 5.445546
v -38.084038 -92.387947 3.750949
v -19.415089 -98.078522 1.912221
v -19.509029 98.078522 0.000001
v -38.268311 92.387947 -0.000002
v -55.557068 83.146957 0.000001
v -70.710663 70.710678 -0.000016
v -83.146980 55.557026 0.000017
v -92.387901 38.268345 -0.000016
v -98.078522 19.509033 -0.000002
v -99.999969 0.000000 -0.000028
v -98.078522 -19.509033 -0.000002
v -92.387901 -38.268345 -0.000016
v -83.146980 -55.557026 0.000017
v -70.710663 -70.710678 -0.000016
v -55.557068 -83.146957 0.000001
v -38.268311 -92.387947 -0.000002
v -19.509029 -98.078522 0.000001
v -19.415089 98.078522 -1.912218
v -38.084038 92.387947 -3.750952
v -55.289543 83.146957 -5.445543
v -70.370171 70.710678 -6.930873
v -82.746597 55.557026 -8.149812
v -91.943031 38.268345 -9.055614
v -97.606239 19.509033 -9.613379
v -99.518440 0.000000 -9.801740
v -97.606239 -19.509033 -9.613379
v -91.943031 -38.268345 -9.055614
v -82.746597 -55.557026 -8.149812
v -70.370171 -70.710678 -6.930873
v -55.289543 -83.146957 -5.445543
v -38.084038 -92.387947 -3.750952
v -19.415089 -98.078522 -1.912218
v -19.134171 98.078522 -3.806022
v -37.532993 92.387947 -7.465778
v -54.489552 83.146957 -10.838644
v -69.351974 70.710678 -13.794981
v -81.549332 55.557026 -16.221153
v -90.612701 38.268345 -18.024002
v -96.193962 19.509033 -19.134172
v -98.078499 0.000000 -19.509054
v -96.193962 -19.509033 -19.134172
v -90.612701 -38.268345 -18.024002
v -81.549332 -55.557026 -16.221153
v -69.351974 -70.710678 -13.794981
v -54.489552 -83.146957 -10.838644
v -37.532993 -92.387947 -7.465778
v -19.134171 -98.078522 -3.806022
v -18.668978 98.078522 -5.663171
v -36.620487 92.387947 -11.108706
v -53.164799 83.146957 -16.127363
v -67.665878 70.710678 -20.526236
v -79.566696 55.557026 -24.136278
v -88.409714 38.268345 -26.818810
v -93.855286 19.509033 -28.470695
v -95.693993 0.000000 -29.028488
v -93.855286 -19.509033 -28.470695
v -88.409714 -38.268345 -26.818810
v -79.566696 -55.557026 -24.136278
v -67.665878 -70.710678 -20.526236
v -53.164799 -83.146957 -16.127363
v -36.620487 -92.387947 -11.108706
v -18.668978 -98.078522 -5.663171
v -18.023994 98.078522 -7.465781
v -35.355305 92.387947 -14.644650
v -51.328041 83.146957 -21.260767
v -65.328125 70.710678 -27.059811
v -76.817795 55.557026 -31.818956
v -85.355286 38.268345 -35.355335
v -90.612724 19.509033 -37.533028
v -92.387917 0.000000 -38.268360
v -90.612724 -19.509033 -37.533028
v -85.355286 -38.268345 -35.355335
v -76.817795 -55.557026 -31.818956
v -65.328125 -70.710678 -27.059811
v -51.328041 -83.146957 -21.260767
v -35.355305 -92.387947 -14.644650
v -18.023994 -98.078522 -7.465781
v -17.205429 98.078522 -9.196491
v -33.749634 92.387947 -18.039557
v -48.996964 83.146957 -26.189417
v -62.361229 70.710678 -33.332787
v -73.329094 55.557026 -39.195202
v -81.478844 38.268345 -43.551369
v -86.497520 19.509033 -46.233894
v -88.192085 0.000000 -47.139687
v -86.497520 -19.509033 -46.233894
v -81.478844 -38.268345 -43.551369
v -73.329094 -55.557026 -39.195202
v -62.361229 -70.710678 -33.332787
v -48.996964 -83.146957 -26.189417
v -33.749634 -92.387947 -18.039557
v -17.205429 -98.078522 -9.196491
v -16.221165 98.078522 -10.838634
v -31.818932 92.387947 -21.260735
v -46.194019 83.146957 -30.865850
v -58.793755 70.710678 -39.284748
v -69.134193 55.557026 -46.193974
v -76.817719 38.268345 -51.327980
v -81.549301 19.509033 -54.489506
v -83.146919 0.000000 -55.557037
v -81.549301 -19.509033 -54.489506
v -76.817719 -38.268345 -51.327980
v -69.134193 -55.557026 -46.193974
v -58.793755 -70.710678 -39.284748
v -46.194019 -83.146957 -30.865850
v -31.818932 -92.387947 -21.260735
v -16.221165 -98.078522 -10.838634
v -15.080685 98.078522 -12.376395
v -29.581800 92.387947 -24.277159
v -42.946198 83.146957 -35.245029
v -54.660065 70.710678 -44.858376
v -64.273491 55.557026 -52.747875
v -71.416801 38.268345 -58.610279
v -75.815712 19.509033 -62.220352
v -77.301003 0.000000 -63.439335
v -75.815712 -19.509033 -62.220352
v -71.416801 -38.268345 -58.610279
v -64.273491 -55.557026 -52.747875
v -54.660065 -70.710678 -44.858376
v -42.946198 -83.146957 -35.245029
v -29.581800 -92.387947 -24.277159
v -15.080685 -98.078522 -12.376395
v -13.794968 98.078522 -13.794966
v -27.059778 92.387947 -27.059782
v -39.284782 83.146957 -39.284782
v -49.999973 70.710678 -49.999992
v -58.793800 55.557026 -58.793785
v -65.328094 38.268345 -65.328125
v -69.351974 19.509033 -69.351982
v -70.710632 0.000000 -70.710678
v -69.351974 -19.509033 -69.351982
v -65.328094 -38.268345 -65.328125
v -58.793800 -55.557026 -58.793785
v -49.999973 -70.710678 -49.999992
v -39.284782 -83.146957 -39.284782
v -27.059778 -92.387947 -27.059782
v -13.794968 -98.078522 -13.794966
v -12.376398 98.078522 -15.080683
v -24.277153 92.387947 -29.581802
v -35.245033 83.146957 -42.946198
v -44.858353 70.710678 -54.660080
v -52.747894 55.557026 -64.273468
v -58.610249 38.268345 -71.416824
v -62.220348 19.509033 -75.815720
v -63.439285 0.000000 -77.301041
v -62.220348 -19.509033 -75.815720
v -58.610249 -38.268345 -71.416824
v -52.747894 -55.557026 -64.273468
v -44.858353 -70.710678 -54.660080
v -35.245033 -83.146957 -42.946198
v -24.277153 -92.387947 -29.581802
v -12.376398 -98.078522 -15.080683
v -10.838636 98.078522 -16.221165
v -21.260729 92.387947 -31.818935
v -30.865854 83.146957 -46.194016
v -39.284725 70.710678 -58.793766
v -46.194000 55.557026 -69.134171
v -51.327957 38.268345 -76.817741
v -54.489498 19.509033 -81.549301
v -55.556976 0.000000 -83.146950
v -54.489498 -19.509033 -81.549301
v -51.327957 -38.268345 -76.817741
v -46.194000 -55.557026 -69.134171
v -39.284725 -70.710678 -58.793766
v -30.865854 -83.146957 -46.194016
v -21.260729 -92.387947 -31.818935
v -10.838636 -98.078522 -16.221165
v -9.196493 98.078522 -17.205427
v -18.039551 92.387947 -33.749634
v -26.189423 83.146957 -48.996960
v -33.332760 70.710678 -62.361229
v -39.195232 55.557026 -73.329071
v -43.551342 38.268345 -81.478859
v -46.233891 19.509033 -86.497528
v -47.139626 0.000000 -88.192108
v -46.233891 -19.509033 -86.497528
v -43.551342 -38.268345 -81.478859
v -39.195232 -55.557026 -73.329071
v -33.332760 -70.710678 -62.361229
v -26.189423 -83.146957 -48.996960
v -18.039551 -92.387947 -33.749634
v -9.196493 -98.078522 -17.205427
v -7.465782 98.078522 -18.023993
v -14.644644 92.387947 -35.355305
v -21.260773 83.146957 -51.328041
v -27.059784 70.710678 -65.328125
v -31.818989 55.557026 -76.817780
v -35.355305 38.268345 -85.355293
v -37.533020 19.509033 -90.612724
v -38.268299 0.000000 -92.387924
v -37.533020 -19.509033 -90.612724
v -35.355305 -38.268345 -85.355293
v -31.818989 -55.557026 -76.817780
v -27.059784 -70.710678 -65.328125
v -21.260773 -83.146957 -51.328041
v -14.644644 -92.387947 -35.355305
v -7.465782 -98.078522 -18.023993
v -5.663172 98.078522 -18.668978
v -11.108700 92.387947 -36.620487
v -16.127369 83.146957 -53.164803
v -20.526207 70.710678 -67.665871
v -24.136314 55.557026 -79.566689
v -26.818779 38.268345 -88.409714
v -28.470690 19.509033 -93.855286
v -29.028425 0.000000 -95.694008
v -28.470690 -19.509033 -93.855286
v -26.818779 -38.268345 -88.409714
v -24.136314 -55.557026 -79.566689
v -20.526207 -70.710678 -67.665871
v -16.127369 -83.146957 -53.164803
v -11.108700 -92.387947 -36.620487
v -5.663172 -98.078522 -18.668978
v -3.806023 98.078522 -19.134171
v -7.465772 92.387947 -37.532990
v -10.838650 83.146957 -54.489559
v -13.794952 70.710678 -69.351959
v -16.221193 55.557026 -81.549324
v -18.023973 38.268345 -90.612694
v -19.134169 19.509033 -96.193962
v -19.508993 0.000000 -98.078499
v -19.134169 -19.509033 -96.193962
v -18.023973 -38.268345 -90.612694
v -16.221193 -55.557026 -81.549324
v -13.794952 -70.710678 -69.351959
v -10.838650 -83.146957 -54.489559
v -7.465772 -92.387947 -37.532990
v -3.806023 -98.078522 -19.134171
v -1.912219 98.078522 -19.415089
v -3.750946 92.387947 -38.084030
v -5.445548 83.146957 -55.289555
v -6.930845 70.710678 -70.370155
v -8.149852 55.557026 -82.746597
v -9.055586 38.268345 -91.943024
v -9.613374 19.509033 -97.606239
v -9.801679 0.000000 -99.518433
v -9.613374 -19.509033 -97.606239
v -9.055586 -38.268345 -91.943024
v -8.149852 -55.557026 -82.746597
v -6.930845 -70.710678 -70.370155
v -5.445548 -83.146957 -55.289555
v -3.750946 -92.387947 -38.084030
v -1.912219 -98.078522 -19.415089
v -0.000001 83.146957 -55.557079
v -0.000023 55.557026 -83.146980
v 0.000012 38.268345 -92.387894
v 0.000032 0.000000 -99.999962
v 0.000012 -38.268345 -92.387894
v -0.000023 -55.557026 -83.146980
v -0.000001 -83.146957 -55.557079
v 0.000003 -92.387947 -38.268299
vn -0.0000 -0.9802 0.1980
vn -0.0000 -0.9228 0.3853
vn -0.0000 -0.7056 0.7086
vn -0.0000 -0.1945 0.9809
vn -0.0000 0.1945 0.9809
vn -0.0000 0.7056 0.7086
vn -0.0000 0.9802 0.1980
vn -0.0194 -0.9802 0.1971
vn -0.0378 -0.9228 0.3834
vn -0.0547 -0.8301 0.5550
vn -0.0695 -0.7056 0.7052
vn -0.0816 -0.5542 0.8284
vn -0.0906 -0.3816 0.9199
vn -0.0961 -0.1945 0.9762
vn -0.0980 -0.0000 0.9952
vn -0.0961 0.1945 0.9762
vn -0.0906 0.3816 0.9199
vn -0.0816 0.5542 0.8284
vn -0.0695 0.7056 0.7052
vn -0.0547 0.8301 0.5550
vn -0.0378 0.9228 0.3834
vn -0.0194 0.9802 0.1971
vn -0.0386 -0.9802 0.1942
vn -0.0752 -0.9228 0.3779
vn -0.1088 -0.8301 0.5470
vn -0.1382 -0.7056 0.6950
vn -0.1624 -0.5542 0.8164
vn -0.1803 -0.3816 0.9066
vn -0.1914 -0.1945 0.9621
vn -0.1951 -0.0000 0.9808
vn -0.1914 0.1945 0.9621
vn -0.1803 0.3816 0.9066
vn -0.1624 0.5542 0.8164
vn -0.1382 0.7056 0.6950
vn -0.1088 0.8301 0.5470
vn -0.0752 0.9228 0.3779
vn -0.0386 0.9802 0.1942
vn -0.0575 -0.9802 0.1895
vn -0.1118 -0.9228 0.3687
vn -0.1619 -0.8301 0.5337
vn -0.2057 -0.7056 0.6781
vn -0.2416 -0.5542 0.7966
vn -0.2683 -0.3816 0.8845
vn -0.2847 -0.1945 0.9387
vn -0.2903 -0.0000 0.9569
vn -0.2847 0.1945 0.9387
vn -0.2683 0.3816 0.8845
vn -0.2416 0.5542 0.7966
vn -0.2057 0.7056 0.6781
vn -0.1619 0.8301 0.5337
vn -0.1118 0.9228 0.3687
vn -0.0575 0.9802 0.1895
vn -0.0758 -0.9802 0.1830
vn -0.1474 -0.9228 0.3560
vn -0.2134 -0.8301 0.5152
vn -0.2712 -0.7056 0.6547
vn -0.3185 -0.5542 0.7690
vn -0.3537 -0.3816 0.8540
vn -0.3754 -0.1945 0.9062
vn -0.3827 -0.0000 0.9239
vn -0.3754 0.1945 0.9062
vn -0.3537 0.3816 0.8540
vn -0.3185 0.5542 0.7690
vn -0.2712 0.7056 0.6547
vn -0.2134 0.8301 0.5152
vn -0.1474 0.9228 0.3560
vn -0.0758 0.9802 0.1830
vn -0.0934 -0.9802 0.1746
vn -0.1816 -0.9228 0.3398
vn -0.2629 -0.8301 0.4918
vn -0.3340 -0.7056 0.6250
vn -0.3924 -0.5542 0.7341
vn -0.4357 -0.3816 0.8152
vn -0.4624 -0.1945 0.8651
vn -0.4714 -0.0000 0.8819
vn -0.4624 0.1945 0.8651
vn -0.4357 0.3816 0.8152
vn -0.3924 0.5542 0.7341
vn -0.3340 0.7056 0.6250
vn -0.2629 0.8301 0.4918
vn -0.1816 0.9228 0.3398
vn -0.0934 0.9802 0.1746
vn -0.1100 -0.9802 0.1647
vn -0.2141 -0.9228 0.3204
vn -0.3098 -0.8301 0.4637
vn -0.3937 -0.7056 0.5892
vn -0.4625 -0.5542 0.6921
vn -0.5135 -0.3816 0.7685
vn -0.5450 -0.1945 0.8156
vn -0.5556 -0.0000 0.8315
vn -0.5450 0.1945 0.8156
vn -0.5135 0.3816 0.7685
vn -0.4625 0.5542 0.6921
vn -0.3937 0.7056 0.5892
vn -0.3098 0.8301 0.4637
vn -0.2141 0.9228 0.3204
vn -0.1100 0.9802 0.1647
vn -0.1256 -0.9802 0.1531
vn -0.2444 -0.9228 0.2978
vn -0.3538 -0.8301 0.4311
vn -0.4496 -0.7056 0.5478
vn -0.5281 -0.5542 0.6435
vn -0.5864 -0.3816 0.7145
vn -0.6223 -0.1945 0.7582
vn -0.6344 -0.0000 0.7730
vn -0.6223 0.1945 0.7582
vn -0.5864 0.3816 0.7145
vn -0.5281 0.5542 0.6435
vn -0.4495 0.7056 0.5478
vn -0.3538 0.8301 0.4311
vn -0.2444 0.9228 0.2978
vn -0.1256 0.9802 0.1531
vn -0.1400 -0.9802 0.1400
vn -0.2724 -0.9228 0.2724
vn -0.3943 -0.8301 0.3943
vn -0.5011 -0.7056 0.5011
vn -0.5886 -0.5542 0.5886
vn -0.6536 -0.3816 0.6536
vn -0.6936 -0.1945 0.6936
vn -0.7071 -0.0000 0.7071
vn -0.6936 0.1945 0.6936
vn -0.6536 0.3816 0.6536
vn -0.5886 0.5542 0.5886
vn -0.5011 0.7056 0.5011
vn -0.3943 0.8301 0.3943
vn -0.2724 0.9228 0.2724
vn -0.1400 0.9802 0.1400
vn -0.1531 -0.9802 0.1256
vn -0.2978 -0.9228 0.2444
vn -0.4311 -0.8301 0.3538
vn -0.5478 -0.7056 0.4496
vn -0.6435 -0.5542 0.5281
vn -0.7145 -0.3816 0.5864
vn -0.7582 -0.1945 0.6223
vn -0.7730 -0.0000 0.6344
vn -0.7582 0.1945 0.6223
vn -0.7145 0.3816 0.5864
vn -0.6435 0.5542 0.5281
vn -0.5478 0.7056 0.4496
vn -0.4311 0.8301 0.3538
vn -0.2978 0.9228 0.2444
vn -0.1531 0.9802 0.1256
vn -0.1647 -0.9802 0.1100
vn -0.3204 -0.9228 0.2141
vn -0.4637 -0.8301 0.3098
vn -0.5892 -0.7056 0.3937
vn -0.6921 -0.5542 0.4625
vn -0.7685 -0.3816 0.5135
vn -0.8156 -0.1945 0.5450
vn -0.8315 -0.0000 0.5556
vn -0.8156 0.1945 0.5450
vn -0.7685 0.3816 0.5135
vn -0.6921 0.5542 0.4625
vn -0.5892 0.7056 0.3937
vn -0.4637 0.8301 0.3098
vn -0.3204 0.9228 0.2141
vn -0.1647 0.9802 0.1100
vn -0.1746 -0.9802 0.0934
vn -0.3398 -0.9228 0.1816
vn -0.4918 -0.8301 0.2629
vn -0.6250 -0.7056 0.3340
vn -0.7341 -0.5542 0.3924
vn -0.8152 -0.3816 0.4357
vn -0.8651 -0.1945 0.4624
vn -0.8819 -0.0000 0.4714
vn -0.8651 0.1945 0.4624
vn -0.8152 0.3816 0.4357
vn -0.7341 0.5542 0.3924
vn -0.6250 0.7056 0.3340
vn -0.4918 0.8301 0.2629
vn -0.3398 0.9228 0.1816
vn -0.1746 0.9802 0.0934
vn -0.1830 -0.9802 0.0758
vn -0.3560 -0.9228 0.1474
vn -0.5152 -0.8301 0.2134
vn -0.6547 -0.7056 0.2712
vn -0.7690 -0.5542 0.3185
vn -0.8540 -0.3816 0.3537
vn -0.9062 -0.1945 0.3754
vn -0.9239 -0.0000 0.3827
vn -0.9062 0.1945 0.3754
vn -0.8540 0.3816 0.3537
vn -0.7690 0.5542 0.3185
vn -0.6547 0.7056 0.2712
vn -0.5152 0.8301 0.2134
vn -0.3560 0.9228 0.1474
vn -0.1830 0.9802 0.0758
vn -0.1895 -0.9802 0.0575
vn -0.3687 -0.9228 0.1118
vn -0.5337 -0.8301 0.1619
vn -0.6781 -0.7056 0.2057
vn -0.7966 -0.5542 0.2416
vn -0.8845 -0.3816 0.2683
vn -0.9387 -0.1945 0.2847
vn -0.9569 -0.0000 0.2903
vn -0.9387 0.1945 0.2847
vn -0.8845 0.3816 0.2683
vn -0.7966 0.5542 0.2416
vn -0.6781 0.7056 0.2057
vn -0.5337 0.8301 0.1619
vn -0.3687 0.9228 0.1118
vn -0.1895 0.9802 0.0575
vn -0.1942 -0.9802 0.0386
vn -0.3779 -0.9228 0.0752
vn -0.5470 -0.8301 0.1088
vn -0.6950 -0.7056 0.1382
vn -0.8164 -0.5542 0.1624
vn -0.9066 -0.3816 0.1803
vn -0.9621 -0.1945 0.1914
vn -0.9808 -0.0000 0.1951
vn -0.9621 0.1945 0.1914
vn -0.9066 0.3816 0.1803
vn -0.8164 0.5542 0.1624
vn -0.6950 0.7056 0.1382
vn -0.5470 0.8301 0.1088
vn -0.3779 0.9228 0.0752
vn -0.1942 0.9802 0.0386
vn -0.1971 -0.9802 0.0194
vn -0.3834 -0.9228 0.0378
vn -0.5550 -0.8301 0.0547
vn -0.7052 -0.7056 0.0695
vn -0.8284 -0.5542 0.0816
vn -0.9199 -0.3816 0.0906
vn -0.9762 -0.1945 0.0961
vn -0.9952 -0.0000 0.0980
vn -0.9762 0.1945 0.0961
vn -0.9199 0.3816 0.0906
vn -0.8284 0.5542 0.0816
vn -0.7052 0.7056 0.0695
vn -0.5550 0.8301 0.0547
vn -0.3834 0.9228 0.0378
vn -0.1971 0.9802 0.0194
vn -0.1980 -0.9802 -0.0000
vn -0.3853 -0.9228 -0.0000
vn -0.5577 -0.8301 -0.0000
vn -0.7086 -0.7056 -0.0000
vn -0.8324 -0.5542 -0.0000
vn -0.9243 -0.3816 -0.0000
vn -0.9809 -0.1945 -0.0000
vn -1.0000 -0.0000 -0.0000
vn -0.9809 0.1945 -0.0000
vn -0.9243 0.3816 -0.0000
vn -0.8324 0.5542 -0.0000
vn -0.7086 0.7056 -0.0000
vn -0.5577 0.8301 -0.0000
vn -0.3853 0.9228 -0.0000
vn -0.1980 0.9802 -0.0000
vn -0.1971 -0.9802 -0.0194
vn -0.3834 -0.9228 -0.0378
vn -0.5550 -0.8301 -0.0547
vn -0.7052 -0.7056 -0.0695
vn -0.8284 -0.5542 -0.0816
vn -0.9199 -0.3816 -0.0906
vn -0.9762 -0.1945 -0.0961
vn -0.9952 -0.0000 -0.0980
vn -0.9762 0.1945 -0.0961
vn -0.9199 0.3816 -0.0906
vn -0.8284 0.5542 -0.0816
vn -0.7052 0.7056 -0.0695
vn -0.5550 0.8301 -0.0547
vn -0.3834 0.9228 -0.0378
vn -0.1971 0.9802 -0.0194
vn -0.1942 -0.9802 -0.0386
vn -0.3779 -0.9228 -0.0752
vn -0.5470 -0.8301 -0.1088
vn -0.6950 -0.7056 -0.1382
vn -0.8164 -0.5542 -0.1624
vn -0.9066 -0.3816 -0.1803
vn -0.9621 -0.1945 -0.1914
vn -0.9808 -0.0000 -0.1951
vn -0.9621 0.1945 -0.1914
vn -0.9066 0.3816 -0.1803
vn -0.8164 0.5542 -0.1624
vn -0.6950 0.7056 -0.1382
vn -0.5470 0.8301 -0.1088
vn -0.3779 0.9228 -0.0752
vn -0.1942 0.9802 -0.0386
vn -0.1895 -0.9802 -0.0575
vn -0.3687 -0.9228 -0.1118
vn -0.5337 -0.8301 -0.1619
vn -0.6781 -0.7056 -0.2057
vn -0.7966 -0.5542 -0.2416
vn -0.8845 -0.3816 -0.2683
vn -0.9387 -0.1945 -0.2847
vn -0.9569 -0.0000 -0.2903
vn -0.9387 0.1945 -0.2847
vn -0.8845 0.3816 -0.2683
vn -0.7966 0.5542 -0.2416
vn -0.6781 0.7056 -0.2057
vn -0.5337 0.8301 -0.1619
vn -0.3687 0.9228 -0.1118
vn -0.1895 0.9802 -0.0575
vn -0.1830 -0.9802 -0.0758
vn -0.3560 -0.9228 -0.1474
vn -0.5152 -0.8301 -0.2134
vn -0.6547 -0.7056 -0.2712
vn -0.7690 -0.5542 -0.3186
vn -0.8540 -0.3816 -0.3537
vn -0.9062 -0.1945 -0.3754
vn -0.9239 -0.0000 -0.3827
vn -0.9062 0.1945 -0.3754
vn -0.8540 0.3816 -0.3537
vn -0.7690 0.5542 -0.3186
vn -0.6547 0.7056 -0.2712
vn -0.5152 0.8301 -0.2134
vn -0.3560 0.9228 -0.1474
vn -0.1830 0.9802 -0.0758
vn -0.1746 -0.9802 -0.0934
vn -0.3398 -0.9228 -0.1816
vn -0.4918 -0.8301 -0.2629
vn -0.6250 -0.7056 -0.3340
vn -0.7341 -0.5542 -0.3924
vn -0.8152 -0.3816 -0.4357
vn -0.8651 -0.1945 -0.4624
vn -0.8819 -0.0000 -0.4714
vn -0.8651 0.1945 -0.4624
vn -0.8152 0.3816 -0.4357
vn -0.7341 0.5542 -0.3924
vn -0.6250 0.7056 -0.3340
vn -0.4918 0.8301 -0.2629
vn -0.3398 0.9228 -0.1816
vn -0.1746 0.9802 -0.0934
vn -0.1647 -0.9802 -0.1100
vn -0.3204 -0.9228 -0.2141
vn -0.4637 -0.8301 -0.3098
vn -0.5892 -0.7056 -0.3937
vn -0.6921 -0.5542 -0.4625
vn -0.7685 -0.3816 -0.5135
vn -0.8156 -0.1945 -0.5450
vn -0.8315 -0.0000 -0.5556
vn -0.8156 0.1945 -0.5450
vn -0.7685 0.3816 -0.5135
vn -0.6921 0.5542 -0.4625
vn -0.5892 0.7056 -0.3937
vn -0.4637 0.8301 -0.3098
vn -0.3204 0.9228 -0.2141
vn -0.1647 0.9802 -0.1100
vn -0.1531 -0.9802 -0.1256
vn -0.2978 -0.9228 -0.2444
vn -0.4311 -0.8301 -0.3538
vn -0.5478 -0.7056 -0.4496
vn -0.6435 -0.5542 -0.5281
vn -0.7145 -0.3816 -0.5864
vn -0.7582 -0.1945 -0.6223
vn -0.7730 -0.0000 -0.6344
vn -0.7582 0.1945 -0.6223
vn -0.7145 0.3816 -0.5864
vn -0.6435 0.5542 -0.5281
vn -0.5478 0.7056 -0.4496
vn -0.4311 0.8301 -0.3538
vn -0.2978 0.9228 -0.2444
vn -0.1531 0.9802 -0.1256
vn -0.1400 -0.9802 -0.1400
vn -0.2724 -0.9228 -0.2724
vn -0.3943 -0.8301 -0.3943
vn -0.5011 -0.7056 -0.5011
vn -0.5886 -0.5542 -0.5886
vn -0.6536 -0.3816 -0.6536
vn -0.6936 -0.1945 -0.6936
vn -0.7071 -0.0000 -0.7071
vn -0.6936 0.1945 -0.6936
vn -0.6536 0.3816 -0.6536
vn -0.5886 0.5542 -0.5886
vn -0.5011 0.7056 -0.5011
vn -0.3943 0.8301 -0.3943
vn -0.2724 0.9228 -0.2724
vn -0.1400 0.9802 -0.1400
vn -0.1256 -0.9802 -0.1531
vn -0.2444 -0.9228 -0.2978
vn -0.3538 -0.8301 -0.4311
vn -0.4496 -0.7056 -0.5478
vn -0.5281 -0.5542 -0.6435
vn -0.5864 -0.3816 -0.7145
vn -0.6223 -0.1945 -0.7582
vn -0.6344 -0.0000 -0.7730
vn -0.6223 0.1945 -0.7582
vn -0.5864 0.3816 -0.7145
vn -0.5281 0.5542 -0.6435
vn -0.4496 0.7056 -0.5478
vn -0.3538 0.8301 -0.4311
vn -0.2444 0.9228 -0.2978
vn -0.1256 0.9802 -0.1531
vn -0.1100 -0.9802 -0.1647
vn -0.2141 -0.9228 -0.3204
vn -0.3098 -0.8301 -0.4637
vn -0.3937 -0.7056 -0.5892
vn -0.4625 -0.5542 -0.6921
vn -0.5135 -0.3816 -0.7685
vn -0.5450 -0.1945 -0.8156
vn -0.5556 -0.0000 -0.8315
vn -0.5450 0.1945 -0.8156
vn -0.5135 0.3816 -0.7685
vn -0.4625 0.5542 -0.6921
vn -0.3937 0.7056 -0.5892
vn -0.3098 0.8301 -0.4637
vn -0.2141 0.9228 -0.3204
vn -0.1100 0.9802 -0.1647
vn -0.0934 -0.9802 -0.1746
vn -0.1816 -0.9228 -0.3398
vn -0.2629 -0.8301 -0.4918
vn -0.3340 -0.7056 -0.6250
vn -0.3924 -0.5542 -0.7341
vn -0.4357 -0.3816 -0.8152
vn -0.4624 -0.1945 -0.8651
vn -0.4714 -0.0000 -0.8819
vn -0.4624 0.1945 -0.8651
vn -0.4357 0.3816 -0.8152
vn -0.3924 0.5542 -0.7341
vn -0.3340 0.7056 -0.6250
vn -0.2629 0.8301 -0.4918
vn -0.1816 0.9228 -0.3398
vn -0.0934 0.9802 -0.1746
vn -0.0758 -0.9802 -0.1830
vn -0.1474 -0.9228 -0.3560
vn -0.2134 -0.8301 -0.5152
vn -0.2712 -0.7056 -0.6547
vn -0.3185 -0.5542 -0.7690
vn -0.3537 -0.3816 -0.8540
vn -0.3754 -0.1945 -0.9062
vn -0.3827 -0.0000 -0.9239
vn -0.3754 0.1945 -0.9062
vn -0.3537 0.3816 -0.8540
vn -0.3185 0.5542 -0.7690
vn -0.2712 0.7056 -0.6547
vn -0.2134 0.8301 -0.5152
vn -0.1474 0.9228 -0.3560
vn -0.0758 0.9802 -0.1830
vn -0.0575 -0.9802 -0.1895
vn -0.1118 -0.9228 -0.3687
vn -0.1619 -0.8301 -0.5337
vn -0.2057 -0.7056 -0.6781
vn -0.2416 -0.5542 -0.7966
vn -0.2683 -0.3816 -0.8845
vn -0.2847 -0.1945 -0.9387
vn -0.2903 -0.0000 -0.9569
vn -0.2847 0.1945 -0.9387
vn -0.2683 0.3816 -0.8845
vn -0.2416 0.5542 -0.7966
vn -0.2057 0.7056 -0.6781
vn -0.1619 0.8301 -0.5337
vn -0.1118 0.9228 -0.3687
vn -0.0575 0.9802 -0.1895
vn -0.0386 -0.9802 -0.1942
vn -0.0752 -0.9228 -0.3779
vn -0.1088 -0.8301 -0.5470
vn -0.1382 -0.7056 -0.6950
vn -0.1624 -0.5542 -0.8164
vn -0.1803 -0.3816 -0.9066
vn -0.1914 -0.1945 -0.9621
vn -0.1951 -0.0000 -0.9808
vn -0.1914 0.1945 -0.9621
vn -0.1803 0.3816 -0.9066
vn -0.1624 0.5542 -0.8164
vn -0.1382 0.7056 -0.6950
vn -0.1088 0.8301 -0.5470
vn -0.0752 0.9228 -0.3779
vn -0.0386 0.9802 -0.1942
vn -0.0194 -0.9802 -0.1971
vn -0.0378 -0.9228 -0.3834
vn -0.0547 -0.8301 -0.5550
vn -0.0695 -0.7056 -0.7052
vn -0.0816 -0.5542 -0.8284
vn -0.0906 -0.3816 -0.9199
vn -0.0961 -0.1945 -0.9762
vn -0.0980 -0.0000 -0.9952
vn -0.0961 0.1945 -0.9762
vn -0.0906 0.3816 -0.9199
vn -0.0816 0.5542 -0.8284
vn -0.0695 0.7056 -0.7052
vn -0.0547 0.8301 -0.5550
vn -0.0378 0.9228 -0.3834
vn -0.0194 0.9802 -0.1971
vn -0.0000 -0.9802 -0.1980
vn -0.0000 -0.9228 -0.3853
vn -0.0000 -0.8301 -0.5577
vn -0.0000 -0.7056 -0.7086
vn -0.0000 -0.5542 -0.8324
vn -0.0000 -0.3816 -0.9243
vn -0.0000 -0.1945 -0.9809
vn -0.0000 -0.0000 -1.0000
vn -0.0000 0.1945 -0.9809
vn -0.0000 0.3816 -0.9243
vn -0.0000 0.5542 -0.8324
vn -0.0000 0.7056 -0.7086
vn -0.0000 0.8301 -0.5577
vn -0.0000 0.9228 -0.3853
vn -0.0000 0.9802 -0.1980
vn 0.0194 -0.9802 -0.1971
vn 0.0378 -0.9228 -0.3834
vn 0.0547 -0.8301 -0.5550
vn 0.0695 -0.7056 -0.7052
vn 0.0816 -0.5542 -0.8284
vn 0.0906 -0.3816 -0.9199
vn 0.0961 -0.1945 -0.9762
vn 0.0980 -0.0000 -0.9952
vn 0.0961 0.1945 -0.9762
vn 0.0906 0.3816 -0.9199
vn 0.0816 0.5542 -0.8284
vn 0.0695 0.7056 -0.7052
vn 0.0547 0.8301 -0.5550
vn 0.0378 0.9228 -0.3834
vn 0.0194 0.9802 -0.1971
vn 0.0386 -0.9802 -0.1942
vn 0.0752 -0.9228 -0.3779
vn 0.1088 -0.8301 -0.5470
vn 0.1382 -0.7056 -0.6950
vn 0.1624 -0.5542 -0.8164
vn 0.1803 -0.3816 -0.9066
vn 0.1914 -0.1945 -0.9621
vn 0.1951 -0.0000 -0.9808
vn 0.1914 0.1945 -0.9621
vn 0.1803 0.3816 -0.9066
vn 0.1624 0.5542 -0.8164
vn 0.1382 0.7056 -0.6950
vn 0.1088 0.8301 -0.5470
vn 0.0752 0.9228 -0.3779
vn 0.0386 0.9802 -0.1942
vn 0.0575 -0.9802 -0.1895
vn 0.1118 -0.9228 -0.3687
vn 0.1619 -0.8301 -0.5337
vn 0.2057 -0.7056 -0.6781
vn 0.2416 -0.5542 -0.7966
vn 0.2683 -0.3816 -0.8845
vn 0.2847 -0.1945 -0.9387
vn 0.2903 -0.0000 -0.9569
vn 0.2847 0.1945 -0.9387
vn 0.2683 0.3816 -0.8845
vn 0.2416 0.5542 -0.7966
vn 0.2057 0.7056 -0.6781
vn 0.1619 0.8301 -0.5337
vn 0.1118 0.9228 -0.3687
vn 0.0575 0.9802 -0.1895
vn 0.0758 -0.9802 -0.1830
vn 0.1474 -0.9228 -0.3560
vn 0.2134 -0.8301 -0.5152
vn 0.2712 -0.7056 -0.6547
vn 0.3186 -0.5542 -0.7690
vn 0.3537 -0.3816 -0.8540
vn 0.3754 -0.1945 -0.9062
vn 0.3827 -0.0000 -0.9239
vn 0.3754 0.1945 -0.9062
vn 0.3537 0.3816 -0.8540
vn 0.3186 0.5542 -0.7690
vn 0.2712 0.7056 -0.6547
vn 0.2134 0.8301 -0.5152
vn 0.1474 0.9228 -0.3560
vn 0.0758 0.9802 -0.1830
vn 0.0933 -0.9802 -0.1746
vn 0.1816 -0.9228 -0.3398
vn 0.2629 -0.8301 -0.4918
vn 0.3340 -0.7056 -0.6250
vn 0.3924 -0.5542 -0.7341
vn 0.4357 -0.3816 -0.8152
vn 0.4624 -0.1945 -0.8651
vn 0.4714 -0.0000 -0.8819
vn 0.4624 0.1945 -0.8651
vn 0.4357 0.3816 -0.8152
vn 0.3924 0.5542 -0.7341
vn 0.3340 0.7056 -0.6250
vn 0.2629 0.8301 -0.4918
vn 0.1816 0.9228 -0.3398
vn 0.0933 0.9802 -0.1746
vn 0.1100 -0.9802 -0.1647
vn 0.2141 -0.9228 -0.3204
vn 0.3098 -0.8301 -0.4637
vn 0.3937 -0.7056 -0.5892
vn 0.4625 -0.5542 -0.6921
vn 0.5135 -0.3816 -0.7685
vn 0.5450 -0.1945 -0.8156
vn 0.5556 -0.0000 -0.8315
vn 0.5450 0.1945 -0.8156
vn 0.5135 0.3816 -0.7685
vn 0.4625 0.5542 -0.6921
vn 0.3937 0.7056 -0.5892
vn 0.3098 0.8301 -0.4637
vn 0.2141 0.9228 -0.3204
vn 0.1100 0.9802 -0.1647
vn 0.1256 -0.9802 -0.1531
vn 0.2444 -0.9228 -0.2978
vn 0.3538 -0.8301 -0.4311
vn 0.4496 -0.7056 -0.5478
vn 0.5281 -0.5542 -0.6435
vn 0.5864 -0.3816 -0.7145
vn 0.6223 -0.1945 -0.7582
vn 0.6344 -0.0000 -0.7730
vn 0.6223 0.1945 -0.7582
vn 0.5864 0.3816 -0.7145
vn 0.5281 0.5542 -0.6435
vn 0.4496 0.7056 -0.5478
vn 0.3538 0.8301 -0.4311
vn 0.2444 0.9228 -0.2978
vn 0.1256 0.9802 -0.1531
vn 0.1400 -0.9802 -0.1400
vn 0.2724 -0.9228 -0.2724
vn 0.3943 -0.8301 -0.3943
vn 0.5011 -0.7056 -0.5011
vn 0.5886 -0.5542 -0.5886
vn 0.6536 -0.3816 -0.6536
vn 0.6936 -0.1945 -0.6936
vn 0.7071 -0.0000 -0.7071
vn 0.6936 0.1945 -0.6936
vn 0.6536 0.3816 -0.6536
vn 0.5886 0.5542 -0.5886
vn 0.5011 0.7056 -0.5011
vn 0.3943 0.8301 -0.3943
vn 0.2724 0.9228 -0.2724
vn 0.1400 0.9802 -0.1400
vn 0.1531 -0.9802 -0.1256
vn 0.2978 -0.9228 -0.2444
vn 0.4311 -0.8301 -0.3538
vn 0.5478 -0.7056 -0.4496
vn 0.6435 -0.5542 -0.5281
vn 0.7145 -0.3816 -0.5864
vn 0.7582 -0.1945 -0.6223
vn 0.7730 -0.0000 -0.6344
vn 0.7582 0.1945 -0.6223
vn 0.7145 0.3816 -0.5864
vn 0.6435 0.5542 -0.5281
vn 0.5478 0.7056 -0.4496
vn 0.4311 0.8301 -0.3538
vn 0.2978 0.9228 -0.2444
vn 0.1531 0.9802 -0.1256
vn 0.1647 -0.9802 -0.1100
vn 0.3204 -0.9228 -0.2141
vn 0.4637 -0.8301 -0.3098
vn 0.5892 -0.7056 -0.3937
vn 0.6921 -0.5542 -0.4625
vn 0.7685 -0.3816 -0.5135
vn 0.8156 -0.1945 -0.5450
vn 0.8315 -0.0000 -0.5556
vn 0.8156 0.1945 -0.5450
vn 0.7685 0.3816 -0.5135
vn 0.6921 0.5542 -0.4625
vn 0.5892 0.7056 -0.3937
vn 0.4637 0.8301 -0.3098
vn 0.3204 0.9228 -0.2141
vn 0.1647 0.9802 -0.1100
vn 0.1746 -0.9802 -0.0934
vn 0.3398 -0.9228 -0.1816
vn 0.4918 -0.8301 -0.2629
vn 0.6250 -0.7056 -0.3340
vn 0.7341 -0.5542 -0.3924
vn 0.8152 -0.3816 -0.4357
vn 0.8651 -0.1945 -0.4624
vn 0.8819 -0.0000 -0.4714
vn 0.8651 0.1945 -0.4624
vn 0.8152 0.3816 -0.4357
vn 0.7341 0.5542 -0.3924
vn 0.6250 0.7056 -0.3340
vn 0.4918 0.8301 -0.2629
vn 0.3398 0.9228 -0.1816
vn 0.1746 0.9802 -0.0934
vn 0.1830 -0.9802 -0.0758
vn 0.3560 -0.9228 -0.1474
vn 0.5152 -0.8301 -0.2134
vn 0.6547 -0.7056 -0.2712
vn 0.7690 -0.5542 -0.3185
vn 0.8540 -0.3816 -0.3537
vn 0.9062 -0.1945 -0.3754
vn 0.9239 -0.0000 -0.3827
vn 0.9062 0.1945 -0.3754
vn 0.8540 0.3816 -0.3537
vn 0.7690 0.5542 -0.3185
vn 0.6547 0.7056 -0.2712
vn 0.5152 0.8301 -0.2134
vn 0.3560 0.9228 -0.1474
vn 0.1830 0.9802 -0.0758
vn -0.0000 1.0000 -0.0000
vn 0.1895 -0.9802 -0.0575
vn 0.3687 -0.9228 -0.1118
vn 0.5337 -0.8301 -0.1619
vn 0.6781 -0.7056 -0.2057
vn 0.7966 -0.5542 -0.2416
vn 0.8845 -0.3816 -0.2683
vn 0.9387 -0.1945 -0.2847
vn 0.9569 -0.0000 -0.2903
vn 0.9387 0.1945 -0.2847
vn 0.8845 0.3816 -0.2683
vn 0.7966 0.5542 -0.2416
vn 0.6781 0.7056 -0.2057
vn 0.5337 0.8301 -0.1619
vn 0.3687 0.9228 -0.1118
vn 0.1895 0.9802 -0.0575
vn 0.1942 -0.9802 -0.0386
vn 0.3779 -0.9228 -0.0752
vn 0.5470 -0.8301 -0.1088
vn 0.6950 -0.7056 -0.1382
vn 0.8164 -0.5542 -0.1624
vn 0.9066 -0.3816 -0.1803
vn 0.9621 -0.1945 -0.1914
vn 0.9808 -0.0000 -0.1951
vn 0.9621 0.1945 -0.1914
vn 0.9066 0.3816 -0.1803
vn 0.8164 0.5542 -0.1624
vn 0.6950 0.7056 -0.1382
vn 0.5470 0.8301 -0.1088
vn 0.3779 0.9228 -0.0752
vn 0.1942 0.9802 -0.0386
vn -0.0000 -1.0000 -0.0000
vn 0.1971 -0.9802 -0.0194
vn 0.3834 -0.9228 -0.0378
vn 0.5550 -0.8301 -0.0547
vn 0.7052 -0.7056 -0.0695
vn 0.8284 -0.5542 -0.0816
vn 0.9199 -0.3816 -0.0906
vn 0.9762 -0.1945 -0.0961
vn 0.9952 -0.0000 -0.0980
vn 0.9762 0.1945 -0.0961
vn 0.9199 0.3816 -0.0906
vn 0.8284 0.5542 -0.0816
vn 0.7052 0.7056 -0.0695
vn 0.5550 0.8301 -0.0547
vn 0.3834 0.9228 -0.0378
vn 0.1971 0.9802 -0.0194
vn 0.1980 -0.9802 -0.0000
vn 0.3853 -0.9228 -0.0000
vn 0.5577 -0.8301 -0.0000
vn 0.7086 -0.7056 -0.0000
vn 0.8324 -0.5542 -0.0000
vn 0.9243 -0.3816 -0.0000
vn 0.9809 -0.1945 -0.0000
vn 1.0000 -0.0000 -0.0000
vn 0.9809 0.1945 -0.0000
vn 0.9243 0.3816 -0.0000
vn 0.8324 0.5542 -0.0000
vn 0.7086 0.7056 -0.0000
vn 0.5577 0.8301 -0.0000
vn 0.3853 0.9228 -0.0000
vn 0.1980 0.9802 -0.0000
vn 0.1971 -0.9802 0.0194
vn 0.3834 -0.9228 0.0378
vn 0.5550 -0.8301 0.0547
vn 0.7052 -0.7056 0.0695
vn 0.8284 -0.5542 0.0816
vn 0.9199 -0.3816 0.0906
vn 0.9762 -0.1945 0.0961
vn 0.9952 -0.0000 0.0980
vn 0.9762 0.1945 0.0961
vn 0.9199 0.3816 0.0906
vn 0.8284 0.5542 0.0816
vn 0.7052 0.7056 0.0695
vn 0.5550 0.8301 0.0547
vn 0.3834 0.9228 0.0378
vn 0.1971 0.9802 0.0194
vn 0.1942 -0.9802 0.0386
vn 0.3779 -0.9228 0.0752
vn 0.5470 -0.8301 0.1088
vn 0.6950 -0.7056 0.1382
vn 0.8164 -0.5542 0.1624
vn 0.9066 -0.3816 0.1803
vn 0.9621 -0.1945 0.1914
vn 0.9808 -0.0000 0.1951
vn 0.9621 0.1945 0.1914
vn 0.9066 0.3816 0.1803
vn 0.8164 0.5542 0.1624
vn 0.6950 0.7056 0.1382
vn 0.5470 0.8301 0.1088
vn 0.3779 0.9228 0.0752
vn 0.1942 0.9802 0.0386
vn 0.1895 -0.9802 0.0575
vn 0.3687 -0.9228 0.1118
vn 0.5337 -0.8301 0.1619
vn 0.6781 -0.7056 0.2057
vn 0.7966 -0.5542 0.2416
vn 0.8845 -0.3816 0.2683
vn 0.9387 -0.1945 0.2847
vn 0.9569 -0.0000 0.2903
vn 0.9387 0.1945 0.2847
vn 0.8845 0.3816 0.2683
vn 0.7966 0.5542 0.2416
vn 0.6781 0.7056 0.2057
vn 0.5337 0.8301 0.1619
vn 0.3687 0.9228 0.1118
vn 0.1895 0.9802 0.0575
vn 0.1830 -0.9802 0.0758
vn 0.3560 -0.9228 0.1474
vn 0.5152 -0.8301 0.2134
vn 0.6547 -0.7056 0.2712
vn 0.7690 -0.5542 0.3186
vn 0.8540 -0.3816 0.3537
vn 0.9062 -0.1945 0.3754
vn 0.9239 -0.0000 0.3827
vn 0.9062 0.1945 0.3754
vn 0.8540 0.3816 0.3537
vn 0.7690 0.5542 0.3186
vn 0.6547 0.7056 0.2712
vn 0.5152 0.8301 0.2134
vn 0.3560 0.9228 0.1474
vn 0.1830 0.9802 0.0758
vn 0.1746 -0.9802 0.0934
vn 0.3398 -0.9228 0.1816
vn 0.4918 -0.8301 0.2629
vn 0.6250 -0.7056 0.3340
vn 0.7341 -0.5542 0.3924
vn 0.8152 -0.3816 0.4357
vn 0.8651 -0.1945 0.4624
vn 0.8819 -0.0000 0.4714
vn 0.8651 0.1945 0.4624
vn 0.8152 0.3816 0.4357
vn 0.7341 0.5542 0.3924
vn 0.6250 0.7056 0.3340
vn 0.4918 0.8301 0.2629
vn 0.3398 0.9228 0.1816
vn 0.1746 0.9802 0.0934
vn 0.1647 -0.9802 0.1100
vn 0.3204 -0.9228 0.2141
vn 0.4637 -0.8301 0.3098
vn 0.5892 -0.7056 0.3937
vn 0.6921 -0.5542 0.4625
vn 0.7685 -0.3816 0.5135
vn 0.8156 -0.1945 0.5450
vn 0.8315 -0.0000 0.5556
vn 0.8156 0.1945 0.5450
vn 0.7685 0.3816 0.5135
vn 0.6921 0.5542 0.4625
vn 0.5892 0.7056 0.3937
vn 0.4637 0.8301 0.3098
vn 0.3204 0.9228 0.2141
vn 0.1647 0.9802 0.1100
vn 0.1531 -0.9802 0.1256
vn 0.2978 -0.9228 0.2444
vn 0.4311 -0.8301 0.3538
vn 0.5478 -0.7056 0.4496
vn 0.6435 -0.5542 0.5281
vn 0.7145 -0.3816 0.5864
vn 0.7582 -0.1945 0.6223
vn 0.7730 -0.0000 0.6344
vn 0.7582 0.1945 0.6223
vn 0.7145 0.3816 0.5864
vn 0.6435 0.5542 0.5281
vn 0.5478 0.7056 0.4496
vn 0.4311 0.8301 0.3538
vn 0.2978 0.9228 0.2444
vn 0.1531 0.9802 0.1256
vn 0.1400 -0.9802 0.1400
vn 0.2724 -0.9228 0.2724
vn 0.3943 -0.8301 0.3943
vn 0.5011 -0.7056 0.5011
vn 0.5886 -0.5542 0.5886
vn 0.6536 -0.3816 0.6536
vn 0.6936 -0.1945 0.6936
vn 0.7071 -0.0000 0.7071
vn 0.6936 0.1945 0.6936
vn 0.6536 0.3816 0.6536
vn 0.5886 0.5542 0.5886
vn 0.5011 0.7056 0.5011
vn 0.3943 0.8301 0.3943
vn 0.2724 0.9228 0.2724
vn 0.1400 0.9802 0.1400
vn 0.1256 -0.9802 0.1531
vn 0.2444 -0.9228 0.2978
vn 0.3538 -0.8301 0.4311
vn 0.4496 -0.7056 0.5478
vn 0.5281 -0.5542 0.6435
vn 0.5864 -0.3816 0.7145
vn 0.6223 -0.1945 0.7582
vn 0.6344 -0.0000 0.7730
vn 0.6223 0.1945 0.7582
vn 0.5864 0.3816 0.7145
vn 0.5281 0.5542 0.6435
vn 0.4496 0.7056 0.5478
vn 0.3538 0.8301 0.4311
vn 0.2444 0.9228 0.2978
vn 0.1256 0.9802 0.1531
vn 0.1100 -0.9802 0.1647
vn 0.2141 -0.9228 0.3204
vn 0.3098 -0.8301 0.4637
vn 0.3937 -0.7056 0.5892
vn 0.4625 -0.5542 0.6921
vn 0.5135 -0.3816 0.7685
vn 0.5450 -0.1945 0.8156
vn 0.5556 -0.0000 0.8315
vn 0.5450 0.1945 0.8156
vn 0.5135 0.3816 0.7685
vn 0.4625 0.5542 0.6921
vn 0.3937 0.7056 0.5892
vn 0.3098 0.8301 0.4637
vn 0.2141 0.9228 0.3204
vn 0.1100 0.9802 0.1647
vn 0.0934 -0.9802 0.1746
vn 0.1816 -0.9228 0.3398
vn 0.2629 -0.8301 0.4918
vn 0.3340 -0.7056 0.6250
vn 0.3924 -0.5542 0.7341
vn 0.4357 -0.3816 0.8152
vn 0.4624 -0.1945 0.8651
vn 0.4714 -0.0000 0.8819
vn 0.4624 0.1945 0.8651
vn 0.4357 0.3816 0.8152
vn 0.3924 0.5542 0.7341
vn 0.3340 0.7056 0.6250
vn 0.2629 0.8301 0.4918
vn 0.1816 0.9228 0.3398
vn 0.0934 0.9802 0.1746
vn 0.0758 -0.9802 0.1830
vn 0.1474 -0.9228 0.3560
vn 0.2134 -0.8301 0.5152
vn 0.2712 -0.7056 0.6547
vn 0.3185 -0.5542 0.7690
vn 0.3537 -0.3816 0.8540
vn 0.3754 -0.1945 0.9062
vn 0.3827 -0.0000 0.9239
vn 0.3754 0.1945 0.9062
vn 0.3537 0.3816 0.8540
vn 0.3185 0.5542 0.7690
vn 0.2712 0.7056 0.6547
vn 0.2134 0.8301 0.5152
vn 0.1474 0.9228 0.3560
vn 0.0758 0.9802 0.1830
vn 0.0575 -0.9802 0.1895
vn 0.1118 -0.9228 0.3687
vn 0.1619 -0.8301 0.5337
vn 0.2057 -0.7056 0.6781
vn 0.2416 -0.5542 0.7966
vn 0.2683 -0.3816 0.8845
vn 0.2847 -0.1945 0.9387
vn 0.2903 -0.0000 0.9569
vn 0.2847 0.1945 0.9387
vn 0.2683 0.3816 0.8845
vn 0.2416 0.5542 0.7966
vn 0.2057 0.7056 0.6781
vn 0.1619 0.8301 0.5337
vn 0.1118 0.9228 0.3687
vn 0.0575 0.9802 0.1895
vn 0.0386 -0.9802 0.1942
vn 0.0752 -0.9228 0.3779
vn 0.1088 -0.8301 0.5470
vn 0.1382 -0.7056 0.6950
vn 0.1624 -0.5542 0.8164
vn 0.1803 -0.3816 0.9066
vn 0.1914 -0.1945 0.9621
vn 0.1951 -0.0000 0.9808
vn 0.1914 0.1945 0.9621
vn 0.1803 0.3816 0.9066
vn 0.1624 0.5542 0.8164
vn 0.1382 0.7056 0.6950
vn 0.1088 0.8301 0.5470
vn 0.0752 0.9228 0.3779
vn 0.0386 0.9802 0.1942
vn 0.0194 -0.9802 0.1971
vn 0.0378 -0.9228 0.3834
vn 0.0547 -0.8301 0.5550
vn 0.0695 -0.7056 0.7052
vn 0.0816 -0.5542 0.8284
vn 0.0906 -0.3816 0.9199
vn 0.0961 -0.1945 0.9762
vn 0.0980 -0.0000 0.9952
vn 0.0961 0.1945 0.9762
vn 0.0906 0.3816 0.9199
vn 0.0816 0.5542 0.8284
vn 0.0695 0.7056 0.7052
vn 0.0547 0.8301 0.5550
vn 0.0378 0.9228 0.3834
vn 0.0194 0.9802 0.1971
vn -0.0000 -0.8301 0.5577
vn -0.0000 -0.5542 0.8324
vn -0.0000 -0.3816 0.9243
vn -0.0000 -0.0000 1.0000
vn -0.0000 0.3816 0.9243
vn -0.0000 0.5542 0.8324
vn -0.0000 0.8301 0.5577
vn -0.0000 0.9228 0.3853
vt 0.734375 0.375000
vt 0.750000 0.437500
vt 0.750000 0.375000
vt 0.734375 0.812500
vt 0.750000 0.875000
vt 0.750000 0.812500
vt 0.734375 0.312500
vt 0.750000 0.312500
vt 0.734375 0.750000
vt 0.750000 0.750000
vt 0.750000 0.250000
vt 0.734375 0.687500
vt 0.750000 0.687500
vt 0.750000 0.187500
vt 0.734375 0.250000
vt 0.750000 0.625000
vt 0.750000 0.125000
vt 0.734375 0.187500
vt 0.750000 0.562500
vt 0.734375 0.625000
vt 0.734375 0.062500
vt 0.750000 0.062500
vt 0.750000 0.500000
vt 0.734375 0.562500
vt 0.750000 0.937500
vt 0.734375 0.937500
vt 0.742188 1.000000
vt 0.742188 0.000000
vt 0.734375 0.437500
vt 0.734375 0.875000
vt 0.726562 0.000000
vt 0.718750 0.062500
vt 0.718750 0.500000
vt 0.734375 0.500000
vt 0.718750 0.937500
vt 0.718750 0.375000
vt 0.718750 0.875000
vt 0.718750 0.312500
vt 0.718750 0.750000
vt 0.718750 0.250000
vt 0.718750 0.187500
vt 0.718750 0.687500
vt 0.718750 0.125000
vt 0.734375 0.125000
vt 0.718750 0.625000
vt 0.726562 1.000000
vt 0.703125 0.187500
vt 0.703125 0.625000
vt 0.703125 0.125000
vt 0.718750 0.562500
vt 0.703125 0.562500
vt 0.703125 0.937500
vt 0.710938 1.000000
vt 0.710938 0.000000
vt 0.703125 0.062500
vt 0.703125 0.437500
vt 0.718750 0.437500
vt 0.703125 0.875000
vt 0.703125 0.375000
vt 0.718750 0.812500
vt 0.703125 0.312500
vt 0.703125 0.812500
vt 0.703125 0.250000
vt 0.703125 0.687500
vt 0.687500 0.937500
vt 0.687500 0.375000
vt 0.687500 0.812500
vt 0.703125 0.750000
vt 0.687500 0.312500
vt 0.687500 0.687500
vt 0.687500 0.187500
vt 0.687500 0.625000
vt 0.687500 0.062500
vt 0.703125 0.500000
vt 0.687500 0.562500
vt 0.695312 1.000000
vt 0.695312 0.000000
vt 0.687500 0.437500
vt 0.671875 0.625000
vt 0.687500 0.125000
vt 0.671875 0.187500
vt 0.671875 0.125000
vt 0.671875 0.500000
vt 0.687500 0.500000
vt 0.671875 0.937500
vt 0.679688 1.000000
vt 0.679688 0.000000
vt 0.671875 0.062500
vt 0.671875 0.875000
vt 0.687500 0.875000
vt 0.671875 0.375000
vt 0.671875 0.812500
vt 0.687500 0.750000
vt 0.687500 0.250000
vt 0.671875 0.312500
vt 0.671875 0.687500
vt 0.656250 0.375000
vt 0.671875 0.437500
vt 0.656250 0.812500
vt 0.656250 0.312500
vt 0.671875 0.750000
vt 0.671875 0.250000
vt 0.656250 0.687500
vt 0.656250 0.187500
vt 0.656250 0.125000
vt 0.671875 0.562500
vt 0.656250 0.625000
vt 0.656250 0.500000
vt 0.656250 0.937500
vt 0.664062 1.000000
vt 0.664062 0.000000
vt 0.656250 0.062500
vt 0.656250 0.875000
vt 0.640625 0.125000
vt 0.656250 0.562500
vt 0.640625 0.625000
vt 0.640625 0.062500
vt 0.640625 0.562500
vt 0.640625 0.937500
vt 0.648438 1.000000
vt 0.648438 0.000000
vt 0.640625 0.437500
vt 0.656250 0.437500
vt 0.640625 0.875000
vt 0.640625 0.375000
vt 0.640625 0.812500
vt 0.640625 0.312500
vt 0.656250 0.750000
vt 0.656250 0.250000
vt 0.640625 0.687500
vt 0.640625 0.187500
vt 0.625000 0.812500
vt 0.625000 0.312500
vt 0.640625 0.750000
vt 0.640625 0.250000
vt 0.625000 0.687500
vt 0.625000 0.187500
vt 0.625000 0.125000
vt 0.625000 0.562500
vt 0.625000 0.062500
vt 0.625000 0.500000
vt 0.640625 0.500000
vt 0.625000 0.937500
vt 0.632812 1.000000
vt 0.632812 0.000000
vt 0.625000 0.437500
vt 0.609375 0.562500
vt 0.625000 0.625000
vt 0.609375 0.125000
vt 0.609375 0.500000
vt 0.609375 0.937500
vt 0.617188 1.000000
vt 0.617188 0.000000
vt 0.609375 0.062500
vt 0.609375 0.437500
vt 0.609375 0.875000
vt 0.625000 0.875000
vt 0.625000 0.375000
vt 0.609375 0.812500
vt 0.609375 0.312500
vt 0.625000 0.750000
vt 0.625000 0.250000
vt 0.609375 0.687500
vt 0.609375 0.187500
vt 0.593750 0.312500
vt 0.609375 0.375000
vt 0.609375 0.750000
vt 0.593750 0.812500
vt 0.609375 0.250000
vt 0.593750 0.687500
vt 0.593750 0.187500
vt 0.609375 0.625000
vt 0.593750 0.562500
vt 0.593750 0.125000
vt 0.593750 0.937500
vt 0.601562 1.000000
vt 0.601562 0.000000
vt 0.593750 0.062500
vt 0.593750 0.437500
vt 0.593750 0.875000
vt 0.578125 0.062500
vt 0.593750 0.500000
vt 0.578125 0.562500
vt 0.578125 0.937500
vt 0.585938 1.000000
vt 0.585938 0.000000
vt 0.578125 0.437500
vt 0.593750 0.375000
vt 0.578125 0.812500
vt 0.578125 0.312500
vt 0.593750 0.750000
vt 0.593750 0.250000
vt 0.578125 0.687500
vt 0.578125 0.187500
vt 0.593750 0.625000
vt 0.578125 0.250000
vt 0.562500 0.312500
vt 0.562500 0.687500
vt 0.578125 0.750000
vt 0.562500 0.187500
vt 0.578125 0.625000
vt 0.578125 0.125000
vt 0.562500 0.562500
vt 0.562500 0.125000
vt 0.578125 0.500000
vt 0.562500 0.937500
vt 0.570312 1.000000
vt 0.570312 0.000000
vt 0.562500 0.062500
vt 0.562500 0.437500
vt 0.562500 0.875000
vt 0.578125 0.875000
vt 0.578125 0.375000
vt 0.562500 0.812500
vt 0.546875 0.937500
vt 0.554688 1.000000
vt 0.554688 0.000000
vt 0.546875 0.062500
vt 0.546875 0.437500
vt 0.562500 0.500000
vt 0.562500 0.375000
vt 0.546875 0.875000
vt 0.546875 0.312500
vt 0.562500 0.750000
vt 0.546875 0.812500
vt 0.562500 0.250000
vt 0.546875 0.687500
vt 0.546875 0.187500
vt 0.562500 0.625000
vt 0.546875 0.125000
vt 0.546875 0.562500
vt 0.531250 0.687500
vt 0.546875 0.750000
vt 0.531250 0.187500
vt 0.546875 0.250000
vt 0.546875 0.625000
vt 0.531250 0.562500
vt 0.531250 0.062500
vt 0.546875 0.500000
vt 0.531250 0.937500
vt 0.539062 1.000000
vt 0.539062 0.000000
vt 0.531250 0.437500
vt 0.531250 0.875000
vt 0.546875 0.375000
vt 0.531250 0.812500
vt 0.531250 0.312500
vt 0.515625 0.437500
vt 0.531250 0.500000
vt 0.515625 0.875000
vt 0.531250 0.375000
vt 0.515625 0.312500
vt 0.531250 0.750000
vt 0.515625 0.812500
vt 0.531250 0.250000
vt 0.515625 0.687500
vt 0.515625 0.187500
vt 0.531250 0.625000
vt 0.515625 0.125000
vt 0.531250 0.125000
vt 0.515625 0.562500
vt 0.515625 0.937500
vt 0.523438 1.000000
vt 0.523438 0.000000
vt 0.515625 0.062500
vt 0.500000 0.187500
vt 0.515625 0.250000
vt 0.515625 0.625000
vt 0.500000 0.687500
vt 0.500000 0.562500
vt 0.500000 0.125000
vt 0.515625 0.500000
vt 0.500000 0.937500
vt 0.507812 1.000000
vt 0.507812 0.000000
vt 0.500000 0.062500
vt 0.500000 0.437500
vt 0.500000 0.875000
vt 0.515625 0.375000
vt 0.500000 0.812500
vt 0.500000 0.312500
vt 0.515625 0.750000
vt 0.484375 0.875000
vt 0.500000 0.375000
vt 0.484375 0.437500
vt 0.484375 0.812500
vt 0.484375 0.312500
vt 0.500000 0.750000
vt 0.500000 0.250000
vt 0.484375 0.687500
vt 0.484375 0.187500
vt 0.500000 0.625000
vt 0.484375 0.562500
vt 0.484375 0.062500
vt 0.500000 0.500000
vt 0.484375 0.937500
vt 0.492188 1.000000
vt 0.492188 0.000000
vt 0.484375 0.625000
vt 0.468750 0.687500
vt 0.484375 0.125000
vt 0.468750 0.187500
vt 0.468750 0.562500
vt 0.468750 0.062500
vt 0.484375 0.500000
vt 0.468750 0.937500
vt 0.476562 1.000000
vt 0.476562 0.000000
vt 0.468750 0.437500
vt 0.484375 0.375000
vt 0.468750 0.812500
vt 0.468750 0.312500
vt 0.484375 0.750000
vt 0.484375 0.250000
vt 0.468750 0.375000
vt 0.453125 0.437500
vt 0.453125 0.812500
vt 0.468750 0.875000
vt 0.453125 0.312500
vt 0.468750 0.750000
vt 0.468750 0.250000
vt 0.453125 0.687500
vt 0.453125 0.187500
vt 0.468750 0.625000
vt 0.453125 0.125000
vt 0.468750 0.125000
vt 0.453125 0.562500
vt 0.468750 0.500000
vt 0.453125 0.937500
vt 0.460938 1.000000
vt 0.460938 0.000000
vt 0.453125 0.062500
vt 0.453125 0.875000
vt 0.437500 0.125000
vt 0.437500 0.562500
vt 0.453125 0.625000
vt 0.437500 0.062500
vt 0.453125 0.500000
vt 0.437500 0.937500
vt 0.445312 1.000000
vt 0.445312 0.000000
vt 0.437500 0.437500
vt 0.453125 0.375000
vt 0.437500 0.812500
vt 0.437500 0.312500
vt 0.453125 0.750000
vt 0.453125 0.250000
vt 0.437500 0.687500
vt 0.437500 0.187500
vt 0.421875 0.312500
vt 0.437500 0.375000
vt 0.437500 0.750000
vt 0.421875 0.812500
vt 0.437500 0.250000
vt 0.421875 0.687500
vt 0.421875 0.187500
vt 0.437500 0.625000
vt 0.421875 0.562500
vt 0.421875 0.125000
vt 0.437500 0.500000
vt 0.421875 0.937500
vt 0.429688 1.000000
vt 0.429688 0.000000
vt 0.421875 0.062500
vt 0.421875 0.437500
vt 0.421875 0.875000
vt 0.437500 0.875000
vt 0.406250 0.125000
vt 0.421875 0.500000
vt 0.406250 0.562500
vt 0.406250 0.937500
vt 0.414062 1.000000
vt 0.414062 0.000000
vt 0.406250 0.062500
vt 0.406250 0.437500
vt 0.406250 0.875000
vt 0.421875 0.375000
vt 0.406250 0.812500
vt 0.406250 0.312500
vt 0.421875 0.750000
vt 0.421875 0.250000
vt 0.406250 0.687500
vt 0.406250 0.187500
vt 0.421875 0.625000
vt 0.406250 0.750000
vt 0.390625 0.812500
vt 0.406250 0.250000
vt 0.390625 0.312500
vt 0.390625 0.687500
vt 0.390625 0.187500
vt 0.406250 0.625000
vt 0.390625 0.562500
vt 0.390625 0.062500
vt 0.406250 0.500000
vt 0.390625 0.937500
vt 0.398438 1.000000
vt 0.398438 0.000000
vt 0.390625 0.437500
vt 0.390625 0.875000
vt 0.406250 0.375000
vt 0.390625 0.500000
vt 0.375000 0.562500
vt 0.375000 0.937500
vt 0.382813 1.000000
vt 0.382813 0.000000
vt 0.375000 0.062500
vt 0.375000 0.437500
vt 0.375000 0.875000
vt 0.390625 0.375000
vt 0.375000 0.812500
vt 0.375000 0.312500
vt 0.390625 0.750000
vt 0.390625 0.250000
vt 0.375000 0.687500
vt 0.375000 0.187500
vt 0.390625 0.625000
vt 0.390625 0.125000
vt 0.375000 0.250000
vt 0.359375 0.312500
vt 0.359375 0.687500
vt 0.375000 0.750000
vt 0.359375 0.187500
vt 0.375000 0.625000
vt 0.375000 0.125000
vt 0.359375 0.562500
vt 0.359375 0.125000
vt 0.375000 0.500000
vt 0.359375 0.937500
vt 0.367188 1.000000
vt 0.367188 0.000000
vt 0.359375 0.062500
vt 0.359375 0.437500
vt 0.359375 0.875000
vt 0.375000 0.375000
vt 0.359375 0.812500
vt 0.343750 0.937500
vt 0.351562 1.000000
vt 0.351562 0.000000
vt 0.343750 0.062500
vt 0.343750 0.437500
vt 0.359375 0.500000
vt 0.343750 0.875000
vt 0.359375 0.375000
vt 0.343750 0.812500
vt 0.343750 0.312500
vt 0.359375 0.750000
vt 0.359375 0.250000
vt 0.343750 0.687500
vt 0.343750 0.187500
vt 0.359375 0.625000
vt 0.343750 0.562500
vt 0.328125 0.687500
vt 0.343750 0.750000
vt 0.328125 0.187500
vt 0.343750 0.250000
vt 0.343750 0.625000
vt 0.343750 0.125000
vt 0.328125 0.562500
vt 0.328125 0.062500
vt 0.343750 0.500000
vt 0.328125 0.937500
vt 0.335938 1.000000
vt 0.335938 0.000000
vt 0.328125 0.437500
vt 0.343750 0.375000
vt 0.328125 0.812500
vt 0.328125 0.312500
vt 0.312500 0.437500
vt 0.328125 0.500000
vt 0.312500 0.875000
vt 0.328125 0.875000
vt 0.328125 0.375000
vt 0.312500 0.812500
vt 0.312500 0.312500
vt 0.328125 0.750000
vt 0.328125 0.250000
vt 0.312500 0.687500
vt 0.312500 0.187500
vt 0.328125 0.625000
vt 0.328125 0.125000
vt 0.312500 0.562500
vt 0.312500 0.062500
vt 0.312500 0.937500
vt 0.320313 1.000000
vt 0.320313 0.000000
vt 0.296875 0.187500
vt 0.312500 0.250000
vt 0.312500 0.625000
vt 0.296875 0.687500
vt 0.296875 0.125000
vt 0.312500 0.125000
vt 0.296875 0.562500
vt 0.312500 0.500000
vt 0.296875 0.937500
vt 0.304688 1.000000
vt 0.304688 0.000000
vt 0.296875 0.062500
vt 0.296875 0.437500
vt 0.296875 0.875000
vt 0.312500 0.375000
vt 0.296875 0.812500
vt 0.296875 0.312500
vt 0.312500 0.750000
vt 0.296875 0.375000
vt 0.281250 0.437500
vt 0.281250 0.812500
vt 0.281250 0.312500
vt 0.296875 0.750000
vt 0.296875 0.250000
vt 0.281250 0.687500
vt 0.281250 0.187500
vt 0.296875 0.625000
vt 0.281250 0.562500
vt 0.281250 0.062500
vt 0.296875 0.500000
vt 0.281250 0.937500
vt 0.289062 1.000000
vt 0.289062 0.000000
vt 0.281250 0.875000
vt 0.265625 0.125000
vt 0.281250 0.125000
vt 0.265625 0.562500
vt 0.281250 0.625000
vt 0.281250 0.500000
vt 0.265625 0.937500
vt 0.273438 1.000000
vt 0.273438 0.000000
vt 0.265625 0.062500
vt 0.265625 0.437500
vt 0.265625 0.875000
vt 0.281250 0.375000
vt 0.265625 0.312500
vt 0.281250 0.750000
vt 0.265625 0.812500
vt 0.281250 0.250000
vt 0.265625 0.687500
vt 0.265625 0.187500
vt 0.250000 0.812500
vt 0.250000 0.312500
vt 0.265625 0.375000
vt 0.265625 0.750000
vt 0.265625 0.250000
vt 0.250000 0.687500
vt 0.250000 0.187500
vt 0.265625 0.625000
vt 0.250000 0.562500
vt 0.250000 0.062500
vt 0.265625 0.500000
vt 0.250000 0.937500
vt 0.257812 1.000000
vt 0.257812 0.000000
vt 0.250000 0.437500
vt 0.250000 0.875000
vt 0.234375 0.562500
vt 0.250000 0.625000
vt 0.234375 0.062500
vt 0.250000 0.125000
vt 0.250000 0.500000
vt 0.234375 0.937500
vt 0.242188 1.000000
vt 0.242188 0.000000
vt 0.234375 0.437500
vt 0.234375 0.875000
vt 0.250000 0.375000
vt 0.234375 0.812500
vt 0.234375 0.312500
vt 0.250000 0.750000
vt 0.250000 0.250000
vt 0.234375 0.687500
vt 0.234375 0.187500
vt 0.218750 0.312500
vt 0.234375 0.375000
vt 0.234375 0.750000
vt 0.218750 0.812500
vt 0.234375 0.250000
vt 0.218750 0.687500
vt 0.218750 0.187500
vt 0.234375 0.625000
vt 0.218750 0.125000
vt 0.234375 0.125000
vt 0.218750 0.562500
vt 0.218750 0.062500
vt 0.234375 0.500000
vt 0.218750 0.937500
vt 0.226563 1.000000
vt 0.226563 0.000000
vt 0.218750 0.437500
vt 0.203125 0.125000
vt 0.218750 0.500000
vt 0.203125 0.562500
vt 0.203125 0.937500
vt 0.210938 1.000000
vt 0.210938 0.000000
vt 0.203125 0.062500
vt 0.203125 0.437500
vt 0.203125 0.875000
vt 0.218750 0.875000
vt 0.218750 0.375000
vt 0.203125 0.812500
vt 0.203125 0.312500
vt 0.218750 0.750000
vt 0.218750 0.250000
vt 0.203125 0.687500
vt 0.203125 0.187500
vt 0.218750 0.625000
vt 0.203125 0.750000
vt 0.187500 0.812500
vt 0.203125 0.250000
vt 0.187500 0.312500
vt 0.187500 0.687500
vt 0.187500 0.187500
vt 0.203125 0.625000
vt 0.187500 0.125000
vt 0.187500 0.562500
vt 0.187500 0.062500
vt 0.203125 0.500000
vt 0.187500 0.937500
vt 0.195313 1.000000
vt 0.195313 0.000000
vt 0.187500 0.437500
vt 0.203125 0.375000
vt 0.187500 0.875000
vt 0.187500 0.500000
vt 0.171875 0.562500
vt 0.171875 0.937500
vt 0.179688 1.000000
vt 0.179688 0.000000
vt 0.171875 0.062500
vt 0.171875 0.437500
vt 0.187500 0.375000
vt 0.171875 0.875000
vt 0.171875 0.312500
vt 0.187500 0.750000
vt 0.171875 0.812500
vt 0.187500 0.250000
vt 0.171875 0.687500
vt 0.171875 0.187500
vt 0.187500 0.625000
vt 0.171875 0.125000
vt 0.171875 0.250000
vt 0.156250 0.312500
vt 0.156250 0.687500
vt 0.171875 0.750000
vt 0.156250 0.187500
vt 0.171875 0.625000
vt 0.156250 0.562500
vt 0.156250 0.125000
vt 0.171875 0.500000
vt 0.156250 0.937500
vt 0.164063 1.000000
vt 0.164063 0.000000
vt 0.156250 0.062500
vt 0.156250 0.437500
vt 0.156250 0.875000
vt 0.171875 0.375000
vt 0.156250 0.812500
vt 0.148438 0.000000
vt 0.140625 0.062500
vt 0.140625 0.437500
vt 0.156250 0.500000
vt 0.140625 0.875000
vt 0.156250 0.375000
vt 0.140625 0.812500
vt 0.140625 0.312500
vt 0.156250 0.750000
vt 0.156250 0.250000
vt 0.140625 0.687500
vt 0.140625 0.187500
vt 0.156250 0.625000
vt 0.140625 0.562500
vt 0.140625 0.125000
vt 0.140625 0.937500
vt 0.148438 1.000000
vt 0.125000 0.187500
vt 0.140625 0.250000
vt 0.140625 0.625000
vt 0.125000 0.687500
vt 0.125000 0.562500
vt 0.125000 0.125000
vt 0.140625 0.500000
vt 0.125000 0.937500
vt 0.132813 1.000000
vt 0.132813 0.000000
vt 0.125000 0.062500
vt 0.125000 0.437500
vt 0.125000 0.875000
vt 0.140625 0.375000
vt 0.125000 0.812500
vt 0.125000 0.312500
vt 0.140625 0.750000
vt 0.109375 0.875000
vt 0.125000 0.375000
vt 0.109375 0.437500
vt 0.109375 0.812500
vt 0.109375 0.312500
vt 0.125000 0.750000
vt 0.125000 0.250000
vt 0.109375 0.687500
vt 0.109375 0.187500
vt 0.125000 0.625000
vt 0.109375 0.562500
vt 0.109375 0.125000
vt 0.125000 0.500000
vt 0.109375 0.937500
vt 0.117188 1.000000
vt 0.117188 0.000000
vt 0.109375 0.062500
vt 0.109375 0.625000
vt 0.093750 0.687500
vt 0.093750 0.187500
vt 0.093750 0.562500
vt 0.093750 0.062500
vt 0.109375 0.500000
vt 0.093750 0.937500
vt 0.101563 1.000000
vt 0.101563 0.000000
vt 0.093750 0.437500
vt 0.093750 0.875000
vt 0.109375 0.375000
vt 0.093750 0.812500
vt 0.093750 0.312500
vt 0.109375 0.750000
vt 0.109375 0.250000
vt 0.093750 0.375000
vt 0.078125 0.437500
vt 0.078125 0.812500
vt 0.078125 0.312500
vt 0.093750 0.750000
vt 0.093750 0.250000
vt 0.078125 0.687500
vt 0.078125 0.187500
vt 0.093750 0.625000
vt 0.093750 0.125000
vt 0.078125 0.562500
vt 0.078125 0.062500
vt 0.093750 0.500000
vt 0.078125 0.937500
vt 0.085938 1.000000
vt 0.085938 0.000000
vt 0.078125 0.125000
vt 0.062500 0.187500
vt 0.062500 0.562500
vt 0.078125 0.625000
vt 0.062500 0.062500
vt 0.078125 0.500000
vt 0.062500 0.937500
vt 0.070313 1.000000
vt 0.070313 0.000000
vt 0.062500 0.437500
vt 0.078125 0.875000
vt 0.078125 0.375000
vt 0.062500 0.812500
vt 0.062500 0.312500
vt 0.078125 0.750000
vt 0.078125 0.250000
vt 0.062500 0.687500
vt 0.046875 0.812500
vt 0.062500 0.875000
vt 0.046875 0.312500
vt 0.062500 0.375000
vt 0.062500 0.750000
vt 0.062500 0.250000
vt 0.046875 0.687500
vt 0.046875 0.187500
vt 0.062500 0.625000
vt 0.062500 0.125000
vt 0.046875 0.562500
vt 0.046875 0.062500
vt 0.062500 0.500000
vt 0.046875 0.937500
vt 0.054688 1.000000
vt 0.054688 0.000000
vt 0.046875 0.437500
vt 0.046875 0.875000
vt 0.031250 0.562500
vt 0.046875 0.625000
vt 0.031250 0.062500
vt 0.046875 0.125000
vt 0.046875 0.500000
vt 0.031250 0.937500
vt 0.039063 1.000000
vt 0.039063 0.000000
vt 0.031250 0.437500
vt 0.031250 0.875000
vt 0.046875 0.375000
vt 0.031250 0.812500
vt 0.031250 0.312500
vt 0.046875 0.750000
vt 0.046875 0.250000
vt 0.031250 0.687500
vt 0.031250 0.187500
vt 0.015625 0.312500
vt 0.031250 0.375000
vt 0.031250 0.750000
vt 0.015625 0.812500
vt 0.031250 0.250000
vt 0.015625 0.687500
vt 0.015625 0.187500
vt 0.031250 0.625000
vt 0.015625 0.125000
vt 0.031250 0.125000
vt 0.015625 0.562500
vt 0.031250 0.500000
vt 0.015625 0.937500
vt 0.023438 1.000000
vt 0.023438 0.000000
vt 0.015625 0.062500
vt 0.015625 0.437500
vt 0.015625 0.875000
vt 0.000000 0.062500
vt 0.015625 0.500000
vt 0.000000 0.562500
vt 0.000000 0.937500
vt 0.007813 1.000000
vt 0.007813 0.000000
vt 0.000000 0.437500
vt 0.000000 0.875000
vt 0.015625 0.375000
vt 0.000000 0.812500
vt 0.000000 0.312500
vt 0.015625 0.750000
vt 0.015625 0.250000
vt 0.000000 0.687500
vt 0.000000 0.187500
vt 0.015625 0.625000
vt 1.000000 0.250000
vt 0.984375 0.312500
vt 1.000000 0.312500
vt 0.984375 0.687500
vt 1.000000 0.750000
vt 1.000000 0.687500
vt 0.984375 0.187500
vt 1.000000 0.187500
vt 1.000000 0.625000
vt 1.000000 0.125000
vt 0.984375 0.562500
vt 1.000000 0.562500
vt 1.000000 0.062500
vt 0.984375 0.125000
vt 1.000000 0.500000
vt 1.000000 0.937500
vt 0.984375 0.937500
vt 0.992188 1.000000
vt 0.992188 0.000000
vt 0.984375 0.062500
vt 0.984375 0.437500
vt 1.000000 0.437500
vt 0.984375 0.875000
vt 1.000000 0.875000
vt 1.000000 0.375000
vt 0.984375 0.812500
vt 1.000000 0.812500
vt 0.968750 0.937500
vt 0.976562 1.000000
vt 0.976562 0.000000
vt 0.968750 0.062500
vt 0.968750 0.437500
vt 0.984375 0.500000
vt 0.984375 0.375000
vt 0.968750 0.812500
vt 0.968750 0.312500
vt 0.984375 0.750000
vt 0.984375 0.250000
vt 0.968750 0.687500
vt 0.968750 0.187500
vt 0.984375 0.625000
vt 0.968750 0.125000
vt 0.968750 0.562500
vt 0.953125 0.687500
vt 0.968750 0.750000
vt 0.953125 0.187500
vt 0.953125 0.562500
vt 0.968750 0.625000
vt 0.953125 0.125000
vt 0.968750 0.500000
vt 0.960938 0.000000
vt 0.953125 0.062500
vt 0.953125 0.437500
vt 0.953125 0.937500
vt 0.960938 1.000000
vt 0.968750 0.375000
vt 0.953125 0.875000
vt 0.968750 0.875000
vt 0.953125 0.312500
vt 0.953125 0.812500
vt 0.968750 0.250000
vt 0.937500 0.812500
vt 0.937500 0.312500
vt 0.953125 0.375000
vt 0.953125 0.750000
vt 0.953125 0.250000
vt 0.937500 0.687500
vt 0.937500 0.187500
vt 0.953125 0.625000
vt 0.937500 0.125000
vt 0.937500 0.562500
vt 0.937500 0.062500
vt 0.953125 0.500000
vt 0.937500 0.937500
vt 0.945312 1.000000
vt 0.945312 0.000000
vt 0.937500 0.437500
vt 0.921875 0.562500
vt 0.937500 0.625000
vt 0.921875 0.062500
vt 0.937500 0.500000
vt 0.921875 0.937500
vt 0.929688 1.000000
vt 0.929688 0.000000
vt 0.921875 0.437500
vt 0.921875 0.875000
vt 0.937500 0.875000
vt 0.937500 0.375000
vt 0.921875 0.812500
vt 0.921875 0.312500
vt 0.937500 0.750000
vt 0.937500 0.250000
vt 0.921875 0.687500
vt 0.921875 0.187500
vt 0.921875 0.125000
vt 0.906250 0.312500
vt 0.921875 0.375000
vt 0.921875 0.750000
vt 0.906250 0.812500
vt 0.921875 0.250000
vt 0.906250 0.687500
vt 0.906250 0.187500
vt 0.921875 0.625000
vt 0.906250 0.562500
vt 0.906250 0.125000
vt 0.921875 0.500000
vt 0.906250 0.937500
vt 0.914062 1.000000
vt 0.914062 0.000000
vt 0.906250 0.062500
vt 0.906250 0.437500
vt 0.906250 0.875000
vt 0.890625 0.062500
vt 0.906250 0.500000
vt 0.890625 0.562500
vt 0.890625 0.937500
vt 0.898438 1.000000
vt 0.898438 0.000000
vt 0.890625 0.437500
vt 0.906250 0.375000
vt 0.890625 0.812500
vt 0.890625 0.312500
vt 0.906250 0.750000
vt 0.906250 0.250000
vt 0.890625 0.687500
vt 0.890625 0.187500
vt 0.906250 0.625000
vt 0.890625 0.750000
vt 0.875000 0.812500
vt 0.890625 0.250000
vt 0.875000 0.312500
vt 0.875000 0.687500
vt 0.875000 0.187500
vt 0.890625 0.625000
vt 0.890625 0.125000
vt 0.875000 0.562500
vt 0.875000 0.062500
vt 0.890625 0.500000
vt 0.875000 0.937500
vt 0.882812 1.000000
vt 0.882812 0.000000
vt 0.875000 0.437500
vt 0.890625 0.875000
vt 0.890625 0.375000
vt 0.875000 0.500000
vt 0.859375 0.562500
vt 0.859375 0.937500
vt 0.867188 1.000000
vt 0.867188 0.000000
vt 0.859375 0.062500
vt 0.859375 0.437500
vt 0.859375 0.875000
vt 0.875000 0.875000
vt 0.875000 0.375000
vt 0.859375 0.812500
vt 0.859375 0.312500
vt 0.875000 0.750000
vt 0.875000 0.250000
vt 0.859375 0.687500
vt 0.859375 0.187500
vt 0.875000 0.625000
vt 0.875000 0.125000
vt 0.859375 0.250000
vt 0.843750 0.312500
vt 0.843750 0.687500
vt 0.859375 0.750000
vt 0.843750 0.187500
vt 0.859375 0.625000
vt 0.859375 0.125000
vt 0.843750 0.562500
vt 0.843750 0.062500
vt 0.859375 0.500000
vt 0.843750 0.937500
vt 0.851562 1.000000
vt 0.851562 0.000000
vt 0.843750 0.437500
vt 0.859375 0.375000
vt 0.843750 0.812500
vt 0.835938 0.000000
vt 0.828125 0.062500
vt 0.828125 0.437500
vt 0.843750 0.500000
vt 0.828125 0.875000
vt 0.843750 0.875000
vt 0.843750 0.375000
vt 0.828125 0.812500
vt 0.828125 0.312500
vt 0.843750 0.750000
vt 0.843750 0.250000
vt 0.828125 0.687500
vt 0.828125 0.187500
vt 0.843750 0.625000
vt 0.843750 0.125000
vt 0.828125 0.562500
vt 0.828125 0.937500
vt 0.835938 1.000000
vt 0.812500 0.187500
vt 0.828125 0.250000
vt 0.828125 0.625000
vt 0.812500 0.687500
vt 0.812500 0.125000
vt 0.828125 0.125000
vt 0.812500 0.562500
vt 0.812500 0.062500
vt 0.828125 0.500000
vt 0.812500 0.937500
vt 0.820312 1.000000
vt 0.820312 0.000000
vt 0.812500 0.437500
vt 0.828125 0.375000
vt 0.812500 0.812500
vt 0.812500 0.312500
vt 0.828125 0.750000
vt 0.812500 0.875000
vt 0.796875 0.937500
vt 0.812500 0.375000
vt 0.796875 0.437500
vt 0.796875 0.812500
vt 0.796875 0.312500
vt 0.812500 0.750000
vt 0.812500 0.250000
vt 0.796875 0.687500
vt 0.796875 0.187500
vt 0.812500 0.625000
vt 0.796875 0.562500
vt 0.796875 0.062500
vt 0.812500 0.500000
vt 0.804688 1.000000
vt 0.804688 0.000000
vt 0.796875 0.625000
vt 0.781250 0.687500
vt 0.796875 0.125000
vt 0.781250 0.187500
vt 0.781250 0.562500
vt 0.781250 0.062500
vt 0.796875 0.500000
vt 0.781250 0.937500
vt 0.789062 1.000000
vt 0.789062 0.000000
vt 0.781250 0.437500
vt 0.796875 0.875000
vt 0.796875 0.375000
vt 0.781250 0.812500
vt 0.781250 0.312500
vt 0.796875 0.750000
vt 0.796875 0.250000
vt 0.781250 0.375000
vt 0.765625 0.437500
vt 0.765625 0.812500
vt 0.781250 0.875000
vt 0.765625 0.312500
vt 0.781250 0.750000
vt 0.781250 0.250000
vt 0.765625 0.687500
vt 0.765625 0.187500
vt 0.781250 0.625000
vt 0.781250 0.125000
vt 0.765625 0.562500
vt 0.765625 0.125000
vt 0.781250 0.500000
vt 0.765625 0.937500
vt 0.773438 1.000000
vt 0.773438 0.000000
vt 0.765625 0.062500
vt 0.765625 0.875000
vt 0.765625 0.625000
vt 0.765625 0.500000
vt 0.757812 1.000000
vt 0.757812 0.000000
vt 0.765625 0.375000
vt 0.765625 0.750000
vt 0.765625 0.250000
vt 0.000000 0.125000
vt 0.000000 0.500000
vt 0.000000 0.375000
vt 0.000000 0.750000
vt 0.000000 0.250000
vt 0.000000 0.625000
s 1
usemtl マテリアル
f 17/1/17 5/2/5 959/3/959
f 10/4/10 2/5/2 955/6/955
f 18/7/18 959/3/959 960/8/960
f 11/9/11 955/6/955 3/10/3
f 6/11/6 18/7/18 960/8/960
f 12/12/12 3/10/3 956/13/956
f 961/14/961 19/15/19 6/11/6
f 957/16/957 12/12/12 956/13/956
f 962/17/962 20/18/20 961/14/961
f 4/19/4 13/20/13 957/16/957
f 22/21/22 962/17/962 7/22/7
f 958/23/958 14/24/14 4/19/4
f 1/25/1 8/26/8 699/27/699
f 668/28/668 22/21/22 7/22/7
f 16/29/16 958/23/958 5/2/5
f 9/30/9 1/25/1 2/5/2
f 668/31/668 37/32/37 22/21/22
f 16/29/16 30/33/30 15/34/15
f 9/30/9 23/35/23 8/26/8
f 32/36/32 16/29/16 17/1/17
f 10/4/10 24/37/24 9/30/9
f 33/38/33 17/1/17 18/7/18
f 26/39/26 10/4/10 11/9/11
f 34/40/34 18/7/18 19/15/19
f 12/12/12 26/39/26 11/9/11
f 35/41/35 19/15/19 20/18/20
f 13/20/13 27/42/27 12/12/12
f 36/43/36 20/18/20 21/44/21
f 14/24/14 28/45/28 13/20/13
f 37/32/37 21/44/21 22/21/22
f 30/33/30 14/24/14 15/34/15
f 8/26/8 23/35/23 699/46/699
f 50/47/50 34/40/34 35/41/35
f 43/48/43 27/42/27 28/45/28
f 51/49/51 35/41/35 36/43/36
f 29/50/29 43/48/43 28/45/28
f 37/32/37 51/49/51 36/43/36
f 30/33/30 44/51/44 29/50/29
f 23/35/23 38/52/38 699/53/699
f 668/54/668 52/55/52 37/32/37
f 46/56/46 30/33/30 31/57/31
f 39/58/39 23/35/23 24/37/24
f 47/59/47 31/57/31 32/36/32
f 25/60/25 39/58/39 24/37/24
f 48/61/48 32/36/32 33/38/33
f 26/39/26 40/62/40 25/60/25
f 49/63/49 33/38/33 34/40/34
f 42/64/42 26/39/26 27/42/27
f 39/58/39 53/65/53 38/52/38
f 62/66/62 46/56/46 47/59/47
f 55/67/55 39/58/39 40/62/40
f 48/61/48 62/66/62 47/59/47
f 41/68/41 55/67/55 40/62/40
f 49/63/49 63/69/63 48/61/48
f 57/70/57 41/68/41 42/64/42
f 65/71/65 49/63/49 50/47/50
f 58/72/58 42/64/42 43/48/43
f 51/49/51 65/71/65 50/47/50
f 44/51/44 58/72/58 43/48/43
f 67/73/67 51/49/51 52/55/52
f 45/74/45 59/75/59 44/51/44
f 38/52/38 53/65/53 699/76/699
f 668/77/668 67/73/67 52/55/52
f 61/78/61 45/74/45 46/56/46
f 73/79/73 57/70/57 58/72/58
f 66/80/66 80/81/80 65/71/65
f 59/75/59 73/79/73 58/72/58
f 67/73/67 81/82/81 66/80/66
f 75/83/75 59/75/59 60/84/60
f 53/65/53 68/85/68 699/86/699
f 668/87/668 82/88/82 67/73/67
f 61/78/61 75/83/75 60/84/60
f 69/89/69 53/65/53 54/90/54
f 77/91/77 61/78/61 62/66/62
f 70/92/70 54/90/54 55/67/55
f 63/69/63 77/91/77 62/66/62
f 56/93/56 70/92/70 55/67/55
f 64/94/64 78/95/78 63/69/63
f 72/96/72 56/93/56 57/70/57
f 80/81/80 64/94/64 65/71/65
f 92/97/92 76/98/76 77/91/77
f 85/99/85 69/89/69 70/92/70
f 93/100/93 77/91/77 78/95/78
f 71/101/71 85/99/85 70/92/70
f 79/102/79 93/100/93 78/95/78
f 87/103/87 71/101/71 72/96/72
f 95/104/95 79/102/79 80/81/80
f 73/79/73 87/103/87 72/96/72
f 96/105/96 80/81/80 81/82/81
f 74/106/74 88/107/88 73/79/73
f 82/88/82 96/105/96 81/82/81
f 90/108/90 74/106/74 75/83/75
f 68/85/68 83/109/83 699/110/699
f 668/111/668 97/112/97 82/88/82
f 76/98/76 90/108/90 75/83/75
f 84/113/84 68/85/68 69/89/69
f 111/114/111 95/104/95 96/105/96
f 89/115/89 103/116/103 88/107/88
f 112/117/112 96/105/96 97/112/97
f 90/108/90 104/118/104 89/115/89
f 83/109/83 98/119/98 699/120/699
f 668/121/668 112/117/112 97/112/97
f 106/122/106 90/108/90 91/123/91
f 99/124/99 83/109/83 84/113/84
f 107/125/107 91/123/91 92/97/92
f 100/126/100 84/113/84 85/99/85
f 108/127/108 92/97/92 93/100/93
f 86/128/86 100/126/100 85/99/85
f 94/129/94 108/127/108 93/100/93
f 102/130/102 86/128/86 87/103/87
f 110/131/110 94/129/94 95/104/95
f 88/107/88 102/130/102 87/103/87
f 115/132/115 99/124/99 100/126/100
f 123/133/123 107/125/107 108/127/108
f 101/134/101 115/132/115 100/126/100
f 109/135/109 123/133/123 108/127/108
f 117/136/117 101/134/101 102/130/102
f 125/137/125 109/135/109 110/131/110
f 103/116/103 117/136/117 102/130/102
f 126/138/126 110/131/110 111/114/111
f 119/139/119 103/116/103 104/118/104
f 127/140/127 111/114/111 112/117/112
f 120/141/120 104/118/104 105/142/105
f 98/119/98 113/143/113 699/144/699
f 668/145/668 127/140/127 112/117/112
f 121/146/121 105/142/105 106/122/106
f 99/124/99 113/143/113 98/119/98
f 107/125/107 121/146/121 106/122/106
f 134/147/134 118/148/118 119/139/119
f 127/140/127 141/149/141 126/138/126
f 135/150/135 119/139/119 120/141/120
f 113/143/113 128/151/128 699/152/699
f 668/153/668 142/154/142 127/140/127
f 136/155/136 120/141/120 121/146/121
f 129/156/129 113/143/113 114/157/114
f 122/158/122 136/155/136 121/146/121
f 130/159/130 114/157/114 115/132/115
f 138/160/138 122/158/122 123/133/123
f 116/161/116 130/159/130 115/132/115
f 124/162/124 138/160/138 123/133/123
f 132/163/132 116/161/116 117/136/117
f 140/164/140 124/162/124 125/137/125
f 118/148/118 132/163/132 117/136/117
f 126/138/126 140/164/140 125/137/125
f 153/165/153 137/166/137 138/160/138
f 131/167/131 145/168/145 130/159/130
f 139/169/139 153/165/153 138/160/138
f 147/170/147 131/167/131 132/163/132
f 155/171/155 139/169/139 140/164/140
f 133/172/133 147/170/147 132/163/132
f 141/149/141 155/171/155 140/164/140
f 149/173/149 133/172/133 134/147/134
f 142/154/142 156/174/156 141/149/141
f 135/150/135 149/173/149 134/147/134
f 128/151/128 143/175/143 699/176/699
f 668/177/668 157/178/157 142/154/142
f 151/179/151 135/150/135 136/155/136
f 144/180/144 128/151/128 129/156/129
f 137/166/137 151/179/151 136/155/136
f 145/168/145 129/156/129 130/159/130
f 172/181/172 156/174/156 157/178/157
f 150/182/150 164/183/164 149/173/149
f 143/175/143 158/184/158 699/185/699
f 668/186/668 172/181/172 157/178/157
f 166/187/166 150/182/150 151/179/151
f 144/180/144 158/184/158 143/175/143
f 152/188/152 166/187/166 151/179/151
f 160/189/160 144/180/144 145/168/145
f 168/190/168 152/188/152 153/165/153
f 146/191/146 160/189/160 145/168/145
f 154/192/154 168/190/168 153/165/153
f 162/193/162 146/191/146 147/170/147
f 170/194/170 154/192/154 155/171/155
f 148/195/148 162/193/162 147/170/147
f 156/174/156 170/194/170 155/171/155
f 164/183/164 148/195/148 149/173/149
f 169/196/169 183/197/183 168/190/168
f 177/198/177 161/199/161 162/193/162
f 185/200/185 169/196/169 170/194/170
f 163/201/163 177/198/177 162/193/162
f 171/202/171 185/200/185 170/194/170
f 179/203/179 163/201/163 164/183/164
f 172/181/172 186/204/186 171/202/171
f 165/205/165 179/203/179 164/183/164
f 158/184/158 173/206/173 699/207/699
f 668/208/668 187/209/187 172/181/172
f 181/210/181 165/205/165 166/187/166
f 174/211/174 158/184/158 159/212/159
f 167/213/167 181/210/181 166/187/166
f 175/214/175 159/212/159 160/189/160
f 183/197/183 167/213/167 168/190/168
f 161/199/161 175/214/175 160/189/160
f 173/206/173 188/215/188 699/216/699
f 668/217/668 202/218/202 187/209/187
f 196/219/196 180/220/180 181/210/181
f 174/211/174 188/215/188 173/206/173
f 182/221/182 196/219/196 181/210/181
f 175/214/175 189/222/189 174/211/174
f 198/223/198 182/221/182 183/197/183
f 176/224/176 190/225/190 175/214/175
f 184/226/184 198/223/198 183/197/183
f 192/227/192 176/224/176 177/198/177
f 200/228/200 184/226/184 185/200/185
f 178/229/178 192/227/192 177/198/177
f 201/230/201 185/200/185 186/204/186
f 194/231/194 178/229/178 179/203/179
f 202/218/202 186/204/186 187/209/187
f 180/220/180 194/231/194 179/203/179
f 207/232/207 191/233/191 192/227/192
f 215/234/215 199/235/199 200/228/200
f 193/236/193 207/232/207 192/227/192
f 201/230/201 215/234/215 200/228/200
f 209/237/209 193/236/193 194/231/194
f 217/238/217 201/230/201 202/218/202
f 195/239/195 209/237/209 194/231/194
f 188/215/188 203/240/203 699/241/699
f 668/242/668 217/238/217 202/218/202
f 211/243/211 195/239/195 196/219/196
f 204/244/204 188/215/188 189/222/189
f 197/245/197 211/243/211 196/219/196
f 205/246/205 189/222/189 190/225/190
f 213/247/213 197/245/197 198/223/198
f 191/233/191 205/246/205 190/225/190
f 199/235/199 213/247/213 198/223/198
f 226/248/226 210/249/210 211/243/211
f 219/250/219 203/240/203 204/244/204
f 212/251/212 226/248/226 211/243/211
f 205/246/205 219/250/219 204/244/204
f 228/252/228 212/251/212 213/247/213
f 206/253/206 220/254/220 205/246/205
f 214/255/214 228/252/228 213/247/213
f 222/256/222 206/253/206 207/232/207
f 230/257/230 214/255/214 215/234/215
f 208/258/208 222/256/222 207/232/207
f 231/259/231 215/234/215 216/260/216
f 224/261/224 208/258/208 209/237/209
f 217/238/217 231/259/231 216/260/216
f 210/249/210 224/261/224 209/237/209
f 203/240/203 218/262/218 699/263/699
f 668/264/668 232/265/232 217/238/217
f 245/266/245 229/267/229 230/257/230
f 223/268/223 237/269/237 222/256/222
f 231/259/231 245/266/245 230/257/230
f 239/270/239 223/268/223 224/261/224
f 232/265/232 246/271/246 231/259/231
f 225/272/225 239/270/239 224/261/224
f 218/262/218 233/273/233 699/274/699
f 668/275/668 247/276/247 232/265/232
f 241/277/241 225/272/225 226/248/226
f 234/278/234 218/262/218 219/250/219
f 227/279/227 241/277/241 226/248/226
f 235/280/235 219/250/219 220/254/220
f 243/281/243 227/279/227 228/252/228
f 221/282/221 235/280/235 220/254/220
f 229/267/229 243/281/243 228/252/228
f 237/269/237 221/282/221 222/256/222
f 249/283/249 233/273/233 234/278/234
f 242/284/242 256/285/256 241/277/241
f 250/286/250 234/278/234 235/280/235
f 258/287/258 242/284/242 243/281/243
f 236/288/236 250/286/250 235/280/235
f 244/289/244 258/287/258 243/281/243
f 252/290/252 236/288/236 237/269/237
f 260/291/260 244/289/244 245/266/245
f 238/292/238 252/290/252 237/269/237
f 246/271/246 260/291/260 245/266/245
f 254/293/254 238/292/238 239/270/239
f 262/294/262 246/271/246 247/276/247
f 240/295/240 254/293/254 239/270/239
f 233/273/233 248/296/248 699/297/699
f 668/298/668 262/294/262 247/276/247
f 256/285/256 240/295/240 241/277/241
f 253/299/253 267/300/267 252/290/252
f 261/301/261 275/302/275 260/291/260
f 269/303/269 253/299/253 254/293/254
f 277/304/277 261/301/261 262/294/262
f 255/305/255 269/303/269 254/293/254
f 248/296/248 263/306/263 699/307/699
f 668/308/668 277/304/277 262/294/262
f 271/309/271 255/305/255 256/285/256
f 249/283/249 263/306/263 248/296/248
f 257/310/257 271/309/271 256/285/256
f 265/311/265 249/283/249 250/286/250
f 273/312/273 257/310/257 258/287/258
f 251/313/251 265/311/265 250/286/250
f 259/314/259 273/312/273 258/287/258
f 267/300/267 251/313/251 252/290/252
f 275/302/275 259/314/259 260/291/260
f 272/315/272 286/316/286 271/309/271
f 280/317/280 264/318/264 265/311/265
f 288/319/288 272/315/272 273/312/273
f 266/320/266 280/317/280 265/311/265
f 274/321/274 288/319/288 273/312/273
f 282/322/282 266/320/266 267/300/267
f 290/323/290 274/321/274 275/302/275
f 268/324/268 282/322/282 267/300/267
f 291/325/291 275/302/275 276/326/276
f 284/327/284 268/324/268 269/303/269
f 277/304/277 291/325/291 276/326/276
f 270/328/270 284/327/284 269/303/269
f 263/306/263 278/329/278 699/330/699
f 668/331/668 292/332/292 277/304/277
f 286/316/286 270/328/270 271/309/271
f 279/333/279 263/306/263 264/318/264
f 306/334/306 290/323/290 291/325/291
f 299/335/299 283/336/283 284/327/284
f 307/337/307 291/325/291 292/332/292
f 285/338/285 299/335/299 284/327/284
f 278/329/278 293/339/293 699/340/699
f 668/341/668 307/337/307 292/332/292
f 301/342/301 285/338/285 286/316/286
f 279/333/279 293/339/293 278/329/278
f 287/343/287 301/342/301 286/316/286
f 295/344/295 279/333/279 280/317/280
f 303/345/303 287/343/287 288/319/288
f 281/346/281 295/344/295 280/317/280
f 289/347/289 303/345/303 288/319/288
f 297/348/297 281/346/281 282/322/282
f 305/349/305 289/347/289 290/323/290
f 283/336/283 297/348/297 282/322/282
f 318/350/318 302/351/302 303/345/303
f 296/352/296 310/353/310 295/344/295
f 304/354/304 318/350/318 303/345/303
f 312/355/312 296/352/296 297/348/297
f 320/356/320 304/354/304 305/349/305
f 298/357/298 312/355/312 297/348/297
f 306/334/306 320/356/320 305/349/305
f 314/358/314 298/357/298 299/335/299
f 307/337/307 321/359/321 306/334/306
f 300/360/300 314/358/314 299/335/299
f 293/339/293 308/361/308 699/362/699
f 668/363/668 322/364/322 307/337/307
f 316/365/316 300/360/300 301/342/301
f 309/366/309 293/339/293 294/367/294
f 302/351/302 316/365/316 301/342/301
f 310/353/310 294/367/294 295/344/295
f 322/364/322 336/368/336 321/359/321
f 315/369/315 329/370/329 314/358/314
f 308/361/308 323/371/323 699/372/699
f 668/373/668 337/374/337 322/364/322
f 331/375/331 315/369/315 316/365/316
f 324/376/324 308/361/308 309/366/309
f 317/377/317 331/375/331 316/365/316
f 325/378/325 309/366/309 310/353/310
f 333/379/333 317/377/317 318/350/318
f 311/380/311 325/378/325 310/353/310
f 319/381/319 333/379/333 318/350/318
f 327/382/327 311/380/311 312/355/312
f 335/383/335 319/381/319 320/356/320
f 313/384/313 327/382/327 312/355/312
f 321/359/321 335/383/335 320/356/320
f 329/370/329 313/384/313 314/358/314
f 326/385/326 340/386/340 325/378/325
f 334/387/334 348/388/348 333/379/333
f 342/389/342 326/385/326 327/382/327
f 350/390/350 334/387/334 335/383/335
f 328/391/328 342/389/342 327/382/327
f 336/368/336 350/390/350 335/383/335
f 344/392/344 328/391/328 329/370/329
f 352/393/352 336/368/336 337/374/337
f 330/394/330 344/392/344 329/370/329
f 323/371/323 338/395/338 699/396/699
f 668/397/668 352/393/352 337/374/337
f 346/398/346 330/394/330 331/375/331
f 339/399/339 323/371/323 324/376/324
f 332/400/332 346/398/346 331/375/331
f 340/386/340 324/376/324 325/378/325
f 348/388/348 332/400/332 333/379/333
f 345/401/345 359/402/359 344/392/344
f 338/395/338 353/403/353 699/404/699
f 668/405/668 367/406/367 352/393/352
f 361/407/361 345/401/345 346/398/346
f 354/408/354 338/395/338 339/399/339
f 347/409/347 361/407/361 346/398/346
f 355/410/355 339/399/339 340/386/340
f 363/411/363 347/409/347 348/388/348
f 341/412/341 355/410/355 340/386/340
f 349/413/349 363/411/363 348/388/348
f 357/414/357 341/412/341 342/389/342
f 365/415/365 349/413/349 350/390/350
f 343/416/343 357/414/357 342/389/342
f 351/417/351 365/415/365 350/390/350
f 359/402/359 343/416/343 344/392/344
f 367/406/367 351/417/351 352/393/352
f 364/418/364 378/419/378 363/411/363
f 372/420/372 356/421/356 357/414/357
f 380/422/380 364/418/364 365/415/365
f 358/423/358 372/420/372 357/414/357
f 366/424/366 380/422/380 365/415/365
f 374/425/374 358/423/358 359/402/359
f 367/406/367 381/426/381 366/424/366
f 360/427/360 374/425/374 359/402/359
f 353/403/353 368/428/368 699/429/699
f 668/430/668 382/431/382 367/406/367
f 376/432/376 360/427/360 361/407/361
f 369/433/369 353/403/353 354/408/354
f 362/434/362 376/432/376 361/407/361
f 370/435/370 354/408/354 355/410/355
f 378/419/378 362/434/362 363/411/363
f 356/421/356 370/435/370 355/410/355
f 368/428/368 383/436/383 699/437/699
f 668/438/668 397/439/397 382/431/382
f 391/440/391 375/441/375 376/432/376
f 384/442/384 368/428/368 369/433/369
f 377/443/377 391/440/391 376/432/376
f 385/444/385 369/433/369 370/435/370
f 393/445/393 377/443/377 378/419/378
f 371/446/371 385/444/385 370/435/370
f 379/447/379 393/445/393 378/419/378
f 387/448/387 371/446/371 372/420/372
f 395/449/395 379/447/379 380/422/380
f 373/450/373 387/448/387 372/420/372
f 381/426/381 395/449/395 380/422/380
f 389/451/389 373/450/373 374/425/374
f 397/439/397 381/426/381 382/431/382
f 375/441/375 389/451/389 374/425/374
f 402/452/402 386/453/386 387/448/387
f 410/454/410 394/455/394 395/449/395
f 388/456/388 402/452/402 387/448/387
f 396/457/396 410/454/410 395/449/395
f 404/458/404 388/456/388 389/451/389
f 412/459/412 396/457/396 397/439/397
f 390/460/390 404/458/404 389/451/389
f 383/436/383 398/461/398 699/462/699
f 668/463/668 412/459/412 397/439/397
f 406/464/406 390/460/390 391/440/391
f 384/442/384 398/461/398 383/436/383
f 392/465/392 406/464/406 391/440/391
f 400/466/400 384/442/384 385/444/385
f 408/467/408 392/465/392 393/445/393
f 386/453/386 400/466/400 385/444/385
f 394/455/394 408/467/408 393/445/393
f 421/468/421 405/469/405 406/464/406
f 414/470/414 398/461/398 399/471/399
f 407/472/407 421/468/421 406/464/406
f 415/473/415 399/471/399 400/466/400
f 423/474/423 407/472/407 408/467/408
f 401/475/401 415/473/415 400/466/400
f 409/476/409 423/474/423 408/467/408
f 417/477/417 401/475/401 402/452/402
f 425/478/425 409/476/409 410/454/410
f 403/479/403 417/477/417 402/452/402
f 411/480/411 425/478/425 410/454/410
f 419/481/419 403/479/403 404/458/404
f 427/482/427 411/480/411 412/459/412
f 405/469/405 419/481/419 404/458/404
f 398/461/398 413/483/413 699/484/699
f 668/485/668 427/482/427 412/459/412
f 440/486/440 424/487/424 425/478/425
f 418/488/418 432/489/432 417/477/417
f 441/490/441 425/478/425 426/491/426
f 434/492/434 418/488/418 419/481/419
f 427/482/427 441/490/441 426/491/426
f 420/493/420 434/492/434 419/481/419
f 413/483/413 428/494/428 699/495/699
f 668/496/668 442/497/442 427/482/427
f 436/498/436 420/493/420 421/468/421
f 429/499/429 413/483/413 414/470/414
f 422/500/422 436/498/436 421/468/421
f 430/501/430 414/470/414 415/473/415
f 438/502/438 422/500/422 423/474/423
f 416/503/416 430/501/430 415/473/415
f 424/487/424 438/502/438 423/474/423
f 432/489/432 416/503/416 417/477/417
f 437/504/437 451/505/451 436/498/436
f 445/506/445 429/499/429 430/501/430
f 453/507/453 437/504/437 438/502/438
f 431/508/431 445/506/445 430/501/430
f 439/509/439 453/507/453 438/502/438
f 447/510/447 431/508/431 432/489/432
f 455/511/455 439/509/439 440/486/440
f 433/512/433 447/510/447 432/489/432
f 441/490/441 455/511/455 440/486/440
f 449/513/449 433/512/433 434/492/434
f 457/514/457 441/490/441 442/497/442
f 435/515/435 449/513/449 434/492/434
f 428/494/428 443/516/443 699/517/699
f 668/518/668 457/514/457 442/497/442
f 451/505/451 435/515/435 436/498/436
f 444/519/444 428/494/428 429/499/429
f 471/520/471 455/511/455 456/521/456
f 464/522/464 448/523/448 449/513/449
f 457/514/457 471/520/471 456/521/456
f 450/524/450 464/522/464 449/513/449
f 443/516/443 458/525/458 699/526/699
f 668/527/668 472/528/472 457/514/457
f 466/529/466 450/524/450 451/505/451
f 459/530/459 443/516/443 444/519/444
f 452/531/452 466/529/466 451/505/451
f 445/506/445 459/530/459 444/519/444
f 468/532/468 452/531/452 453/507/453
f 446/533/446 460/534/460 445/506/445
f 454/535/454 468/532/468 453/507/453
f 462/536/462 446/533/446 447/510/447
f 470/537/470 454/535/454 455/511/455
f 448/523/448 462/536/462 447/510/447
f 475/538/475 459/530/459 460/534/460
f 483/539/483 467/540/467 468/532/468
f 461/541/461 475/538/475 460/534/460
f 469/542/469 483/539/483 468/532/468
f 477/543/477 461/541/461 462/536/462
f 485/544/485 469/542/469 470/537/470
f 463/545/463 477/543/477 462/536/462
f 471/520/471 485/544/485 470/537/470
f 479/546/479 463/545/463 464/522/464
f 487/547/487 471/520/471 472/528/472
f 465/548/465 479/546/479 464/522/464
f 458/525/458 473/549/473 699/550/699
f 668/551/668 487/547/487 472/528/472
f 481/552/481 465/548/465 466/529/466
f 474/553/474 458/525/458 459/530/459
f 467/540/467 481/552/481 466/529/466
f 494/554/494 478/555/478 479/546/479
f 502/556/502 486/557/486 487/547/487
f 480/558/480 494/554/494 479/546/479
f 473/549/473 488/559/488 699/560/699
f 668/561/668 502/556/502 487/547/487
f 496/562/496 480/558/480 481/552/481
f 489/563/489 473/549/473 474/553/474
f 482/564/482 496/562/496 481/552/481
f 490/565/490 474/553/474 475/538/475
f 498/566/498 482/564/482 483/539/483
f 476/567/476 490/565/490 475/538/475
f 484/568/484 498/566/498 483/539/483
f 492/569/492 476/567/476 477/543/477
f 500/570/500 484/568/484 485/544/485
f 478/555/478 492/569/492 477/543/477
f 486/557/486 500/570/500 485/544/485
f 513/571/513 497/572/497 498/566/498
f 491/573/491 505/574/505 490/565/490
f 499/575/499 513/571/513 498/566/498
f 507/576/507 491/573/491 492/569/492
f 515/577/515 499/575/499 500/570/500
f 493/578/493 507/576/507 492/569/492
f 516/579/516 500/570/500 501/580/501
f 509/581/509 493/578/493 494/554/494
f 517/582/517 501/580/501 502/556/502
f 495/583/495 509/581/509 494/554/494
f 488/559/488 503/584/503 699/585/699
f 668/586/668 517/582/517 502/556/502
f 511/587/511 495/583/495 496/562/496
f 489/563/489 503/584/503 488/559/488
f 497/572/497 511/587/511 496/562/496
f 505/574/505 489/563/489 490/565/490
f 517/582/517 531/588/531 516/579/516
f 510/589/510 524/590/524 509/581/509
f 503/584/503 518/591/518 699/592/699
f 668/593/668 532/594/532 517/582/517
f 526/595/526 510/589/510 511/587/511
f 519/596/519 503/584/503 504/597/504
f 512/598/512 526/595/526 511/587/511
f 520/599/520 504/597/504 505/574/505
f 528/600/528 512/598/512 513/571/513
f 506/601/506 520/599/520 505/574/505
f 514/602/514 528/600/528 513/571/513
f 522/603/522 506/601/506 507/576/507
f 530/604/530 514/602/514 515/577/515
f 508/605/508 522/603/522 507/576/507
f 516/579/516 530/604/530 515/577/515
f 524/590/524 508/605/508 509/581/509
f 521/606/521 535/607/535 520/599/520
f 529/608/529 543/609/543 528/600/528
f 537/610/537 521/606/521 522/603/522
f 545/611/545 529/608/529 530/604/530
f 523/612/523 537/610/537 522/603/522
f 546/613/546 530/604/530 531/588/531
f 539/614/539 523/612/523 524/590/524
f 547/615/547 531/588/531 532/594/532
f 525/616/525 539/614/539 524/590/524
f 518/591/518 533/617/533 699/618/699
f 668/619/668 547/615/547 532/594/532
f 541/620/541 525/616/525 526/595/526
f 519/596/519 533/617/533 518/591/518
f 527/621/527 541/620/541 526/595/526
f 520/599/520 534/622/534 519/596/519
f 543/609/543 527/621/527 528/600/528
f 540/623/540 554/624/554 539/614/539
f 533/617/533 548/625/548 699/626/699
f 668/627/668 562/628/562 547/615/547
f 556/629/556 540/623/540 541/620/541
f 534/622/534 548/625/548 533/617/533
f 542/630/542 556/629/556 541/620/541
f 535/607/535 549/631/549 534/622/534
f 558/632/558 542/630/542 543/609/543
f 536/633/536 550/634/550 535/607/535
f 544/635/544 558/632/558 543/609/543
f 552/636/552 536/633/536 537/610/537
f 560/637/560 544/635/544 545/611/545
f 538/638/538 552/636/552 537/610/537
f 561/639/561 545/611/545 546/613/546
f 554/624/554 538/638/538 539/614/539
f 562/628/562 546/613/546 547/615/547
f 559/640/559 573/641/573 558/632/558
f 567/642/567 551/643/551 552/636/552
f 575/644/575 559/640/559 560/637/560
f 553/645/553 567/642/567 552/636/552
f 561/639/561 575/644/575 560/637/560
f 569/646/569 553/645/553 554/624/554
f 562/628/562 576/647/576 561/639/561
f 555/648/555 569/646/569 554/624/554
f 548/625/548 563/649/563 699/650/699
f 668/651/668 577/652/577 562/628/562
f 571/653/571 555/648/555 556/629/556
f 564/654/564 548/625/548 549/631/549
f 557/655/557 571/653/571 556/629/556
f 565/656/565 549/631/549 550/634/550
f 573/641/573 557/655/557 558/632/558
f 551/643/551 565/656/565 550/634/550
f 668/657/668 592/658/592 577/652/577
f 586/659/586 570/660/570 571/653/571
f 579/661/579 563/649/563 564/654/564
f 572/662/572 586/659/586 571/653/571
f 580/663/580 564/654/564 565/656/565
f 588/664/588 572/662/572 573/641/573
f 566/665/566 580/663/580 565/656/565
f 574/666/574 588/664/588 573/641/573
f 582/667/582 566/665/566 567/642/567
f 590/668/590 574/666/574 575/644/575
f 568/669/568 582/667/582 567/642/567
f 576/647/576 590/668/590 575/644/575
f 584/670/584 568/669/568 569/646/569
f 577/652/577 591/671/591 576/647/576
f 570/660/570 584/670/584 569/646/569
f 563/649/563 578/672/578 699/673/699
f 605/674/605 589/675/589 590/668/590
f 583/676/583 597/677/597 582/667/582
f 591/671/591 605/674/605 590/668/590
f 599/678/599 583/676/583 584/670/584
f 592/658/592 606/679/606 591/671/591
f 585/680/585 599/678/599 584/670/584
f 578/672/578 593/681/593 699/682/699
f 668/683/668 607/684/607 592/658/592
f 601/685/601 585/680/585 586/659/586
f 594/686/594 578/672/578 579/661/579
f 587/687/587 601/685/601 586/659/586
f 595/688/595 579/661/579 580/663/580
f 603/689/603 587/687/587 588/664/588
f 581/690/581 595/688/595 580/663/580
f 589/675/589 603/689/603 588/664/588
f 597/677/597 581/690/581 582/667/582
f 609/691/609 593/681/593 594/686/594
f 602/692/602 616/693/616 601/685/601
f 610/694/610 594/686/594 595/688/595
f 618/695/618 602/692/602 603/689/603
f 596/696/596 610/694/610 595/688/595
f 604/697/604 618/695/618 603/689/603
f 612/698/612 596/696/596 597/677/597
f 620/699/620 604/697/604 605/674/605
f 598/700/598 612/698/612 597/677/597
f 606/679/606 620/699/620 605/674/605
f 614/701/614 598/700/598 599/678/599
f 607/684/607 621/702/621 606/679/606
f 600/703/600 614/701/614 599/678/599
f 593/681/593 608/704/608 699/705/699
f 668/706/668 622/707/622 607/684/607
f 616/693/616 600/703/600 601/685/601
f 613/708/613 627/709/627 612/698/612
f 621/702/621 635/710/635 620/699/620
f 629/711/629 613/708/613 614/701/614
f 637/712/637 621/702/621 622/707/622
f 615/713/615 629/711/629 614/701/614
f 608/704/608 623/714/623 699/715/699
f 668/716/668 637/712/637 622/707/622
f 631/717/631 615/713/615 616/693/616
f 624/718/624 608/704/608 609/691/609
f 617/719/617 631/717/631 616/693/616
f 625/720/625 609/691/609 610/694/610
f 633/721/633 617/719/617 618/695/618
f 611/722/611 625/720/625 610/694/610
f 619/723/619 633/721/633 618/695/618
f 627/709/627 611/722/611 612/698/612
f 635/710/635 619/723/619 620/699/620
f 632/724/632 646/725/646 631/717/631
f 640/726/640 624/718/624 625/720/625
f 648/727/648 632/724/632 633/721/633
f 626/728/626 640/726/640 625/720/625
f 634/729/634 648/727/648 633/721/633
f 642/730/642 626/728/626 627/709/627
f 650/731/650 634/729/634 635/710/635
f 628/732/628 642/730/642 627/709/627
f 636/733/636 650/731/650 635/710/635
f 644/734/644 628/732/628 629/711/629
f 652/735/652 636/733/636 637/712/637
f 630/736/630 644/734/644 629/711/629
f 623/714/623 638/737/638 699/738/699
f 668/739/668 652/735/652 637/712/637
f 646/725/646 630/736/630 631/717/631
f 624/718/624 638/737/638 623/714/623
f 651/740/651 665/741/665 650/731/650
f 659/742/659 643/743/643 644/734/644
f 667/744/667 651/740/651 652/735/652
f 645/745/645 659/742/659 644/734/644
f 638/737/638 653/746/653 699/747/699
f 668/748/668 667/744/667 652/735/652
f 661/749/661 645/745/645 646/725/646
f 639/750/639 653/746/653 638/737/638
f 647/751/647 661/749/661 646/725/646
f 655/752/655 639/750/639 640/726/640
f 663/753/663 647/751/647 648/727/648
f 641/754/641 655/752/655 640/726/640
f 649/755/649 663/753/663 648/727/648
f 657/756/657 641/754/641 642/730/642
f 665/741/665 649/755/649 650/731/650
f 643/743/643 657/756/657 642/730/642
f 671/757/671 654/758/654 655/752/655
f 679/759/679 662/760/662 663/753/663
f 656/761/656 671/757/671 655/752/655
f 664/762/664 679/759/679 663/753/663
f 673/763/673 656/761/656 657/756/657
f 681/764/681 664/762/664 665/741/665
f 658/765/658 673/763/673 657/756/657
f 666/766/666 681/764/681 665/741/665
f 675/767/675 658/765/658 659/742/659
f 683/768/683 666/766/666 667/744/667
f 660/769/660 675/767/675 659/742/659
f 653/746/653 669/770/669 699/771/699
f 668/772/668 683/768/683 667/744/667
f 677/773/677 660/769/660 661/749/661
f 670/774/670 653/746/653 654/758/654
f 662/760/662 677/773/677 661/749/661
f 690/775/690 674/776/674 675/767/675
f 698/777/698 682/778/682 683/768/683
f 676/779/676 690/775/690 675/767/675
f 669/770/669 684/780/684 699/781/699
f 668/782/668 698/777/698 683/768/683
f 692/783/692 676/779/676 677/773/677
f 685/784/685 669/770/669 670/774/670
f 678/785/678 692/783/692 677/773/677
f 686/786/686 670/774/670 671/757/671
f 694/787/694 678/785/678 679/759/679
f 672/788/672 686/786/686 671/757/671
f 680/789/680 694/787/694 679/759/679
f 688/790/688 672/788/672 673/763/673
f 696/791/696 680/789/680 681/764/681
f 674/776/674 688/790/688 673/763/673
f 682/778/682 696/791/696 681/764/681
f 710/792/710 693/793/693 694/787/694
f 687/794/687 702/795/702 686/786/686
f 695/796/695 710/792/710 694/787/694
f 704/797/704 687/794/687 688/790/688
f 712/798/712 695/796/695 696/791/696
f 689/799/689 704/797/704 688/790/688
f 713/800/713 696/791/696 697/801/697
f 706/802/706 689/799/689 690/775/690
f 698/777/698 713/800/713 697/801/697
f 691/803/691 706/802/706 690/775/690
f 684/780/684 700/804/700 699/805/699
f 668/806/668 714/807/714 698/777/698
f 708/808/708 691/803/691 692/783/692
f 701/809/701 684/780/684 685/784/685
f 693/793/693 708/808/708 692/783/692
f 686/786/686 701/809/701 685/784/685
f 729/810/729 713/800/713 714/807/714
f 707/811/707 721/812/721 706/802/706
f 700/804/700 715/813/715 699/814/699
f 668/815/668 729/810/729 714/807/714
f 723/816/723 707/811/707 708/808/708
f 716/817/716 700/804/700 701/809/701
f 709/818/709 723/816/723 708/808/708
f 717/819/717 701/809/701 702/795/702
f 725/820/725 709/818/709 710/792/710
f 703/821/703 717/819/717 702/795/702
f 711/822/711 725/820/725 710/792/710
f 719/823/719 703/821/703 704/797/704
f 727/824/727 711/822/711 712/798/712
f 705/825/705 719/823/719 704/797/704
f 713/800/713 727/824/727 712/798/712
f 721/812/721 705/825/705 706/802/706
f 726/826/726 740/827/740 725/828/725
f 734/829/734 718/830/718 719/831/719
f 742/832/742 726/826/726 727/833/727
f 720/834/720 734/829/734 719/831/719
f 728/835/728 742/832/742 727/833/727
f 736/836/736 720/834/720 721/837/721
f 729/838/729 743/839/743 728/835/728
f 722/840/722 736/836/736 721/837/721
f 715/841/715 730/842/730 699/843/699
f 668/844/668 744/845/744 729/838/729
f 738/846/738 722/840/722 723/847/723
f 731/848/731 715/841/715 716/849/716
f 724/850/724 738/846/738 723/847/723
f 732/851/732 716/849/716 717/852/717
f 740/827/740 724/850/724 725/828/725
f 718/830/718 732/851/732 717/852/717
f 730/842/730 745/853/745 699/854/699
f 668/855/668 759/856/759 744/845/744
f 753/857/753 737/858/737 738/846/738
f 731/848/731 745/853/745 730/842/730
f 739/859/739 753/857/753 738/846/738
f 747/860/747 731/848/731 732/851/732
f 755/861/755 739/859/739 740/827/740
f 733/862/733 747/860/747 732/851/732
f 741/863/741 755/861/755 740/827/740
f 749/864/749 733/862/733 734/829/734
f 757/865/757 741/863/741 742/832/742
f 735/866/735 749/864/749 734/829/734
f 758/867/758 742/832/742 743/839/743
f 751/868/751 735/866/735 736/836/736
f 759/856/759 743/839/743 744/845/744
f 737/858/737 751/868/751 736/836/736
f 764/869/764 748/870/748 749/864/749
f 758/867/758 772/871/772 757/865/757
f 766/872/766 750/873/750 751/868/751
f 759/856/759 773/874/773 758/867/758
f 752/875/752 766/872/766 751/868/751
f 668/876/668 774/877/774 759/856/759
f 768/878/768 752/875/752 753/857/753
f 745/853/745 760/879/760 699/880/699
f 754/881/754 768/878/768 753/857/753
f 761/882/761 745/853/745 746/883/746
f 770/884/770 754/881/754 755/861/755
f 762/885/762 746/883/746 747/860/747
f 756/886/756 770/884/770 755/861/755
f 748/870/748 762/885/762 747/860/747
f 772/871/772 756/886/756 757/865/757
f 750/873/750 764/869/764 749/864/749
f 777/887/777 761/882/761 762/885/762
f 785/888/785 769/889/769 770/884/770
f 763/890/763 777/887/777 762/885/762
f 771/891/771 785/888/785 770/884/770
f 779/892/779 763/890/763 764/869/764
f 787/893/787 771/891/771 772/871/772
f 765/894/765 779/892/779 764/869/764
f 788/895/788 772/871/772 773/874/773
f 781/896/781 765/894/765 766/872/766
f 789/897/789 773/874/773 774/877/774
f 767/898/767 781/896/781 766/872/766
f 760/879/760 775/899/775 699/900/699
f 668/901/668 789/897/789 774/877/774
f 783/902/783 767/898/767 768/878/768
f 761/882/761 775/899/775 760/879/760
f 769/889/769 783/902/783 768/878/768
f 796/903/796 780/904/780 781/896/781
f 804/905/804 788/895/788 789/897/789
f 782/906/782 796/903/796 781/896/781
f 775/899/775 790/907/790 699/908/699
f 668/909/668 804/905/804 789/897/789
f 798/910/798 782/906/782 783/902/783
f 791/911/791 775/899/775 776/912/776
f 784/913/784 798/910/798 783/902/783
f 792/914/792 776/912/776 777/887/777
f 800/915/800 784/913/784 785/888/785
f 778/916/778 792/914/792 777/887/777
f 786/917/786 800/915/800 785/888/785
f 794/918/794 778/916/778 779/892/779
f 802/919/802 786/917/786 787/893/787
f 780/904/780 794/918/794 779/892/779
f 803/920/803 787/893/787 788/895/788
f 815/921/815 799/922/799 800/915/800
f 793/923/793 807/924/807 792/914/792
f 801/925/801 815/921/815 800/915/800
f 809/926/809 793/923/793 794/918/794
f 817/927/817 801/925/801 802/919/802
f 795/928/795 809/926/809 794/918/794
f 803/920/803 817/927/817 802/919/802
f 811/929/811 795/928/795 796/903/796
f 804/905/804 818/930/818 803/920/803
f 797/931/797 811/929/811 796/903/796
f 790/907/790 805/932/805 699/933/699
f 668/934/668 819/935/819 804/905/804
f 813/936/813 797/931/797 798/910/798
f 806/937/806 790/907/790 791/911/791
f 799/922/799 813/936/813 798/910/798
f 807/924/807 791/911/791 792/914/792
f 834/938/834 818/930/818 819/935/819
f 812/939/812 826/940/826 811/929/811
f 805/932/805 820/941/820 699/942/699
f 668/943/668 834/938/834 819/935/819
f 828/944/828 812/939/812 813/936/813
f 806/937/806 820/941/820 805/932/805
f 814/945/814 828/944/828 813/936/813
f 822/946/822 806/937/806 807/924/807
f 830/947/830 814/945/814 815/921/815
f 808/948/808 822/946/822 807/924/807
f 816/949/816 830/947/830 815/921/815
f 824/950/824 808/948/808 809/926/809
f 832/951/832 816/949/816 817/927/817
f 810/952/810 824/950/824 809/926/809
f 818/930/818 832/951/832 817/927/817
f 826/940/826 810/952/810 811/929/811
f 823/953/823 837/954/837 822/946/822
f 831/955/831 845/956/845 830/947/830
f 839/957/839 823/953/823 824/950/824
f 847/958/847 831/955/831 832/951/832
f 825/959/825 839/957/839 824/950/824
f 833/960/833 847/958/847 832/951/832
f 841/961/841 825/959/825 826/940/826
f 849/962/849 833/960/833 834/938/834
f 827/963/827 841/961/841 826/940/826
f 820/941/820 835/964/835 699/965/699
f 668/966/668 849/962/849 834/938/834
f 843/967/843 827/963/827 828/944/828
f 821/968/821 835/964/835 820/941/820
f 829/969/829 843/967/843 828/944/828
f 837/954/837 821/968/821 822/946/822
f 845/956/845 829/969/829 830/947/830
f 842/970/842 856/971/856 841/961/841
f 835/964/835 850/972/850 699/973/699
f 668/974/668 864/975/864 849/962/849
f 858/976/858 842/970/842 843/967/843
f 851/977/851 835/964/835 836/978/836
f 844/979/844 858/976/858 843/967/843
f 852/980/852 836/978/836 837/954/837
f 860/981/860 844/979/844 845/956/845
f 838/982/838 852/980/852 837/954/837
f 846/983/846 860/981/860 845/956/845
f 854/984/854 838/982/838 839/957/839
f 862/985/862 846/983/846 847/958/847
f 840/986/840 854/984/854 839/957/839
f 848/987/848 862/985/862 847/958/847
f 856/971/856 840/986/840 841/961/841
f 864/975/864 848/987/848 849/962/849
f 861/988/861 875/989/875 860/981/860
f 869/990/869 853/991/853 854/984/854
f 877/992/877 861/988/861 862/985/862
f 855/993/855 869/990/869 854/984/854
f 863/994/863 877/992/877 862/985/862
f 871/995/871 855/993/855 856/971/856
f 879/996/879 863/994/863 864/975/864
f 857/997/857 871/995/871 856/971/856
f 850/972/850 865/998/865 699/999/699
f 668/1000/668 879/996/879 864/975/864
f 873/1001/873 857/997/857 858/976/858
f 851/977/851 865/998/865 850/972/850
f 859/1002/859 873/1001/873 858/976/858
f 867/1003/867 851/977/851 852/980/852
f 875/989/875 859/1002/859 860/981/860
f 853/991/853 867/1003/867 852/980/852
f 668/1004/668 894/1005/894 879/996/879
f 888/1006/888 872/1007/872 873/1001/873
f 881/1008/881 865/998/865 866/1009/866
f 874/1010/874 888/1006/888 873/1001/873
f 882/1011/882 866/1009/866 867/1003/867
f 890/1012/890 874/1010/874 875/989/875
f 868/1013/868 882/1011/882 867/1003/867
f 876/1014/876 890/1012/890 875/989/875
f 884/1015/884 868/1013/868 869/990/869
f 892/1016/892 876/1014/876 877/992/877
f 870/1017/870 884/1015/884 869/990/869
f 878/1018/878 892/1016/892 877/992/877
f 886/1019/886 870/1017/870 871/995/871
f 894/1005/894 878/1018/878 879/996/879
f 872/1007/872 886/1019/886 871/995/871
f 865/998/865 880/1020/880 699/1021/699
f 907/1022/907 891/1023/891 892/1016/892
f 885/1024/885 899/1025/899 884/1015/884
f 908/1026/908 892/1016/892 893/1027/893
f 901/1028/901 885/1024/885 886/1019/886
f 909/1029/909 893/1027/893 894/1005/894
f 887/1030/887 901/1028/901 886/1019/886
f 880/1020/880 895/1031/895 699/1032/699
f 668/1033/668 909/1029/909 894/1005/894
f 903/1034/903 887/1030/887 888/1006/888
f 881/1008/881 895/1031/895 880/1020/880
f 889/1035/889 903/1034/903 888/1006/888
f 897/1036/897 881/1008/881 882/1011/882
f 905/1037/905 889/1035/889 890/1012/890
f 883/1038/883 897/1036/897 882/1011/882
f 891/1023/891 905/1037/905 890/1012/890
f 899/1025/899 883/1038/883 884/1015/884
f 896/1039/896 910/1040/910 895/1031/895
f 904/1041/904 918/1042/918 903/1034/903
f 912/1043/912 896/1039/896 897/1036/897
f 920/1044/920 904/1041/904 905/1037/905
f 898/1045/898 912/1043/912 897/1036/897
f 906/1046/906 920/1044/920 905/1037/905
f 914/1047/914 898/1045/898 899/1025/899
f 922/1048/922 906/1046/906 907/1022/907
f 900/1049/900 914/1047/914 899/1025/899
f 908/1026/908 922/1048/922 907/1022/907
f 916/1050/916 900/1049/900 901/1028/901
f 924/1051/924 908/1026/908 909/1029/909
f 902/1052/902 916/1050/916 901/1028/901
f 895/1031/895 910/1040/910 699/1053/699
f 668/1054/668 924/1051/924 909/1029/909
f 918/1042/918 902/1052/902 903/1034/903
f 915/1055/915 929/1056/929 914/1047/914
f 923/1057/923 937/1058/937 922/1048/922
f 931/1059/931 915/1055/915 916/1050/916
f 939/1060/939 923/1057/923 924/1051/924
f 917/1061/917 931/1059/931 916/1050/916
f 910/1040/910 925/1062/925 699/1063/699
f 668/1064/668 939/1060/939 924/1051/924
f 933/1065/933 917/1061/917 918/1042/918
f 911/1066/911 925/1062/925 910/1040/910
f 919/1067/919 933/1065/933 918/1042/918
f 927/1068/927 911/1066/911 912/1043/912
f 935/1069/935 919/1067/919 920/1044/920
f 913/1070/913 927/1068/927 912/1043/912
f 921/1071/921 935/1069/935 920/1044/920
f 929/1056/929 913/1070/913 914/1047/914
f 937/1058/937 921/1071/921 922/1048/922
f 934/1072/934 948/1073/948 933/1065/933
f 942/1074/942 926/1075/926 927/1068/927
f 950/1076/950 934/1072/934 935/1069/935
f 928/1077/928 942/1074/942 927/1068/927
f 936/1078/936 950/1076/950 935/1069/935
f 944/1079/944 928/1077/928 929/1056/929
f 952/1080/952 936/1078/936 937/1058/937
f 930/1081/930 944/1079/944 929/1056/929
f 938/1082/938 952/1080/952 937/1058/937
f 946/1083/946 930/1081/930 931/1059/931
f 939/1060/939 953/1084/953 938/1082/938
f 932/1085/932 946/1083/946 931/1059/931
f 925/1062/925 940/1086/940 699/1087/699
f 668/1088/668 954/1089/954 939/1060/939
f 948/1073/948 932/1085/932 933/1065/933
f 941/1090/941 925/1062/925 926/1075/926
f 953/1084/953 961/14/961 952/1080/952
f 4/19/4 945/1091/945 946/1083/946
f 7/22/7 953/1084/953 954/1089/954
f 947/1092/947 4/19/4 946/1083/946
f 940/1086/940 1/25/1 699/1093/699
f 668/1094/668 7/22/7 954/1089/954
f 5/2/5 947/1092/947 948/1073/948
f 941/1090/941 1/25/1 940/1086/940
f 949/1095/949 5/2/5 948/1073/948
f 942/1074/942 2/5/2 941/1090/941
f 960/8/960 949/1095/949 950/1076/950
f 943/1096/943 955/6/955 942/1074/942
f 6/11/6 950/1076/950 951/1097/951
f 944/1079/944 3/10/3 943/1096/943
f 961/14/961 951/1097/951 952/1080/952
f 945/1091/945 956/13/956 944/1079/944
f 17/1/17 16/29/16 5/2/5
f 10/4/10 9/30/9 2/5/2
f 18/7/18 17/1/17 959/3/959
f 11/9/11 10/4/10 955/6/955
f 6/11/6 19/15/19 18/7/18
f 12/12/12 11/9/11 3/10/3
f 961/14/961 20/18/20 19/15/19
f 957/16/957 13/20/13 12/12/12
f 962/17/962 21/44/21 20/18/20
f 4/19/4 14/24/14 13/20/13
f 22/21/22 21/44/21 962/17/962
f 958/23/958 15/34/15 14/24/14
f 16/29/16 15/34/15 958/23/958
f 9/30/9 8/26/8 1/25/1
f 16/29/16 31/57/31 30/33/30
f 9/30/9 24/37/24 23/35/23
f 32/36/32 31/57/31 16/29/16
f 10/4/10 25/60/25 24/37/24
f 33/38/33 32/36/32 17/1/17
f 26/39/26 25/60/25 10/4/10
f 34/40/34 33/38/33 18/7/18
f 12/12/12 27/42/27 26/39/26
f 35/41/35 34/40/34 19/15/19
f 13/20/13 28/45/28 27/42/27
f 36/43/36 35/41/35 20/18/20
f 14/24/14 29/50/29 28/45/28
f 37/32/37 36/43/36 21/44/21
f 30/33/30 29/50/29 14/24/14
f 50/47/50 49/63/49 34/40/34
f 43/48/43 42/64/42 27/42/27
f 51/49/51 50/47/50 35/41/35
f 29/50/29 44/51/44 43/48/43
f 37/32/37 52/55/52 51/49/51
f 30/33/30 45/74/45 44/51/44
f 46/56/46 45/74/45 30/33/30
f 39/58/39 38/52/38 23/35/23
f 47/59/47 46/56/46 31/57/31
f 25/60/25 40/62/40 39/58/39
f 48/61/48 47/59/47 32/36/32
f 26/39/26 41/68/41 40/62/40
f 49/63/49 48/61/48 33/38/33
f 42/64/42 41/68/41 26/39/26
f 39/58/39 54/90/54 53/65/53
f 62/66/62 61/78/61 46/56/46
f 55/67/55 54/90/54 39/58/39
f 48/61/48 63/69/63 62/66/62
f 41/68/41 56/93/56 55/67/55
f 49/63/49 64/94/64 63/69/63
f 57/70/57 56/93/56 41/68/41
f 65/71/65 64/94/64 49/63/49
f 58/72/58 57/70/57 42/64/42
f 51/49/51 66/80/66 65/71/65
f 44/51/44 59/75/59 58/72/58
f 67/73/67 66/80/66 51/49/51
f 45/74/45 60/84/60 59/75/59
f 61/78/61 60/84/60 45/74/45
f 73/79/73 72/96/72 57/70/57
f 66/80/66 81/82/81 80/81/80
f 59/75/59 74/106/74 73/79/73
f 67/73/67 82/88/82 81/82/81
f 75/83/75 74/106/74 59/75/59
f 61/78/61 76/98/76 75/83/75
f 69/89/69 68/85/68 53/65/53
f 77/91/77 76/98/76 61/78/61
f 70/92/70 69/89/69 54/90/54
f 63/69/63 78/95/78 77/91/77
f 56/93/56 71/101/71 70/92/70
f 64/94/64 79/102/79 78/95/78
f 72/96/72 71/101/71 56/93/56
f 80/81/80 79/102/79 64/94/64
f 92/97/92 91/123/91 76/98/76
f 85/99/85 84/113/84 69/89/69
f 93/100/93 92/97/92 77/91/77
f 71/101/71 86/128/86 85/99/85
f 79/102/79 94/129/94 93/100/93
f 87/103/87 86/128/86 71/101/71
f 95/104/95 94/129/94 79/102/79
f 73/79/73 88/107/88 87/103/87
f 96/105/96 95/104/95 80/81/80
f 74/106/74 89/115/89 88/107/88
f 82/88/82 97/112/97 96/105/96
f 90/108/90 89/115/89 74/106/74
f 76/98/76 91/123/91 90/108/90
f 84/113/84 83/109/83 68/85/68
f 111/114/111 110/131/110 95/104/95
f 89/115/89 104/118/104 103/116/103
f 112/117/112 111/114/111 96/105/96
f 90/108/90 105/142/105 104/118/104
f 106/122/106 105/142/105 90/108/90
f 99/124/99 98/119/98 83/109/83
f 107/125/107 106/122/106 91/123/91
f 100/126/100 99/124/99 84/113/84
f 108/127/108 107/125/107 92/97/92
f 86/128/86 101/134/101 100/126/100
f 94/129/94 109/135/109 108/127/108
f 102/130/102 101/134/101 86/128/86
f 110/131/110 109/135/109 94/129/94
f 88/107/88 103/116/103 102/130/102
f 115/132/115 114/157/114 99/124/99
f 123/133/123 122/158/122 107/125/107
f 101/134/101 116/161/116 115/132/115
f 109/135/109 124/162/124 123/133/123
f 117/136/117 116/161/116 101/134/101
f 125/137/125 124/162/124 109/135/109
f 103/116/103 118/148/118 117/136/117
f 126/138/126 125/137/125 110/131/110
f 119/139/119 118/148/118 103/116/103
f 127/140/127 126/138/126 111/114/111
f 120/141/120 119/139/119 104/118/104
f 121/146/121 120/141/120 105/142/105
f 99/124/99 114/157/114 113/143/113
f 107/125/107 122/158/122 121/146/121
f 134/147/134 133/172/133 118/148/118
f 127/140/127 142/154/142 141/149/141
f 135/150/135 134/147/134 119/139/119
f 136/155/136 135/150/135 120/141/120
f 129/156/129 128/151/128 113/143/113
f 122/158/122 137/166/137 136/155/136
f 130/159/130 129/156/129 114/157/114
f 138/160/138 137/166/137 122/158/122
f 116/161/116 131/167/131 130/159/130
f 124/162/124 139/169/139 138/160/138
f 132/163/132 131/167/131 116/161/116
f 140/164/140 139/169/139 124/162/124
f 118/148/118 133/172/133 132/163/132
f 126/138/126 141/149/141 140/164/140
f 153/165/153 152/188/152 137/166/137
f 131/167/131 146/191/146 145/168/145
f 139/169/139 154/192/154 153/165/153
f 147/170/147 146/191/146 131/167/131
f 155/171/155 154/192/154 139/169/139
f 133/172/133 148/195/148 147/170/147
f 141/149/141 156/174/156 155/171/155
f 149/173/149 148/195/148 133/172/133
f 142/154/142 157/178/157 156/174/156
f 135/150/135 150/182/150 149/173/149
f 151/179/151 150/182/150 135/150/135
f 144/180/144 143/175/143 128/151/128
f 137/166/137 152/188/152 151/179/151
f 145/168/145 144/180/144 129/156/129
f 172/181/172 171/202/171 156/174/156
f 150/182/150 165/205/165 164/183/164
f 166/187/166 165/205/165 150/182/150
f 144/180/144 159/212/159 158/184/158
f 152/188/152 167/213/167 166/187/166
f 160/189/160 159/212/159 144/180/144
f 168/190/168 167/213/167 152/188/152
f 146/191/146 161/199/161 160/189/160
f 154/192/154 169/196/169 168/190/168
f 162/193/162 161/199/161 146/191/146
f 170/194/170 169/196/169 154/192/154
f 148/195/148 163/201/163 162/193/162
f 156/174/156 171/202/171 170/194/170
f 164/183/164 163/201/163 148/195/148
f 169/196/169 184/226/184 183/197/183
f 177/198/177 176/224/176 161/199/161
f 185/200/185 184/226/184 169/196/169
f 163/201/163 178/229/178 177/198/177
f 171/202/171 186/204/186 185/200/185
f 179/203/179 178/229/178 163/201/163
f 172/181/172 187/209/187 186/204/186
f 165/205/165 180/220/180 179/203/179
f 181/210/181 180/220/180 165/205/165
f 174/211/174 173/206/173 158/184/158
f 167/213/167 182/221/182 181/210/181
f 175/214/175 174/211/174 159/212/159
f 183/197/183 182/221/182 167/213/167
f 161/199/161 176/224/176 175/214/175
f 196/219/196 195/239/195 180/220/180
f 174/211/174 189/222/189 188/215/188
f 182/221/182 197/245/197 196/219/196
f 175/214/175 190/225/190 189/222/189
f 198/223/198 197/245/197 182/221/182
f 176/224/176 191/233/191 190/225/190
f 184/226/184 199/235/199 198/223/198
f 192/227/192 191/233/191 176/224/176
f 200/228/200 199/235/199 184/226/184
f 178/229/178 193/236/193 192/227/192
f 201/230/201 200/228/200 185/200/185
f 194/231/194 193/236/193 178/229/178
f 202/218/202 201/230/201 186/204/186
f 180/220/180 195/239/195 194/231/194
f 207/232/207 206/253/206 191/233/191
f 215/234/215 214/255/214 199/235/199
f 193/236/193 208/258/208 207/232/207
f 201/230/201 216/260/216 215/234/215
f 209/237/209 208/258/208 193/236/193
f 217/238/217 216/260/216 201/230/201
f 195/239/195 210/249/210 209/237/209
f 211/243/211 210/249/210 195/239/195
f 204/244/204 203/240/203 188/215/188
f 197/245/197 212/251/212 211/243/211
f 205/246/205 204/244/204 189/222/189
f 213/247/213 212/251/212 197/245/197
f 191/233/191 206/253/206 205/246/205
f 199/235/199 214/255/214 213/247/213
f 226/248/226 225/272/225 210/249/210
f 219/250/219 218/262/218 203/240/203
f 212/251/212 227/279/227 226/248/226
f 205/246/205 220/254/220 219/250/219
f 228/252/228 227/279/227 212/251/212
f 206/253/206 221/282/221 220/254/220
f 214/255/214 229/267/229 228/252/228
f 222/256/222 221/282/221 206/253/206
f 230/257/230 229/267/229 214/255/214
f 208/258/208 223/268/223 222/256/222
f 231/259/231 230/257/230 215/234/215
f 224/261/224 223/268/223 208/258/208
f 217/238/217 232/265/232 231/259/231
f 210/249/210 225/272/225 224/261/224
f 245/266/245 244/289/244 229/267/229
f 223/268/223 238/292/238 237/269/237
f 231/259/231 246/271/246 245/266/245
f 239/270/239 238/292/238 223/268/223
f 232/265/232 247/276/247 246/271/246
f 225/272/225 240/295/240 239/270/239
f 241/277/241 240/295/240 225/272/225
f 234/278/234 233/273/233 218/262/218
f 227/279/227 242/284/242 241/277/241
f 235/280/235 234/278/234 219/250/219
f 243/281/243 242/284/242 227/279/227
f 221/282/221 236/288/236 235/280/235
f 229/267/229 244/289/244 243/281/243
f 237/269/237 236/288/236 221/282/221
f 249/283/249 248/296/248 233/273/233
f 242/284/242 257/310/257 256/285/256
f 250/286/250 249/283/249 234/278/234
f 258/287/258 257/310/257 242/284/242
f 236/288/236 251/313/251 250/286/250
f 244/289/244 259/314/259 258/287/258
f 252/290/252 251/313/251 236/288/236
f 260/291/260 259/314/259 244/289/244
f 238/292/238 253/299/253 252/290/252
f 246/271/246 261/301/261 260/291/260
f 254/293/254 253/299/253 238/292/238
f 262/294/262 261/301/261 246/271/246
f 240/295/240 255/305/255 254/293/254
f 256/285/256 255/305/255 240/295/240
f 253/299/253 268/324/268 267/300/267
f 261/301/261 276/326/276 275/302/275
f 269/303/269 268/324/268 253/299/253
f 277/304/277 276/326/276 261/301/261
f 255/305/255 270/328/270 269/303/269
f 271/309/271 270/328/270 255/305/255
f 249/283/249 264/318/264 263/306/263
f 257/310/257 272/315/272 271/309/271
f 265/311/265 264/318/264 249/283/249
f 273/312/273 272/315/272 257/310/257
f 251/313/251 266/320/266 265/311/265
f 259/314/259 274/321/274 273/312/273
f 267/300/267 266/320/266 251/313/251
f 275/302/275 274/321/274 259/314/259
f 272/315/272 287/343/287 286/316/286
f 280/317/280 279/333/279 264/318/264
f 288/319/288 287/343/287 272/315/272
f 266/320/266 281/346/281 280/317/280
f 274/321/274 289/347/289 288/319/288
f 282/322/282 281/346/281 266/320/266
f 290/323/290 289/347/289 274/321/274
f 268/324/268 283/336/283 282/322/282
f 291/325/291 290/323/290 275/302/275
f 284/327/284 283/336/283 268/324/268
f 277/304/277 292/332/292 291/325/291
f 270/328/270 285/338/285 284/327/284
f 286/316/286 285/338/285 270/328/270
f 279/333/279 278/329/278 263/306/263
f 306/334/306 305/349/305 290/323/290
f 299/335/299 298/357/298 283/336/283
f 307/337/307 306/334/306 291/325/291
f 285/338/285 300/360/300 299/335/299
f 301/342/301 300/360/300 285/338/285
f 279/333/279 294/367/294 293/339/293
f 287/343/287 302/351/302 301/342/301
f 295/344/295 294/367/294 279/333/279
f 303/345/303 302/351/302 287/343/287
f 281/346/281 296/352/296 295/344/295
f 289/347/289 304/354/304 303/345/303
f 297/348/297 296/352/296 281/346/281
f 305/349/305 304/354/304 289/347/289
f 283/336/283 298/357/298 297/348/297
f 318/350/318 317/377/317 302/351/302
f 296/352/296 311/380/311 310/353/310
f 304/354/304 319/381/319 318/350/318
f 312/355/312 311/380/311 296/352/296
f 320/356/320 319/381/319 304/354/304
f 298/357/298 313/384/313 312/355/312
f 306/334/306 321/359/321 320/356/320
f 314/358/314 313/384/313 298/357/298
f 307/337/307 322/364/322 321/359/321
f 300/360/300 315/369/315 314/358/314
f 316/365/316 315/369/315 300/360/300
f 309/366/309 308/361/308 293/339/293
f 302/351/302 317/377/317 316/365/316
f 310/353/310 309/366/309 294/367/294
f 322/364/322 337/374/337 336/368/336
f 315/369/315 330/394/330 329/370/329
f 331/375/331 330/394/330 315/369/315
f 324/376/324 323/371/323 308/361/308
f 317/377/317 332/400/332 331/375/331
f 325/378/325 324/376/324 309/366/309
f 333/379/333 332/400/332 317/377/317
f 311/380/311 326/385/326 325/378/325
f 319/381/319 334/387/334 333/379/333
f 327/382/327 326/385/326 311/380/311
f 335/383/335 334/387/334 319/381/319
f 313/384/313 328/391/328 327/382/327
f 321/359/321 336/368/336 335/383/335
f 329/370/329 328/391/328 313/384/313
f 326/385/326 341/412/341 340/386/340
f 334/387/334 349/413/349 348/388/348
f 342/389/342 341/412/341 326/385/326
f 350/390/350 349/413/349 334/387/334
f 328/391/328 343/416/343 342/389/342
f 336/368/336 351/417/351 350/390/350
f 344/392/344 343/416/343 328/391/328
f 352/393/352 351/417/351 336/368/336
f 330/394/330 345/401/345 344/392/344
f 346/398/346 345/401/345 330/394/330
f 339/399/339 338/395/338 323/371/323
f 332/400/332 347/409/347 346/398/346
f 340/386/340 339/399/339 324/376/324
f 348/388/348 347/409/347 332/400/332
f 345/401/345 360/427/360 359/402/359
f 361/407/361 360/427/360 345/401/345
f 354/408/354 353/403/353 338/395/338
f 347/409/347 362/434/362 361/407/361
f 355/410/355 354/408/354 339/399/339
f 363/411/363 362/434/362 347/409/347
f 341/412/341 356/421/356 355/410/355
f 349/413/349 364/418/364 363/411/363
f 357/414/357 356/421/356 341/412/341
f 365/415/365 364/418/364 349/413/349
f 343/416/343 358/423/358 357/414/357
f 351/417/351 366/424/366 365/415/365
f 359/402/359 358/423/358 343/416/343
f 367/406/367 366/424/366 351/417/351
f 364/418/364 379/447/379 378/419/378
f 372/420/372 371/446/371 356/421/356
f 380/422/380 379/447/379 364/418/364
f 358/423/358 373/450/373 372/420/372
f 366/424/366 381/426/381 380/422/380
f 374/425/374 373/450/373 358/423/358
f 367/406/367 382/431/382 381/426/381
f 360/427/360 375/441/375 374/425/374
f 376/432/376 375/441/375 360/427/360
f 369/433/369 368/428/368 353/403/353
f 362/434/362 377/443/377 376/432/376
f 370/435/370 369/433/369 354/408/354
f 378/419/378 377/443/377 362/434/362
f 356/421/356 371/446/371 370/435/370
f 391/440/391 390/460/390 375/441/375
f 384/442/384 383/436/383 368/428/368
f 377/443/377 392/465/392 391/440/391
f 385/444/385 384/442/384 369/433/369
f 393/445/393 392/465/392 377/443/377
f 371/446/371 386/453/386 385/444/385
f 379/447/379 394/455/394 393/445/393
f 387/448/387 386/453/386 371/446/371
f 395/449/395 394/455/394 379/447/379
f 373/450/373 388/456/388 387/448/387
f 381/426/381 396/457/396 395/449/395
f 389/451/389 388/456/388 373/450/373
f 397/439/397 396/457/396 381/426/381
f 375/441/375 390/460/390 389/451/389
f 402/452/402 401/475/401 386/453/386
f 410/454/410 409/476/409 394/455/394
f 388/456/388 403/479/403 402/452/402
f 396/457/396 411/480/411 410/454/410
f 404/458/404 403/479/403 388/456/388
f 412/459/412 411/480/411 396/457/396
f 390/460/390 405/469/405 404/458/404
f 406/464/406 405/469/405 390/460/390
f 384/442/384 399/471/399 398/461/398
f 392/465/392 407/472/407 406/464/406
f 400/466/400 399/471/399 384/442/384
f 408/467/408 407/472/407 392/465/392
f 386/453/386 401/475/401 400/466/400
f 394/455/394 409/476/409 408/467/408
f 421/468/421 420/493/420 405/469/405
f 414/470/414 413/483/413 398/461/398
f 407/472/407 422/500/422 421/468/421
f 415/473/415 414/470/414 399/471/399
f 423/474/423 422/500/422 407/472/407
f 401/475/401 416/503/416 415/473/415
f 409/476/409 424/487/424 423/474/423
f 417/477/417 416/503/416 401/475/401
f 425/478/425 424/487/424 409/476/409
f 403/479/403 418/488/418 417/477/417
f 411/480/411 426/491/426 425/478/425
f 419/481/419 418/488/418 403/479/403
f 427/482/427 426/491/426 411/480/411
f 405/469/405 420/493/420 419/481/419
f 440/486/440 439/509/439 424/487/424
f 418/488/418 433/512/433 432/489/432
f 441/490/441 440/486/440 425/478/425
f 434/492/434 433/512/433 418/488/418
f 427/482/427 442/497/442 441/490/441
f 420/493/420 435/515/435 434/492/434
f 436/498/436 435/515/435 420/493/420
f 429/499/429 428/494/428 413/483/413
f 422/500/422 437/504/437 436/498/436
f 430/501/430 429/499/429 414/470/414
f 438/502/438 437/504/437 422/500/422
f 416/503/416 431/508/431 430/501/430
f 424/487/424 439/509/439 438/502/438
f 432/489/432 431/508/431 416/503/416
f 437/504/437 452/531/452 451/505/451
f 445/506/445 444/519/444 429/499/429
f 453/507/453 452/531/452 437/504/437
f 431/508/431 446/533/446 445/506/445
f 439/509/439 454/535/454 453/507/453
f 447/510/447 446/533/446 431/508/431
f 455/511/455 454/535/454 439/509/439
f 433/512/433 448/523/448 447/510/447
f 441/490/441 456/521/456 455/511/455
f 449/513/449 448/523/448 433/512/433
f 457/514/457 456/521/456 441/490/441
f 435/515/435 450/524/450 449/513/449
f 451/505/451 450/524/450 435/515/435
f 444/519/444 443/516/443 428/494/428
f 471/520/471 470/537/470 455/511/455
f 464/522/464 463/545/463 448/523/448
f 457/514/457 472/528/472 471/520/471
f 450/524/450 465/548/465 464/522/464
f 466/529/466 465/548/465 450/524/450
f 459/530/459 458/525/458 443/516/443
f 452/531/452 467/540/467 466/529/466
f 445/506/445 460/534/460 459/530/459
f 468/532/468 467/540/467 452/531/452
f 446/533/446 461/541/461 460/534/460
f 454/535/454 469/542/469 468/532/468
f 462/536/462 461/541/461 446/533/446
f 470/537/470 469/542/469 454/535/454
f 448/523/448 463/545/463 462/536/462
f 475/538/475 474/553/474 459/530/459
f 483/539/483 482/564/482 467/540/467
f 461/541/461 476/567/476 475/538/475
f 469/542/469 484/568/484 483/539/483
f 477/543/477 476/567/476 461/541/461
f 485/544/485 484/568/484 469/542/469
f 463/545/463 478/555/478 477/543/477
f 471/520/471 486/557/486 485/544/485
f 479/546/479 478/555/478 463/545/463
f 487/547/487 486/557/486 471/520/471
f 465/548/465 480/558/480 479/546/479
f 481/552/481 480/558/480 465/548/465
f 474/553/474 473/549/473 458/525/458
f 467/540/467 482/564/482 481/552/481
f 494/554/494 493/578/493 478/555/478
f 502/556/502 501/580/501 486/557/486
f 480/558/480 495/583/495 494/554/494
f 496/562/496 495/583/495 480/558/480
f 489/563/489 488/559/488 473/549/473
f 482/564/482 497/572/497 496/562/496
f 490/565/490 489/563/489 474/553/474
f 498/566/498 497/572/497 482/564/482
f 476/567/476 491/573/491 490/565/490
f 484/568/484 499/575/499 498/566/498
f 492/569/492 491/573/491 476/567/476
f 500/570/500 499/575/499 484/568/484
f 478/555/478 493/578/493 492/569/492
f 486/557/486 501/580/501 500/570/500
f 513/571/513 512/598/512 497/572/497
f 491/573/491 506/601/506 505/574/505
f 499/575/499 514/602/514 513/571/513
f 507/576/507 506/601/506 491/573/491
f 515/577/515 514/602/514 499/575/499
f 493/578/493 508/605/508 507/576/507
f 516/579/516 515/577/515 500/570/500
f 509/581/509 508/605/508 493/578/493
f 517/582/517 516/579/516 501/580/501
f 495/583/495 510/589/510 509/581/509
f 511/587/511 510/589/510 495/583/495
f 489/563/489 504/597/504 503/584/503
f 497/572/497 512/598/512 511/587/511
f 505/574/505 504/597/504 489/563/489
f 517/582/517 532/594/532 531/588/531
f 510/589/510 525/616/525 524/590/524
f 526/595/526 525/616/525 510/589/510
f 519/596/519 518/591/518 503/584/503
f 512/598/512 527/621/527 526/595/526
f 520/599/520 519/596/519 504/597/504
f 528/600/528 527/621/527 512/598/512
f 506/601/506 521/606/521 520/599/520
f 514/602/514 529/608/529 528/600/528
f 522/603/522 521/606/521 506/601/506
f 530/604/530 529/608/529 514/602/514
f 508/605/508 523/612/523 522/603/522
f 516/579/516 531/588/531 530/604/530
f 524/590/524 523/612/523 508/605/508
f 521/606/521 536/633/536 535/607/535
f 529/608/529 544/635/544 543/609/543
f 537/610/537 536/633/536 521/606/521
f 545/611/545 544/635/544 529/608/529
f 523/612/523 538/638/538 537/610/537
f 546/613/546 545/611/545 530/604/530
f 539/614/539 538/638/538 523/612/523
f 547/615/547 546/613/546 531/588/531
f 525/616/525 540/623/540 539/614/539
f 541/620/541 540/623/540 525/616/525
f 519/596/519 534/622/534 533/617/533
f 527/621/527 542/630/542 541/620/541
f 520/599/520 535/607/535 534/622/534
f 543/609/543 542/630/542 527/621/527
f 540/623/540 555/648/555 554/624/554
f 556/629/556 555/648/555 540/623/540
f 534/622/534 549/631/549 548/625/548
f 542/630/542 557/655/557 556/629/556
f 535/607/535 550/634/550 549/631/549
f 558/632/558 557/655/557 542/630/542
f 536/633/536 551/643/551 550/634/550
f 544/635/544 559/640/559 558/632/558
f 552/636/552 551/643/551 536/633/536
f 560/637/560 559/640/559 544/635/544
f 538/638/538 553/645/553 552/636/552
f 561/639/561 560/637/560 545/611/545
f 554/624/554 553/645/553 538/638/538
f 562/628/562 561/639/561 546/613/546
f 559/640/559 574/666/574 573/641/573
f 567/642/567 566/665/566 551/643/551
f 575/644/575 574/666/574 559/640/559
f 553/645/553 568/669/568 567/642/567
f 561/639/561 576/647/576 575/644/575
f 569/646/569 568/669/568 553/645/553
f 562/628/562 577/652/577 576/647/576
f 555/648/555 570/660/570 569/646/569
f 571/653/571 570/660/570 555/648/555
f 564/654/564 563/649/563 548/625/548
f 557/655/557 572/662/572 571/653/571
f 565/656/565 564/654/564 549/631/549
f 573/641/573 572/662/572 557/655/557
f 551/643/551 566/665/566 565/656/565
f 586/659/586 585/680/585 570/660/570
f 579/661/579 578/672/578 563/649/563
f 572/662/572 587/687/587 586/659/586
f 580/663/580 579/661/579 564/654/564
f 588/664/588 587/687/587 572/662/572
f 566/665/566 581/690/581 580/663/580
f 574/666/574 589/675/589 588/664/588
f 582/667/582 581/690/581 566/665/566
f 590/668/590 589/675/589 574/666/574
f 568/669/568 583/676/583 582/667/582
f 576/647/576 591/671/591 590/668/590
f 584/670/584 583/676/583 568/669/568
f 577/652/577 592/658/592 591/671/591
f 570/660/570 585/680/585 584/670/584
f 605/674/605 604/697/604 589/675/589
f 583/676/583 598/700/598 597/677/597
f 591/671/591 606/679/606 605/674/605
f 599/678/599 598/700/598 583/676/583
f 592/658/592 607/684/607 606/679/606
f 585/680/585 600/703/600 599/678/599
f 601/685/601 600/703/600 585/680/585
f 594/686/594 593/681/593 578/672/578
f 587/687/587 602/692/602 601/685/601
f 595/688/595 594/686/594 579/661/579
f 603/689/603 602/692/602 587/687/587
f 581/690/581 596/696/596 595/688/595
f 589/675/589 604/697/604 603/689/603
f 597/677/597 596/696/596 581/690/581
f 609/691/609 608/704/608 593/681/593
f 602/692/602 617/719/617 616/693/616
f 610/694/610 609/691/609 594/686/594
f 618/695/618 617/719/617 602/692/602
f 596/696/596 611/722/611 610/694/610
f 604/697/604 619/723/619 618/695/618
f 612/698/612 611/722/611 596/696/596
f 620/699/620 619/723/619 604/697/604
f 598/700/598 613/708/613 612/698/612
f 606/679/606 621/702/621 620/699/620
f 614/701/614 613/708/613 598/700/598
f 607/684/607 622/707/622 621/702/621
f 600/703/600 615/713/615 614/701/614
f 616/693/616 615/713/615 600/703/600
f 613/708/613 628/732/628 627/709/627
f 621/702/621 636/733/636 635/710/635
f 629/711/629 628/732/628 613/708/613
f 637/712/637 636/733/636 621/702/621
f 615/713/615 630/736/630 629/711/629
f 631/717/631 630/736/630 615/713/615
f 624/718/624 623/714/623 608/704/608
f 617/719/617 632/724/632 631/717/631
f 625/720/625 624/718/624 609/691/609
f 633/721/633 632/724/632 617/719/617
f 611/722/611 626/728/626 625/720/625
f 619/723/619 634/729/634 633/721/633
f 627/709/627 626/728/626 611/722/611
f 635/710/635 634/729/634 619/723/619
f 632/724/632 647/751/647 646/725/646
f 640/726/640 639/750/639 624/718/624
f 648/727/648 647/751/647 632/724/632
f 626/728/626 641/754/641 640/726/640
f 634/729/634 649/755/649 648/727/648
f 642/730/642 641/754/641 626/728/626
f 650/731/650 649/755/649 634/729/634
f 628/732/628 643/743/643 642/730/642
f 636/733/636 651/740/651 650/731/650
f 644/734/644 643/743/643 628/732/628
f 652/735/652 651/740/651 636/733/636
f 630/736/630 645/745/645 644/734/644
f 646/725/646 645/745/645 630/736/630
f 624/718/624 639/750/639 638/737/638
f 651/740/651 666/766/666 665/741/665
f 659/742/659 658/765/658 643/743/643
f 667/744/667 666/766/666 651/740/651
f 645/745/645 660/769/660 659/742/659
f 661/749/661 660/769/660 645/745/645
f 639/750/639 654/758/654 653/746/653
f 647/751/647 662/760/662 661/749/661
f 655/752/655 654/758/654 639/750/639
f 663/753/663 662/760/662 647/751/647
f 641/754/641 656/761/656 655/752/655
f 649/755/649 664/762/664 663/753/663
f 657/756/657 656/761/656 641/754/641
f 665/741/665 664/762/664 649/755/649
f 643/743/643 658/765/658 657/756/657
f 671/757/671 670/774/670 654/758/654
f 679/759/679 678/785/678 662/760/662
f 656/761/656 672/788/672 671/757/671
f 664/762/664 680/789/680 679/759/679
f 673/763/673 672/788/672 656/761/656
f 681/764/681 680/789/680 664/762/664
f 658/765/658 674/776/674 673/763/673
f 666/766/666 682/778/682 681/764/681
f 675/767/675 674/776/674 658/765/658
f 683/768/683 682/778/682 666/766/666
f 660/769/660 676/779/676 675/767/675
f 677/773/677 676/779/676 660/769/660
f 670/774/670 669/770/669 653/746/653
f 662/760/662 678/785/678 677/773/677
f 690/775/690 689/799/689 674/776/674
f 698/777/698 697/801/697 682/778/682
f 676/779/676 691/803/691 690/775/690
f 692/783/692 691/803/691 676/779/676
f 685/784/685 684/780/684 669/770/669
f 678/785/678 693/793/693 692/783/692
f 686/786/686 685/784/685 670/774/670
f 694/787/694 693/793/693 678/785/678
f 672/788/672 687/794/687 686/786/686
f 680/789/680 695/796/695 694/787/694
f 688/790/688 687/794/687 672/788/672
f 696/791/696 695/796/695 680/789/680
f 674/776/674 689/799/689 688/790/688
f 682/778/682 697/801/697 696/791/696
f 710/792/710 709/818/709 693/793/693
f 687/794/687 703/821/703 702/795/702
f 695/796/695 711/822/711 710/792/710
f 704/797/704 703/821/703 687/794/687
f 712/798/712 711/822/711 695/796/695
f 689/799/689 705/825/705 704/797/704
f 713/800/713 712/798/712 696/791/696
f 706/802/706 705/825/705 689/799/689
f 698/777/698 714/807/714 713/800/713
f 691/803/691 707/811/707 706/802/706
f 708/808/708 707/811/707 691/803/691
f 701/809/701 700/804/700 684/780/684
f 693/793/693 709/818/709 708/808/708
f 686/786/686 702/795/702 701/809/701
f 729/810/729 728/1098/728 713/800/713
f 707/811/707 722/1099/722 721/812/721
f 723/816/723 722/1099/722 707/811/707
f 716/817/716 715/813/715 700/804/700
f 709/818/709 724/1100/724 723/816/723
f 717/819/717 716/817/716 701/809/701
f 725/820/725 724/1100/724 709/818/709
f 703/821/703 718/1101/718 717/819/717
f 711/822/711 726/1102/726 725/820/725
f 719/823/719 718/1101/718 703/821/703
f 727/824/727 726/1102/726 711/822/711
f 705/825/705 720/1103/720 719/823/719
f 713/800/713 728/1098/728 727/824/727
f 721/812/721 720/1103/720 705/825/705
f 726/826/726 741/863/741 740/827/740
f 734/829/734 733/862/733 718/830/718
f 742/832/742 741/863/741 726/826/726
f 720/834/720 735/866/735 734/829/734
f 728/835/728 743/839/743 742/832/742
f 736/836/736 735/866/735 720/834/720
f 729/838/729 744/845/744 743/839/743
f 722/840/722 737/858/737 736/836/736
f 738/846/738 737/858/737 722/840/722
f 731/848/731 730/842/730 715/841/715
f 724/850/724 739/859/739 738/846/738
f 732/851/732 731/848/731 716/849/716
f 740/827/740 739/859/739 724/850/724
f 718/830/718 733/862/733 732/851/732
f 753/857/753 752/875/752 737/858/737
f 731/848/731 746/883/746 745/853/745
f 739/859/739 754/881/754 753/857/753
f 747/860/747 746/883/746 731/848/731
f 755/861/755 754/881/754 739/859/739
f 733/862/733 748/870/748 747/860/747
f 741/863/741 756/886/756 755/861/755
f 749/864/749 748/870/748 733/862/733
f 757/865/757 756/886/756 741/863/741
f 735/866/735 750/873/750 749/864/749
f 758/867/758 757/865/757 742/832/742
f 751/868/751 750/873/750 735/866/735
f 759/856/759 758/867/758 743/839/743
f 737/858/737 752/875/752 751/868/751
f 764/869/764 763/890/763 748/870/748
f 758/867/758 773/874/773 772/871/772
f 766/872/766 765/894/765 750/873/750
f 759/856/759 774/877/774 773/874/773
f 752/875/752 767/898/767 766/872/766
f 768/878/768 767/898/767 752/875/752
f 754/881/754 769/889/769 768/878/768
f 761/882/761 760/879/760 745/853/745
f 770/884/770 769/889/769 754/881/754
f 762/885/762 761/882/761 746/883/746
f 756/886/756 771/891/771 770/884/770
f 748/870/748 763/890/763 762/885/762
f 772/871/772 771/891/771 756/886/756
f 750/873/750 765/894/765 764/869/764
f 777/887/777 776/912/776 761/882/761
f 785/888/785 784/913/784 769/889/769
f 763/890/763 778/916/778 777/887/777
f 771/891/771 786/917/786 785/888/785
f 779/892/779 778/916/778 763/890/763
f 787/893/787 786/917/786 771/891/771
f 765/894/765 780/904/780 779/892/779
f 788/895/788 787/893/787 772/871/772
f 781/896/781 780/904/780 765/894/765
f 789/897/789 788/895/788 773/874/773
f 767/898/767 782/906/782 781/896/781
f 783/902/783 782/906/782 767/898/767
f 761/882/761 776/912/776 775/899/775
f 769/889/769 784/913/784 783/902/783
f 796/903/796 795/928/795 780/904/780
f 804/905/804 803/920/803 788/895/788
f 782/906/782 797/931/797 796/903/796
f 798/910/798 797/931/797 782/906/782
f 791/911/791 790/907/790 775/899/775
f 784/913/784 799/922/799 798/910/798
f 792/914/792 791/911/791 776/912/776
f 800/915/800 799/922/799 784/913/784
f 778/916/778 793/923/793 792/914/792
f 786/917/786 801/925/801 800/915/800
f 794/918/794 793/923/793 778/916/778
f 802/919/802 801/925/801 786/917/786
f 780/904/780 795/928/795 794/918/794
f 803/920/803 802/919/802 787/893/787
f 815/921/815 814/945/814 799/922/799
f 793/923/793 808/948/808 807/924/807
f 801/925/801 816/949/816 815/921/815
f 809/926/809 808/948/808 793/923/793
f 817/927/817 816/949/816 801/925/801
f 795/928/795 810/952/810 809/926/809
f 803/920/803 818/930/818 817/927/817
f 811/929/811 810/952/810 795/928/795
f 804/905/804 819/935/819 818/930/818
f 797/931/797 812/939/812 811/929/811
f 813/936/813 812/939/812 797/931/797
f 806/937/806 805/932/805 790/907/790
f 799/922/799 814/945/814 813/936/813
f 807/924/807 806/937/806 791/911/791
f 834/938/834 833/960/833 818/930/818
f 812/939/812 827/963/827 826/940/826
f 828/944/828 827/963/827 812/939/812
f 806/937/806 821/968/821 820/941/820
f 814/945/814 829/969/829 828/944/828
f 822/946/822 821/968/821 806/937/806
f 830/947/830 829/969/829 814/945/814
f 808/948/808 823/953/823 822/946/822
f 816/949/816 831/955/831 830/947/830
f 824/950/824 823/953/823 808/948/808
f 832/951/832 831/955/831 816/949/816
f 810/952/810 825/959/825 824/950/824
f 818/930/818 833/960/833 832/951/832
f 826/940/826 825/959/825 810/952/810
f 823/953/823 838/982/838 837/954/837
f 831/955/831 846/983/846 845/956/845
f 839/957/839 838/982/838 823/953/823
f 847/958/847 846/983/846 831/955/831
f 825/959/825 840/986/840 839/957/839
f 833/960/833 848/987/848 847/958/847
f 841/961/841 840/986/840 825/959/825
f 849/962/849 848/987/848 833/960/833
f 827/963/827 842/970/842 841/961/841
f 843/967/843 842/970/842 827/963/827
f 821/968/821 836/978/836 835/964/835
f 829/969/829 844/979/844 843/967/843
f 837/954/837 836/978/836 821/968/821
f 845/956/845 844/979/844 829/969/829
f 842/970/842 857/997/857 856/971/856
f 858/976/858 857/997/857 842/970/842
f 851/977/851 850/972/850 835/964/835
f 844/979/844 859/1002/859 858/976/858
f 852/980/852 851/977/851 836/978/836
f 860/981/860 859/1002/859 844/979/844
f 838/982/838 853/991/853 852/980/852
f 846/983/846 861/988/861 860/981/860
f 854/984/854 853/991/853 838/982/838
f 862/985/862 861/988/861 846/983/846
f 840/986/840 855/993/855 854/984/854
f 848/987/848 863/994/863 862/985/862
f 856/971/856 855/993/855 840/986/840
f 864/975/864 863/994/863 848/987/848
f 861/988/861 876/1014/876 875/989/875
f 869/990/869 868/1013/868 853/991/853
f 877/992/877 876/1014/876 861/988/861
f 855/993/855 870/1017/870 869/990/869
f 863/994/863 878/1018/878 877/992/877
f 871/995/871 870/1017/870 855/993/855
f 879/996/879 878/1018/878 863/994/863
f 857/997/857 872/1007/872 871/995/871
f 873/1001/873 872/1007/872 857/997/857
f 851/977/851 866/1009/866 865/998/865
f 859/1002/859 874/1010/874 873/1001/873
f 867/1003/867 866/1009/866 851/977/851
f 875/989/875 874/1010/874 859/1002/859
f 853/991/853 868/1013/868 867/1003/867
f 888/1006/888 887/1030/887 872/1007/872
f 881/1008/881 880/1020/880 865/998/865
f 874/1010/874 889/1035/889 888/1006/888
f 882/1011/882 881/1008/881 866/1009/866
f 890/1012/890 889/1035/889 874/1010/874
f 868/1013/868 883/1038/883 882/1011/882
f 876/1014/876 891/1023/891 890/1012/890
f 884/1015/884 883/1038/883 868/1013/868
f 892/1016/892 891/1023/891 876/1014/876
f 870/1017/870 885/1024/885 884/1015/884
f 878/1018/878 893/1027/893 892/1016/892
f 886/1019/886 885/1024/885 870/1017/870
f 894/1005/894 893/1027/893 878/1018/878
f 872/1007/872 887/1030/887 886/1019/886
f 907/1022/907 906/1046/906 891/1023/891
f 885/1024/885 900/1049/900 899/1025/899
f 908/1026/908 907/1022/907 892/1016/892
f 901/1028/901 900/1049/900 885/1024/885
f 909/1029/909 908/1026/908 893/1027/893
f 887/1030/887 902/1052/902 901/1028/901
f 903/1034/903 902/1052/902 887/1030/887
f 881/1008/881 896/1039/896 895/1031/895
f 889/1035/889 904/1041/904 903/1034/903
f 897/1036/897 896/1039/896 881/1008/881
f 905/1037/905 904/1041/904 889/1035/889
f 883/1038/883 898/1045/898 897/1036/897
f 891/1023/891 906/1046/906 905/1037/905
f 899/1025/899 898/1045/898 883/1038/883
f 896/1039/896 911/1066/911 910/1040/910
f 904/1041/904 919/1067/919 918/1042/918
f 912/1043/912 911/1066/911 896/1039/896
f 920/1044/920 919/1067/919 904/1041/904
f 898/1045/898 913/1070/913 912/1043/912
f 906/1046/906 921/1071/921 920/1044/920
f 914/1047/914 913/1070/913 898/1045/898
f 922/1048/922 921/1071/921 906/1046/906
f 900/1049/900 915/1055/915 914/1047/914
f 908/1026/908 923/1057/923 922/1048/922
f 916/1050/916 915/1055/915 900/1049/900
f 924/1051/924 923/1057/923 908/1026/908
f 902/1052/902 917/1061/917 916/1050/916
f 918/1042/918 917/1061/917 902/1052/902
f 915/1055/915 930/1081/930 929/1056/929
f 923/1057/923 938/1082/938 937/1058/937
f 931/1059/931 930/1081/930 915/1055/915
f 939/1060/939 938/1082/938 923/1057/923
f 917/1061/917 932/1085/932 931/1059/931
f 933/1065/933 932/1085/932 917/1061/917
f 911/1066/911 926/1075/926 925/1062/925
f 919/1067/919 934/1072/934 933/1065/933
f 927/1068/927 926/1075/926 911/1066/911
f 935/1069/935 934/1072/934 919/1067/919
f 913/1070/913 928/1077/928 927/1068/927
f 921/1071/921 936/1078/936 935/1069/935
f 929/1056/929 928/1077/928 913/1070/913
f 937/1058/937 936/1078/936 921/1071/921
f 934/1072/934 949/1095/949 948/1073/948
f 942/1074/942 941/1090/941 926/1075/926
f 950/1076/950 949/1095/949 934/1072/934
f 928/1077/928 943/1096/943 942/1074/942
f 936/1078/936 951/1097/951 950/1076/950
f 944/1079/944 943/1096/943 928/1077/928
f 952/1080/952 951/1097/951 936/1078/936
f 930/1081/930 945/1091/945 944/1079/944
f 938/1082/938 953/1084/953 952/1080/952
f 946/1083/946 945/1091/945 930/1081/930
f 939/1060/939 954/1089/954 953/1084/953
f 932/1085/932 947/1092/947 946/1083/946
f 948/1073/948 947/1092/947 932/1085/932
f 941/1090/941 940/1086/940 925/1062/925
f 953/1084/953 962/17/962 961/14/961
f 4/19/4 957/16/957 945/1091/945
f 7/22/7 962/17/962 953/1084/953
f 947/1092/947 958/23/958 4/19/4
f 5/2/5 958/23/958 947/1092/947
f 941/1090/941 2/5/2 1/25/1
f 949/1095/949 959/3/959 5/2/5
f 942/1074/942 955/6/955 2/5/2
f 960/8/960 959/3/959 949/1095/949
f 943/1096/943 3/10/3 955/6/955
f 6/11/6 960/8/960 950/1076/950
f 944/1079/944 956/13/956 3/10/3
f 961/14/961 6/11/6 951/1097/951
f 945/1091/945 957/16/957 956/13/956
