# Blender 4.1.1
# www.blender.org
mtllib AL4_Title.mtl
o テキスト
v 5.313513 0.051600 -0.058041
v 5.396954 0.051600 -0.062708
v 5.396999 0.051600 0.035051
v 5.324367 0.051600 0.030429
v 5.224000 0.051600 0.030000
v 5.228500 0.051600 0.030000
v 5.073251 0.051600 0.030000
v 5.074376 0.051600 0.030000
v 4.703401 0.051600 0.030113
v 4.632729 0.051600 0.032682
v 4.602002 0.051600 0.034963
v 4.602029 0.051600 -0.062728
v 4.712452 0.051600 -0.058074
v 3.970001 0.051600 -0.301000
v 4.252505 0.051600 -0.301120
v 4.275528 0.051600 -0.302953
v 4.296178 0.051600 -0.307130
v 4.307001 0.051600 -0.311000
v 4.372707 0.051600 -0.271100
v 4.359904 0.051600 -0.245074
v 4.349731 0.051600 -0.218795
v 4.329355 0.051600 -0.156844
v 4.308355 0.051600 -0.105036
v 4.283053 0.051600 -0.051605
v 4.253626 0.051600 0.002334
v 4.220234 0.051600 0.055688
v 4.193058 0.051600 0.093924
v 4.258873 0.051600 0.143757
v 4.307030 0.051600 0.181965
v 4.248019 0.051600 0.250977
v 4.208065 0.051600 0.216274
v 4.139015 0.051600 0.159984
v 4.103888 0.051600 0.197107
v 4.052053 0.051600 0.244610
v 3.993975 0.051600 0.289880
v 3.929333 0.051600 0.332299
v 3.857783 0.051600 0.371267
v 3.799299 0.051600 0.397659
v 3.758000 0.051600 0.414000
v 3.686001 0.051600 0.352000
v 3.727398 0.051600 0.338187
v 3.786122 0.051600 0.314956
v 3.858782 0.051600 0.278840
v 3.924818 0.051600 0.238235
v 3.984312 0.051600 0.194108
v 4.037342 0.051600 0.147428
v 4.073223 0.051600 0.110745
v 3.934439 0.051600 0.014357
v 3.861036 0.051600 -0.033035
v 3.915123 0.051600 -0.088116
v 3.991741 0.051600 -0.041973
v 4.063930 0.051600 0.004564
v 4.126288 0.051600 0.047129
v 4.164505 0.051600 -0.009249
v 4.192337 0.051600 -0.057069
v 4.216763 0.051600 -0.105501
v 4.237287 0.051600 -0.153201
v 4.253427 0.051600 -0.198852
v 4.262001 0.051600 -0.230000
v 3.924001 0.051600 -0.230000
v 3.898676 0.051600 -0.195582
v 3.861445 0.051600 -0.149512
v 3.820153 0.051600 -0.103540
v 3.774859 0.051600 -0.058474
v 3.725608 0.051600 -0.015105
v 3.659357 0.051600 0.035239
v 3.592000 0.051600 -0.017000
v 3.633551 0.051600 -0.044587
v 3.672236 0.051600 -0.073611
v 3.724330 0.051600 -0.118051
v 3.785247 0.051600 -0.180398
v 3.824519 0.051600 -0.227899
v 3.857096 0.051600 -0.272014
v 3.892594 0.051600 -0.327746
v 3.917879 0.051600 -0.374102
v 3.929365 0.051600 -0.398610
v 3.940722 0.051600 -0.428286
v 3.945000 0.051600 -0.444000
v 4.035959 0.051600 -0.415012
v 4.022087 0.051600 -0.392590
v 3.994683 0.051600 -0.343779
v 3.314729 0.051600 -0.058084
v 3.396954 0.051600 -0.062708
v 3.396999 0.051600 0.035051
v 3.324367 0.051600 0.030429
v 3.224001 0.051600 0.030000
v 3.228501 0.051600 0.030000
v 3.073251 0.051600 0.030000
v 3.074376 0.051600 0.030000
v 2.703402 0.051600 0.030113
v 2.632731 0.051600 0.032681
v 2.602001 0.051600 0.034963
v 2.602029 0.051600 -0.062728
v 2.713865 0.051600 -0.058036
v 2.094167 0.051600 0.282996
v 2.114906 0.051600 0.153918
v 2.134231 0.051600 0.015319
v 2.141150 0.051600 -0.053000
v 1.803784 0.051600 -0.052886
v 1.743001 0.051600 -0.049961
v 1.743011 0.051600 -0.133862
v 1.804662 0.051600 -0.128136
v 2.132898 0.051600 -0.128023
v 2.162496 0.051600 -0.131197
v 2.176065 0.051600 -0.134952
v 2.236854 0.051600 -0.106040
v 2.230838 0.051600 -0.080860
v 2.213204 0.051600 0.051415
v 2.179049 0.051600 0.283000
v 2.299959 0.051600 0.282829
v 2.355978 0.051600 0.280211
v 2.355996 0.051600 0.360912
v 2.296146 0.051600 0.359050
v 1.885970 0.051600 0.359000
v 1.883186 0.051600 0.359000
v 1.707558 0.051600 0.359105
v 1.649007 0.051600 0.361885
v 1.649001 0.051600 0.279024
v 1.702420 0.051600 0.282629
v 1.026782 0.051600 0.175535
v 1.085342 0.051600 0.136458
v 1.157771 0.051600 0.079717
v 1.223462 0.051600 0.018630
v 1.281937 0.051600 -0.046135
v 1.332716 0.051600 -0.113900
v 1.365000 0.051600 -0.166000
v 1.413001 0.051600 -0.084000
v 1.390416 0.051600 -0.050392
v 1.353289 0.051600 -0.001099
v 1.296159 0.051600 0.063573
v 1.232219 0.051600 0.125426
v 1.162396 0.051600 0.183646
v 1.087619 0.051600 0.237417
v 1.019597 0.051600 0.279503
v 0.962912 0.051600 0.308269
v 0.904850 0.051600 0.333510
v 0.845643 0.051600 0.355852
v 0.787585 0.051600 0.374811
v 0.732994 0.051600 0.389894
v 0.697001 0.051600 0.398000
v 0.651000 0.051600 0.317000
v 0.692744 0.051600 0.309013
v 0.750046 0.051600 0.295153
v 0.807858 0.051600 0.277923
v 0.865146 0.051600 0.257413
v 0.920877 0.051600 0.233707
v 0.973825 0.051600 0.206998
v 0.824215 0.051600 0.031607
v 0.728813 0.051600 -0.032374
v 0.643905 0.051600 -0.084334
v 0.606000 0.051600 -0.105000
v 0.650217 0.051600 -0.173294
v 0.755896 0.051600 -0.111550
v 0.840226 0.051600 -0.058608
v 0.870000 0.051600 -0.038000
v 0.971110 0.051600 -0.189175
v 0.899016 0.051600 -0.239843
v 0.813852 0.051600 -0.295809
v 0.756053 0.051600 -0.331073
v 0.801000 0.051600 -0.398000
v 0.838509 0.051600 -0.376118
v 0.925625 0.051600 -0.320611
v 1.018189 0.051600 -0.257320
v 0.104107 0.051600 0.011473
v 0.095102 0.051600 0.037734
v 0.079924 0.051600 0.060324
v 0.059552 0.051600 0.078224
v 0.035000 0.051600 0.090435
v 0.007300 0.051600 0.095997
v -0.014479 0.051600 0.095041
v -0.034999 0.051600 0.090435
v -0.059551 0.051600 0.078224
v -0.079923 0.051600 0.060324
v -0.095101 0.051600 0.037734
v -0.104106 0.051600 0.011473
v -0.105997 0.051600 -0.017300
v -0.100435 0.051600 -0.044999
v -0.088223 0.051600 -0.069552
v -0.070323 0.051600 -0.089923
v -0.047734 0.051600 -0.105101
v -0.021472 0.051600 -0.114107
v 0.000000 0.051600 -0.116000
v 0.021473 0.051600 -0.114107
v 0.047735 0.051600 -0.105101
v 0.070324 0.051600 -0.089923
v 0.088224 0.051600 -0.069552
v 0.100436 0.051600 -0.044999
v 0.105998 0.051600 -0.017300
v -1.031999 0.051600 -0.286000
v -0.748482 0.051600 -0.286121
v -0.725514 0.051600 -0.287960
v -0.705238 0.051600 -0.292151
v -0.694999 0.051600 -0.296000
v -0.628158 0.051600 -0.255070
v -0.641827 0.051600 -0.226738
v -0.650040 0.051600 -0.204706
v -0.672140 0.051600 -0.135234
v -0.695640 0.051600 -0.077104
v -0.724491 0.051600 -0.017186
v -0.758455 0.051600 0.042814
v -0.797301 0.051600 0.101204
v -0.840900 0.051600 0.156499
v -0.890170 0.051600 0.209429
v -0.945409 0.051600 0.258987
v -1.007856 0.051600 0.305179
v -1.078656 0.051600 0.347892
v -1.158958 0.051600 0.387013
v -1.227000 0.051600 0.414000
v -1.299000 0.051600 0.349000
v -1.254444 0.051600 0.334742
v -1.191727 0.051600 0.310818
v -1.116248 0.051600 0.274046
v -1.048920 0.051600 0.232509
v -0.989070 0.051600 0.186813
v -0.936034 0.051600 0.137566
v -0.899999 0.051600 0.098000
v -0.872074 0.051600 0.062855
v -0.836903 0.051600 0.010594
v -0.805684 0.051600 -0.044294
v -0.779076 0.051600 -0.099705
v -0.757748 0.051600 -0.153515
v -0.739623 0.051600 -0.213964
v -1.079000 0.051600 -0.214000
v -1.102689 0.051600 -0.182077
v -1.137757 0.051600 -0.139470
v -1.176870 0.051600 -0.097064
v -1.220052 0.051600 -0.055443
v -1.267328 0.051600 -0.015189
v -1.331669 0.051600 0.032217
v -1.401000 0.051600 -0.020000
v -1.359511 0.051600 -0.046569
v -1.321004 0.051600 -0.074551
v -1.269240 0.051600 -0.117559
v -1.209296 0.051600 -0.177912
v -1.171146 0.051600 -0.223871
v -1.139522 0.051600 -0.267018
v -1.105740 0.051600 -0.321618
v -1.082427 0.051600 -0.366353
v -1.071352 0.051600 -0.390540
v -1.060277 0.051600 -0.420946
v -1.056000 0.051600 -0.437000
v -0.963041 0.051600 -0.407012
v -0.983305 0.051600 -0.373769
v -1.008129 0.051600 -0.327784
v -1.950140 0.051600 -0.195022
v -1.887797 0.051600 -0.239641
v -1.839038 0.051600 -0.278680
v -1.793018 0.051600 -0.319419
v -1.750501 0.051600 -0.361125
v -1.703807 0.051600 -0.412799
v -1.636869 0.051600 -0.350869
v -1.686307 0.051600 -0.302176
v -1.750329 0.051600 -0.244887
v -1.844169 0.051600 -0.171420
v -1.906999 0.051600 -0.128000
v -1.906615 0.051600 0.332690
v -1.903064 0.051600 0.387764
v -1.901000 0.051600 0.401000
v -1.998952 0.051600 0.400998
v -1.996544 0.051600 0.379451
v -1.993302 0.051600 0.323186
v -1.993009 0.051600 -0.075754
v -2.062086 0.051600 -0.038787
v -2.122822 0.051600 -0.009415
v -2.187013 0.051600 0.018876
v -2.253828 0.051600 0.045618
v -2.322420 0.051600 0.070333
v -2.374000 0.051600 0.087000
v -2.414000 0.051600 0.009000
v -2.350449 0.051600 -0.009409
v -2.268480 0.051600 -0.037214
v -2.190893 0.051600 -0.067755
v -2.118300 0.051600 -0.100397
v -2.035112 0.051600 -0.143193
v -2.646103 0.051600 -0.044029
v -2.663637 0.051600 0.005887
v -2.684706 0.051600 0.055258
v -2.709613 0.051600 0.103306
v -2.738657 0.051600 0.149251
v -2.772080 0.051600 0.192248
v -2.807676 0.051600 0.229602
v -2.848711 0.051600 0.266815
v -2.906299 0.051600 0.309297
v -2.966125 0.051600 0.344476
v -3.027631 0.051600 0.373230
v -3.090244 0.051600 0.396439
v -3.138999 0.051600 0.411000
v -3.200999 0.051600 0.340000
v -3.148355 0.051600 0.327642
v -3.081333 0.051600 0.306009
v -3.018277 0.051600 0.278970
v -2.959830 0.051600 0.246778
v -2.906641 0.051600 0.209692
v -2.871069 0.051600 0.178953
v -2.841538 0.051600 0.149168
v -2.813801 0.051600 0.115047
v -2.789393 0.051600 0.078338
v -2.768543 0.051600 0.040211
v -2.751289 0.051600 0.001617
v -2.737664 0.051600 -0.036503
v -2.730000 0.051600 -0.064000
v -3.284280 0.051600 -0.063852
v -3.358993 0.051600 -0.061134
v -3.358955 0.051600 -0.144640
v -3.279222 0.051600 -0.139088
v -2.725603 0.051600 -0.139014
v -2.703500 0.051600 -0.140466
v -2.686191 0.051600 -0.143871
v -2.678999 0.051600 -0.147000
v -2.622112 0.051600 -0.111050
v -2.633018 0.051600 -0.088107
v -2.756985 0.051600 -0.370070
v -2.709854 0.051600 -0.372933
v -2.694999 0.051600 -0.375000
v -2.695018 0.051600 -0.292196
v -2.760122 0.051600 -0.294949
v -3.206525 0.051600 -0.294857
v -3.268987 0.051600 -0.292166
v -3.268920 0.051600 -0.374570
v -3.208620 0.051600 -0.370127
v -4.163030 0.051600 -0.310832
v -4.164452 0.051600 -0.347391
v -4.167871 0.051600 -0.384962
v -4.171000 0.051600 -0.404000
v -4.073235 0.051600 -0.403975
v -4.079769 0.051600 -0.317792
v -4.079995 0.051600 -0.137173
v -3.955150 0.051600 -0.096076
v -3.794698 0.051600 -0.035373
v -3.693704 0.051600 0.008331
v -3.652999 0.051600 0.028000
v -3.686911 0.051600 0.112742
v -3.760425 0.051600 0.076233
v -3.861321 0.051600 0.031884
v -4.005718 0.051600 -0.023334
v -4.079999 0.051600 -0.048000
v -4.078736 0.051600 0.309988
v -4.075917 0.051600 0.368898
v -4.073050 0.051600 0.399998
v -4.170000 0.051600 0.400000
v -4.167355 0.051600 0.380022
v -4.164350 0.051600 0.338851
v -4.163013 0.051600 0.295194
v -4.163000 0.051600 -0.107611
v -4.738755 0.051600 -0.221930
v -4.761483 0.051600 -0.173406
v -4.788047 0.051600 -0.122558
v -4.817847 0.051600 -0.071023
v -4.850275 0.051600 -0.020448
v -4.892771 0.051600 0.038177
v -4.854319 0.051600 0.072108
v -4.786870 0.051600 0.135951
v -4.694162 0.051600 0.231135
v -4.600708 0.051600 0.336719
v -4.670866 0.051600 0.396877
v -4.717052 0.051600 0.338733
v -4.783318 0.051600 0.261971
v -4.857216 0.051600 0.184398
v -4.908350 0.051600 0.134466
v -4.946000 0.051600 0.100000
v -4.987683 0.051600 0.143276
v -5.046798 0.051600 0.198955
v -5.109847 0.051600 0.251930
v -5.176401 0.051600 0.301136
v -5.246040 0.051600 0.345519
v -5.299279 0.051600 0.374376
v -5.335999 0.051600 0.392000
v -5.400000 0.051600 0.325000
v -5.360039 0.051600 0.308118
v -5.302263 0.051600 0.279650
v -5.226764 0.051600 0.234397
v -5.155396 0.051600 0.183494
v -5.089046 0.051600 0.128598
v -5.028618 0.051600 0.071376
v -4.980714 0.051600 0.019815
v -4.945579 0.051600 -0.024265
v -4.912078 0.051600 -0.071891
v -4.881100 0.051600 -0.121645
v -4.854183 0.051600 -0.171308
v -4.832802 0.051600 -0.218778
v -4.822000 0.051600 -0.250000
v -5.225430 0.051600 -0.249899
v -5.272954 0.051600 -0.247862
v -5.312999 0.051600 -0.245024
v -5.312986 0.051600 -0.335853
v -5.273466 0.051600 -0.332532
v -5.223648 0.051600 -0.330021
v -4.814235 0.051600 -0.330036
v -4.784746 0.051600 -0.331763
v -4.761541 0.051600 -0.335188
v -4.750999 0.051600 -0.338000
v -4.700119 0.051600 -0.299067
v -4.712672 0.051600 -0.279083
v -4.722919 0.051600 -0.259747
v 5.314730 -0.051600 -0.058084
v 5.396954 -0.051600 -0.062708
v 5.396999 -0.051600 0.035051
v 5.324367 -0.051600 0.030429
v 5.224000 -0.051600 0.030000
v 5.228500 -0.051600 0.030000
v 5.073251 -0.051600 0.030000
v 5.074376 -0.051600 0.030000
v 4.703401 -0.051600 0.030113
v 4.632729 -0.051600 0.032682
v 4.602002 -0.051600 0.034963
v 4.602029 -0.051600 -0.062728
v 4.713865 -0.051600 -0.058036
v 3.970001 -0.051600 -0.301000
v 4.252505 -0.051600 -0.301120
v 4.275528 -0.051600 -0.302953
v 4.296178 -0.051600 -0.307130
v 4.307001 -0.051600 -0.311000
v 4.372707 -0.051600 -0.271100
v 4.359904 -0.051600 -0.245074
v 4.349731 -0.051600 -0.218795
v 4.329355 -0.051600 -0.156844
v 4.308355 -0.051600 -0.105036
v 4.283053 -0.051600 -0.051605
v 4.253626 -0.051600 0.002334
v 4.220234 -0.051600 0.055688
v 4.193058 -0.051600 0.093924
v 4.258873 -0.051600 0.143757
v 4.307030 -0.051600 0.181965
v 4.248019 -0.051600 0.250977
v 4.208065 -0.051600 0.216274
v 4.139015 -0.051600 0.159984
v 4.103888 -0.051600 0.197107
v 4.052053 -0.051600 0.244610
v 3.993975 -0.051600 0.289880
v 3.929333 -0.051600 0.332299
v 3.857783 -0.051600 0.371267
v 3.799299 -0.051600 0.397659
v 3.758000 -0.051600 0.414000
v 3.686001 -0.051600 0.352000
v 3.727398 -0.051600 0.338187
v 3.786122 -0.051600 0.314956
v 3.858782 -0.051600 0.278840
v 3.924818 -0.051600 0.238235
v 3.984312 -0.051600 0.194108
v 4.037342 -0.051600 0.147428
v 4.073223 -0.051600 0.110745
v 3.934439 -0.051600 0.014357
v 3.861036 -0.051600 -0.033035
v 3.915123 -0.051600 -0.088116
v 3.991741 -0.051600 -0.041973
v 4.063930 -0.051600 0.004564
v 4.126288 -0.051600 0.047129
v 4.164505 -0.051600 -0.009249
v 4.192337 -0.051600 -0.057069
v 4.216763 -0.051600 -0.105501
v 4.237287 -0.051600 -0.153201
v 4.253427 -0.051600 -0.198852
v 4.262001 -0.051600 -0.230000
v 3.924001 -0.051600 -0.230000
v 3.898676 -0.051600 -0.195582
v 3.861445 -0.051600 -0.149512
v 3.820153 -0.051600 -0.103540
v 3.774859 -0.051600 -0.058474
v 3.725608 -0.051600 -0.015105
v 3.659357 -0.051600 0.035239
v 3.592000 -0.051600 -0.017000
v 3.633551 -0.051600 -0.044587
v 3.672236 -0.051600 -0.073611
v 3.724330 -0.051600 -0.118051
v 3.785247 -0.051600 -0.180398
v 3.824519 -0.051600 -0.227899
v 3.857096 -0.051600 -0.272014
v 3.892594 -0.051600 -0.327746
v 3.917879 -0.051600 -0.374102
v 3.929365 -0.051600 -0.398610
v 3.940722 -0.051600 -0.428286
v 3.945000 -0.051600 -0.444000
v 4.035959 -0.051600 -0.415012
v 4.022087 -0.051600 -0.392590
v 3.994683 -0.051600 -0.343779
v 3.313513 -0.051600 -0.058041
v 3.396954 -0.051600 -0.062708
v 3.396999 -0.051600 0.035051
v 3.324367 -0.051600 0.030429
v 3.224001 -0.051600 0.030000
v 3.228501 -0.051600 0.030000
v 3.073251 -0.051600 0.030000
v 3.074376 -0.051600 0.030000
v 2.703402 -0.051600 0.030113
v 2.632731 -0.051600 0.032681
v 2.602001 -0.051600 0.034963
v 2.602029 -0.051600 -0.062728
v 2.712452 -0.051600 -0.058074
v 2.094167 -0.051600 0.282996
v 2.114906 -0.051600 0.153918
v 2.134231 -0.051600 0.015319
v 2.141150 -0.051600 -0.053000
v 1.803784 -0.051600 -0.052886
v 1.743001 -0.051600 -0.049961
v 1.743011 -0.051600 -0.133862
v 1.804662 -0.051600 -0.128136
v 2.132898 -0.051600 -0.128023
v 2.162496 -0.051600 -0.131197
v 2.176065 -0.051600 -0.134952
v 2.236854 -0.051600 -0.106040
v 2.230838 -0.051600 -0.080860
v 2.213204 -0.051600 0.051415
v 2.179049 -0.051600 0.283000
v 2.299959 -0.051600 0.282829
v 2.355978 -0.051600 0.280211
v 2.355996 -0.051600 0.360912
v 2.296146 -0.051600 0.359050
v 1.885970 -0.051600 0.359000
v 1.883186 -0.051600 0.359000
v 1.707558 -0.051600 0.359105
v 1.649007 -0.051600 0.361885
v 1.649001 -0.051600 0.279024
v 1.702420 -0.051600 0.282629
v 1.026782 -0.051600 0.175535
v 1.085342 -0.051600 0.136458
v 1.157771 -0.051600 0.079717
v 1.223462 -0.051600 0.018630
v 1.281937 -0.051600 -0.046135
v 1.332716 -0.051600 -0.113900
v 1.365000 -0.051600 -0.166000
v 1.413001 -0.051600 -0.084000
v 1.390416 -0.051600 -0.050392
v 1.353289 -0.051600 -0.001099
v 1.296159 -0.051600 0.063573
v 1.232219 -0.051600 0.125426
v 1.162396 -0.051600 0.183646
v 1.087619 -0.051600 0.237417
v 1.019597 -0.051600 0.279503
v 0.962912 -0.051600 0.308269
v 0.904850 -0.051600 0.333510
v 0.845643 -0.051600 0.355852
v 0.787585 -0.051600 0.374811
v 0.732994 -0.051600 0.389894
v 0.697001 -0.051600 0.398000
v 0.651000 -0.051600 0.317000
v 0.692744 -0.051600 0.309013
v 0.750046 -0.051600 0.295153
v 0.807858 -0.051600 0.277923
v 0.865146 -0.051600 0.257413
v 0.920877 -0.051600 0.233707
v 0.973825 -0.051600 0.206998
v 0.824215 -0.051600 0.031607
v 0.728813 -0.051600 -0.032374
v 0.643905 -0.051600 -0.084334
v 0.606000 -0.051600 -0.105000
v 0.650217 -0.051600 -0.173294
v 0.755896 -0.051600 -0.111550
v 0.840226 -0.051600 -0.058608
v 0.870000 -0.051600 -0.038000
v 0.971110 -0.051600 -0.189175
v 0.899016 -0.051600 -0.239843
v 0.813852 -0.051600 -0.295809
v 0.756053 -0.051600 -0.331073
v 0.801000 -0.051600 -0.398000
v 0.838509 -0.051600 -0.376118
v 0.925625 -0.051600 -0.320611
v 1.018189 -0.051600 -0.257320
v 0.104107 -0.051600 0.011473
v 0.095102 -0.051600 0.037734
v 0.079924 -0.051600 0.060324
v 0.059552 -0.051600 0.078224
v 0.035000 -0.051600 0.090435
v 0.007300 -0.051600 0.095997
v -0.014479 -0.051600 0.095041
v -0.034999 -0.051600 0.090435
v -0.059551 -0.051600 0.078224
v -0.079923 -0.051600 0.060324
v -0.095101 -0.051600 0.037734
v -0.104106 -0.051600 0.011473
v -0.105997 -0.051600 -0.017300
v -0.100435 -0.051600 -0.044999
v -0.088223 -0.051600 -0.069552
v -0.070323 -0.051600 -0.089923
v -0.047734 -0.051600 -0.105101
v -0.021472 -0.051600 -0.114107
v 0.000000 -0.051600 -0.116000
v 0.021473 -0.051600 -0.114107
v 0.047735 -0.051600 -0.105101
v 0.070324 -0.051600 -0.089923
v 0.088224 -0.051600 -0.069552
v 0.100436 -0.051600 -0.044999
v 0.105998 -0.051600 -0.017300
v -1.031999 -0.051600 -0.286000
v -0.748482 -0.051600 -0.286121
v -0.725514 -0.051600 -0.287960
v -0.705238 -0.051600 -0.292151
v -0.694999 -0.051600 -0.296000
v -0.628158 -0.051600 -0.255070
v -0.641827 -0.051600 -0.226738
v -0.650040 -0.051600 -0.204706
v -0.672140 -0.051600 -0.135234
v -0.695640 -0.051600 -0.077104
v -0.724491 -0.051600 -0.017186
v -0.758455 -0.051600 0.042814
v -0.797301 -0.051600 0.101204
v -0.840900 -0.051600 0.156499
v -0.890170 -0.051600 0.209429
v -0.945409 -0.051600 0.258987
v -1.007856 -0.051600 0.305179
v -1.078656 -0.051600 0.347892
v -1.158958 -0.051600 0.387013
v -1.227000 -0.051600 0.414000
v -1.299000 -0.051600 0.349000
v -1.254444 -0.051600 0.334742
v -1.191727 -0.051600 0.310818
v -1.116248 -0.051600 0.274046
v -1.048920 -0.051600 0.232509
v -0.989070 -0.051600 0.186813
v -0.936034 -0.051600 0.137566
v -0.899999 -0.051600 0.098000
v -0.872074 -0.051600 0.062855
v -0.836903 -0.051600 0.010594
v -0.805684 -0.051600 -0.044294
v -0.779076 -0.051600 -0.099705
v -0.757748 -0.051600 -0.153515
v -0.739623 -0.051600 -0.213964
v -1.079000 -0.051600 -0.214000
v -1.102689 -0.051600 -0.182077
v -1.137757 -0.051600 -0.139470
v -1.176870 -0.051600 -0.097064
v -1.220052 -0.051600 -0.055443
v -1.267328 -0.051600 -0.015189
v -1.331669 -0.051600 0.032217
v -1.401000 -0.051600 -0.020000
v -1.359511 -0.051600 -0.046569
v -1.321004 -0.051600 -0.074551
v -1.285421 -0.051600 -0.103609
v -1.252703 -0.051600 -0.133407
v -1.209296 -0.051600 -0.177912
v -1.171146 -0.051600 -0.223871
v -1.139522 -0.051600 -0.267018
v -1.105740 -0.051600 -0.321618
v -1.082427 -0.051600 -0.366353
v -1.071352 -0.051600 -0.390540
v -1.060277 -0.051600 -0.420946
v -1.056000 -0.051600 -0.437000
v -0.963041 -0.051600 -0.407012
v -0.983305 -0.051600 -0.373769
v -1.008129 -0.051600 -0.327784
v -1.950140 -0.051600 -0.195022
v -1.887797 -0.051600 -0.239641
v -1.839038 -0.051600 -0.278680
v -1.793018 -0.051600 -0.319419
v -1.750501 -0.051600 -0.361125
v -1.703807 -0.051600 -0.412799
v -1.636869 -0.051600 -0.350869
v -1.686307 -0.051600 -0.302176
v -1.750329 -0.051600 -0.244887
v -1.844169 -0.051600 -0.171420
v -1.906999 -0.051600 -0.128000
v -1.906615 -0.051600 0.332690
v -1.903064 -0.051600 0.387764
v -1.901000 -0.051600 0.401000
v -1.998952 -0.051600 0.400998
v -1.996544 -0.051600 0.379451
v -1.993302 -0.051600 0.323186
v -1.993009 -0.051600 -0.075754
v -2.062086 -0.051600 -0.038787
v -2.122822 -0.051600 -0.009415
v -2.187013 -0.051600 0.018876
v -2.253828 -0.051600 0.045618
v -2.322420 -0.051600 0.070333
v -2.374000 -0.051600 0.087000
v -2.414000 -0.051600 0.009000
v -2.350449 -0.051600 -0.009409
v -2.268480 -0.051600 -0.037214
v -2.190893 -0.051600 -0.067755
v -2.118300 -0.051600 -0.100397
v -2.035112 -0.051600 -0.143193
v -2.646103 -0.051600 -0.044029
v -2.663637 -0.051600 0.005887
v -2.684706 -0.051600 0.055258
v -2.709613 -0.051600 0.103306
v -2.738657 -0.051600 0.149251
v -2.772080 -0.051600 0.192248
v -2.807676 -0.051600 0.229602
v -2.848711 -0.051600 0.266815
v -2.906299 -0.051600 0.309297
v -2.966125 -0.051600 0.344476
v -3.027631 -0.051600 0.373230
v -3.090244 -0.051600 0.396439
v -3.138999 -0.051600 0.411000
v -3.200999 -0.051600 0.340000
v -3.148355 -0.051600 0.327642
v -3.081333 -0.051600 0.306009
v -3.018277 -0.051600 0.278970
v -2.959830 -0.051600 0.246778
v -2.906641 -0.051600 0.209692
v -2.871069 -0.051600 0.178953
v -2.841538 -0.051600 0.149168
v -2.813801 -0.051600 0.115047
v -2.789393 -0.051600 0.078338
v -2.768543 -0.051600 0.040211
v -2.751289 -0.051600 0.001617
v -2.737664 -0.051600 -0.036503
v -2.730000 -0.051600 -0.064000
v -3.286210 -0.051600 -0.063805
v -3.358993 -0.051600 -0.061134
v -3.358955 -0.051600 -0.144640
v -3.279222 -0.051600 -0.139088
v -2.725603 -0.051600 -0.139014
v -2.703500 -0.051600 -0.140466
v -2.686191 -0.051600 -0.143871
v -2.678999 -0.051600 -0.147000
v -2.622112 -0.051600 -0.111050
v -2.633018 -0.051600 -0.088107
v -2.756985 -0.051600 -0.370070
v -2.709854 -0.051600 -0.372933
v -2.694999 -0.051600 -0.375000
v -2.695018 -0.051600 -0.292196
v -2.760122 -0.051600 -0.294949
v -3.206525 -0.051600 -0.294857
v -3.268987 -0.051600 -0.292166
v -3.268920 -0.051600 -0.374570
v -3.208620 -0.051600 -0.370127
v -4.163030 -0.051600 -0.310832
v -4.164452 -0.051600 -0.347391
v -4.167871 -0.051600 -0.384962
v -4.171000 -0.051600 -0.404000
v -4.073235 -0.051600 -0.403975
v -4.079769 -0.051600 -0.317792
v -4.079995 -0.051600 -0.137173
v -3.955150 -0.051600 -0.096076
v -3.794698 -0.051600 -0.035373
v -3.693704 -0.051600 0.008331
v -3.652999 -0.051600 0.028000
v -3.686911 -0.051600 0.112742
v -3.760425 -0.051600 0.076233
v -3.861321 -0.051600 0.031884
v -4.005718 -0.051600 -0.023334
v -4.079999 -0.051600 -0.048000
v -4.078736 -0.051600 0.309988
v -4.075917 -0.051600 0.368898
v -4.073050 -0.051600 0.399998
v -4.170000 -0.051600 0.400000
v -4.167355 -0.051600 0.380022
v -4.164350 -0.051600 0.338851
v -4.163013 -0.051600 0.295194
v -4.163000 -0.051600 -0.137396
v -4.738755 -0.051600 -0.221930
v -4.761483 -0.051600 -0.173406
v -4.788047 -0.051600 -0.122558
v -4.817847 -0.051600 -0.071023
v -4.850275 -0.051600 -0.020448
v -4.892771 -0.051600 0.038177
v -4.854319 -0.051600 0.072108
v -4.786870 -0.051600 0.135951
v -4.694162 -0.051600 0.231135
v -4.600708 -0.051600 0.336719
v -4.670866 -0.051600 0.396877
v -4.717052 -0.051600 0.338733
v -4.783318 -0.051600 0.261971
v -4.857216 -0.051600 0.184398
v -4.908350 -0.051600 0.134466
v -4.946000 -0.051600 0.100000
v -4.987683 -0.051600 0.143276
v -5.046798 -0.051600 0.198955
v -5.109847 -0.051600 0.251930
v -5.176401 -0.051600 0.301136
v -5.246040 -0.051600 0.345519
v -5.299279 -0.051600 0.374376
v -5.335999 -0.051600 0.392000
v -5.400000 -0.051600 0.325000
v -5.360039 -0.051600 0.308118
v -5.302263 -0.051600 0.279650
v -5.226764 -0.051600 0.234397
v -5.155396 -0.051600 0.183494
v -5.089046 -0.051600 0.128598
v -5.028618 -0.051600 0.071376
v -4.980714 -0.051600 0.019815
v -4.945579 -0.051600 -0.024265
v -4.912078 -0.051600 -0.071891
v -4.881100 -0.051600 -0.121645
v -4.854183 -0.051600 -0.171308
v -4.832802 -0.051600 -0.218778
v -4.822000 -0.051600 -0.250000
v -5.251547 -0.051600 -0.249145
v -5.312999 -0.051600 -0.245024
v -5.312986 -0.051600 -0.335853
v -5.273466 -0.051600 -0.332532
v -5.223648 -0.051600 -0.330021
v -4.814235 -0.051600 -0.330036
v -4.784746 -0.051600 -0.331763
v -4.761541 -0.051600 -0.335188
v -4.750999 -0.051600 -0.338000
v -4.700119 -0.051600 -0.299067
v -4.712672 -0.051600 -0.279083
v -4.725523 -0.051600 -0.254271
v -4.738755 -0.051616 -0.221930
v -4.714759 -0.046013 -0.264374
v -4.714595 0.042369 -0.262428
v -4.738843 0.053798 -0.221551
v -4.749740 -0.002048 -0.172216
v -4.761483 -0.051599 -0.173405
v -4.770092 0.043834 -0.142897
v -4.761483 0.051599 -0.173405
v -4.809020 -0.043826 -0.071420
v -4.788047 -0.051574 -0.122558
v -4.788047 0.051574 -0.122558
v -4.817846 -0.051600 -0.071023
v -4.820801 -0.006007 -0.045559
v -4.827638 0.036970 -0.041158
v -4.817846 0.051599 -0.071023
v -4.850274 -0.051599 -0.020449
v -4.850274 0.051599 -0.020449
v -4.892629 -0.051825 0.038003
v -4.879436 0.016408 0.036661
v -4.892629 0.051825 0.038003
v -4.882442 -0.038598 0.036923
v -4.801914 -0.051597 0.121031
v -4.761755 0.010557 0.145798
v -4.884591 0.047465 0.036217
v -4.801914 0.051597 0.121031
v -4.785583 -0.039176 0.126482
v -4.701516 0.043303 0.213661
v -4.694163 -0.051559 0.231136
v -4.654576 -0.019049 0.259611
v -4.694163 0.051559 0.231136
v -4.593361 -0.047715 0.336963
v -4.586418 0.018134 0.338274
v -4.600655 -0.052732 0.336724
v -4.600655 0.052732 0.336724
v -4.671011 -0.053074 0.397076
v -4.672245 -0.023985 0.410414
v -4.671954 0.035593 0.408298
v -4.670866 0.051534 0.396874
v -4.697211 -0.051622 0.363133
v -4.734301 -0.036868 0.328801
v -4.737309 0.009064 0.330124
v -4.716513 0.056200 0.339660
v -4.748814 -0.053301 0.301176
v -4.852474 -0.024838 0.201817
v -4.783326 0.053205 0.262040
v -4.807549 -0.052813 0.236084
v -4.852276 0.024365 0.201477
v -4.858519 0.056052 0.183331
v -4.857217 -0.051601 0.184397
v -4.908351 -0.051601 0.134466
v -4.908351 0.051601 0.134466
v -4.945164 0.038965 0.110767
v -4.946003 -0.052878 0.100064
v -4.945239 -0.023098 0.113219
v -4.945993 0.055597 0.100192
v -4.987682 -0.051598 0.143276
v -5.053126 -0.042377 0.214817
v -4.993320 -0.018405 0.162605
v -4.987682 0.051598 0.143276
v -5.046797 -0.051598 0.198954
v -5.073205 0.046571 0.228708
v -5.046797 0.051598 0.198954
v -5.048069 0.011473 0.214024
v -5.109766 -0.053209 0.251934
v -5.143839 0.026618 0.289387
v -5.109846 0.051597 0.251929
v -5.176400 -0.051596 0.301135
v -5.240182 -0.041222 0.351269
v -5.174474 -0.010769 0.312740
v -5.226864 0.045865 0.341838
v -5.176400 0.051596 0.301135
v -5.246039 -0.051594 0.345518
v -5.264176 0.024821 0.366942
v -5.246039 0.051594 0.345518
v -5.299279 -0.051600 0.374376
v -5.338055 -0.036543 0.402366
v -5.299279 0.051600 0.374376
v -5.335999 -0.051600 0.392000
v -5.337501 0.038673 0.401106
v -5.335999 0.051600 0.392000
v -5.400109 -0.053544 0.324977
v -5.412325 -0.034580 0.322850
v -5.417265 0.018871 0.321616
v -5.400109 0.053544 0.324977
v -5.360039 -0.051600 0.308118
v -5.360045 0.052752 0.308077
v -5.302286 -0.052392 0.279629
v -5.268145 -0.032610 0.251954
v -5.326347 0.000663 0.281189
v -5.267176 0.026758 0.250087
v -5.302265 0.051615 0.279650
v -5.226832 0.052124 0.234421
v -5.226832 -0.052124 0.234421
v -5.155437 0.052249 0.183498
v -5.155437 -0.052249 0.183498
v -5.163019 -0.024805 0.177465
v -5.144815 0.030737 0.164913
v -5.089064 0.052343 0.128581
v -5.089064 -0.052343 0.128581
v -5.080869 -0.020199 0.108602
v -5.042710 0.054203 0.085037
v -5.028977 -0.052584 0.071690
v -5.048357 0.009993 0.076886
v -4.991590 -0.002973 0.016662
v -4.988700 0.038009 0.019949
v -4.980765 -0.052882 0.019807
v -4.965147 -0.031697 -0.011355
v -4.999110 0.054893 0.040353
v -4.962816 0.051604 -0.001910
v -4.945580 -0.051603 -0.024264
v -4.939845 0.008925 -0.048565
v -4.903809 -0.052849 -0.084331
v -4.900728 -0.030760 -0.104655
v -4.920237 0.052848 -0.059528
v -4.911571 0.026341 -0.088401
v -4.881100 0.051603 -0.121646
v -4.867071 -0.052959 -0.146663
v -4.856352 -0.030782 -0.185369
v -4.854206 0.052909 -0.171362
v -4.859050 0.025127 -0.181838
v -4.842703 -0.051609 -0.195460
v -4.827928 -0.046378 -0.245356
v -4.832802 0.051614 -0.218779
v -4.821574 -0.051778 -0.249992
v -4.836533 -0.005151 -0.239515
v -4.831351 0.038287 -0.243170
v -4.822074 0.053172 -0.249949
v -5.235280 -0.024215 -0.240944
v -5.236190 0.042545 -0.243637
v -5.233891 0.007482 -0.239902
v -5.228815 -0.051606 -0.249931
v -5.234044 -0.046554 -0.245294
v -5.228815 0.051604 -0.249931
v -5.312978 -0.051517 -0.245179
v -5.312978 0.051517 -0.245179
v -5.317517 -0.046550 -0.240139
v -5.322895 -0.016089 -0.234440
v -5.320314 0.039021 -0.237071
v -5.313148 -0.055979 -0.336023
v -5.322956 -0.017163 -0.346011
v -5.313058 0.053422 -0.336037
v -5.321751 0.024699 -0.345698
v -5.285294 0.051591 -0.333304
v -5.273466 -0.051595 -0.332531
v -5.234555 0.046536 -0.334684
v -5.233686 -0.046494 -0.334691
v -5.222618 -0.016421 -0.339830
v -5.223648 -0.051603 -0.330021
v -5.225379 0.023776 -0.339038
v -5.223648 0.051603 -0.330021
v -4.814235 -0.051598 -0.330036
v -4.807534 -0.030999 -0.338495
v -4.811032 0.008103 -0.340061
v -4.784423 0.038520 -0.337508
v -4.784908 0.052666 -0.331786
v -4.814235 0.051597 -0.330036
v -4.784912 -0.052639 -0.331785
v -4.771904 -0.036774 -0.340317
v -4.768884 0.005866 -0.344159
v -4.761541 -0.051622 -0.335189
v -4.761541 0.051622 -0.335189
v -4.750999 -0.053263 -0.338067
v -4.748561 -0.017435 -0.349361
v -4.750971 0.057329 -0.338293
v -4.699939 -0.053330 -0.299025
v -4.686271 -0.023135 -0.301040
v -4.692343 0.043005 -0.300574
v -4.700124 0.051489 -0.299066
v -4.707930 -0.023427 -0.270054
v -4.706367 0.008169 -0.270840
v -4.708643 -0.051593 -0.285975
v -4.718927 0.051615 -0.268175
v -4.722202 -0.051614 -0.261313
v -4.163008 -0.051599 -0.309972
v -4.171260 -0.032151 -0.319846
v -4.171388 0.031551 -0.324795
v -4.164520 0.052372 -0.347983
v -4.163012 0.051599 -0.310125
v -4.164518 -0.052352 -0.347961
v -4.173625 -0.017152 -0.348874
v -4.167871 -0.051620 -0.384962
v -4.178502 -0.037089 -0.410967
v -4.178502 0.037089 -0.410967
v -4.167871 0.051620 -0.384962
v -4.171075 -0.053543 -0.404063
v -4.181972 0.003879 -0.414031
v -4.171075 0.053543 -0.404063
v -4.073239 -0.051486 -0.403971
v -4.064890 -0.038643 -0.411376
v -4.062335 0.016447 -0.413875
v -4.072816 0.056565 -0.404163
v -4.072116 -0.038614 -0.323590
v -4.069830 0.016445 -0.322706
v -4.076366 0.054638 -0.366302
v -4.079769 -0.051602 -0.317792
v -4.079769 0.051602 -0.317792
v -4.079864 -0.055523 -0.137104
v -4.069385 -0.006493 -0.144968
v -4.073984 0.042930 -0.141734
v -4.079992 0.051666 -0.137175
v -4.012524 -0.051625 -0.115641
v -3.956402 -0.043567 -0.102901
v -3.955151 0.051556 -0.096075
v -3.911299 -0.008158 -0.090971
v -3.920312 0.039307 -0.091485
v -3.874149 -0.051556 -0.066457
v -3.743073 -0.038087 -0.022460
v -3.836268 0.051600 -0.051648
v -3.749184 0.020525 -0.027079
v -3.761790 0.057554 -0.021755
v -3.761284 -0.051601 -0.021304
v -3.693705 -0.051602 0.008330
v -3.693705 0.051602 0.008330
v -3.652756 -0.056962 0.027855
v -3.639469 -0.005326 0.022781
v -3.645972 0.045343 0.025119
v -3.652999 0.051600 0.028000
v -3.686929 -0.055392 0.113219
v -3.681370 -0.012112 0.126308
v -3.686886 0.052963 0.112806
v -3.742013 -0.051652 0.084778
v -3.682897 0.033944 0.123069
v -3.828244 0.056227 0.046219
v -3.760424 0.051603 0.076234
v -3.828088 -0.023672 0.055600
v -3.828785 0.016446 0.056161
v -3.827954 -0.056302 0.046345
v -3.899720 -0.051601 0.016659
v -3.977967 -0.042452 -0.006690
v -3.975140 0.008319 -0.001187
v -4.005717 -0.051567 -0.023335
v -3.896545 0.054400 0.018027
v -4.005717 0.051567 -0.023335
v -4.079952 0.053082 -0.047924
v -4.070467 -0.025324 -0.035142
v -4.071717 0.031752 -0.036675
v -4.079952 -0.053082 -0.047924
v -4.078685 -0.053205 0.309930
v -4.069248 -0.024629 0.312852
v -4.069740 0.031105 0.336390
v -4.078685 0.053205 0.309930
v -4.075917 -0.051601 0.368898
v -4.062283 -0.002315 0.410318
v -4.075917 0.051600 0.368898
v -4.065654 -0.037119 0.407016
v -4.065654 0.037119 0.407016
v -4.072989 0.053215 0.400050
v -4.072989 -0.053215 0.400050
v -4.170064 -0.052856 0.400044
v -4.180554 -0.022987 0.409908
v -4.177424 0.036967 0.407044
v -4.170064 0.052856 0.400044
v -4.167355 -0.051616 0.380021
v -4.175862 -0.001573 0.362737
v -4.167355 0.051616 0.380021
v -4.163395 -0.051600 0.320047
v -4.172843 -0.016738 0.307910
v -4.172170 0.023538 0.314308
v -4.167757 0.046510 0.313764
v -4.163151 0.051597 0.314713
v -4.167776 -0.046460 0.313872
v -2.756985 -0.051598 -0.370070
v -2.695084 -0.048847 -0.374930
v -2.757154 -0.023754 -0.379081
v -2.735986 -0.004357 -0.380352
v -2.757141 0.023694 -0.379087
v -2.695084 0.048850 -0.374928
v -2.756985 0.051597 -0.370070
v -2.709854 -0.051615 -0.372933
v -2.687982 -0.037032 -0.382494
v -2.685228 0.024458 -0.385077
v -2.709854 0.051615 -0.372933
v -2.695020 -0.051504 -0.292199
v -2.687576 -0.038081 -0.284198
v -2.685747 0.027948 -0.282907
v -2.694977 0.052850 -0.292153
v -2.751932 -0.046499 -0.290308
v -2.752019 0.046530 -0.290321
v -2.760393 -0.051597 -0.294956
v -2.761957 0.023713 -0.285948
v -2.760393 0.051598 -0.294956
v -2.748125 -0.016113 -0.285048
v -3.204129 -0.051598 -0.294923
v -3.272422 -0.046806 -0.288873
v -3.210188 -0.023783 -0.285861
v -3.216419 0.008120 -0.284802
v -3.206519 0.036840 -0.287734
v -3.269001 0.051962 -0.292149
v -3.204129 0.051596 -0.294923
v -3.268985 -0.051537 -0.292168
v -3.279413 -0.013531 -0.281415
v -3.276080 0.037124 -0.284586
v -3.268971 -0.053084 -0.374624
v -3.278332 -0.024536 -0.385748
v -3.277903 0.023648 -0.384607
v -3.269170 0.056164 -0.375287
v -3.253068 0.051613 -0.372899
v -3.208620 -0.051595 -0.370127
v -3.223269 -0.044893 -0.375549
v -3.227196 -0.015720 -0.380287
v -3.208428 0.023758 -0.379137
v -3.208542 0.046532 -0.374715
v -3.208620 0.051598 -0.370127
v -2.646103 -0.051599 -0.044029
v -2.656881 -0.040944 0.009795
v -2.645802 -0.000470 -0.011571
v -2.644325 0.040445 -0.025798
v -2.646103 0.051599 -0.044029
v -2.663637 -0.051598 0.005887
v -2.663637 0.051598 0.005887
v -2.684706 -0.051597 0.055257
v -2.698623 -0.045155 0.095499
v -2.689087 -0.008189 0.087777
v -2.689548 0.038642 0.083216
v -2.684706 0.051597 0.055257
v -2.709613 -0.051594 0.103306
v -2.709613 0.051594 0.103306
v -2.738657 -0.051591 0.149251
v -2.754254 -0.044624 0.180458
v -2.731570 -0.008552 0.157360
v -2.744786 0.044625 0.168199
v -2.738657 0.051591 0.149251
v -2.772080 -0.051587 0.192247
v -2.765717 0.008552 0.200873
v -2.772080 0.051587 0.192247
v -2.807676 -0.051600 0.229602
v -2.822723 -0.034877 0.256085
v -2.816954 0.040240 0.248853
v -2.807676 0.051600 0.229602
v -2.848712 -0.051580 0.266815
v -2.848712 0.051580 0.266815
v -2.879625 0.021173 0.303550
v -2.906302 -0.053205 0.309362
v -2.932221 -0.036645 0.335523
v -2.906302 0.053205 0.309362
v -2.966126 -0.051590 0.344476
v -2.958991 0.033143 0.350706
v -2.966126 0.051590 0.344476
v -3.027632 -0.051594 0.373230
v -3.064067 -0.045060 0.393687
v -3.020795 -0.008552 0.381708
v -3.027935 0.043097 0.379909
v -3.027632 0.051594 0.373230
v -3.090245 -0.051549 0.396437
v -3.086893 0.008567 0.406405
v -3.090245 0.051549 0.396437
v -3.139040 -0.056252 0.411188
v -3.142401 -0.016466 0.422123
v -3.140914 0.042972 0.418961
v -3.138999 0.051600 0.411000
v -3.201399 -0.056019 0.339790
v -3.219054 -0.016314 0.334119
v -3.215493 0.036756 0.335279
v -3.200999 0.051600 0.340000
v -3.148355 -0.051610 0.327642
v -3.149412 0.008547 0.317091
v -3.100694 0.054735 0.312595
v -3.148355 0.051610 0.327642
v -3.081332 -0.051612 0.306008
v -3.082950 0.000000 0.294953
v -3.036474 -0.054682 0.287137
v -2.993387 -0.028480 0.257309
v -2.991348 0.035656 0.257626
v -3.049248 0.052226 0.293118
v -2.988415 -0.052187 0.263467
v -2.978066 -0.000009 0.246122
v -2.988415 0.052187 0.263467
v -2.932512 -0.052138 0.228790
v -2.888363 -0.027033 0.183859
v -2.911822 0.031269 0.203141
v -2.932512 0.052138 0.228790
v -2.882232 -0.052223 0.189380
v -2.861011 0.024406 0.156324
v -2.882232 0.052223 0.189380
v -2.841538 -0.051611 0.149169
v -2.841538 0.051611 0.149169
v -2.821762 -0.024780 0.110822
v -2.810438 0.029427 0.097435
v -2.820046 0.052748 0.123067
v -2.820046 -0.052748 0.123067
v -2.801155 -0.051607 0.096930
v -2.801155 0.051607 0.096930
v -2.778522 -0.051606 0.059395
v -2.777051 -0.024786 0.037086
v -2.755258 0.051878 0.011650
v -2.778522 0.051606 0.059395
v -2.762361 0.028204 0.006732
v -2.755258 -0.051878 0.011650
v -2.737858 -0.040293 -0.057316
v -2.737713 0.053282 -0.036533
v -2.737713 -0.053282 -0.036533
v -2.743006 -0.008028 -0.054001
v -2.739664 0.038331 -0.056487
v -2.730000 -0.051600 -0.064000
v -2.730000 0.051600 -0.064000
v -3.279491 -0.051598 -0.063970
v -3.292328 -0.046535 -0.059308
v -3.292367 -0.023689 -0.054878
v -3.286724 0.008072 -0.053937
v -3.286664 0.043228 -0.057893
v -3.269059 0.051601 -0.063996
v -3.319417 0.051600 -0.062893
v -3.359095 -0.054220 -0.061045
v -3.367086 0.032865 -0.052521
v -3.369035 -0.013634 -0.050560
v -3.359051 0.053209 -0.060943
v -3.358948 -0.051390 -0.144633
v -3.366251 -0.040785 -0.152129
v -3.369271 -0.004281 -0.155875
v -3.359006 0.053125 -0.144694
v -3.366926 0.031769 -0.153671
v -3.285307 -0.046515 -0.143767
v -3.285236 0.046556 -0.143751
v -3.281270 0.016499 -0.148921
v -3.279222 -0.051605 -0.139088
v -3.280922 -0.023686 -0.148129
v -3.279222 0.051607 -0.139089
v -2.725603 -0.051599 -0.139014
v -2.714461 -0.046535 -0.143718
v -2.714863 -0.023782 -0.148134
v -2.717655 0.015895 -0.148921
v -2.714439 0.046502 -0.143730
v -2.725603 0.051599 -0.139013
v -2.703500 -0.051604 -0.140466
v -2.694147 0.023310 -0.150816
v -2.703500 0.051604 -0.140466
v -2.686192 -0.051655 -0.143873
v -2.689286 -0.016484 -0.153226
v -2.679074 0.055378 -0.147213
v -2.686192 0.051655 -0.143873
v -2.679074 -0.055378 -0.147213
v -2.678018 0.000000 -0.159436
v -2.622034 -0.051586 -0.111019
v -2.611637 -0.036756 -0.113694
v -2.609091 0.016315 -0.114356
v -2.621857 0.055498 -0.111085
v -2.627239 -0.046526 -0.090471
v -2.622403 -0.016460 -0.088494
v -2.623135 0.023601 -0.088777
v -2.627239 0.046526 -0.090471
v -2.632335 -0.051613 -0.089995
v -2.632335 0.051613 -0.089995
v -1.950059 -0.052085 -0.195096
v -1.941619 -0.024290 -0.211898
v -1.938694 0.052539 -0.202961
v -1.887798 -0.051602 -0.239640
v -1.839202 0.054918 -0.278724
v -1.887798 0.051602 -0.239640
v -1.884674 0.010595 -0.254435
v -1.839038 -0.051580 -0.278680
v -1.838124 -0.042898 -0.287074
v -1.793018 -0.051602 -0.319420
v -1.806521 0.007435 -0.320971
v -1.793018 0.051602 -0.319420
v -1.753671 -0.043908 -0.365589
v -1.754612 0.036523 -0.366724
v -1.750500 -0.051603 -0.361126
v -1.703793 0.053811 -0.412931
v -1.750500 0.051603 -0.361126
v -1.748582 -0.007473 -0.378058
v -1.703809 -0.053247 -0.412875
v -1.704908 -0.009006 -0.428855
v -1.636639 -0.056253 -0.350867
v -1.621578 -0.006923 -0.350861
v -1.626694 0.040125 -0.351204
v -1.636873 0.051526 -0.350869
v -1.686308 -0.051600 -0.302175
v -1.726404 -0.046546 -0.258747
v -1.704002 -0.008537 -0.271133
v -1.725044 0.043075 -0.257977
v -1.686308 0.051600 -0.302175
v -1.750330 -0.051595 -0.244886
v -1.750330 0.051595 -0.244886
v -1.792630 -0.017918 -0.198198
v -1.821412 0.039070 -0.178928
v -1.844170 -0.051596 -0.171419
v -1.899834 -0.042383 -0.123629
v -1.844170 0.051596 -0.171419
v -1.896870 0.012319 -0.122406
v -1.906862 -0.055596 -0.127927
v -1.906862 0.055596 -0.127927
v -1.906569 -0.052491 0.333182
v -1.899464 -0.036929 0.332545
v -1.895690 -0.008157 0.363431
v -1.898257 0.031160 0.332454
v -1.906569 0.052491 0.333182
v -1.903063 -0.051619 0.387764
v -1.891702 0.028567 0.409801
v -1.903063 0.051619 0.387764
v -1.901000 -0.051600 0.401000
v -1.893052 -0.036191 0.408731
v -1.900781 0.056848 0.401184
v -1.998969 -0.051240 0.400984
v -2.005587 -0.041060 0.407113
v -2.009639 -0.011299 0.411062
v -2.007069 0.037192 0.408553
v -2.003281 0.023629 0.354704
v -1.996544 -0.051601 0.379451
v -1.996544 0.051601 0.379451
v -1.998969 0.051240 0.400984
v -1.993302 -0.051589 0.323186
v -2.003205 -0.016462 0.327378
v -1.993302 0.051589 0.323186
v -1.993016 -0.051811 -0.075743
v -2.000397 -0.038588 -0.063131
v -2.003232 0.003496 -0.058108
v -1.998768 0.044044 -0.065834
v -1.993016 0.051811 -0.075743
v -2.062087 -0.051600 -0.038787
v -2.083708 -0.039787 -0.019608
v -2.097095 0.041423 -0.013336
v -2.062087 0.051600 -0.038787
v -2.122823 -0.051600 -0.009414
v -2.122823 0.051600 -0.009414
v -2.187014 -0.051599 0.018877
v -2.277147 -0.037612 0.063379
v -2.172810 -0.010166 0.024462
v -2.187013 0.051575 0.018876
v -2.247944 0.039421 0.051743
v -2.253828 -0.051574 0.045617
v -2.253827 0.051600 0.045618
v -2.322419 -0.051600 0.070333
v -2.322419 0.051600 0.070333
v -2.377531 -0.040408 0.095691
v -2.378635 0.029964 0.098213
v -2.374000 -0.051600 0.087000
v -2.374000 0.051600 0.087000
v -2.413799 -0.051367 0.009335
v -2.425292 -0.036756 0.004098
v -2.426932 0.024218 0.003974
v -2.414266 0.056848 0.008884
v -2.302053 -0.031009 -0.033429
v -2.313962 0.007521 -0.031236
v -2.350471 0.052928 -0.009449
v -2.309019 -0.052905 -0.022955
v -2.250066 0.042054 -0.050562
v -2.268481 0.051602 -0.037213
v -2.229213 -0.052782 -0.052180
v -2.140068 0.012391 -0.100575
v -2.190892 0.051574 -0.067754
v -2.153932 -0.051602 -0.083854
v -2.116388 0.054960 -0.101470
v -2.135615 -0.037766 -0.099841
v -2.084074 -0.051602 -0.117305
v -2.021941 -0.031427 -0.160298
v -1.998933 0.026292 -0.174465
v -2.051328 0.051602 -0.134498
v -2.020212 -0.053061 -0.151914
v -1.992467 0.051600 -0.168299
v -1.031932 -0.052797 -0.286039
v -1.016496 -0.029476 -0.295270
v -1.014230 0.016479 -0.295845
v -1.023570 0.046403 -0.290922
v -1.031999 0.051600 -0.286000
v -0.748482 -0.051593 -0.286120
v -0.735725 -0.038443 -0.294107
v -0.735963 0.016399 -0.296397
v -0.748695 0.055564 -0.286265
v -0.725513 -0.051605 -0.287960
v -0.725513 0.051605 -0.287960
v -0.705238 -0.051634 -0.292152
v -0.693593 -0.016782 -0.305992
v -0.693888 0.024177 -0.305059
v -0.695083 0.055489 -0.296216
v -0.705238 0.051634 -0.292152
v -0.695083 -0.055489 -0.296216
v -0.627951 -0.053249 -0.255034
v -0.613167 -0.016308 -0.258669
v -0.627806 0.055831 -0.255067
v -0.634744 -0.023352 -0.221370
v -0.633463 0.015740 -0.222314
v -0.637289 -0.051592 -0.236978
v -0.637289 0.051592 -0.236978
v -0.648786 -0.051615 -0.208931
v -0.648522 0.051632 -0.209474
v -0.639504 0.043548 -0.217638
v -0.654789 -0.052824 -0.187670
v -0.666386 -0.043915 -0.133747
v -0.658027 0.001303 -0.143685
v -0.672140 -0.051597 -0.135233
v -0.666386 0.043915 -0.133747
v -0.672140 0.051597 -0.135233
v -0.695641 -0.051555 -0.077105
v -0.707219 -0.040888 -0.034873
v -0.700066 -0.000425 -0.041681
v -0.698814 0.041127 -0.052519
v -0.695641 0.051555 -0.077105
v -0.724490 -0.051597 -0.017187
v -0.724490 0.051597 -0.017187
v -0.758454 -0.051596 0.042813
v -0.785500 -0.044254 0.097536
v -0.751345 0.008551 0.051215
v -0.773882 0.045997 0.077135
v -0.758454 0.051596 0.042813
v -0.797300 -0.051634 0.101205
v -0.807986 -0.019310 0.132383
v -0.811487 0.014816 0.137554
v -0.797300 0.051634 0.101205
v -0.840901 -0.051532 0.156498
v -0.840901 0.051532 0.156498
v -0.859835 0.045983 0.186180
v -0.890170 -0.051590 0.209428
v -0.883953 -0.043103 0.211797
v -0.884898 0.008552 0.218906
v -0.890170 0.051590 0.209428
v -0.945408 -0.051640 0.258988
v -0.971594 -0.042316 0.288488
v -0.938882 0.017358 0.266975
v -0.945408 0.051640 0.258988
v -1.007857 -0.051587 0.305179
v -1.001067 -0.000893 0.313011
v -1.008101 0.045166 0.313072
v -1.007857 0.051587 0.305179
v -1.078658 -0.051589 0.347892
v -1.113563 -0.043846 0.373500
v -1.086441 0.002413 0.364072
v -1.078658 0.051589 0.347892
v -1.130941 0.045084 0.380982
v -1.158960 -0.051511 0.387010
v -1.228334 -0.002830 0.427299
v -1.158960 0.051511 0.387010
v -1.227000 -0.051600 0.414000
v -1.228412 -0.038673 0.422661
v -1.227020 0.056252 0.414190
v -1.299000 -0.051600 0.349000
v -1.314314 -0.036756 0.345699
v -1.318076 0.016315 0.344888
v -1.299361 0.056848 0.348922
v -1.254444 -0.051600 0.334742
v -1.233853 -0.037898 0.319758
v -1.214110 0.032874 0.311466
v -1.191767 -0.053215 0.310777
v -1.178898 -0.024024 0.295069
v -1.232743 0.052542 0.327195
v -1.116434 -0.054683 0.274030
v -1.117033 0.020070 0.262998
v -1.152863 0.051997 0.293020
v -1.048947 -0.053084 0.232470
v -1.069678 -0.025042 0.235641
v -1.053299 0.031589 0.225423
v -1.081599 0.052112 0.253810
v -1.018103 0.051615 0.210144
v -0.989072 -0.051614 0.186814
v -0.992880 -0.041654 0.181740
v -0.986235 0.015973 0.171066
v -0.974372 0.054399 0.173655
v -0.936066 0.052169 0.137571
v -0.936066 -0.052169 0.137571
v -0.931977 -0.029376 0.120691
v -0.900071 -0.052934 0.098014
v -0.906383 0.006583 0.090129
v -0.894665 0.036934 0.081466
v -0.900071 0.052934 0.098014
v -0.872074 -0.051610 0.062855
v -0.861626 -0.035349 0.036148
v -0.872074 0.051610 0.062855
v -0.851613 0.016530 0.014645
v -0.836957 0.052795 0.010603
v -0.836957 -0.052795 0.010603
v -0.805683 -0.051573 -0.044293
v -0.802098 -0.025037 -0.070897
v -0.798565 0.027233 -0.077519
v -0.805683 0.051573 -0.044293
v -0.785468 -0.053384 -0.085925
v -0.772337 -0.041682 -0.131027
v -0.767710 -0.051605 -0.126944
v -0.766874 0.008548 -0.159066
v -0.778960 0.052751 -0.100081
v -0.757748 0.051607 -0.153516
v -0.749276 -0.051609 -0.179151
v -0.754013 -0.000000 -0.202951
v -0.739827 0.056093 -0.213813
v -0.740220 -0.055919 -0.213854
v -1.078932 -0.056252 -0.213831
v -1.073885 -0.016466 -0.204278
v -1.075403 0.038673 -0.206440
v -1.079000 0.051600 -0.214000
v -1.102688 -0.051598 -0.182078
v -1.113716 -0.043084 -0.157947
v -1.113142 0.000000 -0.151939
v -1.113716 0.043084 -0.157948
v -1.102688 0.051598 -0.182078
v -1.137756 -0.051598 -0.139471
v -1.137756 0.051598 -0.139471
v -1.176869 -0.051598 -0.097064
v -1.192390 -0.043088 -0.072441
v -1.193100 -0.008180 -0.066287
v -1.191577 0.031322 -0.070048
v -1.237202 0.047655 -0.032731
v -1.176869 0.051598 -0.097064
v -1.220051 -0.051598 -0.055444
v -1.220051 0.051598 -0.055444
v -1.267327 -0.051597 -0.015190
v -1.275356 -0.000000 0.005240
v -1.267327 0.051597 -0.015190
v -1.296696 -0.059034 0.007599
v -1.331668 0.053178 0.032280
v -1.331990 -0.053929 0.032096
v -1.332468 -0.017435 0.044803
v -1.332137 0.036968 0.040818
v -1.401111 -0.053544 -0.020004
v -1.418953 -0.017199 -0.020685
v -1.401111 0.053544 -0.020004
v -1.359511 -0.051600 -0.046569
v -1.329039 -0.034139 -0.077070
v -1.414743 0.028893 -0.020192
v -1.321047 0.051460 -0.074514
v -1.359511 0.051600 -0.046569
v -1.321047 -0.051460 -0.074514
v -1.319838 0.018608 -0.088352
v -1.285553 0.052617 -0.103542
v -1.285553 -0.052617 -0.103542
v -1.276444 0.000000 -0.124956
v -1.237911 -0.053216 -0.147658
v -1.216449 -0.036775 -0.179256
v -1.216449 0.036775 -0.179256
v -1.237911 0.053216 -0.147658
v -1.217356 0.000000 -0.184380
v -1.183439 -0.053214 -0.208186
v -1.183439 0.053214 -0.208186
v -1.159766 0.006571 -0.255766
v -1.139551 -0.053213 -0.267070
v -1.139523 0.051609 -0.267018
v -1.118711 -0.016498 -0.318364
v -1.124353 0.038326 -0.303704
v -1.106260 -0.055567 -0.320984
v -1.105741 0.051607 -0.321617
v -1.082376 -0.052663 -0.366535
v -1.075665 -0.034040 -0.398673
v -1.085889 -0.016434 -0.381086
v -1.083311 0.030785 -0.383199
v -1.082376 0.052663 -0.366535
v -1.071352 -0.051590 -0.390540
v -1.071352 0.051590 -0.390540
v -1.070073 0.016425 -0.422480
v -1.060278 -0.051622 -0.420946
v -1.060278 0.051622 -0.420946
v -1.056164 -0.055697 -0.437202
v -1.063290 -0.008555 -0.450437
v -1.056231 0.057177 -0.437334
v -0.962760 -0.056500 -0.407107
v -0.948524 -0.019244 -0.412363
v -0.952528 0.040809 -0.411248
v -0.963042 0.051584 -0.407012
v -0.971599 0.008557 -0.373281
v -0.983305 -0.051600 -0.373769
v -0.983305 0.051600 -0.373769
v -1.008144 -0.053182 -0.327640
v -1.008129 0.051599 -0.327784
v 0.104106 -0.051563 0.011473
v 0.115513 -0.024836 -0.003182
v 0.112601 0.040524 0.003603
v 0.104106 0.051563 0.011473
v 0.103875 -0.042228 0.034537
v 0.110534 -0.000000 0.027469
v 0.095099 -0.051503 0.037734
v 0.095099 0.051503 0.037734
v 0.084039 -0.045920 0.063922
v 0.092592 -0.008234 0.061459
v 0.100344 0.040804 0.044616
v 0.079920 -0.051419 0.060320
v 0.079920 0.051419 0.060320
v 0.070034 0.038416 0.080336
v 0.059551 -0.051506 0.078221
v 0.063902 -0.024833 0.086699
v 0.059551 0.051506 0.078221
v 0.042808 -0.045580 0.093237
v 0.034999 -0.051499 0.090432
v 0.028033 0.045749 0.099094
v 0.034999 0.051499 0.090432
v 0.030003 -0.006247 0.103234
v 0.007376 -0.056231 0.096155
v 0.007300 0.051491 0.095994
v -0.006911 0.000000 0.107010
v -0.014479 -0.051600 0.095041
v -0.033140 -0.043837 0.097496
v -0.014479 0.051600 0.095041
v -0.034998 -0.051499 0.090432
v -0.050363 0.002939 0.096274
v -0.033140 0.043837 0.097496
v -0.034998 0.051499 0.090432
v -0.059550 -0.051506 0.078221
v -0.067658 -0.042285 0.081238
v -0.068019 0.045847 0.079197
v -0.059550 0.051506 0.078221
v -0.079919 -0.051419 0.060320
v -0.089811 0.033187 0.061427
v -0.079919 0.051419 0.060320
v -0.090082 -0.025620 0.063164
v -0.095098 -0.051503 0.037734
v -0.105000 -0.044531 0.029613
v -0.104789 0.000000 0.041502
v -0.095098 0.051503 0.037734
v -0.103237 0.045580 0.032807
v -0.104105 -0.051563 0.011472
v -0.114329 0.008545 0.013531
v -0.104105 0.051563 0.011472
v -0.116225 -0.023064 -0.014565
v -0.106096 -0.054296 -0.017138
v -0.113107 0.041405 -0.012133
v -0.105993 0.051491 -0.017300
v -0.107550 -0.040185 -0.046897
v -0.100432 -0.051499 -0.044999
v -0.109555 0.034929 -0.045333
v -0.100432 0.051499 -0.044999
v -0.088221 -0.051506 -0.069551
v -0.091237 -0.042285 -0.077658
v -0.091922 0.014441 -0.082154
v -0.089196 0.045848 -0.078020
v -0.088221 0.051506 -0.069551
v -0.070320 -0.051419 -0.089919
v -0.070320 0.051419 -0.089919
v -0.068172 -0.025124 -0.103964
v -0.054367 0.039891 -0.110632
v -0.047733 -0.051503 -0.105099
v -0.036884 -0.041981 -0.117019
v -0.047733 0.051503 -0.105099
v -0.038692 0.002315 -0.120057
v -0.021472 -0.051563 -0.114106
v -0.021472 0.051563 -0.114106
v -0.006818 -0.024836 -0.125512
v -0.008803 0.038675 -0.123416
v -0.000285 -0.054399 -0.116093
v 0.000000 0.051600 -0.116000
v 0.021473 -0.051563 -0.114106
v 0.033141 -0.043837 -0.117497
v 0.020695 0.000000 -0.125052
v 0.021473 0.051563 -0.114106
v 0.033141 0.043837 -0.117497
v 0.047734 -0.051503 -0.105099
v 0.051502 -0.000000 -0.114789
v 0.047734 0.051503 -0.105099
v 0.067692 -0.046059 -0.099400
v 0.074736 0.043962 -0.095000
v 0.070321 -0.051419 -0.089919
v 0.082003 0.002764 -0.093743
v 0.070321 0.051419 -0.089919
v 0.093813 -0.035465 -0.076434
v 0.088222 -0.051506 -0.069551
v 0.088222 0.051506 -0.069551
v 0.108546 -0.045435 -0.038913
v 0.110534 -0.002597 -0.049868
v 0.100081 0.043125 -0.061345
v 0.100433 -0.051499 -0.044999
v 0.100433 0.051499 -0.044999
v 0.113157 0.038350 -0.024010
v 0.106097 -0.054296 -0.017138
v 0.105994 0.051491 -0.017300
v 0.971120 -0.052545 -0.189127
v 0.972915 -0.036537 -0.179082
v 0.973558 0.008487 -0.174536
v 0.971040 0.055725 -0.188782
v 0.938312 0.051619 -0.212767
v 0.832346 0.052725 -0.284107
v 0.899016 -0.051587 -0.239843
v 0.900930 0.031462 -0.228547
v 0.832587 -0.037247 -0.275956
v 0.826924 -0.000833 -0.275767
v 0.813851 -0.051601 -0.295810
v 0.746263 0.039102 -0.329794
v 0.755999 -0.052624 -0.331061
v 0.756054 0.051577 -0.331073
v 0.742732 -0.024536 -0.327983
v 0.800978 -0.055729 -0.398217
v 0.798422 -0.031400 -0.410285
v 0.799580 0.047069 -0.406667
v 0.801000 0.051600 -0.398000
v 0.838510 -0.051600 -0.376117
v 0.843574 -0.000000 -0.385191
v 0.884012 0.036742 -0.356778
v 0.838510 0.051600 -0.376117
v 0.925625 -0.051584 -0.320611
v 1.026464 -0.044310 -0.259733
v 0.945407 0.000000 -0.320232
v 0.925625 0.051584 -0.320611
v 1.018232 -0.052551 -0.257326
v 1.032605 0.000000 -0.259912
v 1.018182 0.051450 -0.257319
v 1.026459 0.043004 -0.258740
v 1.007829 -0.053215 0.187391
v 0.954388 -0.009574 0.206221
v 1.041649 -0.000000 0.153995
v 0.983092 0.034391 0.193758
v 0.973834 0.052302 0.206966
v 1.066078 -0.052847 0.149650
v 1.120053 -0.036773 0.102570
v 1.046803 0.052062 0.162935
v 1.122415 -0.052070 0.108617
v 1.105361 0.016119 0.108674
v 1.122369 0.051611 0.108673
v 1.175021 0.054447 0.064207
v 1.191531 -0.052065 0.049615
v 1.174353 0.001871 0.051504
v 1.235997 -0.023359 -0.008002
v 1.198810 0.032203 0.031733
v 1.223407 0.053213 0.018610
v 1.253671 -0.052049 -0.013401
v 1.291585 -0.023320 -0.073225
v 1.277612 0.029542 -0.053237
v 1.267618 0.052830 -0.029605
v 1.308319 -0.051615 -0.079686
v 1.308319 0.051615 -0.079686
v 1.330460 -0.017400 -0.129834
v 1.343657 0.052771 -0.131005
v 1.343657 -0.052771 -0.131005
v 1.364955 0.058676 -0.166534
v 1.365004 -0.056848 -0.166359
v 1.365180 0.000000 -0.187045
v 1.413001 -0.051600 -0.084000
v 1.421808 -0.038673 -0.083553
v 1.424716 0.018921 -0.083187
v 1.413191 0.056252 -0.083980
v 1.390416 -0.051600 -0.050392
v 1.355422 -0.044604 0.006976
v 1.362275 -0.002776 0.005493
v 1.390416 0.051600 -0.050392
v 1.353288 -0.051591 -0.001098
v 1.363715 0.044320 -0.004559
v 1.353288 0.051591 -0.001098
v 1.296158 -0.051593 0.063574
v 1.296162 0.053207 0.063646
v 1.274201 -0.024816 0.099100
v 1.271800 0.040193 0.098778
v 1.232218 -0.051593 0.125427
v 1.205763 -0.043148 0.157168
v 1.232218 0.051593 0.125427
v 1.202987 0.011012 0.164250
v 1.162395 -0.051527 0.183644
v 1.162395 0.051527 0.183644
v 1.121877 -0.016953 0.226021
v 1.134746 0.040830 0.213443
v 1.087620 -0.051594 0.237416
v 1.071645 -0.043091 0.255837
v 1.087694 0.053207 0.237429
v 1.026311 0.038530 0.285060
v 1.019597 -0.051628 0.279504
v 0.963953 -0.045829 0.314550
v 1.037709 -0.000161 0.281220
v 1.019597 0.051628 0.279504
v 0.962912 -0.051599 0.308269
v 0.943000 -0.008178 0.328733
v 0.962912 0.051599 0.308269
v 0.909723 0.038926 0.339936
v 0.904849 -0.051599 0.333510
v 0.904849 0.051599 0.333510
v 0.845643 -0.051571 0.355851
v 0.838456 -0.001948 0.369290
v 0.845643 0.051571 0.355851
v 0.829389 -0.044393 0.368197
v 0.787574 0.053739 0.374889
v 0.787586 -0.051599 0.374811
v 0.772888 0.031986 0.388195
v 0.750326 -0.016484 0.395775
v 0.732995 -0.051600 0.389893
v 0.732995 0.051600 0.389893
v 0.693464 -0.040431 0.406160
v 0.697001 -0.051600 0.398000
v 0.692355 0.035923 0.407455
v 0.697001 0.051600 0.398000
v 0.650903 -0.053080 0.316917
v 0.638798 -0.036756 0.311332
v 0.636278 0.022153 0.310341
v 0.650901 0.053544 0.316954
v 0.692744 -0.051632 0.309012
v 0.719780 -0.023669 0.293982
v 0.692744 0.051632 0.309012
v 0.755687 0.011370 0.283984
v 0.764960 -0.051929 0.291183
v 0.733669 0.042357 0.293591
v 0.750046 0.051579 0.295153
v 0.839441 -0.023919 0.257545
v 0.836632 -0.051603 0.268073
v 0.811254 0.052739 0.276757
v 0.891769 0.023644 0.237286
v 0.865147 0.051603 0.257412
v 0.893271 -0.051604 0.245953
v 0.935531 -0.042985 0.220825
v 0.947836 -0.051605 0.220683
v 0.921082 0.052346 0.233585
v 0.824060 -0.053280 0.032006
v 0.826183 -0.033406 0.042584
v 0.827096 0.007457 0.046122
v 0.824091 0.056377 0.032172
v 0.758609 0.031360 -0.003505
v 0.770808 -0.051584 -0.005009
v 0.770808 0.051584 -0.005009
v 0.679034 -0.036289 -0.055666
v 0.685565 0.052845 -0.059404
v 0.717821 -0.008085 -0.027677
v 0.685565 -0.052845 -0.059404
v 0.641575 0.031571 -0.076109
v 0.606139 -0.053163 -0.105266
v 0.606139 0.053163 -0.105266
v 0.592899 -0.021629 -0.102163
v 0.591326 0.017199 -0.101206
v 0.650218 -0.051486 -0.173289
v 0.648320 -0.043522 -0.182359
v 0.646817 0.021364 -0.185821
v 0.648914 0.046535 -0.180616
v 0.650218 0.051486 -0.173289
v 0.723287 -0.008158 -0.143077
v 0.812537 0.028849 -0.087246
v 0.755896 -0.051584 -0.111549
v 0.755896 0.051584 -0.111549
v 0.840225 -0.051600 -0.058608
v 0.879234 -0.043439 -0.039965
v 0.847757 -0.024878 -0.064938
v 0.840225 0.051600 -0.058608
v 0.870000 -0.051600 -0.038000
v 0.881266 0.040123 -0.039986
v 0.870000 0.051600 -0.038000
v 2.094123 -0.053148 0.282947
v 2.087153 -0.031771 0.274753
v 2.086191 0.024881 0.273472
v 2.094123 0.053148 0.282947
v 2.114906 -0.051588 0.153918
v 2.120219 -0.031329 0.061513
v 2.118431 0.008138 0.062163
v 2.121466 0.037179 0.061509
v 2.114906 0.051588 0.153918
v 2.134185 0.053111 0.015282
v 2.134185 -0.053111 0.015282
v 2.141149 -0.051626 -0.052999
v 2.133329 -0.040434 -0.045765
v 2.130478 0.016653 -0.043205
v 2.141013 0.054982 -0.052886
v 1.806324 -0.008242 -0.042972
v 1.805798 0.023686 -0.043944
v 1.804641 0.046194 -0.048226
v 1.804623 -0.051604 -0.052921
v 1.805649 -0.042503 -0.046786
v 1.804623 0.051602 -0.052921
v 1.742847 -0.056253 -0.049790
v 1.733088 -0.015813 -0.039620
v 1.735619 0.038619 -0.042105
v 1.743001 0.051597 -0.049961
v 1.742892 -0.054253 -0.133962
v 1.731981 0.009006 -0.146449
v 1.742956 0.053255 -0.133922
v 1.796897 -0.016413 -0.138132
v 1.796893 0.023619 -0.137344
v 1.798121 0.046411 -0.132916
v 1.804662 -0.051608 -0.128137
v 1.798115 -0.046377 -0.132926
v 1.804662 0.051612 -0.128137
v 2.132898 -0.051599 -0.128023
v 2.136135 -0.036953 -0.135209
v 2.134748 -0.000067 -0.138362
v 2.136149 0.036896 -0.135221
v 2.162292 0.051096 -0.131147
v 2.132898 0.051599 -0.128023
v 2.162298 -0.051093 -0.131148
v 2.176182 -0.037409 -0.141700
v 2.164144 -0.008425 -0.141661
v 2.166491 0.031518 -0.140562
v 2.176064 0.053143 -0.135008
v 2.176064 -0.053143 -0.135008
v 2.176781 0.017435 -0.146262
v 2.236851 -0.051506 -0.106038
v 2.247466 -0.032715 -0.110687
v 2.246369 0.036756 -0.110196
v 2.236851 0.051506 -0.106038
v 2.236335 -0.046493 -0.085632
v 2.241759 -0.019329 -0.086488
v 2.236334 0.046493 -0.085631
v 2.230838 -0.051606 -0.080860
v 2.230838 0.051606 -0.080860
v 2.242402 0.017269 -0.089140
v 2.213203 -0.051586 0.051416
v 2.213203 0.051586 0.051416
v 2.185632 -0.045111 0.277475
v 2.191171 -0.001052 0.272615
v 2.186000 0.044300 0.277289
v 2.179050 -0.051608 0.282999
v 2.179050 0.051608 0.282999
v 2.299959 -0.051594 0.282829
v 2.313422 -0.042619 0.276412
v 2.308176 0.009763 0.272287
v 2.360039 0.046765 0.276470
v 2.299959 0.051594 0.282829
v 2.356147 -0.056237 0.280038
v 2.355975 0.051490 0.280214
v 2.366741 0.000437 0.269072
v 2.355995 -0.051579 0.360911
v 2.359763 -0.046695 0.364441
v 2.366550 -0.008556 0.371895
v 2.362365 0.037337 0.367027
v 2.356020 0.052293 0.360942
v 2.306964 -0.023651 0.368111
v 2.307191 0.008193 0.369086
v 2.294876 -0.051598 0.359022
v 2.294876 0.051599 0.359022
v 1.697790 -0.051608 0.359192
v 1.648961 -0.052688 0.362225
v 1.698096 -0.023695 0.368206
v 1.698151 0.016402 0.369001
v 1.697973 0.046511 0.363788
v 1.708467 0.051603 0.359076
v 1.642286 -0.039037 0.368949
v 1.638451 0.008555 0.373074
v 1.648909 0.054097 0.361971
v 1.648940 -0.053461 0.278957
v 1.637981 -0.009006 0.267043
v 1.648874 0.054554 0.278915
v 1.698087 -0.023704 0.273495
v 1.697852 0.008166 0.272504
v 1.698017 0.042377 0.276305
v 1.702421 -0.051602 0.282629
v 1.702421 0.051602 0.282629
v 1.699865 -0.046242 0.277879
v 3.313512 -0.051604 -0.058041
v 3.334570 0.008149 -0.068256
v 3.364447 0.051558 -0.060379
v 3.313512 0.051603 -0.058041
v 3.322011 -0.046227 -0.062811
v 3.336159 -0.023623 -0.067395
v 3.322752 0.036875 -0.065326
v 3.397006 -0.053145 -0.062762
v 3.405907 -0.029615 -0.072613
v 3.397000 0.051593 -0.062974
v 3.404240 0.041018 -0.070136
v 3.397194 -0.057802 0.035285
v 3.406861 -0.016452 0.045375
v 3.404791 0.035851 0.043254
v 3.396923 0.049836 0.034868
v 3.350625 -0.052235 0.031987
v 3.308111 -0.051604 0.030056
v 3.309852 -0.031442 0.038444
v 3.303478 0.024885 0.039338
v 3.308111 0.051606 0.030056
v 2.705726 -0.051597 0.030052
v 2.705726 0.051596 0.030052
v 2.698208 -0.042827 0.036284
v 2.672627 -0.004959 0.040455
v 2.701782 0.023761 0.039089
v 2.675007 0.042857 0.036266
v 2.632731 -0.051600 0.032681
v 2.595135 -0.037854 0.041755
v 2.601947 0.053207 0.035026
v 2.632731 0.051600 0.032681
v 2.601947 -0.053207 0.035026
v 2.591742 0.017200 0.046211
v 2.601838 -0.056533 -0.063165
v 2.591585 -0.013557 -0.073530
v 2.602033 0.051478 -0.062724
v 2.595137 0.038985 -0.070643
v 2.645894 -0.051600 -0.060433
v 2.705894 -0.046808 -0.062558
v 2.705318 -0.023646 -0.067094
v 2.711578 0.017499 -0.067757
v 2.704056 0.046223 -0.062800
v 2.712452 -0.051604 -0.058074
v 2.712452 0.051606 -0.058074
v 3.970001 -0.051600 -0.301000
v 3.976480 -0.048674 -0.304848
v 3.987653 -0.016414 -0.310905
v 3.982856 0.041372 -0.307992
v 3.970001 0.051600 -0.301000
v 4.252237 -0.055581 -0.301264
v 4.264219 -0.016344 -0.311356
v 4.265182 0.038443 -0.309100
v 4.252505 0.051593 -0.301120
v 4.275528 -0.051605 -0.302954
v 4.275528 0.051605 -0.302954
v 4.308397 0.018345 -0.320728
v 4.296178 -0.051630 -0.307131
v 4.308180 -0.024711 -0.319981
v 4.306915 0.055545 -0.311218
v 4.296178 0.051630 -0.307131
v 4.306915 -0.055545 -0.311218
v 4.373252 -0.056819 -0.271166
v 4.387104 0.017202 -0.274448
v 4.373024 0.053281 -0.271046
v 4.368832 -0.017990 -0.242592
v 4.363368 0.046359 -0.242441
v 4.362626 -0.051607 -0.251625
v 4.362626 0.051607 -0.251625
v 4.363368 -0.046359 -0.242441
v 4.369521 0.018433 -0.244105
v 4.349731 -0.051620 -0.218795
v 4.349731 0.051620 -0.218795
v 4.329354 -0.051598 -0.156844
v 4.318325 -0.045638 -0.113801
v 4.345042 -0.009656 -0.169364
v 4.329354 0.051598 -0.156844
v 4.329457 0.041375 -0.136641
v 4.308354 -0.051565 -0.105037
v 4.317058 0.009731 -0.098319
v 4.308354 0.051565 -0.105037
v 4.283054 -0.051598 -0.051606
v 4.283054 0.051598 -0.051606
v 4.237057 -0.045372 0.040947
v 4.278264 -0.018028 -0.020146
v 4.261590 0.043534 0.001524
v 4.253627 -0.051598 0.002333
v 4.253627 0.051598 0.002333
v 4.220235 -0.051626 0.055688
v 4.237038 0.000559 0.049051
v 4.220235 0.051626 0.055688
v 4.199628 -0.047119 0.092964
v 4.199686 0.047308 0.093081
v 4.193010 -0.051604 0.093987
v 4.205737 -0.024576 0.091702
v 4.207033 0.016909 0.091490
v 4.193010 0.051604 0.093987
v 4.239134 -0.051594 0.128561
v 4.239134 0.051594 0.128561
v 4.320155 -0.027517 0.180583
v 4.307156 -0.052934 0.181879
v 4.307091 0.051575 0.181883
v 4.317638 0.038828 0.181166
v 4.248015 -0.052529 0.251026
v 4.249277 -0.038975 0.259707
v 4.249381 -0.008263 0.264709
v 4.249403 0.032568 0.261811
v 4.248015 0.052529 0.251026
v 4.208065 -0.051600 0.216275
v 4.208065 0.051600 0.216275
v 4.140351 0.014478 0.173619
v 4.139019 -0.053207 0.160055
v 4.140043 -0.028864 0.171882
v 4.139030 0.055263 0.160157
v 4.103889 -0.051594 0.197106
v 4.079464 -0.036522 0.232117
v 4.103889 0.051594 0.197106
v 4.089716 0.039506 0.221147
v 4.052054 -0.051593 0.244609
v 4.052124 0.053207 0.244619
v 4.034890 0.027755 0.270620
v 3.993976 -0.051592 0.289879
v 4.000781 -0.038654 0.294200
v 3.992337 0.057413 0.291304
v 3.929024 -0.054255 0.332587
v 3.915781 -0.033685 0.349673
v 3.955034 0.011852 0.328624
v 3.929334 0.051639 0.332300
v 3.857782 -0.051591 0.371267
v 3.862613 0.040600 0.377320
v 3.857782 0.051591 0.371267
v 3.850125 -0.034482 0.384946
v 3.799299 -0.051600 0.397659
v 3.799299 0.051600 0.397659
v 3.757983 -0.056252 0.414189
v 3.756409 -0.006132 0.426373
v 3.756725 0.038673 0.422635
v 3.758000 0.051600 0.414000
v 3.685875 -0.053544 0.351975
v 3.665068 -0.009414 0.348418
v 3.727398 -0.051600 0.338187
v 3.685469 0.058648 0.351846
v 3.747267 0.053086 0.330983
v 3.786159 -0.052527 0.314903
v 3.766036 -0.014328 0.312636
v 3.782651 0.036871 0.308652
v 3.858517 -0.055590 0.278823
v 3.873783 0.023645 0.259821
v 3.804442 0.054482 0.306242
v 3.858780 0.051612 0.278840
v 3.924777 0.052209 0.238238
v 3.924777 -0.052209 0.238238
v 3.887584 -0.025397 0.252424
v 3.978185 0.011079 0.186823
v 3.984285 0.052288 0.194100
v 3.984285 -0.052289 0.194100
v 4.000800 -0.032611 0.170463
v 4.036154 0.055044 0.148390
v 4.037335 -0.052306 0.147402
v 4.057580 -0.015538 0.112429
v 4.063891 0.043102 0.111924
v 4.072814 -0.053218 0.111111
v 4.073219 0.051684 0.110745
v 4.027158 -0.051592 0.078201
v 3.955121 -0.008864 0.040785
v 3.971067 0.043076 0.046345
v 3.934438 -0.051600 0.014357
v 3.934438 0.051600 0.014357
v 3.845883 -0.017120 -0.031402
v 3.849228 0.038238 -0.031866
v 3.860736 -0.056870 -0.032994
v 3.861036 0.051595 -0.033035
v 3.915123 -0.051578 -0.088116
v 3.914515 -0.043365 -0.096835
v 3.913278 0.022401 -0.100116
v 3.915115 0.052895 -0.088169
v 3.987129 0.044460 -0.051861
v 4.017806 0.005809 -0.037864
v 3.991742 -0.051600 -0.041972
v 4.032004 -0.024278 -0.027389
v 3.991742 0.051600 -0.041972
v 4.063931 -0.051600 0.004565
v 4.063931 0.051600 0.004565
v 4.124497 0.030728 0.035191
v 4.126029 -0.051603 0.046959
v 4.123829 -0.016439 0.033543
v 4.126277 0.053051 0.047063
v 4.128656 -0.050136 0.044028
v 4.156345 -0.031180 -0.011750
v 4.164466 -0.052992 -0.009277
v 4.170468 0.016458 -0.037329
v 4.164505 0.051603 -0.009248
v 4.192688 0.055318 -0.058028
v 4.192338 -0.051578 -0.057068
v 4.200241 -0.038338 -0.087732
v 4.216763 -0.051602 -0.105501
v 4.216763 0.051602 -0.105501
v 4.224864 0.005392 -0.148211
v 4.237154 -0.053172 -0.153025
v 4.234447 -0.031070 -0.168701
v 4.240684 0.043064 -0.178505
v 4.237287 0.051603 -0.153202
v 4.253427 -0.051606 -0.198853
v 4.253427 0.051606 -0.198853
v 4.247797 0.000000 -0.218956
v 4.261821 -0.055597 -0.229862
v 4.261821 0.055597 -0.229862
v 3.924068 -0.056252 -0.229831
v 3.929806 -0.000000 -0.219168
v 3.924068 0.056252 -0.229831
v 3.898676 -0.051599 -0.195583
v 3.886450 -0.043083 -0.169628
v 3.886450 0.043083 -0.169628
v 3.898676 0.051599 -0.195583
v 3.861446 -0.051599 -0.149512
v 3.839456 -0.002959 -0.108113
v 3.861446 0.051599 -0.149512
v 3.820153 -0.051598 -0.103541
v 3.803342 -0.043087 -0.076955
v 3.788563 0.024495 -0.057517
v 3.820153 0.051598 -0.103541
v 3.774860 -0.051598 -0.058475
v 3.759030 0.046018 -0.035830
v 3.774860 0.051598 -0.058475
v 3.725608 -0.051597 -0.015106
v 3.742128 -0.038033 -0.018810
v 3.725608 0.051597 -0.015106
v 3.659358 -0.053167 0.035303
v 3.659282 -0.036565 0.044285
v 3.659383 0.016676 0.048522
v 3.659358 0.053167 0.035303
v 3.591752 -0.055309 -0.017010
v 3.573528 0.000000 -0.017683
v 3.591752 0.055309 -0.017010
v 3.633551 -0.051600 -0.044587
v 3.664335 0.033428 -0.076292
v 3.633551 0.051600 -0.044587
v 3.672236 -0.051600 -0.073611
v 3.659383 -0.025170 -0.074279
v 3.682974 0.000000 -0.095285
v 3.707978 0.052629 -0.103649
v 3.672236 0.051600 -0.073611
v 3.707978 -0.052629 -0.103649
v 3.756101 -0.053216 -0.149168
v 3.748262 -0.024804 -0.154562
v 3.777366 0.037913 -0.181324
v 3.756101 0.053216 -0.149168
v 3.811747 -0.051611 -0.211540
v 3.802492 -0.008548 -0.216731
v 3.811747 0.051611 -0.211540
v 3.846515 -0.052666 -0.257362
v 3.847266 -0.008547 -0.276172
v 3.869953 0.043039 -0.301246
v 3.857096 0.051607 -0.272013
v 3.868109 -0.055282 -0.288951
v 3.892594 -0.051605 -0.327745
v 3.904777 -0.022553 -0.367539
v 3.896727 0.008868 -0.354659
v 3.892594 0.051605 -0.327745
v 3.917880 -0.051597 -0.374102
v 3.923984 0.051594 -0.386049
v 3.929702 -0.055546 -0.399781
v 3.927637 0.008196 -0.421720
v 3.914443 0.039987 -0.382450
v 3.940721 -0.051626 -0.428286
v 3.941300 -0.038842 -0.451734
v 3.944812 0.055438 -0.444204
v 3.940721 0.051626 -0.428286
v 3.944954 -0.053185 -0.444068
v 3.937737 0.008556 -0.457387
v 4.036050 -0.053364 -0.415044
v 4.044784 -0.039282 -0.419113
v 4.051985 0.008455 -0.420763
v 4.036294 0.056938 -0.415107
v 4.027571 -0.016440 -0.382862
v 4.027106 0.023631 -0.383621
v 4.022087 -0.051600 -0.392590
v 4.022087 0.051600 -0.392590
v 3.994683 -0.051599 -0.343779
v 3.994683 0.051599 -0.343779
v 5.313512 -0.051604 -0.058041
v 5.334546 -0.023706 -0.067282
v 5.314776 0.008105 -0.068044
v 5.321279 0.042375 -0.064292
v 5.314729 0.051604 -0.058084
v 5.369901 -0.053864 -0.060839
v 5.365129 0.051600 -0.060421
v 5.397180 0.056659 -0.063177
v 5.397180 -0.056659 -0.063177
v 5.407715 0.010220 -0.073740
v 5.396922 -0.049818 0.034867
v 5.404791 -0.035851 0.043254
v 5.406861 0.016452 0.045375
v 5.397162 0.056561 0.035251
v 5.307271 -0.051603 0.030027
v 5.307102 -0.036896 0.037186
v 5.307873 -0.008104 0.040051
v 5.307045 0.023754 0.039037
v 5.364980 0.052871 0.032903
v 5.307271 0.051603 0.030027
v 4.699229 0.007685 0.040106
v 4.703660 0.053258 0.030160
v 4.703817 -0.051597 0.030102
v 4.677196 -0.046463 0.034997
v 4.677672 -0.022973 0.039375
v 4.671155 0.036845 0.037557
v 4.632729 -0.051600 0.032682
v 4.632729 0.051600 0.032682
v 4.592216 0.018553 0.045124
v 4.601943 0.053358 0.035027
v 4.602002 -0.051592 0.034963
v 4.593966 -0.035017 0.043643
v 4.602104 -0.049279 -0.062651
v 4.594629 -0.038648 -0.070817
v 4.592345 0.020417 -0.072956
v 4.601839 0.056533 -0.063165
v 4.686223 0.008159 -0.068339
v 4.702466 -0.031409 -0.066497
v 4.703275 0.036937 -0.065295
v 4.647254 0.051575 -0.060370
v 4.712452 -0.051604 -0.058074
v 4.713866 0.051604 -0.058036
vn -0.0000 1.0000 -0.0000
vn 0.8557 0.2158 0.4703
vn 0.8433 -0.0156 0.5371
vn 0.9011 -0.0213 0.4330
vn -0.0000 -1.0000 -0.0000
vn 0.8468 -0.3123 0.4305
vn 0.8574 -0.0721 0.5096
vn 0.8296 0.4100 0.3791
vn 0.8761 0.2444 0.4155
vn 0.8483 -0.2113 0.4856
vn 0.8557 -0.3002 0.4215
vn 0.6937 0.6266 0.3552
vn 0.6197 -0.6840 0.3849
vn 0.7363 -0.5557 0.3862
vn 0.8203 0.2396 0.5192
vn 0.7093 0.5753 0.4072
vn 0.8637 0.5027 -0.0347
vn 0.8208 0.2070 0.5323
vn 0.7339 -0.4261 0.5290
vn 0.7762 0.3863 0.4983
vn 0.7873 -0.6109 -0.0832
vn 0.9519 -0.2912 -0.0954
vn 0.9885 0.0534 -0.1418
vn 0.4651 0.8831 -0.0624
vn 0.6787 -0.1739 -0.7136
vn 0.5912 -0.4997 -0.6331
vn 0.9777 -0.2062 0.0404
vn 0.6832 -0.3547 -0.6383
vn 0.5894 0.6052 -0.5351
vn 0.7203 0.1864 -0.6682
vn 0.5644 -0.8233 0.0608
vn 0.9222 0.3861 0.0213
vn 0.9949 0.0488 0.0882
vn -0.0977 -0.0807 0.9919
vn -0.0908 0.1357 0.9866
vn -0.7570 -0.1708 0.6307
vn -0.0986 -0.4252 0.8997
vn -0.7565 0.0454 0.6524
vn -0.0569 0.5841 0.8097
vn -0.7713 0.2288 0.5940
vn -0.6908 -0.4013 0.6014
vn 0.6432 -0.5617 -0.5205
vn -0.7161 0.1015 0.6906
vn -0.7095 -0.0932 0.6985
vn 0.5402 0.6832 -0.4913
vn -0.6588 0.2784 0.6989
vn -0.0009 -0.1580 0.9874
vn -0.0255 0.2644 0.9641
vn 0.0247 -0.4127 0.9105
vn 0.6660 0.2518 -0.7021
vn 0.0230 0.5514 0.8339
vn 0.6315 -0.1907 0.7516
vn 0.5343 -0.6206 0.5739
vn 0.6712 -0.3414 0.6580
vn 0.5624 -0.2983 0.7712
vn 0.5036 0.5341 0.6791
vn 0.6100 0.2844 0.7396
vn 0.5554 0.5843 0.5917
vn 0.5611 -0.0497 0.8262
vn 0.6627 0.0482 0.7473
vn 0.5013 -0.1642 0.8496
vn 0.5272 0.2030 0.8251
vn 0.6026 0.1053 0.7911
vn 0.3993 -0.6066 0.6874
vn 0.5665 -0.2737 0.7773
vn 0.4645 0.0684 0.8829
vn 0.3324 0.7252 0.6029
vn 0.5212 0.4701 0.7123
vn 0.3904 0.4788 0.7863
vn -0.1789 -0.1058 0.9782
vn -0.1299 -0.5742 0.8083
vn 0.3910 -0.4716 0.7904
vn -0.1646 0.1287 0.9779
vn -0.8078 -0.5530 -0.2039
vn -0.9780 0.0562 -0.2007
vn -0.8586 0.4524 -0.2410
vn -0.1492 0.5810 0.8001
vn -0.3955 -0.4436 -0.8042
vn -0.9693 -0.1714 -0.1761
vn -0.5084 -0.1260 -0.8518
vn -0.5081 0.0835 -0.8572
vn -0.4339 -0.0442 -0.8999
vn -0.5184 -0.4369 -0.7351
vn -0.5301 0.3800 -0.7581
vn -0.4128 0.3632 -0.8353
vn -0.5727 -0.3264 -0.7520
vn -0.5456 0.3773 -0.7483
vn -0.5833 -0.1093 -0.8049
vn -0.6010 -0.4818 -0.6377
vn -0.6004 0.5005 -0.6237
vn -0.6273 0.1401 -0.7661
vn -0.7072 0.1155 -0.6975
vn -0.6601 -0.0867 -0.7462
vn -0.7377 0.1944 -0.6465
vn -0.6755 0.2245 -0.7024
vn -0.6848 -0.3976 -0.6107
vn -0.6780 -0.3653 -0.6379
vn -0.7376 0.0546 -0.6731
vn -0.6716 0.3651 -0.6447
vn -0.7744 -0.1660 -0.6106
vn -0.7676 -0.3729 -0.5213
vn -0.8331 0.1053 -0.5431
vn -0.8174 -0.0055 -0.5761
vn -0.7466 0.3679 -0.5543
vn -0.6968 0.5004 -0.5139
vn -0.8542 -0.1311 -0.5031
vn -0.9127 -0.1037 -0.3952
vn -0.8138 -0.3786 -0.4409
vn 0.4448 0.8561 0.2631
vn -0.8446 0.3200 -0.4291
vn -0.6566 -0.6329 0.4102
vn -0.3645 -0.9088 -0.2032
vn -0.8445 -0.0489 0.5333
vn -0.9018 0.0992 -0.4207
vn 0.5683 0.7885 0.2350
vn -0.6231 0.6369 0.4540
vn 0.0374 -0.1014 0.9941
vn 0.0423 0.2402 0.9698
vn -0.7735 0.4261 0.4691
vn 0.0290 -0.3359 0.9415
vn -0.3969 -0.8064 0.4383
vn 0.0098 -0.6705 0.7419
vn -0.5290 0.6585 0.5353
vn 0.0088 0.5657 0.8246
vn -0.6628 -0.3316 0.6714
vn -0.6905 -0.0480 0.7217
vn 0.0300 0.0332 0.9990
vn -0.6773 0.1617 0.7177
vn -0.6423 -0.3460 -0.6839
vn -0.7054 -0.0773 -0.7046
vn -0.6315 0.4219 -0.6505
vn 0.0455 -0.3283 -0.9435
vn 0.0500 0.3498 -0.9355
vn -0.6580 0.1131 -0.7445
vn 0.0191 -0.0630 -0.9978
vn 0.0285 0.0947 -0.9951
vn -0.0418 -0.1414 -0.9891
vn -0.0212 0.0212 -0.9996
vn -0.0968 0.2318 -0.9679
vn -0.1566 -0.1862 -0.9700
vn -0.1058 -0.3943 -0.9129
vn -0.1614 0.0377 -0.9862
vn 0.2583 -0.3223 -0.9107
vn 0.1446 -0.5331 0.8336
vn 0.1504 0.2427 0.9584
vn 0.2616 0.1742 -0.9493
vn -0.1005 0.3932 -0.9140
vn 0.2309 -0.0328 -0.9724
vn 0.9594 0.1866 -0.2115
vn 0.8697 0.0304 0.4927
vn 0.9827 -0.0574 -0.1760
vn 0.7273 0.5737 0.3767
vn 0.7261 0.6818 -0.0895
vn 0.3317 -0.8864 0.3229
vn 0.8629 -0.4242 -0.2746
vn 0.7518 -0.5580 0.3514
vn 0.6488 -0.7025 0.2925
vn -0.7293 -0.1878 -0.6579
vn -0.8998 -0.4281 0.0848
vn -0.9758 -0.2188 0.0054
vn -0.9957 -0.0093 0.0924
vn -0.9898 0.1417 0.0122
vn -0.7441 0.0070 -0.6681
vn -0.9084 0.4086 0.0882
vn -0.7214 0.2097 -0.6600
vn -0.6570 -0.5328 -0.5333
vn 0.8390 -0.5373 -0.0866
vn -0.6578 0.5310 -0.5341
vn 0.8401 0.5355 -0.0870
vn 0.7321 -0.1595 -0.6622
vn 0.7359 0.0592 -0.6745
vn 0.7207 0.3376 -0.6054
vn 0.9840 -0.1733 0.0418
vn 0.5486 -0.6550 -0.5196
vn 0.7795 -0.2668 -0.5668
vn 0.8638 -0.5037 0.0118
vn 0.8114 -0.0558 -0.5818
vn 0.9984 0.0527 0.0217
vn 0.9644 0.2537 0.0749
vn 0.7663 0.3448 -0.5421
vn 0.3166 -0.2344 -0.9191
vn 0.2518 -0.7047 -0.6634
vn 0.3512 -0.0321 -0.9358
vn 0.3921 -0.1634 -0.9053
vn 0.2104 0.7166 -0.6650
vn 0.3305 0.1837 -0.9257
vn 0.2818 0.4957 -0.8215
vn 0.3861 0.0778 -0.9191
vn 0.3704 0.2595 -0.8919
vn 0.3243 -0.5053 -0.7997
vn 0.3244 -0.4522 -0.8308
vn 0.2391 -0.6879 -0.6853
vn 0.9055 0.2283 -0.3576
vn 0.9346 -0.0259 -0.3547
vn 0.5954 0.7717 -0.2238
vn 0.2653 0.8613 -0.4333
vn 0.3062 0.5071 0.8057
vn 0.3790 -0.0513 0.9240
vn -0.3677 -0.2617 0.8923
vn 0.3358 -0.3146 0.8878
vn -0.4026 0.0800 0.9119
vn 0.3577 0.1580 0.9204
vn -0.3357 0.0243 0.9416
vn -0.3949 -0.1112 0.9120
vn -0.3303 -0.2158 0.9189
vn -0.2349 -0.6326 0.7380
vn -0.2266 -0.8816 0.4141
vn -0.3703 0.2644 0.8905
vn -0.3912 0.2340 0.8900
vn 0.5052 -0.5096 0.6965
vn 0.2386 0.6959 -0.6774
vn 0.4872 0.5583 0.6715
vn 0.5382 -0.2164 0.8145
vn 0.5388 0.2959 0.7887
vn 0.7183 -0.2081 0.6638
vn 0.9485 -0.3150 -0.0324
vn 0.9945 -0.1010 -0.0267
vn 0.9300 0.3675 -0.0119
vn 0.7204 0.1941 0.6659
vn 0.9883 0.1345 -0.0715
vn 0.6156 -0.5368 0.5769
vn -0.8580 -0.5109 0.0542
vn 0.7268 -0.0038 0.6868
vn -0.8580 0.5108 0.0542
vn 0.6156 0.5368 0.5769
vn -0.7343 -0.0652 0.6757
vn -0.7268 0.1565 0.6688
vn -0.9968 0.0447 -0.0666
vn -0.6530 -0.4448 0.6130
vn -0.7224 -0.6892 -0.0552
vn 0.6639 -0.7465 0.0436
vn -0.9978 -0.0636 -0.0200
vn -0.9947 0.0932 -0.0441
vn -0.7336 0.6786 -0.0370
vn -0.6084 0.5477 0.5744
vn 0.6550 0.7545 0.0419
vn -0.9437 -0.3274 -0.0470
vn 0.2342 -0.9721 0.0098
vn -0.9403 0.3383 -0.0363
vn 0.4541 0.8909 0.0001
vn 0.6607 -0.1583 -0.7338
vn 0.4414 -0.6415 -0.6275
vn -0.0025 -0.1103 -0.9939
vn 0.5486 0.4956 -0.6733
vn 0.6825 0.0745 -0.7270
vn -0.0061 0.0979 -0.9952
vn 0.6806 -0.1366 0.7198
vn -0.0384 -0.0652 0.9971
vn 0.7037 0.0858 0.7053
vn -0.0399 0.3459 0.9374
vn 0.6305 0.4684 0.6189
vn -0.0254 -0.3142 0.9490
vn -0.0049 -0.6693 0.7430
vn 0.5720 -0.6322 0.5226
vn -0.0063 0.0929 0.9957
vn -0.0072 0.6684 0.7438
vn 0.0411 0.0305 0.9987
vn 0.0048 0.1724 0.9850
vn -0.6936 -0.0444 0.7190
vn 0.0094 -0.0812 0.9967
vn -0.5597 0.5719 0.5998
vn -0.6724 0.1752 0.7192
vn -0.6502 -0.3666 0.6654
vn -0.6507 -0.4566 -0.6067
vn -0.4514 -0.7070 0.5444
vn -0.6521 -0.0882 -0.7530
vn -0.6785 0.1078 -0.7267
vn -0.6219 0.3810 -0.6842
vn 0.0504 -0.2817 -0.9582
vn 0.0778 -0.0672 -0.9947
vn 0.0148 0.0965 -0.9952
vn 0.0554 0.6818 -0.7294
vn -0.0595 0.2907 0.9550
vn 0.9080 -0.1823 0.3773
vn 0.7561 -0.5862 0.2910
vn 0.7970 -0.5426 0.2654
vn 0.8256 0.4453 0.3467
vn 0.9333 0.1970 0.3001
vn 0.7872 0.5586 0.2614
vn 0.9395 0.0016 0.3426
vn 0.8849 -0.0313 0.4648
vn 0.8781 0.1794 0.4436
vn 0.8375 -0.2591 0.4811
vn 0.6594 -0.6322 0.4068
vn 0.7702 -0.5330 0.3502
vn 0.7564 0.4710 0.4539
vn 0.8153 0.4586 0.3537
vn 0.8325 -0.0252 0.5534
vn 0.7536 -0.2276 0.6167
vn 0.5951 -0.5780 0.5584
vn 0.7097 -0.5243 0.4707
vn 0.7410 0.0254 0.6710
vn 0.7827 0.2263 0.5798
vn 0.6483 0.4670 0.6014
vn 0.6785 0.5907 0.4367
vn 0.6601 -0.1208 0.7414
vn 0.6689 0.1588 0.7262
vn 0.5864 0.0641 0.8075
vn 0.5505 -0.3429 0.7612
vn 0.5575 -0.4002 0.7274
vn 0.5015 -0.1327 0.8549
vn 0.5552 0.3979 0.7303
vn 0.5242 0.2996 0.7971
vn 0.4642 0.1183 0.8778
vn 0.3991 -0.0346 0.9163
vn 0.3689 0.2186 0.9034
vn 0.3181 0.0259 0.9477
vn 0.3256 -0.2334 0.9162
vn -0.2803 -0.2806 0.9180
vn 0.2516 -0.7626 0.5959
vn -0.2962 -0.0582 0.9533
vn -0.2229 0.6873 0.6913
vn -0.2676 0.1686 0.9487
vn 0.2831 0.4937 0.8223
vn -0.9431 0.1611 -0.2910
vn -0.2703 0.0232 -0.9625
vn -0.9498 -0.0647 -0.3062
vn -0.3587 0.0102 -0.9334
vn -0.8378 -0.4125 -0.3577
vn -0.3050 0.2084 -0.9293
vn -0.4842 -0.1059 -0.8685
vn -0.4247 -0.2507 -0.8699
vn -0.4951 0.1449 -0.8567
vn -0.5734 0.0210 -0.8190
vn -0.6662 -0.1275 -0.7348
vn -0.5815 0.1486 -0.7999
vn -0.7276 0.1164 -0.6760
vn -0.7910 -0.1024 -0.6032
vn -0.7330 0.3494 -0.5836
vn -0.6069 0.3695 -0.7037
vn -0.8564 0.3423 -0.3866
vn -0.8430 0.1124 -0.5260
vn -0.9121 0.1345 -0.3874
vn -0.8756 -0.1018 -0.4721
vn -0.8668 0.4314 -0.2502
vn -0.7769 -0.0575 0.6270
vn -0.7486 -0.4722 0.4653
vn -0.7539 0.4026 0.5192
vn 0.0208 -0.1037 0.9944
vn 0.0186 0.0356 0.9992
vn 0.0605 0.6755 0.7349
vn 0.0232 0.2454 0.9691
vn 0.0047 0.5820 0.8132
vn -0.6912 -0.0610 0.7201
vn -0.6859 0.1457 0.7130
vn -0.6225 0.5012 0.6011
vn -0.6851 -0.2161 -0.6956
vn -0.6400 -0.3415 0.6883
vn -0.6812 -0.0133 -0.7320
vn 0.0549 -0.3442 -0.9373
vn -0.4641 -0.7027 -0.5393
vn -0.6281 0.4909 -0.6037
vn 0.0555 0.3214 -0.9453
vn -0.6620 0.1661 -0.7309
vn 0.0345 -0.0930 -0.9951
vn 0.0376 0.0645 -0.9972
vn -0.0806 0.3204 -0.9438
vn -0.1785 0.1093 -0.9779
vn -0.0605 0.0633 -0.9962
vn 0.1793 -0.2457 -0.9526
vn -0.2211 -0.8498 -0.4786
vn -0.0722 -0.3363 -0.9390
vn -0.2754 -0.0870 -0.9574
vn -0.0940 -0.1001 -0.9905
vn -0.2215 0.8477 -0.4821
vn 0.2102 0.2398 -0.9478
vn 0.1120 0.0006 -0.9937
vn 0.9515 -0.1483 -0.2697
vn 0.8672 -0.3308 0.3721
vn 0.7610 -0.5917 -0.2660
vn 0.9169 -0.0631 0.3940
vn 0.9604 0.0667 -0.2707
vn 0.6951 -0.6725 0.2543
vn 0.6885 0.6619 0.2964
vn 0.8875 0.3272 0.3244
vn 0.8878 0.3192 -0.3314
vn 0.9281 0.0964 0.3597
vn -0.5809 0.0452 -0.8127
vn -0.5815 -0.1358 -0.8022
vn -0.5168 0.0845 -0.8519
vn -0.6249 0.2316 -0.7456
vn -0.5318 0.4798 -0.6978
vn -0.6331 -0.2306 -0.7390
vn -0.5073 -0.3329 -0.7949
vn -0.6898 0.0310 -0.7234
vn -0.6994 -0.2645 -0.6640
vn -0.5252 -0.6432 -0.5572
vn -0.6975 0.1258 -0.7055
vn -0.7484 -0.0215 -0.6629
vn -0.0477 -0.0126 -0.9988
vn 0.9555 -0.2944 -0.0178
vn 0.0108 -0.3436 -0.9391
vn -0.0220 0.2546 -0.9668
vn 0.9804 0.1949 -0.0283
vn 0.6317 0.2042 0.7479
vn 0.6913 -0.0282 0.7220
vn 0.9993 -0.0375 0.0027
vn 0.6202 -0.0649 0.7818
vn 0.6252 -0.2856 0.7263
vn 0.5918 0.1644 0.7891
vn 0.8820 0.0787 0.4646
vn 0.7537 -0.5277 0.3918
vn 0.5539 -0.4111 0.7240
vn 0.8723 -0.2357 0.4284
vn 0.5114 0.5180 0.6857
vn 0.8509 0.2615 0.4557
vn 0.9736 -0.2279 -0.0151
vn 0.9968 -0.0211 -0.0777
vn 0.9861 0.1654 -0.0151
vn 0.7282 -0.1292 0.6731
vn 0.9073 -0.4190 -0.0352
vn 0.9302 0.3655 -0.0348
vn 0.7373 0.0846 0.6703
vn 0.6841 0.4234 0.5940
vn -0.9655 0.2519 0.0660
vn -0.7322 -0.0324 0.6803
vn -0.7361 0.1659 0.6562
vn -0.6725 0.6009 0.4320
vn -0.9940 0.1003 -0.0445
vn -0.6310 -0.6470 0.4281
vn -0.3919 -0.9197 -0.0237
vn -0.2943 -0.9556 -0.0172
vn -0.9984 -0.0570 -0.0057
vn -0.7209 -0.2666 0.6397
vn -0.2697 0.9628 -0.0149
vn -0.2943 0.9556 -0.0172
vn -0.4568 -0.5001 0.7357
vn -0.5361 0.0406 0.8432
vn -0.4168 0.6235 0.6614
vn 0.4294 0.1633 0.8882
vn 0.3813 0.5500 0.7430
vn 0.3937 -0.0314 0.9187
vn 0.4328 -0.1569 0.8877
vn 0.3341 -0.1302 0.9335
vn 0.2787 -0.4974 0.8215
vn 0.3205 -0.4934 0.8086
vn 0.2829 0.3969 0.8732
vn 0.3457 0.1507 0.9262
vn 0.2958 0.5394 0.7884
vn -0.3792 0.0857 0.9213
vn -0.3760 -0.1440 0.9154
vn -0.2987 -0.6424 0.7058
vn -0.8111 0.3849 -0.4404
vn -0.3161 0.4890 0.8130
vn -0.2743 -0.3454 -0.8975
vn -0.7084 -0.6540 -0.2655
vn -0.9069 -0.1295 -0.4009
vn -0.3537 0.2855 -0.8907
vn -0.3014 -0.0107 -0.9535
vn -0.9249 0.0817 -0.3713
vn -0.3984 0.0542 -0.9156
vn -0.3419 -0.1548 -0.9269
vn -0.2891 0.7702 -0.5686
vn -0.2566 0.5829 -0.7710
vn -0.4208 -0.1721 -0.8907
vn -0.4508 0.2421 -0.8592
vn -0.3375 -0.4853 -0.8066
vn -0.3453 -0.4459 -0.8258
vn -0.4500 -0.3576 -0.8183
vn -0.3968 -0.5769 -0.7140
vn -0.4780 -0.1371 -0.8676
vn 0.8217 -0.3539 -0.4467
vn -0.1172 -0.1794 -0.9768
vn 0.6836 -0.6141 -0.3944
vn -0.1342 0.0654 -0.9888
vn 0.8129 0.1532 -0.5619
vn -0.0418 0.2515 -0.9670
vn 0.5814 0.7375 -0.3437
vn 0.3999 0.8826 -0.2470
vn 0.1961 -0.2754 -0.9411
vn -0.2281 -0.5717 -0.7881
vn 0.1679 -0.0721 -0.9832
vn 0.1543 0.5443 0.8246
vn 0.1621 0.2926 -0.9424
vn 0.9599 -0.0240 -0.2794
vn 0.1543 0.1075 -0.9822
vn 0.9187 0.2175 -0.3296
vn 0.9249 0.0615 0.3752
vn 0.8982 -0.0277 0.4388
vn 0.9021 -0.3407 0.2647
vn 0.9046 0.2735 0.3269
vn 0.9078 -0.2259 0.3533
vn 0.9090 0.2333 0.3453
vn 0.8922 0.2088 0.4004
vn 0.9455 0.0039 0.3256
vn 0.8687 -0.2082 0.4495
vn 0.7477 -0.5163 0.4175
vn 0.7914 -0.5058 0.3433
vn 0.7791 0.4543 0.4319
vn 0.7703 0.5459 0.3295
vn 0.9016 -0.0005 0.4327
vn 0.8621 0.0213 0.5062
vn 0.8100 -0.1954 0.5530
vn 0.5707 -0.6956 0.4364
vn 0.7622 -0.4747 0.4401
vn 0.7826 -0.0908 0.6158
vn 0.6655 0.5329 0.5227
vn 0.7994 0.2584 0.5424
vn 0.7332 0.5370 0.4172
vn 0.6926 -0.2139 0.6889
vn 0.7701 0.0793 0.6330
vn 0.6851 0.0295 0.7278
vn 0.7122 0.2507 0.6557
vn 0.5881 0.4787 0.6519
vn 0.6574 0.5443 0.5211
vn 0.6493 0.0639 0.7578
vn 0.6487 0.0591 0.7587
vn 0.5414 -0.0193 0.8405
vn 0.5901 -0.1903 0.7846
vn 0.5235 0.2283 0.8208
vn 0.4894 0.0111 0.8720
vn -0.1512 0.0211 0.9883
vn 0.4130 -0.2052 0.8873
vn 0.4029 0.2137 0.8899
vn -0.2012 -0.2132 0.9561
vn -0.2196 0.2189 0.9507
vn 0.2998 0.7213 0.6244
vn -0.8998 0.4270 -0.0893
vn -0.3940 0.1178 -0.9115
vn -0.9760 0.0622 -0.2085
vn -0.3355 -0.3318 -0.8817
vn -0.2795 -0.4843 -0.8291
vn -0.3289 -0.1489 -0.9326
vn -0.4375 -0.1154 -0.8918
vn -0.4764 0.1218 -0.8708
vn -0.2681 0.4355 -0.8593
vn -0.5245 -0.1086 -0.8444
vn -0.6098 -0.2108 -0.7640
vn -0.5712 -0.3427 -0.7459
vn -0.6563 0.0635 -0.7519
vn -0.5985 0.1259 -0.7911
vn -0.6309 0.2512 -0.7341
vn -0.5185 0.3442 -0.7827
vn -0.7131 -0.1745 -0.6790
vn -0.7460 0.0361 -0.6650
vn -0.7839 0.2179 -0.5814
vn -0.6863 0.3758 -0.6228
vn -0.7105 -0.4171 -0.5668
vn -0.6262 -0.3913 -0.6743
vn -0.6912 0.3982 -0.6030
vn -0.8015 -0.1649 -0.5748
vn -0.7807 -0.4034 -0.4772
vn -0.8473 0.0760 -0.5256
vn -0.8252 0.2886 -0.4855
vn -0.8831 -0.1034 -0.4576
vn -0.8713 -0.3334 -0.3601
vn -0.8659 0.2992 -0.4009
vn -0.8986 0.1115 -0.4244
vn -0.8930 -0.2472 -0.3761
vn -0.7953 -0.5074 -0.3318
vn -0.9515 0.0473 -0.3040
vn -0.7464 -0.3257 0.5804
vn -0.3876 -0.9218 0.0044
vn -0.8404 0.0029 0.5420
vn 0.6705 0.6981 0.2512
vn -0.7541 0.3182 0.5745
vn 0.4439 0.2278 0.8667
vn 0.4490 -0.0879 0.8892
vn 0.7479 -0.2342 0.6211
vn 0.4421 -0.2695 0.8555
vn 0.7575 -0.0003 0.6528
vn 0.6273 -0.5269 0.5735
vn 0.5155 -0.7065 0.4849
vn 0.6278 0.5242 0.5754
vn 0.7509 0.2338 0.6177
vn 0.6870 0.5261 0.5013
vn 0.7008 0.1484 0.6978
vn 0.6754 0.3411 0.6538
vn 0.6847 -0.2421 0.6874
vn 0.5584 -0.5135 0.6516
vn 0.6190 -0.5349 0.5750
vn 0.4536 0.7549 0.4736
vn 0.6286 0.2504 0.7363
vn -0.6003 -0.0723 -0.7965
vn 0.6819 -0.0315 0.7308
vn 0.6125 -0.0113 0.7904
vn 0.3977 0.7614 0.5120
vn 0.0188 0.4675 0.8838
vn -0.0293 -0.0574 0.9979
vn 0.5967 -0.1936 0.7787
vn -0.0150 0.1603 0.9870
vn -0.5877 -0.1685 -0.7913
vn -0.5963 -0.4730 -0.6486
vn -0.5690 -0.3756 -0.7315
vn -0.9865 0.1618 -0.0236
vn -0.6336 0.0772 -0.7698
vn -0.6650 -0.0236 -0.7464
vn -0.7242 -0.1906 -0.6628
vn -0.7267 0.1911 -0.6598
vn -0.7017 -0.4761 -0.5301
vn -0.6156 -0.4456 -0.6500
vn -0.6980 0.4935 -0.5189
vn -0.6468 0.3983 -0.6504
vn -0.7994 -0.0213 -0.6005
vn -0.8533 -0.2405 -0.4627
vn -0.8274 0.1818 -0.5314
vn -0.8752 -0.0755 -0.4778
vn -0.7528 0.5317 -0.3880
vn -0.6338 0.6055 -0.4813
vn -0.8220 0.3795 -0.4247
vn -0.9187 0.1311 -0.3725
vn -0.9479 0.0741 -0.3098
vn -0.9109 -0.0486 -0.4097
vn -0.3748 -0.3160 -0.8716
vn 0.8209 -0.4701 0.3244
vn -0.7788 -0.4638 -0.4223
vn 0.8575 0.3853 0.3409
vn -0.3912 0.2405 -0.8883
vn -0.4572 -0.0134 -0.8893
vn -0.9138 -0.1586 -0.3740
vn 0.9121 0.1650 -0.3753
vn 0.8637 0.0462 0.5019
vn 0.9333 -0.0615 -0.3538
vn 0.6761 0.6363 0.3716
vn 0.6695 0.7220 -0.1749
vn 0.8385 -0.3821 -0.3884
vn 0.6999 0.6057 0.3785
vn 0.8973 -0.2041 0.3914
vn 0.9736 -0.2080 0.0940
vn 0.9439 -0.3302 0.0041
vn 0.9943 -0.0895 0.0577
vn 0.9795 0.1694 0.1086
vn 0.9551 0.0020 0.2964
vn 0.8381 0.5026 0.2123
vn 0.8647 0.1685 0.4733
vn 0.7099 -0.2621 0.6537
vn 0.7274 -0.5702 0.3817
vn 0.7881 -0.0187 0.6152
vn 0.6684 0.4432 0.5974
vn 0.6052 0.1503 0.7818
vn 0.5182 -0.4320 0.7381
vn 0.5325 -0.7054 0.4679
vn 0.5365 -0.0807 0.8400
vn 0.4592 0.4943 0.7381
vn 0.3605 -0.2576 0.8965
vn 0.2715 -0.6806 0.6805
vn 0.2389 -0.0307 0.9706
vn 0.3086 0.6592 0.6857
vn 0.2434 0.2266 0.9431
vn 0.0595 -0.1954 0.9789
vn -0.0300 0.3887 0.9209
vn -0.0370 -0.0010 0.9993
vn -0.2542 -0.2094 0.9442
vn -0.2486 0.2148 0.9445
vn -0.0459 0.3994 0.9156
vn -0.6099 -0.1649 0.7752
vn -0.4374 0.0096 0.8992
vn -0.7528 -0.0997 0.6507
vn -0.6182 0.1956 0.7613
vn -0.7547 0.1406 0.6409
vn -0.7369 -0.4331 0.5191
vn -0.8114 -0.1824 0.5553
vn -0.9211 -0.2243 0.3182
vn -0.8992 0.0003 0.4374
vn -0.8988 0.2488 0.3610
vn -0.6913 0.5428 0.4769
vn -0.8195 0.1361 0.5567
vn -0.9100 -0.3997 0.1101
vn -0.9794 0.0241 0.2006
vn -0.8756 0.4581 0.1534
vn -0.9962 -0.0783 -0.0388
vn -0.9826 0.1840 -0.0264
vn -0.9286 -0.1507 -0.3392
vn -0.9467 -0.3211 -0.0245
vn -0.9427 0.1176 -0.3122
vn -0.4873 0.1589 -0.8586
vn -0.7843 0.0367 -0.6193
vn -0.7621 0.2840 -0.5818
vn -0.8054 -0.1858 -0.5629
vn -0.5290 -0.3564 -0.7701
vn -0.5553 -0.1824 -0.8114
vn -0.5951 -0.0926 -0.7983
vn -0.3195 -0.2087 -0.9243
vn -0.3118 0.0151 -0.9500
vn -0.1610 -0.5149 -0.8420
vn -0.2172 0.4321 -0.8753
vn -0.3428 0.5565 -0.7569
vn -0.0603 -0.0888 -0.9942
vn -0.0816 0.1600 -0.9837
vn 0.2952 -0.2197 -0.9298
vn 0.0092 -0.3146 -0.9492
vn 0.1573 0.0014 -0.9875
vn 0.4555 0.0026 -0.8903
vn 0.2967 0.2198 -0.9293
vn 0.5710 -0.2297 -0.7882
vn 0.3535 -0.5694 -0.7421
vn 0.4074 0.4928 -0.7689
vn 0.6229 0.2192 -0.7510
vn 0.7112 0.0045 -0.7030
vn 0.8218 -0.1429 -0.5516
vn 0.8280 0.0365 -0.5596
vn 0.5465 -0.6550 -0.5218
vn 0.6959 0.5194 -0.4959
vn 0.4901 0.6700 -0.5575
vn 0.9492 -0.2317 -0.2131
vn 0.9395 -0.0026 -0.3426
vn 0.7110 -0.6218 -0.3283
vn 0.8449 0.4736 -0.2487
vn 0.8509 0.2003 -0.4856
vn 0.9829 0.1444 -0.1139
vn 0.8566 0.5129 -0.0562
vn -0.4755 0.4478 0.7572
vn -0.5611 0.1845 0.8069
vn 0.1687 0.3028 0.9380
vn 0.1725 0.0396 0.9842
vn -0.5418 -0.1548 0.8262
vn 0.1831 -0.1816 0.9662
vn -0.9752 0.1536 0.1592
vn -0.5379 -0.0248 0.8427
vn -0.9711 -0.0701 0.2281
vn -0.2049 -0.4515 -0.8684
vn -0.8825 -0.4382 0.1709
vn -0.2227 0.1640 -0.9610
vn 0.5249 -0.0027 -0.8511
vn -0.2344 -0.0802 -0.9688
vn 0.9450 -0.2233 -0.2390
vn -0.5048 0.3387 0.7940
vn 0.5570 -0.0049 -0.8305
vn 0.5332 0.1765 -0.8274
vn 0.7017 -0.7116 -0.0368
vn 0.4998 -0.3682 -0.7840
vn 0.6889 0.7029 -0.1769
vn 0.5643 -0.0217 -0.8253
vn 0.9561 0.2303 -0.1811
vn 0.9854 0.0023 -0.1703
vn -0.5947 0.0473 -0.8025
vn -0.6193 -0.1890 -0.7621
vn -0.5482 0.0245 -0.8360
vn -0.4933 0.3799 -0.7825
vn -0.6454 0.1981 -0.7377
vn 0.2983 0.8628 0.4082
vn -0.6927 0.0803 -0.7167
vn -0.6796 0.1609 -0.7157
vn -0.7231 -0.1090 -0.6821
vn -0.6678 0.3797 -0.6402
vn -0.7716 0.1268 -0.6233
vn -0.8046 -0.0883 -0.5873
vn -0.8156 -0.2912 -0.5000
vn 0.2065 -0.9646 0.1639
vn -0.7139 -0.3194 -0.6232
vn 0.3411 0.9047 0.2553
vn -0.4872 0.8583 -0.1612
vn -0.6985 0.3430 -0.6280
vn -0.0605 0.3267 -0.9432
vn -0.8143 -0.0596 -0.5774
vn 0.0281 -0.3545 -0.9346
vn 0.0003 0.0007 -1.0000
vn 0.9875 -0.1528 0.0379
vn 0.7754 0.0024 0.6314
vn 0.9968 0.0639 0.0481
vn 0.6004 0.6217 0.5029
vn 0.6709 0.4124 0.6163
vn 0.7667 0.2434 0.5941
vn 0.7020 -0.0986 0.7053
vn 0.7402 -0.2453 0.6260
vn 0.6895 0.1653 0.7052
vn 0.6364 0.0453 0.7701
vn 0.5743 -0.0557 0.8168
vn 0.6305 -0.2099 0.7472
vn 0.4959 0.4165 0.7620
vn 0.5817 0.1798 0.7933
vn 0.5716 0.4443 0.6898
vn 0.5092 -0.0220 0.8604
vn 0.4013 -0.0219 0.9157
vn 0.4302 -0.2367 0.8711
vn 0.4634 0.1754 0.8686
vn 0.3856 0.4298 0.8165
vn 0.3649 0.1692 0.9155
vn 0.3346 0.0022 0.9423
vn 0.3063 -0.2354 0.9224
vn 0.2809 -0.6206 0.7321
vn 0.2965 0.4282 0.8537
vn 0.2872 0.3523 0.8907
vn 0.2226 -0.5568 0.8002
vn 0.2259 -0.4562 0.8607
vn 0.2475 -0.0599 0.9670
vn -0.4001 -0.1339 0.9066
vn -0.4200 0.1026 0.9017
vn 0.2727 0.1354 0.9525
vn -0.3151 -0.6229 0.7160
vn -0.3048 0.5565 0.7730
vn 0.2262 0.4057 0.8856
vn -0.8068 0.4645 -0.3651
vn -0.2067 0.2722 -0.9398
vn -0.9121 0.0752 -0.4031
vn -0.6751 -0.6276 -0.3876
vn -0.1935 -0.5087 -0.8389
vn 0.1325 -0.8243 0.5504
vn -0.2411 0.5621 -0.7912
vn -0.1048 0.7045 -0.7019
vn -0.3281 0.2882 -0.8996
vn -0.4206 0.0467 -0.9060
vn -0.2628 0.0762 -0.9618
vn -0.3868 -0.2916 -0.8748
vn -0.3467 -0.0796 -0.9346
vn -0.4390 -0.0504 -0.8971
vn -0.5126 -0.2833 -0.8106
vn -0.4024 -0.5625 -0.7223
vn -0.5022 0.1872 -0.8442
vn -0.4260 0.3839 -0.8192
vn -0.2885 0.6237 -0.7265
vn 0.1573 0.2898 0.9441
vn -0.5544 0.1537 0.8179
vn 0.2033 0.0418 0.9782
vn -0.5403 -0.0186 0.8412
vn -0.4856 0.3837 0.7855
vn -0.5036 0.1509 0.8507
vn -0.9685 -0.1213 0.2176
vn -0.4916 -0.2478 0.8348
vn -0.9592 0.0700 0.2740
vn -0.2153 -0.1628 -0.9629
vn -0.8830 -0.4015 0.2429
vn -0.8948 0.3981 0.2020
vn -0.1346 0.3038 -0.9432
vn 0.5120 -0.0286 -0.8585
vn -0.2603 0.0469 -0.9644
vn 0.5275 0.1136 -0.8419
vn 0.5505 -0.0799 -0.8310
vn 0.9725 -0.1394 -0.1864
vn 0.6429 -0.7564 -0.1207
vn 0.4540 -0.5240 -0.7206
vn 0.9789 0.1065 -0.1746
vn 0.6867 0.7048 -0.1781
vn 0.4703 0.4716 -0.7459
vn 0.1554 -0.4838 0.8613
vn -0.9047 -0.4185 -0.0800
vn 0.7193 -0.6863 0.1076
vn -0.5767 -0.4532 -0.6798
vn 0.7193 0.6863 0.1076
vn -0.8761 0.4758 -0.0779
vn -0.5917 0.4059 -0.6965
vn -0.7038 -0.3546 0.6156
vn -0.9811 -0.1389 -0.1347
vn -0.9727 0.1903 -0.1330
vn -0.7491 0.1265 0.6502
vn -0.9907 0.0249 -0.1341
vn -0.6931 0.3608 0.6241
vn 0.0224 -0.0356 0.9991
vn 0.0305 -0.2428 0.9696
vn -0.6813 -0.3344 0.6512
vn 0.0461 -0.5618 0.8260
vn -0.6927 -0.0588 0.7188
vn -0.6746 0.1601 0.7207
vn 0.0251 0.0976 0.9949
vn 0.0312 0.3348 0.9418
vn -0.6693 0.0117 -0.7429
vn -0.6442 0.3602 -0.6747
vn -0.5439 0.6409 0.5416
vn 0.0499 0.3291 -0.9430
vn -0.0487 -0.1678 -0.9846
vn 0.0376 -0.3063 -0.9512
vn 0.0472 -0.0663 -0.9967
vn -0.0629 -0.0006 -0.9980
vn 0.0612 0.0933 -0.9938
vn -0.0525 0.1687 -0.9843
vn 0.1001 -0.1740 -0.9797
vn -0.1564 -0.4792 -0.8636
vn -0.2481 0.1666 -0.9543
vn -0.1520 0.4009 -0.9034
vn 0.0828 0.0537 -0.9951
vn -0.1912 -0.0216 -0.9813
vn 0.8989 -0.1021 -0.4262
vn 0.0632 -0.3931 -0.9173
vn 0.8959 0.1274 -0.4257
vn 0.1092 0.3220 -0.9404
vn 0.9203 -0.3391 0.1952
vn 0.7303 -0.5301 -0.4309
vn 0.7071 0.5797 -0.4049
vn 0.9249 0.3312 0.1869
vn 0.6446 -0.5087 -0.5707
vn 0.8082 -0.5776 0.1150
vn 0.8138 0.5694 0.1163
vn 0.6485 0.4857 -0.5862
vn 0.4578 -0.7977 -0.3925
vn 0.7575 -0.0068 -0.6528
vn 0.9758 -0.0787 0.2042
vn 0.4800 0.7761 -0.4090
vn -0.0150 0.0183 -0.9997
vn 0.6934 -0.0072 -0.7205
vn -0.0467 -0.2087 -0.9769
vn 0.6943 -0.2692 -0.6674
vn -0.0089 -0.5737 -0.8190
vn 0.6758 0.2947 -0.6756
vn 0.6995 0.2080 0.6837
vn 0.4024 0.7557 -0.5166
vn 0.5799 0.5115 0.6341
vn -0.0160 -0.0901 0.9958
vn 0.6935 -0.3306 0.6401
vn 0.6927 -0.0245 0.7208
vn -0.0144 0.0199 0.9997
vn 0.0038 -0.7644 0.6447
vn 0.4251 -0.7222 0.5457
vn 0.0186 0.0653 0.9977
vn 0.0115 0.3033 0.9528
vn 0.0222 -0.0982 0.9949
vn -0.6735 -0.1996 0.7117
vn -0.4912 -0.5576 0.6692
vn -0.6674 0.3188 0.6730
vn 0.0088 0.6693 0.7429
vn -0.6875 0.0385 0.7252
vn -0.6871 -0.0123 -0.7265
vn 0.0300 -0.3325 -0.9426
vn -0.6581 -0.3504 -0.6664
vn -0.6966 0.2545 -0.6708
vn 0.0341 0.2390 -0.9704
vn 0.0240 -0.6566 -0.7538
vn 0.0260 0.5567 -0.8303
vn -0.6322 -0.2162 -0.7441
vn 0.0437 -0.0995 -0.9941
vn -0.6470 0.1566 -0.7462
vn 0.0415 0.0369 -0.9985
vn -0.0419 0.0243 -0.9988
vn 0.0276 -0.0949 -0.9951
vn 0.0141 0.0648 -0.9978
vn -0.0224 -0.3315 -0.9432
vn -0.0087 -0.6558 -0.7549
vn 0.0146 -0.3375 -0.9412
vn -0.0590 -0.0844 -0.9947
vn -0.0067 0.1834 -0.9830
vn 0.0391 0.3233 -0.9455
vn 0.6180 -0.4934 -0.6121
vn 0.6756 -0.0829 -0.7326
vn 0.6925 0.1460 -0.7065
vn -0.0710 0.5023 -0.8618
vn 0.4589 0.6918 -0.5576
vn 0.6491 -0.3287 0.6861
vn -0.0292 -0.1228 0.9920
vn -0.1101 -0.4926 0.8633
vn 0.6906 -0.0605 0.7207
vn 0.6809 0.1532 0.7161
vn -0.0123 0.0676 0.9976
vn 0.4945 0.6293 0.5996
vn 0.0415 -0.0000 0.9991
vn -0.0019 0.5846 0.8113
vn -0.0000 0.9384 0.3454
vn 0.0092 -0.2404 0.9706
vn 0.0043 -0.5773 0.8165
vn -0.0030 0.0922 0.9957
vn 0.0208 0.2177 0.9758
vn -0.6735 0.0501 0.7375
vn -0.6372 -0.3280 -0.6974
vn -0.5639 -0.5346 0.6295
vn -0.6929 -0.1793 0.6984
vn -0.6984 -0.0492 -0.7141
vn -0.6483 0.3961 0.6503
vn -0.6567 0.1765 -0.7332
vn 0.0863 -0.9552 0.2831
vn -0.5667 0.6418 -0.5167
vn 0.5137 -0.8066 -0.2923
vn -0.0425 -0.2505 -0.9672
vn 0.3059 -0.9322 -0.1937
vn -0.1181 0.1795 -0.9766
vn 0.1710 0.0761 -0.9823
vn -0.1270 -0.0652 -0.9898
vn 0.1579 -0.2937 -0.9428
vn 0.1523 -0.5327 0.8325
vn 0.1592 -0.1042 -0.9817
vn -0.2237 0.5706 -0.7902
vn 0.1971 0.2766 -0.9405
vn 0.9192 -0.2042 -0.3367
vn 0.9610 0.0271 -0.2752
vn 0.9246 -0.0819 0.3720
vn 0.8609 0.3801 -0.3383
vn 0.8759 0.3275 0.3543
vn 0.8852 -0.3139 0.3434
vn 0.6584 -0.7200 0.2195
vn 0.4674 -0.7833 0.4098
vn 0.7063 0.6591 0.2582
vn 0.6054 0.7111 0.3574
vn 0.8942 -0.2375 0.3795
vn 0.8252 -0.3620 0.4336
vn 0.6729 -0.6706 0.3121
vn 0.9066 0.0279 0.4211
vn 0.8816 -0.0615 0.4680
vn 0.8500 0.2018 0.4866
vn 0.9148 0.1992 0.3514
vn 0.8189 -0.2444 0.5193
vn 0.7364 -0.5430 0.4035
vn 0.6710 0.6222 0.4033
vn 0.8119 0.4315 0.3932
vn 0.6124 -0.6723 0.4160
vn 0.9852 0.1043 -0.1360
vn 0.8382 0.0097 0.5452
vn 0.9803 -0.1544 -0.1232
vn 0.7947 -0.5935 -0.1275
vn 0.8830 -0.4603 -0.0915
vn 0.4276 -0.7069 -0.5634
vn 0.7683 0.6356 -0.0754
vn 0.8062 0.5737 -0.1449
vn 0.4738 0.6407 -0.6042
vn 0.9908 -0.0822 -0.1072
vn 0.9864 0.1409 -0.0841
vn 0.1086 -0.2321 0.9666
vn 0.0312 0.1217 0.9921
vn 0.0744 -0.0279 0.9968
vn 0.1051 0.1530 0.9826
vn 0.0107 -0.5427 0.8398
vn 0.0544 -0.4471 0.8929
vn 0.4753 -0.6749 -0.5645
vn 0.0639 0.3312 0.9414
vn 0.0410 0.4802 0.8762
vn 0.5641 0.4940 -0.6616
vn 0.0400 -0.2252 0.9735
vn 0.6659 -0.1281 0.7350
vn 0.6763 0.1513 0.7209
vn 0.5627 -0.4541 0.6908
vn 0.6451 -0.4268 0.6338
vn 0.5860 0.3586 0.7267
vn 0.5878 0.5286 0.6124
vn 0.6194 0.0907 0.7798
vn 0.5846 -0.1515 0.7971
vn 0.5456 0.2272 0.8067
vn 0.5362 0.0538 0.8424
vn 0.4920 -0.3512 0.7966
vn 0.5061 -0.5007 0.7023
vn 0.4486 0.1547 0.8803
vn 0.4205 -0.1181 0.8996
vn 0.4762 -0.1240 0.8705
vn 0.5069 0.2722 0.8179
vn 0.4032 -0.4545 0.7942
vn -0.1505 -0.0399 0.9878
vn -0.1863 -0.2427 0.9520
vn 0.3671 -0.5147 0.7748
vn -0.1587 0.1778 0.9712
vn -0.9824 -0.0129 -0.1862
vn -0.9215 0.2955 -0.2520
vn -0.1231 0.5596 0.8196
vn -0.4168 -0.2741 -0.8667
vn -0.8810 -0.4350 -0.1862
vn -0.3880 -0.0599 -0.9197
vn -0.4490 -0.3012 -0.8412
vn -0.3962 0.3709 -0.8399
vn -0.4282 0.1768 -0.8862
vn -0.2197 0.5902 -0.7768
vn -0.5353 -0.1217 -0.8358
vn -0.4757 0.0925 -0.8748
vn -0.5598 -0.3999 -0.7257
vn -0.5482 -0.3614 -0.7543
vn -0.5866 0.0168 -0.8097
vn -0.4920 0.6951 -0.5243
vn -0.5370 0.4065 -0.7392
vn -0.6773 0.3463 -0.6491
vn -0.6672 -0.1813 -0.7225
vn -0.6377 -0.4569 -0.6202
vn -0.9177 -0.3921 0.0632
vn -0.9925 -0.1156 0.0409
vn -0.9220 -0.3571 0.1493
vn 0.4958 -0.4896 -0.7173
vn -0.9913 -0.0620 0.1158
vn -0.5528 -0.0344 0.8326
vn -0.9821 0.1559 0.1056
vn -0.5528 0.2142 0.8053
vn -0.4594 0.5712 0.6802
vn -0.0920 -0.1601 -0.9828
vn -0.1403 0.0699 -0.9876
vn -0.7402 0.6638 0.1071
vn -0.1075 0.3760 -0.9204
vn 0.5093 0.2492 -0.8237
vn 0.5301 0.0300 -0.8474
vn -0.2343 0.2417 -0.9417
vn 0.5440 -0.1210 -0.8303
vn -0.1526 -0.5382 -0.8289
vn -0.0948 -0.1245 -0.9877
vn -0.1664 0.4869 -0.8575
vn 0.4664 0.5373 -0.7027
vn -0.8269 -0.1606 -0.5389
vn -0.8507 0.0682 -0.5213
vn -0.8539 0.2521 -0.4553
vn -0.8794 -0.2049 -0.4298
vn -0.8055 -0.3593 -0.4713
vn -0.9244 0.0293 -0.3802
vn -0.8435 -0.3737 -0.3858
vn -0.7795 -0.5353 -0.3252
vn -0.9122 0.2609 -0.3160
vn -0.8437 -0.0043 0.5368
vn -0.9104 -0.1925 -0.3663
vn -0.7424 -0.3199 0.5886
vn 0.8506 -0.4407 0.2870
vn -0.6539 0.7507 -0.0944
vn -0.7464 0.3303 0.5778
vn 0.4636 -0.0000 0.8860
vn 0.7620 -0.1990 0.6162
vn 0.4518 -0.2181 0.8651
vn 0.7611 0.1959 0.6184
vn 0.4518 0.2182 0.8651
vn 0.6345 -0.5266 0.5658
vn 0.5187 -0.7094 0.4771
vn 0.6349 0.5247 0.5671
vn 0.5187 0.7094 0.4772
vn 0.7420 -0.0041 0.6704
vn 0.6791 -0.1969 0.7072
vn 0.6972 0.0705 0.7134
vn 0.5692 -0.5165 0.6397
vn 0.6279 -0.5326 0.5675
vn 0.5241 0.6662 0.5305
vn 0.6201 0.2419 0.7463
vn 0.6864 0.3331 0.6465
vn 0.4859 0.6190 0.6170
vn 0.6349 -0.1341 0.7609
vn 0.0007 -0.4771 0.8788
vn 0.5457 -0.4763 0.6894
vn -0.0151 0.3422 0.9395
vn -0.0040 -0.1640 0.9864
vn -0.9464 -0.3223 -0.0188
vn 0.0017 0.0557 0.9984
vn -0.9995 0.0001 -0.0313
vn -0.9467 0.3220 -0.0058
vn -0.5970 -0.0728 -0.7989
vn -0.6174 0.1067 -0.7794
vn -0.6761 0.0223 -0.7365
vn -0.6922 -0.1105 -0.7132
vn -0.7404 0.1756 -0.6488
vn -0.7819 -0.2317 -0.5788
vn -0.6939 -0.3185 -0.6457
vn -0.7681 -0.0345 -0.6394
vn -0.7025 0.5829 -0.4083
vn -0.8245 0.2439 -0.5106
vn -0.6195 0.6368 -0.4591
vn -0.8864 -0.1146 -0.4486
vn -0.8721 -0.3653 -0.3257
vn -0.8330 -0.2401 -0.4984
vn -0.8723 0.2557 -0.4169
vn -0.8654 0.0340 -0.4999
vn -0.9191 0.0525 -0.3906
vn -0.4293 -0.2063 -0.8793
vn -0.3763 -0.5211 -0.7661
vn 0.8601 -0.4308 0.2732
vn 0.8645 -0.0436 0.5008
vn 0.8779 -0.2192 -0.4257
vn 0.9397 0.0288 -0.3408
vn 0.8600 0.3329 -0.3866
vn 0.8622 0.0966 0.4972
vn 0.7906 -0.5664 -0.2326
vn 0.5882 -0.7381 0.3305
vn -0.3891 -0.9050 -0.1721
vn 0.7115 0.5776 0.4002
vn 0.7274 0.5112 -0.4578
vn -0.5365 0.8308 -0.1484
vn 0.8492 -0.1351 -0.5105
vn -0.0116 0.0376 -0.9992
vn 0.0047 -0.1163 -0.9932
vn 0.0439 0.0196 -0.9988
vn -0.1030 -0.3284 -0.9389
vn -0.0063 -0.8371 0.5470
vn -0.4623 -0.7157 -0.5235
vn 0.6937 0.0135 -0.7201
vn -0.0318 -0.1228 -0.9919
vn -0.1662 0.9289 -0.3309
vn -0.0414 0.2467 -0.9682
vn -0.0095 0.5535 -0.8328
vn 0.6558 -0.2289 -0.7194
vn 0.6778 -0.1530 0.7192
vn -0.0154 -0.1383 0.9903
vn 0.5097 -0.6339 0.5817
vn -0.0324 -0.0307 0.9990
vn 0.6857 0.0633 0.7251
vn 0.0375 -0.1074 0.9935
vn 0.0505 0.2194 0.9743
vn -0.0161 0.1049 0.9944
vn -0.0438 0.2773 0.9598
vn 0.0361 -0.3228 0.9458
vn -0.6933 0.0723 0.7170
vn 0.0034 0.0294 0.9996
vn -0.0422 0.4504 -0.8918
vn -0.6440 0.3790 0.6645
vn -0.0000 0.4141 0.9102
vn -0.6558 0.3593 -0.6640
vn -0.6749 -0.1550 -0.7215
vn -0.6937 0.0662 -0.7173
vn 0.0045 0.1848 -0.9828
vn 0.7074 0.0426 -0.7055
vn 0.7134 0.0588 -0.6983
vn 0.7355 -0.0574 -0.6751
vn -0.6946 -0.3489 0.6292
vn 0.3607 -0.8576 -0.3667
vn 0.4206 -0.7985 -0.4307
vn 0.6251 0.4308 0.6509
vn 0.7015 -0.0560 0.7105
vn 0.2968 -0.7248 0.6218
vn 0.1352 0.9622 0.2363
vn 0.4142 -0.8573 0.3058
vn -0.4631 -0.8243 0.3255
vn -0.0150 -0.9511 0.3086
vn 0.0052 -0.6691 -0.7431
vn 0.0876 0.9559 -0.2804
vn 0.1171 -0.9803 -0.1588
vn 0.0051 0.6712 -0.7413
vn -0.0150 0.9467 0.3217
vn -0.1109 0.9924 0.0525
vn 0.6112 0.6534 -0.4466
vn 0.9055 -0.2697 -0.3275
vn 0.3839 -0.4553 -0.8033
vn 0.3798 0.4941 -0.7821
vn -0.0063 -0.8328 -0.5536
vn 0.0085 -0.6176 -0.7865
vn -0.0624 -0.0136 -0.9980
vn 0.0312 0.3356 -0.9415
vn -0.0047 0.8427 -0.5383
vn -0.0565 -0.3680 -0.9281
vn -0.0565 0.3679 -0.9281
vn 0.0029 -0.7674 0.6412
vn 0.0100 0.9941 0.1079
vn 0.6352 -0.4386 0.6357
vn 0.3864 -0.4180 0.8222
vn 0.3934 -0.3953 0.8300
vn 0.6187 0.5090 0.5985
vn 0.4199 0.4353 0.7964
vn 0.3236 0.5775 0.7495
vn -0.6565 0.7179 -0.2318
vn -0.2366 0.7544 -0.6124
vn 0.2056 -0.7531 0.6249
vn 0.1818 -0.8061 0.5632
vn -0.5186 -0.4136 -0.7483
vn -0.4585 -0.3123 -0.8320
vn -0.2403 0.6682 -0.7041
vn -0.4483 0.3674 -0.8148
vn -0.5012 0.4248 -0.7539
vn -0.6442 -0.3148 -0.6970
vn -0.7299 -0.3272 -0.6001
vn 0.2860 -0.9178 0.2755
vn 0.1440 -0.9866 0.0762
vn -0.8571 -0.4096 -0.3125
vn 0.2860 0.9178 0.2755
vn 0.1440 0.9866 0.0762
vn -0.8353 -0.4688 -0.2872
vn 0.0098 -0.6629 0.7486
vn -0.6020 -0.6727 0.4302
vn -0.6043 0.6775 0.4193
vn 0.0116 -0.3225 0.9465
vn -0.0062 -0.6732 -0.7394
vn 0.0105 -0.6699 -0.7424
vn 0.0137 0.6693 -0.7429
vn -0.0062 0.6719 -0.7406
vn 0.1705 -0.4572 0.8729
vn 0.1705 0.4571 0.8729
vn -0.3801 -0.7536 -0.5363
vn -0.5248 -0.5625 -0.6389
vn 0.4693 0.6131 0.6355
vn 0.3953 0.8306 0.3921
vn -0.5939 -0.5726 -0.5652
vn 0.7461 0.6656 0.0182
vn 0.2105 -0.9296 0.3026
vn 0.6065 0.4906 0.6257
vn 0.4889 -0.6130 0.6206
vn 0.5231 0.5401 0.6593
vn 0.8722 -0.4855 -0.0592
vn 0.6739 -0.5791 0.4588
vn -0.3445 -0.7415 0.5758
vn -0.2880 0.8277 0.4816
vn 0.4036 -0.5027 0.7645
vn 0.3598 -0.3865 0.8492
vn 0.3546 -0.4835 0.8003
vn 0.3366 0.5589 0.7578
vn 0.3430 0.4753 0.8102
vn -0.3024 0.4067 -0.8621
vn 0.2907 0.8221 0.4895
vn 0.1373 0.9613 0.2390
vn -0.0110 -0.5112 -0.8594
vn 0.1804 -0.4480 0.8756
vn 0.1804 0.4480 0.8756
vn 0.8539 -0.3884 -0.3464
vn 0.7413 -0.6096 0.2809
vn -0.5672 -0.7933 -0.2211
vn 0.4326 0.8138 0.3881
vn -0.3967 -0.9033 -0.1633
vn 0.7626 0.5953 0.2532
vn 0.7446 0.6101 0.2708
vn 0.6879 -0.4130 0.5968
vn 0.5647 -0.5780 0.5890
vn 0.5690 -0.4916 0.6592
vn 0.4588 -0.4551 0.7631
vn 0.4658 -0.4432 0.7659
vn 0.4068 0.7024 0.5840
vn 0.4173 0.5039 0.7562
vn 0.3233 -0.5019 0.8022
vn -0.1549 -0.5615 0.8128
vn -0.6704 -0.7263 -0.1520
vn -0.9632 -0.1624 -0.2142
vn -0.4516 -0.3440 -0.8233
vn -0.3702 0.3812 -0.8472
vn -0.5399 -0.5368 -0.6484
vn 0.2946 0.8590 0.4187
vn 0.4167 -0.8583 0.2995
vn 0.4167 0.8583 0.2995
vn 0.5844 -0.7473 0.3163
vn 0.4210 0.8799 0.2203
vn 0.3701 0.5436 0.7533
vn -0.8953 -0.4452 0.0129
vn -0.9971 -0.0554 -0.0514
vn -0.0283 -0.3290 0.9439
vn -0.8704 0.4882 -0.0639
vn 0.3073 -0.8546 0.4186
vn -0.5555 0.3086 -0.7721
vn 0.3073 0.8546 0.4186
vn -0.4828 -0.8342 -0.2666
vn -0.7530 -0.0007 -0.6580
vn 0.4286 -0.8898 0.1570
vn 0.4286 0.8898 0.1570
vn -0.4146 -0.5921 0.6910
vn -0.3043 -0.6048 0.7360
vn 0.8011 -0.3683 0.4718
vn -0.8192 -0.3516 -0.4531
vn 0.7440 0.5791 0.3333
vn -0.1758 -0.6550 0.7349
vn -0.3043 0.6048 0.7360
vn -0.3618 0.6517 0.6666
vn -0.7022 -0.5843 -0.4068
vn -0.7833 -0.5435 -0.3017
vn -0.8415 0.5261 -0.1227
vn -0.8306 0.4635 -0.3086
vn -0.7277 0.5980 -0.3358
vn -0.5568 0.4821 -0.6764
vn 0.0913 0.5095 -0.8556
vn 0.0452 0.4738 -0.8794
vn 0.1642 -0.5937 -0.7878
vn 0.1939 -0.9361 -0.2934
vn 0.2207 -0.9158 -0.3356
vn 0.5274 0.3414 -0.7780
vn 0.1419 -0.5406 0.8293
vn -0.7395 0.6140 0.2761
vn -0.1392 0.8868 -0.4408
vn 0.3643 0.7341 -0.5731
vn -0.5324 -0.3925 -0.7500
vn -0.6002 -0.4260 -0.6770
vn -0.5672 -0.3770 -0.7323
vn 0.9545 0.2981 0.0102
vn 0.8254 -0.5636 0.0344
vn 0.7207 -0.4828 0.4976
vn 0.6817 -0.2671 0.6812
vn 0.6110 -0.4728 0.6350
vn 0.2237 0.9340 0.2786
vn 0.5671 -0.6910 0.4481
vn 0.5874 0.4116 0.6968
vn 0.5239 -0.4707 0.7099
vn 0.5224 -0.2169 0.8247
vn 0.4804 -0.5599 0.6750
vn 0.4231 -0.5052 0.7522
vn -0.9004 -0.1416 -0.4115
vn 0.4057 0.5252 0.7480
vn 0.2952 -0.7275 0.6193
vn 0.3101 -0.4808 0.8202
vn 0.3171 0.5230 0.7911
vn -0.1497 -0.8689 -0.4718
vn -0.2708 -0.6745 -0.6868
vn -0.2555 -0.0581 -0.9651
vn -0.4941 -0.3749 0.7844
vn 0.1796 0.8754 0.4489
vn 0.3840 -0.7142 -0.5852
vn 0.4741 -0.4291 -0.7688
vn 0.1865 -0.1657 0.9684
vn 0.4898 0.4314 -0.7576
vn -0.1626 -0.7580 -0.6316
vn -0.1566 0.8311 -0.5337
vn 0.4781 0.4205 -0.7711
vn -0.5435 -0.6893 0.4790
vn 0.0145 0.6555 0.7550
vn -0.6705 -0.2593 -0.6951
vn -0.0112 -0.9641 -0.2653
vn 0.0201 -0.6613 -0.7498
vn 0.0178 0.6643 -0.7473
vn -0.0111 0.9645 -0.2638
vn 0.9730 0.0685 0.2205
vn 0.7278 -0.6763 0.1138
vn 0.7278 0.6763 0.1139
vn -0.0139 0.7257 -0.6879
vn -0.0001 -0.9417 -0.3364
vn -0.0091 0.9976 -0.0690
vn -0.0073 0.9836 -0.1804
vn 0.0050 -0.6792 -0.7339
vn 0.0822 -0.8361 0.5424
vn -0.0000 -0.9504 -0.3109
vn 0.0869 0.7078 0.7010
vn 0.0052 0.6551 -0.7555
vn -0.0110 0.5114 -0.8593
vn 0.1782 -0.4336 0.8833
vn 0.7788 -0.5630 0.2767
vn 0.1782 0.4336 0.8833
vn 0.9006 0.0758 0.4280
vn 0.9412 -0.0407 0.3355
vn 0.7977 0.5397 0.2690
vn 0.7911 0.4859 0.3716
vn 0.6911 0.5695 0.4450
vn 0.5499 -0.8309 -0.0852
vn 0.5318 0.8431 -0.0796
vn 0.3418 0.4622 0.8182
vn 0.3629 0.5668 0.7396
vn 0.2564 -0.6921 0.6747
vn 0.2801 0.8384 0.4676
vn -0.9031 0.4288 0.0254
vn -0.6766 0.7357 0.0309
vn -0.2315 0.9546 -0.1875
vn -0.7231 0.6192 -0.3060
vn 0.4549 -0.5972 -0.6606
vn -0.0883 -0.7281 -0.6797
vn 0.4797 -0.4639 -0.7448
vn 0.4171 0.6333 -0.6519
vn 0.4251 -0.6035 -0.6746
vn 0.1984 -0.9360 -0.2907
vn 0.6439 0.6391 0.4207
vn -0.7119 -0.5591 -0.4249
vn 0.4255 -0.7196 0.5487
vn -0.6219 -0.3577 -0.6966
vn 0.2225 -0.9287 0.2965
vn 0.4255 0.7196 0.5487
vn -0.6047 0.4726 -0.6411
vn -0.8148 -0.0550 -0.5772
vn 0.3304 -0.9040 0.2715
vn -0.6580 0.5710 -0.4910
vn -0.6094 0.4797 -0.6313
vn 0.7238 -0.5597 0.4035
vn 0.7899 -0.4364 0.4308
vn -0.1088 0.9766 0.1856
vn -0.4302 0.3079 -0.8486
vn -0.4816 0.0301 -0.8759
vn 0.4983 0.8196 -0.2827
vn -0.0000 -0.8914 -0.4533
vn 0.0110 0.9443 -0.3288
vn 0.1123 0.6810 -0.7236
vn 0.6577 0.3143 -0.6846
vn 0.6177 0.3296 0.7140
vn -0.0042 -0.9102 0.4142
vn 0.0016 -0.6856 0.7280
vn 0.0024 0.8968 -0.4425
vn -0.5711 -0.5864 0.5744
vn 0.0492 -0.7320 0.6795
vn -0.6744 -0.1385 0.7252
vn 0.3350 -0.9203 0.2020
vn 0.3350 0.9203 0.2020
vn 0.4973 0.7041 0.5070
vn -0.6383 0.3336 -0.6938
vn 0.2225 0.9287 0.2965
vn -0.7761 0.5339 -0.3354
vt 0.821911 0.000000
vt 0.971317 0.000000
vt 0.835681 0.000000
vt 0.179915 0.000000
vt 0.328763 0.000000
vt 0.314930 0.000000
vt 0.776503 0.000000
vt 0.696160 0.000000
vt 0.561644 0.000000
vt 0.520548 0.000000
vt 0.448997 0.000000
vt 0.913252 0.000000
vt 0.931827 0.000000
vt 0.926136 0.000000
vt 0.889678 0.000000
vt 0.950300 0.000000
vt 0.867985 0.000000
vt 0.993358 0.000000
vt 0.849391 0.000000
vt 0.000000 0.000000
vt 0.837973 0.000000
vt 0.060270 0.000000
vt 0.079620 0.000000
vt 0.073864 0.000000
vt 0.037597 0.000000
vt 0.015723 0.000000
vt 0.113297 0.000000
vt 0.829545 0.000000
vt 0.715909 0.000000
vt 0.710227 0.000000
vt 0.146963 0.000000
vt 0.724486 0.000000
vt 0.701938 0.000000
vt 0.820899 0.000000
vt 0.161843 0.000000
vt 0.690477 0.000000
vt 0.735867 0.000000
vt 0.809535 0.000000
vt 0.173272 0.000000
vt 0.679029 0.000000
vt 0.747243 0.000000
vt 0.801136 0.000000
vt 0.667588 0.000000
vt 0.758613 0.000000
vt 0.184687 0.000000
vt 0.795455 0.000000
vt 0.568178 0.000000
vt 0.599185 0.000000
vt 0.573877 0.000000
vt 0.769983 0.000000
vt 0.656158 0.000000
vt 0.789773 0.000000
vt 0.196091 0.000000
vt 0.622168 0.000000
vt 0.543692 0.000000
vt 0.784066 0.000000
vt 0.642048 0.000000
vt 0.207489 0.000000
vt 0.499992 0.000000
vt 0.215909 0.000000
vt 0.491441 0.000000
vt 0.253186 0.000000
vt 0.357954 0.000000
vt 0.480073 0.000000
vt 0.366517 0.000000
vt 0.284091 0.000000
vt 0.317043 0.000000
vt 0.289773 0.000000
vt 0.468710 0.000000
vt 0.377869 0.000000
vt 0.457351 0.000000
vt 0.389220 0.000000
vt 0.445996 0.000000
vt 0.400570 0.000000
vt 0.437500 0.000000
vt 0.431818 0.000000
vt 0.411920 0.000000
vt 0.426136 0.000000
vt 0.420455 0.000000
vt 0.972740 0.000000
vt 0.835680 0.000000
vt 0.181388 0.000000
vt 0.328763 0.000000
vt 0.314930 0.000000
vt 0.776500 0.000000
vt 0.696160 0.000000
vt 0.561644 0.000000
vt 0.448997 0.000000
vt 0.428985 0.000000
vt 0.459630 0.000000
vt 0.453514 0.000000
vt 0.223603 0.000000
vt 0.287966 0.000000
vt 0.229840 0.000000
vt 0.388626 0.000000
vt 0.519123 0.000000
vt 0.166113 0.000000
vt 0.074538 0.000000
vt 0.562779 0.000000
vt 0.055499 0.000000
vt 0.028033 0.000000
vt 0.608694 0.000000
vt 0.000008 0.000000
vt 0.919242 0.000000
vt 0.974796 0.000000
vt 0.925468 0.000000
vt 0.636896 0.000000
vt 0.695662 0.000000
vt 0.689400 0.000000
vt 0.865934 0.000000
vt 0.819876 0.000000
vt 0.754196 0.000000
vt 0.871283 0.000000
vt 0.902566 0.000000
vt 0.881188 0.000000
vt 0.945566 0.000000
vt 0.838761 0.000000
vt 0.999981 0.000000
vt 0.796013 0.000000
vt 0.752484 0.000000
vt 0.094181 0.000000
vt 0.118812 0.000000
vt 0.108911 0.000000
vt 0.613861 0.000000
vt 0.678585 0.000000
vt 0.623785 0.000000
vt 0.592228 0.000000
vt 0.074354 0.000000
vt 0.721999 0.000000
vt 0.128713 0.000000
vt 0.549686 0.000000
vt 0.143367 0.000000
vt 0.742574 0.000000
vt 0.495077 0.000000
vt 0.054526 0.000000
vt 0.163225 0.000000
vt 0.034699 0.000000
vt 0.183085 0.000000
vt 0.014874 0.000000
vt 0.202943 0.000000
vt 0.480409 0.000000
vt 0.222800 0.000000
vt 0.460628 0.000000
vt 0.440766 0.000000
vt 0.241263 0.000000
vt 0.420895 0.000000
vt 0.401015 0.000000
vt 0.261982 0.000000
vt 0.381125 0.000000
vt 0.366337 0.000000
vt 0.281935 0.000000
vt 0.356436 0.000000
vt 0.301910 0.000000
vt 0.321923 0.000000
vt 0.341990 0.000000
vt 0.712810 0.000000
vt 0.776552 0.000000
vt 0.744681 0.000000
vt 0.670287 0.000000
vt 0.819075 0.000000
vt 0.627679 0.000000
vt 0.861683 0.000000
vt 0.585052 0.000000
vt 0.904309 0.000000
vt 0.542481 0.000000
vt 0.946881 0.000000
vt 0.989321 0.000000
vt 0.500041 0.000000
vt 0.457491 0.000000
vt 0.010595 0.000000
vt 0.053118 0.000000
vt 0.414968 0.000000
vt 0.095725 0.000000
vt 0.372360 0.000000
vt 0.329733 0.000000
vt 0.138352 0.000000
vt 0.287162 0.000000
vt 0.180923 0.000000
vt 0.255319 0.000000
vt 0.223363 0.000000
vt 0.878547 0.000000
vt 0.904774 0.000000
vt 0.896825 0.000000
vt 0.845127 0.000000
vt 0.942861 0.000000
vt 0.814665 0.000000
vt 0.789723 0.000000
vt 1.000336 0.000000
vt 0.773738 0.000000
vt 0.084380 0.000000
vt 0.111134 0.000000
vt 0.103175 0.000000
vt 0.052620 0.000000
vt 0.021986 0.000000
vt 0.761905 0.000000
vt 0.163034 0.000000
vt 0.749868 0.000000
vt 0.603175 0.000000
vt 0.595257 0.000000
vt 0.200692 0.000000
vt 0.615119 0.000000
vt 0.575662 0.000000
vt 0.226069 0.000000
vt 0.631008 0.000000
vt 0.733989 0.000000
vt 0.559615 0.000000
vt 0.024462 0.775785
vt 0.049194 0.499238
vt 0.015585 0.511279
vt 0.646894 0.000000
vt 0.242058 0.000000
vt 0.722222 0.000000
vt 0.662773 0.000000
vt 0.543595 0.000000
vt 0.714286 0.000000
vt 0.258022 0.000000
vt 0.706349 0.000000
vt 0.678648 0.000000
vt 0.527600 0.000000
vt 0.698377 0.000000
vt 0.273964 0.000000
vt 0.511623 0.000000
vt 0.289890 0.000000
vt 0.500000 0.000000
vt 0.487979 0.000000
vt 0.305725 0.000000
vt 0.472153 0.000000
vt 0.321544 0.000000
vt 0.456325 0.000000
vt 0.337334 0.000000
vt 0.440496 0.000000
vt 0.353132 0.000000
vt 0.424663 0.000000
vt 0.368942 0.000000
vt 0.412698 0.000000
vt 0.404762 0.000000
vt 0.396825 0.000000
vt 0.384766 0.000000
vt 0.112105 0.000000
vt 0.157896 0.000000
vt 0.144724 0.000000
vt 0.085668 0.000000
vt 0.190659 0.000000
vt 0.059235 0.000000
vt 0.229910 0.000000
vt 0.032809 0.000000
vt 0.308357 0.000000
vt 0.282704 0.000000
vt 0.974115 0.000000
vt 0.315789 0.000000
vt 0.671107 0.000000
vt 0.379867 0.000000
vt 0.940868 0.000000
vt 0.914480 0.000000
vt 0.619686 0.000000
vt 0.703723 0.000000
vt 0.888107 0.000000
vt 0.730151 0.000000
vt 0.861746 0.000000
vt 0.842105 0.000000
vt 0.756565 0.000000
vt 0.828947 0.000000
vt 0.782972 0.000000
vt 0.809369 0.000000
vt 0.542214 0.000000
vt 0.459608 0.000000
vt 0.500021 0.000000
vt 0.486842 0.000000
vt 0.733349 0.000000
vt 0.750025 0.000000
vt 0.744898 0.000000
vt 0.933657 0.000000
vt 0.980869 0.000000
vt 0.938875 0.000000
vt 0.701985 0.000000
vt 0.890552 0.000000
vt 0.794783 0.000000
vt 0.544814 0.000000
vt 0.561241 0.000000
vt 0.556122 0.000000
vt 0.524045 0.000000
vt 0.367340 0.000000
vt 0.420935 0.000000
vt 0.372494 0.000000
vt 0.502508 0.000000
vt 0.608301 0.000000
vt 0.322740 0.000000
vt 0.244898 0.000000
vt 0.002674 0.000000
vt 0.237286 0.000000
vt 0.012882 0.000000
vt 0.227027 0.000000
vt 0.216781 0.000000
vt 0.023087 0.000000
vt 0.206544 0.000000
vt 0.033289 0.000000
vt 0.196317 0.000000
vt 0.043486 0.000000
vt 0.186168 0.000000
vt 0.178571 0.000000
vt 0.053661 0.000000
vt 0.170997 0.000000
vt 0.061224 0.000000
vt 0.160786 0.000000
vt 0.068835 0.000000
vt 0.150571 0.000000
vt 0.079004 0.000000
vt 0.140355 0.000000
vt 0.130137 0.000000
vt 0.089173 0.000000
vt 0.122449 0.000000
vt 0.117347 0.000000
vt 0.099343 0.000000
vt 0.109509 0.000000
vt 0.099231 0.000000
vt 0.136425 0.000000
vt 0.125000 0.000000
vt 0.052466 0.000000
vt 0.248098 0.000000
vt 0.249920 0.000000
vt 0.284076 0.000000
vt 0.951705 0.000000
vt 0.323112 0.000000
vt 0.370961 0.000000
vt 0.848190 0.000000
vt 0.568182 0.000000
vt 0.613962 0.000000
vt 0.540875 0.000000
vt 0.404382 0.000000
vt 0.493128 0.000000
vt 0.459522 0.000000
vt 0.431833 0.000000
vt 0.799794 0.000000
vt 0.678615 0.000000
vt 0.752972 0.000000
vt 0.715900 0.000000
vt 0.727273 0.000000
vt 0.895834 0.000000
vt 0.918395 0.000000
vt 0.911565 0.000000
vt 0.659860 0.000000
vt 0.703821 0.000000
vt 0.666705 0.000000
vt 0.868167 0.000000
vt 0.739134 0.000000
vt 0.840047 0.000000
vt 0.620681 0.000000
vt 0.959352 0.000000
vt 0.587908 0.000000
vt 0.991595 0.000000
vt 0.496599 0.000000
vt 0.003195 0.000000
vt 0.486887 0.000000
vt 0.016933 0.000000
vt 0.473114 0.000000
vt 0.030650 0.000000
vt 0.459353 0.000000
vt 0.044351 0.000000
vt 0.445585 0.000000
vt 0.431818 0.000000
vt 0.058033 0.000000
vt 0.417795 0.000000
vt 0.074830 0.000000
vt 0.404770 0.000000
vt 0.084657 0.000000
vt 0.391097 0.000000
vt 0.101554 0.000000
vt 0.255180 0.000000
vt 0.234908 0.000000
vt 0.377438 0.000000
vt 0.221217 0.000000
vt 0.268812 0.000000
vt 0.125990 0.000000
vt 0.363792 0.000000
vt 0.200599 0.000000
vt 0.282441 0.000000
vt 0.350156 0.000000
vt 0.296064 0.000000
vt 0.156456 0.000000
vt 0.340136 0.000000
vt 0.180082 0.000000
vt 0.333333 0.000000
vt 0.309683 0.000000
vt 0.326531 0.000000
vt 0.163269 0.000000
vt 0.319728 0.000000
vt 0.972744 0.000000
vt 0.181388 0.000000
vt 0.150685 0.000000
vt 0.993358 0.000000
vt 0.146963 0.000000
vt 0.599185 0.000000
vt 0.317043 0.000000
vt 0.971313 0.000000
vt 0.179915 0.000000
vt 0.150685 0.000000
vt 0.055499 0.000000
vt 0.028033 0.000000
vt 0.000008 0.000000
vt 0.754196 0.000000
vt 0.738095 0.000000
vt 0.730159 0.000000
vt 0.324124 0.000000
vt 0.957386 0.000000
vt 0.605956 0.000000
vt 0.999760 0.000000
vt 0.999705 0.000000
vt 0.309683 0.000000
vt 0.008420 0.181620
vt 0.000000 0.359254
vt 0.006751 0.998589
vt 0.003176 0.747479
vt 0.043070 0.239243
vt 0.016819 0.000000
vt 0.016819 1.000000
vt 0.044051 0.000000
vt 0.030443 0.000000
vt 0.044051 1.000000
vt 0.030443 1.000000
vt 0.074527 0.852323
vt 0.051081 0.753509
vt 0.057641 0.000000
vt 0.057641 1.000000
vt 0.074327 0.000000
vt 0.074338 0.254277
vt 0.074336 0.600179
vt 0.074327 1.000000
vt 0.099784 0.312098
vt 0.097063 0.000000
vt 0.154934 0.250160
vt 0.125139 0.000000
vt 0.125139 1.000000
vt 0.122105 0.755409
vt 0.155392 0.001179
vt 0.155392 0.998821
vt 0.155672 0.668350
vt 0.162158 0.361343
vt 0.162156 0.720733
vt 0.182625 0.261331
vt 0.162162 0.000969
vt 0.183089 0.426864
vt 0.162167 1.000000
vt 0.178702 1.013246
vt 0.188967 -0.000520
vt 0.172039 0.000000
vt 0.216759 0.646768
vt 0.216449 0.401485
vt 0.199235 1.000293
vt 0.219962 0.973146
vt 0.243233 0.373359
vt 0.242973 0.636297
vt 0.243243 0.000744
vt 0.233321 1.000000
vt 0.243243 0.998128
vt 0.269546 0.222383
vt 0.266995 0.000000
vt 0.253455 0.000000
vt 0.280524 0.002202
vt 0.280532 1.000000
vt 0.273650 0.865513
vt 0.266995 1.000000
vt 0.294571 0.438528
vt 0.268638 0.572472
vt 0.307184 0.286654
vt 0.304807 0.868225
vt 0.288698 0.657437
vt 0.307590 0.000000
vt 0.294064 0.000000
vt 0.311904 0.620921
vt 0.307590 1.000000
vt 0.294064 1.000000
vt 0.317568 1.000000
vt 0.324308 0.289676
vt 0.324324 0.000000
vt 0.317568 0.000000
vt 0.324324 0.742900
vt 0.331081 0.001415
vt 0.331105 0.578745
vt 0.331081 0.998585
vt 0.324324 1.000000
vt 0.347789 -0.001010
vt 0.331097 0.263131
vt 0.354397 0.272544
vt 0.354767 0.702050
vt 0.344716 0.517671
vt 0.361323 0.000039
vt 0.361323 0.999961
vt 0.337840 0.999944
vt 0.374882 -0.000088
vt 0.374882 1.000088
vt 0.374984 0.339262
vt 0.388453 -0.000203
vt 0.388453 1.000203
vt 0.377924 0.683118
vt 0.398999 0.560799
vt 0.391757 0.391699
vt 0.414914 0.761797
vt 0.398752 1.002103
vt 0.414973 0.001556
vt 0.401953 -0.001091
vt 0.414055 0.495594
vt 0.409301 1.000252
vt 0.423388 0.280433
vt 0.446048 0.000045
vt 0.446077 0.740013
vt 0.434399 0.544980
vt 0.439114 0.999926
vt 0.422056 1.000000
vt 0.450412 0.306693
vt 0.473050 0.301436
vt 0.463098 0.002603
vt 0.456250 1.000000
vt 0.469938 0.997269
vt 0.493279 0.152712
vt 0.476757 0.000000
vt 0.493265 0.477422
vt 0.472207 0.663993
vt 0.483598 1.000000
vt 0.493244 0.998818
vt 0.591024 0.341825
vt 0.590129 0.781580
vt 0.493236 0.761760
vt 0.589681 0.148904
vt 0.655367 0.000000
vt 0.586117 0.000000
vt 0.655367 1.000000
vt 0.586117 1.000000
vt 0.655368 0.151413
vt 0.655392 0.407390
vt 0.589790 0.542700
vt 0.655382 0.740469
vt 0.662203 0.002575
vt 0.662676 0.453256
vt 0.662171 0.998824
vt 0.727190 0.158516
vt 0.726255 0.849286
vt 0.661239 0.765684
vt 0.734280 0.423861
vt 0.732958 0.658324
vt 0.840527 0.341104
vt 0.837506 0.548646
vt 0.865973 0.771610
vt 0.878784 0.246392
vt 0.862183 0.002098
vt 0.881446 0.511454
vt 0.905406 0.000501
vt 0.889781 0.000000
vt 0.889781 1.000000
vt 0.905406 1.001844
vt 0.862184 0.997985
vt 0.905405 0.405990
vt 0.912174 0.817235
vt 0.958148 0.548551
vt 0.912398 0.392730
vt 0.971263 1.000000
vt 0.912196 1.000000
vt 0.960863 0.359406
vt 0.975651 0.157432
vt 0.976859 0.775306
vt 0.940776 0.000000
vt 0.912168 0.001115
vt 1.000000 0.000000
vt 0.982320 0.000000
vt 1.000000 0.951271
vt 0.123046 0.261902
vt 0.051949 -0.008915
vt 0.018551 0.254924
vt 0.054786 0.433915
vt 0.025889 0.701120
vt 0.123229 0.502278
vt 0.051969 1.010022
vt 0.123047 0.738098
vt 0.123596 0.001245
vt 0.098116 0.000000
vt 0.123596 0.998755
vt 0.098116 1.000000
vt 0.134878 0.264011
vt 0.134867 0.593397
vt 0.134835 0.997372
vt 0.238682 0.250971
vt 0.134897 0.000000
vt 0.280899 0.001377
vt 0.245311 0.000000
vt 0.280950 0.446227
vt 0.237926 0.605194
vt 0.184073 1.012493
vt 0.280725 0.760297
vt 0.318433 0.240168
vt 0.302370 0.000000
vt 0.331404 0.453569
vt 0.382254 0.344432
vt 0.354216 1.000000
vt 0.328690 0.771632
vt 0.319481 1.000000
vt 0.379916 0.601392
vt 0.376920 0.988400
vt 0.377007 0.000000
vt 0.343152 0.000000
vt 0.399838 0.000000
vt 0.415722 0.823203
vt 0.415724 0.475187
vt 0.415730 1.000000
vt 0.399838 1.000000
vt 0.426980 0.999129
vt 0.427054 0.454699
vt 0.476854 0.007970
vt 0.426966 0.002583
vt 0.475854 0.623753
vt 0.426866 0.746739
vt 0.522480 0.556566
vt 0.475565 0.346954
vt 0.523759 0.269386
vt 0.534798 0.000000
vt 0.499794 0.000000
vt 0.498749 1.006886
vt 0.476949 0.994582
vt 0.561798 0.001160
vt 0.534798 1.000000
vt 0.561798 0.998840
vt 0.561793 0.367026
vt 0.561784 0.695112
vt 0.707709 0.252450
vt 0.607010 -0.001131
vt 0.613806 0.324000
vt 0.607010 1.001131
vt 0.707709 0.747541
vt 0.635902 0.636469
vt 0.707854 0.001017
vt 0.670990 0.000000
vt 0.707733 0.497914
vt 0.670990 1.000000
vt 0.707854 0.998983
vt 0.719294 0.385865
vt 0.719507 0.738120
vt 0.763223 0.424454
vt 0.719105 0.001159
vt 0.811360 0.000000
vt 0.744511 0.000000
vt 0.825099 0.356131
vt 0.817283 0.645677
vt 0.817273 1.000000
vt 0.719105 0.998841
vt 0.744511 1.000000
vt 0.818294 0.164606
vt 0.994695 0.000000
vt 0.994408 0.100000
vt 0.994629 0.254924
vt 0.994662 0.702080
vt 0.818366 0.839000
vt 0.994773 1.000000
vt 0.994398 0.900000
vt 0.995118 0.500000
vt 0.310166 0.261837
vt 0.310522 0.001692
vt 0.197359 0.350432
vt 0.310521 0.998306
vt 0.311529 0.684760
vt 0.197346 0.648906
vt 0.324357 0.263426
vt 0.422192 0.455443
vt 0.324933 0.617606
vt 0.428363 0.848922
vt 0.324433 0.998826
vt 0.428437 0.151216
vt 0.443380 0.000000
vt 0.324397 0.000000
vt 0.446033 0.643029
vt 0.443380 1.000000
vt 0.714574 0.579500
vt 0.696568 0.741673
vt 0.810832 0.432675
vt 0.703193 0.356733
vt 0.810686 0.999061
vt 0.810808 0.750435
vt 0.808895 0.148923
vt 0.824611 0.001317
vt 0.810762 0.000000
vt 0.824324 0.362925
vt 0.824755 0.637937
vt 0.824331 0.995628
vt 0.908916 0.183198
vt 0.901909 0.465876
vt 0.935589 0.649533
vt 0.935813 1.000000
vt 0.855896 1.000000
vt 0.020993 0.251785
vt 0.020527 0.000000
vt 0.004261 0.000000
vt 0.020527 1.000000
vt 0.009611 0.750688
vt 0.004261 1.000000
vt 0.013366 0.503030
vt 0.045628 0.458568
vt 0.045066 0.746118
vt 0.049447 0.188375
vt 0.053045 0.000000
vt 0.036789 0.000000
vt 0.053045 1.000000
vt 0.036789 1.000000
vt 0.069306 0.470304
vt 0.079719 0.174265
vt 0.085508 0.000000
vt 0.069294 0.000000
vt 0.085534 0.532266
vt 0.075168 0.829157
vt 0.085508 1.000000
vt 0.069294 1.000000
vt 0.103935 0.330865
vt 0.102115 0.720745
vt 0.121103 0.558738
vt 0.125899 0.001788
vt 0.109689 0.000000
vt 0.133959 0.267767
vt 0.109689 1.000000
vt 0.125899 0.998212
vt 0.142169 0.647763
vt 0.158281 0.477136
vt 0.158679 0.816858
vt 0.174656 0.545169
vt 0.168216 0.174686
vt 0.186992 0.000813
vt 0.174502 0.000000
vt 0.186992 0.403100
vt 0.186992 1.000000
vt 0.186866 0.776123
vt 0.174502 1.000000
vt 0.195122 0.712158
vt 0.207195 0.557065
vt 0.195122 0.412276
vt 0.223613 0.495118
vt 0.195119 0.003966
vt 0.218979 0.971053
vt 0.247882 0.302264
vt 0.235253 0.028712
vt 0.248273 0.754082
vt 0.252144 0.517309
vt 0.280159 0.315265
vt 0.272708 0.701125
vt 0.291329 0.653523
vt 0.312583 0.343712
vt 0.309072 0.994952
vt 0.280615 1.000079
vt 0.357582 0.998848
vt 0.318807 0.683944
vt 0.358750 0.759396
vt 0.345319 0.338849
vt 0.378115 0.999940
vt 0.390264 0.452208
vt 0.389982 0.210309
vt 0.390239 0.733564
vt 0.521754 0.349013
vt 0.516220 0.552524
vt 0.549205 1.000000
vt 0.519612 0.884829
vt 0.497771 1.000000
vt 0.585364 0.422386
vt 0.585350 0.702068
vt 0.585366 0.999068
vt 0.593658 0.252865
vt 0.585353 0.001343
vt 0.593442 0.549185
vt 0.664502 0.151241
vt 0.593573 0.000000
vt 0.593582 0.998751
vt 0.664402 0.851238
vt 0.592891 0.760640
vt 0.669043 0.358344
vt 0.668676 0.596574
vt 0.818732 0.848778
vt 0.857071 0.652831
vt 0.812772 0.542388
vt 0.886168 0.001577
vt 0.835063 0.000000
vt 0.818765 0.150668
vt 0.868236 0.396338
vt 0.818575 0.350066
vt 0.835063 1.000000
vt 0.886168 0.998423
vt 0.886179 0.502442
vt 0.894309 0.276559
vt 0.956339 0.148485
vt 0.894309 0.000000
vt 0.956674 0.397742
vt 0.894309 0.594911
vt 0.963372 0.000000
vt 0.963372 1.000000
vt 0.956338 0.851511
vt 0.894309 0.998599
vt 1.000000 0.199641
vt 1.000000 0.789272
vt 0.956625 0.651327
vt 0.037065 0.598044
vt 0.009813 0.429583
vt 0.001711 0.689968
vt 0.058438 0.998705
vt 0.006378 0.998879
vt 0.061200 0.241141
vt 0.013097 0.001812
vt 0.080549 0.537169
vt 0.111289 0.137936
vt 0.084556 0.000000
vt 0.111502 0.752043
vt 0.117700 0.492251
vt 0.142857 0.469159
vt 0.155846 0.002163
vt 0.142839 0.001107
vt 0.142797 0.997745
vt 0.155822 0.757155
vt 0.213724 0.824779
vt 0.203968 0.446906
vt 0.155672 0.387371
vt 0.254184 0.381115
vt 0.214213 0.138405
vt 0.269816 0.601594
vt 0.311774 0.572147
vt 0.311688 0.000524
vt 0.279033 0.000000
vt 0.312095 0.343311
vt 0.279033 1.000000
vt 0.311688 0.999476
vt 0.375093 0.252451
vt 0.419993 0.449463
vt 0.375056 0.696926
vt 0.480120 0.280278
vt 0.375738 0.005076
vt 0.375738 0.994924
vt 0.478688 0.600363
vt 0.480519 0.997213
vt 0.453639 1.000000
vt 0.493443 0.407736
vt 0.493171 0.744780
vt 0.493552 0.999968
vt 0.566937 0.650329
vt 0.493552 0.000032
vt 0.611638 0.000000
vt 0.535171 0.000000
vt 0.605954 0.413504
vt 0.491391 0.143480
vt 0.611638 1.000000
vt 0.535171 1.000000
vt 0.662816 0.251807
vt 0.662710 0.548450
vt 0.662547 0.806035
vt 0.711027 0.714887
vt 0.694584 1.000000
vt 0.742662 0.443999
vt 0.705592 0.344020
vt 0.782756 0.301175
vt 0.798858 0.000000
vt 0.772804 0.000000
vt 0.798858 1.000000
vt 0.771745 0.683337
vt 0.772803 1.000000
vt 0.818176 0.667366
vt 0.818182 0.240870
vt 0.818182 0.000000
vt 0.831169 0.997109
vt 0.818182 1.000000
vt 0.863546 0.001348
vt 0.831198 0.000000
vt 0.831169 0.281300
vt 0.883362 0.791522
vt 0.863438 0.545049
vt 0.831396 0.594281
vt 0.922385 0.591071
vt 0.866486 0.322284
vt 0.902603 1.000000
vt 0.876572 1.000000
vt 0.923615 0.241645
vt 0.929429 0.988607
vt 0.915625 0.000000
vt 0.889554 0.000153
vt 0.967728 0.001528
vt 0.941676 0.000000
vt 0.978889 0.621570
vt 0.995811 0.409923
vt 0.967971 0.284359
vt 0.000000 0.430062
vt 0.039745 0.254021
vt 0.000000 0.000959
vt 0.039548 0.598870
vt 0.000000 0.653845
vt 0.021559 1.002157
vt 0.000000 0.856650
vt 0.000000 1.000000
vt 0.102360 0.001271
vt 0.052206 0.000000
vt 0.102336 0.402202
vt 0.052206 1.000000
vt 0.102360 0.998729
vt 0.110236 0.434482
vt 0.102258 0.649514
vt 0.110238 0.997670
vt 0.162949 0.541974
vt 0.166044 0.351204
vt 0.203283 0.049342
vt 0.175981 0.867437
vt 0.223932 0.228191
vt 0.223932 0.771807
vt 0.245805 0.751152
vt 0.220953 0.539588
vt 0.250505 0.252735
vt 0.255990 0.000000
vt 0.240153 0.000000
vt 0.255990 1.000000
vt 0.240153 1.000000
vt 0.247902 0.501106
vt 0.271814 0.517403
vt 0.285490 0.161704
vt 0.287608 0.000000
vt 0.271807 0.000000
vt 0.294513 0.389857
vt 0.287608 1.000000
vt 0.280260 0.854196
vt 0.271807 1.000000
vt 0.318650 0.185575
vt 0.295815 0.620675
vt 0.319054 0.524629
vt 0.310693 0.792934
vt 0.319012 1.000000
vt 0.303318 1.000000
vt 0.334585 0.596633
vt 0.334677 1.000000
vt 0.350565 0.487801
vt 0.342443 0.207369
vt 0.351037 0.802001
vt 0.368828 0.499567
vt 0.393656 0.596429
vt 0.373451 0.209153
vt 0.376783 0.813176
vt 0.393701 0.255278
vt 0.393701 0.999276
vt 0.381736 1.000000
vt 0.401575 0.995873
vt 0.417650 0.729750
vt 0.401575 0.587083
vt 0.421315 0.000112
vt 0.409449 0.000000
vt 0.413926 0.197352
vt 0.424597 0.365770
vt 0.436991 0.627578
vt 0.413462 1.001657
vt 0.449004 0.292747
vt 0.468340 0.260623
vt 0.452732 0.000016
vt 0.471134 0.572869
vt 0.452594 0.717711
vt 0.472647 1.003904
vt 0.444885 0.999984
vt 0.487387 0.288965
vt 0.496807 0.572785
vt 0.500509 0.767443
vt 0.484131 1.000068
vt 0.496049 -0.000395
vt 0.484131 -0.000068
vt 0.496049 1.000395
vt 0.514210 0.249319
vt 0.523431 0.003058
vt 0.521166 0.531860
vt 0.523431 0.996942
vt 0.545819 0.360515
vt 0.551181 0.000101
vt 0.555297 1.002389
vt 0.548087 0.675307
vt 0.564343 0.224332
vt 0.563165 0.000000
vt 0.570873 0.551632
vt 0.590550 0.002990
vt 0.579103 0.000000
vt 0.590490 0.508232
vt 0.571130 1.000000
vt 0.590569 0.997003
vt 0.598425 0.746458
vt 0.598425 0.402228
vt 0.617789 0.196101
vt 0.598425 0.000288
vt 0.618510 0.509297
vt 0.626040 0.000000
vt 0.610275 0.000000
vt 0.626040 1.000000
vt 0.617789 0.803896
vt 0.610275 1.000000
vt 0.649748 0.706781
vt 0.641800 1.000000
vt 0.649323 0.209564
vt 0.657554 0.000000
vt 0.641800 0.000000
vt 0.657554 1.000000
vt 0.664401 0.850041
vt 0.673304 0.000000
vt 0.650270 0.473128
vt 0.677612 0.482694
vt 0.673304 1.000000
vt 0.692874 0.999020
vt 0.692913 0.410078
vt 0.682524 0.055262
vt 0.692913 0.748857
vt 0.715734 0.263403
vt 0.724385 0.000527
vt 0.716526 0.000119
vt 0.700675 0.738323
vt 0.718292 0.632350
vt 0.728472 0.493116
vt 0.743250 0.249551
vt 0.743250 0.750449
vt 0.751853 -0.000013
vt 0.736088 0.000136
vt 0.751853 1.000013
vt 0.736088 0.999864
vt 0.763353 0.489796
vt 0.783308 0.004537
vt 0.777114 0.743624
vt 0.781232 0.372887
vt 0.783505 1.000000
vt 0.767646 1.000000
vt 0.808347 0.996564
vt 0.824991 0.696242
vt 0.870403 0.597472
vt 0.821327 0.388781
vt 0.889762 0.003112
vt 0.871629 0.000000
vt 0.808347 0.003436
vt 0.871629 1.000000
vt 0.889762 0.996986
vt 0.889764 0.455862
vt 0.843873 0.247094
vt 0.897669 0.754469
vt 0.930010 0.550750
vt 0.897661 0.389143
vt 0.935437 1.000000
vt 0.897651 1.000000
vt 1.000552 0.432720
vt 0.897652 0.003453
vt 0.999383 0.854643
vt 0.992459 1.000000
vt 0.042094 0.229269
vt 0.010374 0.000000
vt 0.000000 0.100000
vt 0.000000 0.361381
vt 0.000000 0.758137
vt 0.031457 0.500104
vt 0.010374 1.000000
vt 0.057238 0.759959
vt 0.093607 0.170811
vt 0.052012 0.000000
vt 0.083843 0.449958
vt 0.093731 1.000000
vt 0.125156 0.722018
vt 0.135469 0.000000
vt 0.093731 0.000000
vt 0.135516 0.356632
vt 0.135469 1.000000
vt 0.169279 0.191060
vt 0.177153 0.000000
vt 0.188551 0.460493
vt 0.177153 1.000000
vt 0.190554 0.799403
vt 0.218919 0.008858
vt 0.218709 1.000000
vt 0.238751 0.509782
vt 0.275071 0.205189
vt 0.275071 0.794811
vt 0.250000 1.000000
vt 0.330236 0.245693
vt 0.299783 0.522412
vt 0.370989 0.357700
vt 0.332444 0.799573
vt 0.373034 0.687432
vt 0.406322 0.000000
vt 0.364603 0.000000
vt 0.423479 0.184227
vt 0.406514 0.503523
vt 0.419279 0.808940
vt 0.406322 1.000000
vt 0.364603 1.000000
vt 0.447960 0.000000
vt 0.447791 0.554547
vt 0.447960 1.000000
vt 0.484818 0.366562
vt 0.481776 0.749568
vt 0.529382 0.260429
vt 0.489397 0.001497
vt 0.529513 0.701302
vt 0.651830 0.750743
vt 0.585206 0.570466
vt 0.582444 0.799573
vt 0.580236 0.245693
vt 0.656321 0.000000
vt 0.614603 0.000000
vt 0.629219 0.365546
vt 0.676719 0.251978
vt 0.675313 0.518508
vt 0.697960 0.000000
vt 0.697960 1.000000
vt 0.656321 1.000000
vt 0.719053 0.357406
vt 0.717958 0.750558
vt 0.775071 0.205190
vt 0.728810 0.002991
vt 0.757465 0.500700
vt 0.801820 0.496477
vt 0.775071 0.794810
vt 0.831753 0.187062
vt 0.802012 0.000000
vt 0.802012 1.000000
vt 0.843510 0.788406
vt 0.852752 0.533005
vt 0.881982 0.278330
vt 0.885469 0.000000
vt 0.843731 0.000000
vt 0.885469 1.000000
vt 0.843731 1.000000
vt 0.938733 0.184807
vt 0.923882 0.490330
vt 0.927153 0.000000
vt 0.927153 1.000000
vt 0.905623 0.800005
vt 0.959885 0.722444
vt 0.968937 0.001497
vt 0.968709 1.000000
vt 0.989280 0.357406
vt 0.997645 0.758137
vt 1.000000 1.000000
vt 0.299601 0.995536
vt 0.154564 0.719571
vt -0.000000 0.997558
vt 0.000097 0.538494
vt 0.293673 0.263507
vt 0.000269 0.261585
vt 0.461429 0.741533
vt 0.301169 0.465234
vt 0.461538 0.361333
vt 0.500026 0.003447
vt 0.461518 0.000742
vt 0.502267 0.741509
vt 0.580210 0.447533
vt 0.501666 0.403441
vt 0.958337 0.248747
vt 0.583047 0.000000
vt 0.780671 0.497687
vt 0.661767 0.721290
vt 0.961421 0.000861
vt 0.750085 0.000000
vt 0.961455 1.000000
vt 0.750085 1.000000
vt 0.961258 0.789607
vt 0.961374 0.515643
vt 1.000000 0.538468
vt 1.000000 0.997558
vt 0.043578 0.572965
vt 0.051451 0.249548
vt 0.008755 0.503457
vt 0.010056 0.999968
vt 0.080305 1.003342
vt 0.050069 1.000000
vt 0.083401 0.499646
vt 0.098307 0.692772
vt 0.122433 0.378084
vt 0.110132 0.999963
vt 0.151882 0.716267
vt 0.162537 0.378607
vt 0.199994 0.000060
vt 0.170222 0.000000
vt 0.130204 0.000061
vt 0.170222 1.000000
vt 0.199994 0.999940
vt 0.140014 0.999881
vt 0.220003 0.994617
vt 0.194751 0.543250
vt 0.220000 0.004014
vt 0.220000 0.494956
vt 0.240000 0.255461
vt 0.290403 0.504908
vt 0.240180 0.597465
vt 0.289603 1.000000
vt 0.329735 0.998123
vt 0.284663 0.790462
vt 0.349641 0.396203
vt 0.291283 0.202095
vt 0.348449 0.720215
vt 0.390686 0.566753
vt 0.434913 0.430402
vt 0.388048 0.259176
vt 0.450035 0.998088
vt 0.426697 0.682068
vt 0.409946 1.000000
vt 0.480427 0.477123
vt 0.546591 0.475874
vt 0.529756 0.203751
vt 0.487766 0.726819
vt 0.529205 1.000000
vt 0.568177 0.705321
vt 0.617162 0.483628
vt 0.622822 0.220011
vt 0.609858 0.000000
vt 0.609858 1.000000
vt 0.650288 0.999404
vt 0.650283 0.000000
vt 0.690819 0.000000
vt 0.679783 0.412513
vt 0.719975 0.238976
vt 0.719979 0.710476
vt 0.663134 0.664849
vt 0.720000 0.000000
vt 0.720000 1.000000
vt 0.690819 1.000000
vt 0.740000 0.998610
vt 0.799871 0.794226
vt 0.740046 0.618529
vt 0.739946 -0.000219
vt 0.820342 0.001069
vt 0.769873 0.000000
vt 0.810051 1.000000
vt 0.769873 1.000000
vt 0.852606 0.989593
vt 0.912018 0.649428
vt 0.815473 0.586942
vt 0.943444 0.153468
vt 0.874553 0.361287
vt 0.958063 0.464594
vt 0.980014 0.000119
vt 0.950525 0.000000
vt 0.976183 0.743871
vt 1.000000 0.527334
vt 0.970437 0.999938
vt 0.930629 1.002307
vt 0.000015 0.997528
vt 0.142863 0.729722
vt 0.000057 0.545519
vt 0.223031 0.449693
vt 0.294595 0.998606
vt 0.373453 0.691491
vt 0.464395 0.254245
vt 0.302964 0.249000
vt 0.461538 0.583359
vt 0.500622 0.218821
vt 0.461420 0.001104
vt 0.461420 0.998896
vt 0.501136 0.806290
vt 0.640380 0.453925
vt 0.500891 0.550557
vt 0.817689 0.640000
vt 0.883010 0.447204
vt 0.960790 0.237797
vt 0.961538 0.000000
vt 0.881610 0.000000
vt 0.960943 0.709396
vt 0.961538 1.000000
vt 0.881610 1.000000
vt 1.000000 0.000998
vt 1.000000 0.545501
vt 1.000000 0.997528
vt 0.055164 0.000496
vt 0.027860 0.000000
vt 0.000009 0.000941
vt 0.027860 1.000000
vt 0.055164 0.999504
vt 0.000009 0.999059
vt 0.074068 0.250250
vt 0.045957 0.306954
vt 0.046014 0.745669
vt 0.074070 0.597091
vt 0.045621 0.565104
vt 0.074078 0.998055
vt 0.163085 0.449963
vt 0.163715 0.204077
vt 0.222223 0.002146
vt 0.164343 0.000000
vt 0.222226 0.408593
vt 0.222227 0.738418
vt 0.163451 0.650122
vt 0.163817 0.852170
vt 0.228395 0.528668
vt 0.228441 0.998406
vt 0.222223 1.000000
vt 0.280267 0.820677
vt 0.391072 0.250397
vt 0.280261 0.180554
vt 0.278583 0.399122
vt 0.389767 0.483915
vt 0.278685 0.650796
vt 0.391063 0.748936
vt 0.449987 0.250043
vt 0.426079 0.001350
vt 0.435778 0.705733
vt 0.426071 0.998623
vt 0.450617 0.593879
vt 0.433571 0.459233
vt 0.456790 0.316479
vt 0.450712 0.000289
vt 0.456790 0.724924
vt 0.450712 0.999711
vt 0.505233 0.149577
vt 0.456798 0.000000
vt 0.456798 1.000000
vt 0.505109 0.850429
vt 0.605014 0.199917
vt 0.559305 0.000000
vt 0.559305 1.000000
vt 0.605030 0.787007
vt 0.604936 0.000000
vt 0.604934 0.496276
vt 0.502875 0.386291
vt 0.604936 1.000000
vt 0.640417 0.582953
vt 0.685274 0.484180
vt 0.644938 0.254535
vt 0.685142 0.002524
vt 0.632965 0.000000
vt 0.684528 0.845025
vt 0.691649 0.771155
vt 0.685141 1.000000
vt 0.691373 0.999434
vt 0.739393 0.349657
vt 0.692152 0.151785
vt 0.691358 0.455695
vt 0.739005 0.551630
vt 0.750754 0.000000
vt 0.691369 0.000000
vt 0.869577 0.601164
vt 0.869245 0.849692
vt 0.869476 0.348744
vt 0.913550 0.232828
vt 0.913551 0.001406
vt 0.913567 0.998662
vt 0.859793 1.000000
vt 0.913580 0.544128
vt 0.919753 0.470269
vt 0.966514 0.181603
vt 0.919756 0.001152
vt 0.919756 0.997907
vt 0.965680 0.765405
vt 0.968779 0.000000
vt 0.968779 1.000000
vt 1.000000 0.000942
vt 1.000000 0.298134
vt 0.964603 0.350063
vt 1.000000 0.641834
vt 0.963541 0.558696
vt 1.000000 0.999058
vt 0.208995 0.549623
vt -0.000000 0.349617
vt 0.000000 0.529827
vt 0.188502 0.148477
vt 0.177483 0.000000
vt 0.000000 0.127772
vt 0.210053 0.349196
vt 0.189701 0.750242
vt -0.000000 0.854410
vt 0.310652 0.001152
vt 0.310774 0.331418
vt 0.310733 0.759149
vt 0.247627 0.998461
vt 0.310804 1.000000
vt 0.324322 0.002384
vt 0.465211 0.303839
vt 0.407913 0.007697
vt 0.324412 0.407358
vt 0.324435 0.716610
vt 0.464597 0.638982
vt 0.324477 0.999986
vt 0.723348 0.445422
vt 0.684377 1.000000
vt 0.464214 1.000000
vt 0.691929 0.101476
vt 0.684377 0.000000
vt 0.688717 0.616825
vt 0.718662 0.833935
vt 0.810811 0.581404
vt 0.824329 0.002507
vt 0.810802 0.001079
vt 0.810145 0.262171
vt 0.824365 0.426917
vt 0.810802 0.998921
vt 0.824014 0.768619
vt 0.950340 0.127772
vt 0.886469 0.000000
vt 0.952285 0.529827
vt 0.824393 1.000000
vt 0.949637 0.854410
vt 0.000000 0.143368
vt 0.015406 -0.002731
vt 0.028171 0.746709
vt 0.073318 0.597893
vt 0.027022 0.392376
vt 0.073446 0.001211
vt 0.037385 0.000000
vt 0.073385 0.350459
vt 0.037385 1.000000
vt 0.073446 0.998789
vt 0.079105 0.001615
vt 0.079096 0.583686
vt 0.111062 0.369165
vt 0.079105 0.998978
vt 0.114582 0.841043
vt 0.114582 0.158958
vt 0.146132 0.000000
vt 0.104847 0.000000
vt 0.146132 1.000000
vt 0.104847 1.000000
vt 0.169700 0.173002
vt 0.183643 0.000000
vt 0.172293 0.000000
vt 0.172841 0.537225
vt 0.189067 0.387738
vt 0.194274 0.796927
vt 0.164737 0.733240
vt 0.202415 0.233865
vt 0.194982 0.000000
vt 0.194982 1.000000
vt 0.183643 1.000000
vt 0.206316 0.000000
vt 0.214648 0.616537
vt 0.203687 0.503810
vt 0.214594 0.364249
vt 0.214659 0.141646
vt 0.282469 0.001415
vt 0.240240 0.000000
vt 0.282484 1.000000
vt 0.214621 0.865746
vt 0.240240 1.000000
vt 0.282480 0.344922
vt 0.282479 0.741423
vt 0.288040 0.219888
vt 0.355928 0.568853
vt 0.288197 0.464497
vt 0.288036 0.718975
vt 0.288122 -0.000062
vt 0.355932 0.000814
vt 0.315252 0.000000
vt 0.355932 0.998406
vt 0.288122 1.000062
vt 0.315252 1.000000
vt 0.355903 0.340509
vt 0.371153 0.261810
vt 0.368818 0.693837
vt 0.375733 0.000000
vt 0.364446 0.000000
vt 0.375728 0.997935
vt 0.364446 1.000000
vt 0.380271 0.668906
vt 0.386455 0.292870
vt 0.387333 0.989759
vt 0.394905 0.548161
vt 0.398367 0.000261
vt 0.387021 0.000000
vt 0.409291 0.717319
vt 0.411467 0.433796
vt 0.401163 0.288529
vt 0.398307 1.000000
vt 0.409593 0.000000
vt 0.423702 0.403538
vt 0.423729 0.000676
vt 0.418079 0.000000
vt 0.423729 0.744920
vt 0.429385 0.456404
vt 0.429378 0.994364
vt 0.423729 1.000000
vt 0.443482 -0.001295
vt 0.429379 0.001570
vt 0.441334 0.437399
vt 0.454741 0.000854
vt 0.446235 1.003611
vt 0.443275 0.750450
vt 0.437833 0.999962
vt 0.460461 0.356383
vt 0.458093 0.624595
vt 0.477358 -0.000147
vt 0.466056 -0.000071
vt 0.478005 0.584700
vt 0.477358 1.000147
vt 0.466056 1.000071
vt 0.488441 0.985960
vt 0.481821 0.227929
vt 0.488666 -0.000241
vt 0.497180 0.001408
vt 0.497191 0.425671
vt 0.564968 0.003293
vt 0.540621 0.000000
vt 0.565039 0.381143
vt 0.531338 0.522160
vt 0.564963 0.731298
vt 0.528252 0.833373
vt 0.540621 1.000000
vt 0.570861 0.263254
vt 0.570622 0.626677
vt 0.564968 1.000000
vt 0.570639 0.999085
vt 0.593224 0.764777
vt 0.602180 0.543948
vt 0.638485 0.684044
vt 0.606857 0.354605
vt 0.638461 0.143925
vt 0.638435 0.400121
vt 0.638422 0.999289
vt 0.618654 1.000000
vt 0.652168 0.287143
vt 0.658015 0.608676
vt 0.664002 0.988992
vt 0.670266 0.251505
vt 0.652447 0.002588
vt 0.684629 0.557747
vt 0.686527 -0.000755
vt 0.675193 0.000000
vt 0.692435 0.848101
vt 0.706179 0.508301
vt 0.689638 0.310649
vt 0.706215 0.002605
vt 0.697972 0.000000
vt 0.697972 1.000000
vt 0.706215 0.997395
vt 0.711846 0.510977
vt 0.725856 0.195158
vt 0.711864 0.000294
vt 0.725856 0.804842
vt 0.711864 0.999706
vt 0.731710 0.000000
vt 0.720393 0.000000
vt 0.731710 1.000000
vt 0.720393 1.000000
vt 0.739734 0.475247
vt 0.748515 0.209400
vt 0.752546 0.624090
vt 0.754327 0.000000
vt 0.743021 0.000000
vt 0.754327 1.000000
vt 0.759080 0.838935
vt 0.743021 1.000000
vt 0.765632 1.000000
vt 0.763623 0.390262
vt 0.779633 0.001022
vt 0.765632 0.000000
vt 0.779633 0.998978
vt 0.779643 0.251218
vt 0.785312 0.003236
vt 0.779622 0.613620
vt 0.785311 0.496197
vt 0.785312 0.996764
vt 0.795459 0.316698
vt 0.796075 0.716361
vt 0.799627 0.518037
vt 0.810652 0.337093
vt 0.815548 0.742141
vt 0.830366 0.002693
vt 0.810613 0.000120
vt 0.822031 0.440933
vt 0.844592 1.000000
vt 0.838241 0.795595
vt 0.833238 1.000000
vt 0.861574 0.318123
vt 0.885448 -0.016565
vt 0.836446 0.023101
vt 0.873476 0.739870
vt 0.853765 0.549682
vt 0.900720 0.478470
vt 0.920376 0.252618
vt 0.920904 0.001057
vt 0.908092 0.000000
vt 0.948300 0.391698
vt 0.927345 0.260531
vt 0.926554 0.543196
vt 0.926566 0.996118
vt 0.948535 0.650810
vt 1.000435 0.143991
vt 0.926563 0.001273
vt 0.987746 0.000000
vt 0.944931 0.000000
vt 0.987746 1.000000
vt 1.000118 0.735181
vt 0.944931 1.000000
vt 0.999916 0.410290
vt 0.179219 0.569784
vt -0.000000 0.288506
vt 0.000000 0.556954
vt 0.255171 -0.016678
vt 0.177483 0.000000
vt 0.310923 0.521798
vt 0.208368 0.359105
vt 0.248569 1.000000
vt 0.188114 0.796670
vt 0.178937 1.000000
vt 0.310803 0.002825
vt 0.324435 0.283385
vt 0.465495 0.249913
vt 0.324479 0.000015
vt 0.463942 0.448678
vt 0.324411 0.592638
vt 0.716222 0.340220
vt 0.723825 0.756543
vt 0.465373 0.650986
vt 0.388989 1.038288
vt 0.716465 0.155951
vt 0.811133 0.638919
vt 0.691865 0.545901
vt 0.766010 1.000000
vt 0.810803 0.998923
vt 0.686262 1.008244
vt 0.824329 0.997497
vt 0.928718 0.547408
vt 0.824385 0.263709
vt 0.824358 0.617084
vt 0.948452 0.751420
vt 0.003173 0.000000
vt 0.105426 0.534358
vt 0.097063 1.000000
vt 0.134804 0.403392
vt 0.206127 -0.000095
vt 0.219722 0.000000
vt 0.233321 0.000000
vt 0.253455 1.000000
vt 0.256215 0.371752
vt 0.337838 0.000000
vt 0.347790 1.000000
vt 0.428900 0.000000
vt 0.493282 0.000000
vt 0.834371 0.000000
vt 0.734140 0.000000
vt 0.689790 1.000000
vt 0.699065 0.000000
vt 0.734140 1.000000
vt 0.834371 1.000000
vt 1.000000 0.578820
vt 0.245311 1.000000
vt 0.280885 1.000000
vt 0.415730 0.003100
vt 0.447796 0.000000
vt 0.454359 1.000000
vt -0.000000 0.151603
vt 0.197149 0.000000
vt 0.000000 0.000000
vt -0.000000 0.488073
vt 0.235282 0.475913
vt 0.000000 0.848635
vt -0.000000 0.649533
vt 0.197149 1.000000
vt 0.280221 0.000000
vt 0.280221 1.000000
vt 0.692418 0.000000
vt 0.692418 1.000000
vt 0.935814 0.000000
vt 0.935030 0.848635
vt 0.097561 0.000000
vt 0.158303 0.000000
vt 0.142098 0.000000
vt 0.097561 1.000000
vt 0.142098 1.000000
vt 0.158303 1.000000
vt 0.195122 1.000000
vt 0.207373 1.000000
vt 0.207373 0.000000
vt 0.223655 0.000000
vt 0.264360 0.000006
vt 0.248082 -0.000050
vt 0.231802 1.000092
vt 0.248082 1.000050
vt 0.264360 0.999994
vt 0.280616 -0.000079
vt 0.309072 0.005048
vt 0.296658 0.000000
vt 0.337280 0.000000
vt 0.357582 0.001152
vt 0.296658 1.000000
vt 0.337280 1.000000
vt 0.378115 0.000060
vt 0.508966 0.000000
vt 0.390244 0.000000
vt 0.390244 1.000000
vt 0.521490 0.149584
vt 0.800745 0.000000
vt 0.670759 0.000000
vt 0.670759 1.000000
vt 0.800745 1.000000
vt 0.868159 0.000000
vt 0.868159 1.000000
vt 1.000000 0.473615
vt 0.032382 0.000000
vt 0.058466 0.000000
vt 0.032382 1.000000
vt 0.110650 1.000000
vt 0.110650 0.000000
vt 0.155846 1.000000
vt 0.188183 0.000000
vt 0.188183 1.000000
vt 0.226925 0.000000
vt 0.226925 1.000000
vt 0.453639 0.000000
vt 0.480519 0.000000
vt 0.662396 0.000000
vt 0.662396 1.000000
vt 0.694584 0.000000
vt 0.746740 0.000000
vt 0.720669 0.000000
vt 0.720669 1.000000
vt 0.746740 1.000000
vt 0.850557 0.999858
vt 0.999795 0.997821
vt 0.954709 1.000000
vt 0.979942 1.000000
vt 0.996054 0.033354
vt 0.021813 0.000000
vt 0.083715 0.000000
vt 0.083715 1.000000
vt 0.110238 0.000986
vt 0.224289 0.000000
vt 0.144338 0.000000
vt 0.144338 1.000000
vt 0.192262 0.000000
vt 0.191908 1.000000
vt 0.224289 1.000000
vt 0.303318 0.000000
vt 0.319012 0.000000
vt 0.334677 0.000000
vt 0.366037 0.000000
vt 0.350352 0.000000
vt 0.350352 1.000000
vt 0.366037 1.000000
vt 0.381736 0.000000
vt 0.393701 0.000000
vt 0.401575 0.000000
vt 0.401575 0.288607
vt 0.436998 -0.001101
vt 0.429189 0.999925
vt 0.468435 0.000000
vt 0.460583 1.000000
vt 0.507594 0.000000
vt 0.507594 1.000000
vt 0.539315 0.000000
vt 0.539315 1.000000
vt 0.598425 1.000000
vt 0.700787 0.001411
vt 0.700787 0.424967
vt 0.692913 0.000985
vt 0.700787 0.998589
vt 0.708661 0.000000
vt 0.716526 0.999881
vt 0.708661 1.000000
vt 0.767652 -0.000213
vt 0.744247 0.493821
vt 0.838473 0.000000
vt 0.838473 1.000000
vt 0.322865 0.000000
vt 0.281180 0.000000
vt 0.992607 -0.000433
vt 0.935437 0.000000
vt 0.999481 0.645290
vt 1.000000 0.000959
vt 0.052012 1.000000
vt 0.250000 0.000000
vt 0.281180 1.000000
vt 0.322865 1.000000
vt 0.572865 0.000000
vt 0.531180 0.000000
vt 0.489624 1.000000
vt 0.531180 1.000000
vt 0.572865 1.000000
vt 0.614603 1.000000
vt 0.760374 1.000000
vt 0.729167 1.000000
vt 0.760374 0.000000
vt 0.169128 0.000000
vt 0.335189 0.000000
vt 0.084708 1.000000
vt 0.000090 0.001059
vt 0.461520 1.000000
vt 0.500000 1.000000
vt 1.000000 0.001063
vt 1.000000 0.261748
vt 0.583047 1.000000
vt 0.000000 0.249548
vt 0.020007 0.000063
vt 0.000000 0.047036
vt 0.000000 0.750454
vt 0.090150 0.000038
vt 0.050099 0.000031
vt 0.240000 0.999231
vt 0.240000 0.000000
vt 0.260000 0.000000
vt 0.329716 0.000000
vt 0.369832 0.000000
vt 0.260000 1.000000
vt 0.289603 0.000000
vt 0.369832 1.000000
vt 0.409946 0.000000
vt 0.460287 0.231223
vt 0.450055 0.000000
vt 0.487351 0.000000
vt 0.740000 0.284139
vt 0.487351 1.000000
vt 0.529205 0.000000
vt 0.569509 0.000000
vt 0.569509 1.000000
vt 0.870280 0.000000
vt 0.910411 0.000000
vt 0.790748 0.338057
vt 0.000016 0.000998
vt 0.294595 0.001394
vt 0.890348 1.000000
vt 0.128581 0.000000
vt 0.712965 0.000000
vt -0.000898 0.245804
vt 0.128581 1.000000
vt 0.500095 0.000000
vt 0.500095 1.000000
vt 0.712965 1.000000
vt 0.000016 0.641834
vt 1.000000 0.247074
vt 0.000019 0.298134
vt 0.074078 0.000000
vt 0.164342 1.000000
vt 0.228423 0.002010
vt 0.386227 0.000000
vt 0.286188 0.000000
vt 0.286188 1.000000
vt 0.386227 1.000000
vt 0.502115 0.657853
vt 0.515919 0.000000
vt 0.515919 1.000000
vt 0.632965 1.000000
vt 0.869519 0.000000
vt 0.750754 1.000000
vt 0.177483 1.000000
vt 0.766007 0.000000
vt 0.464214 0.000000
vt 0.766007 1.000000
vt 0.950496 0.349617
vt 0.000000 0.410257
vt 0.958187 0.000000
vt 0.958187 1.000000
vt 0.000000 0.735465
vt 0.015634 1.000000
vt 0.059929 0.000000
vt 0.160929 0.000000
vt 0.059929 1.000000
vt 0.109460 0.636788
vt 0.157308 0.480406
vt 0.160929 1.000000
vt 0.172293 1.000000
vt 0.206316 1.000000
vt 0.214689 0.000000
vt 0.214689 1.000000
vt 0.418079 1.000000
vt 0.409593 1.000000
vt 0.435028 0.000000
vt 0.454767 1.000000
vt 0.497178 0.791777
vt 0.497168 1.000000
vt 0.675193 1.000000
vt 0.686577 1.000000
vt 0.511461 0.000000
vt 0.570635 0.000000
vt 0.595800 0.000000
vt 0.595800 1.000000
vt 0.618654 0.000000
vt 0.638418 0.000000
vt 0.652451 1.000000
vt 0.663817 0.000000
vt 0.790960 0.000000
vt 0.802243 0.000519
vt 0.796610 0.000000
vt 0.790960 1.000000
vt 0.802243 0.999481
vt 0.833397 0.452028
vt 0.821916 0.000000
vt 0.821916 1.000000
vt 0.810613 0.999880
vt 0.844592 0.000000
vt 0.863081 0.000000
vt 0.908092 1.000000
vt 0.920897 0.996303
vt 0.920904 0.544219
vt -0.000000 0.751420
vt 0.000000 0.900000
vt 0.310803 0.997175
vt 0.324323 0.997406
vt 0.465253 0.000000
vt 0.686328 0.000000
vt 0.465253 1.000000
vt 0.810803 0.000000
vt 0.824498 0.000006
vt 0.766010 0.000000
vt 0.810815 0.289063
vt 0.950034 0.288506
vt 0.887935 0.997727
vt 0.320976 0.000000
vt 0.320976 1.000000
vt 0.084556 1.000000
vt 0.724385 0.999473
vt 0.796610 1.000000
vt 0.873767 1.000000
s 0
usemtl マテリアル
f 11/1/1 13/2/1 12/3/1
f 1/4/1 3/5/1 2/6/1
f 11/1/1 1/4/1 13/2/1
f 11/1/1 10/7/1 1/4/1
f 10/7/1 9/8/1 1/4/1
f 9/8/1 7/9/1 1/4/1
f 7/9/1 5/10/1 1/4/1
f 5/10/1 4/11/1 1/4/1
f 4/11/1 3/5/1 1/4/1
f 77/12/1 79/13/1 78/14/1
f 76/15/1 79/13/1 77/12/1
f 76/15/1 80/16/1 79/13/1
f 75/17/1 80/16/1 76/15/1
f 75/17/1 81/18/1 80/16/1
f 74/19/1 81/18/1 75/17/1
f 74/19/1 14/20/1 81/18/1
f 73/21/1 14/20/1 74/19/1
f 17/22/1 19/23/1 18/24/1
f 16/25/1 19/23/1 17/22/1
f 15/26/1 19/23/1 16/25/1
f 73/21/1 15/26/1 14/20/1
f 73/21/1 19/23/1 15/26/1
f 73/21/1 20/27/1 19/23/1
f 72/28/1 20/27/1 73/21/1
f 72/28/1 60/29/1 20/27/1
f 60/29/1 59/30/1 20/27/1
f 59/30/1 21/31/1 20/27/1
f 72/28/1 61/32/1 60/29/1
f 58/33/1 21/31/1 59/30/1
f 71/34/1 61/32/1 72/28/1
f 58/33/1 22/35/1 21/31/1
f 57/36/1 22/35/1 58/33/1
f 71/34/1 62/37/1 61/32/1
f 70/38/1 62/37/1 71/34/1
f 57/36/1 23/39/1 22/35/1
f 56/40/1 23/39/1 57/36/1
f 70/38/1 63/41/1 62/37/1
f 69/42/1 63/41/1 70/38/1
f 55/43/1 23/39/1 56/40/1
f 69/42/1 64/44/1 63/41/1
f 55/43/1 24/45/1 23/39/1
f 68/46/1 64/44/1 69/42/1
f 49/47/1 51/48/1 50/49/1
f 68/46/1 65/50/1 64/44/1
f 54/51/1 24/45/1 55/43/1
f 67/52/1 65/50/1 68/46/1
f 54/51/1 25/53/1 24/45/1
f 49/47/1 52/54/1 51/48/1
f 48/55/1 52/54/1 49/47/1
f 66/56/1 65/50/1 67/52/1
f 53/57/1 25/53/1 54/51/1
f 53/57/1 26/58/1 25/53/1
f 48/55/1 53/57/1 52/54/1
f 47/59/1 53/57/1 48/55/1
f 47/59/1 26/58/1 53/57/1
f 47/59/1 27/60/1 26/58/1
f 46/61/1 27/60/1 47/59/1
f 46/61/1 28/62/1 27/60/1
f 46/61/1 32/63/1 28/62/1
f 45/64/1 32/63/1 46/61/1
f 45/64/1 33/65/1 32/63/1
f 32/63/1 29/66/1 28/62/1
f 31/67/1 29/66/1 32/63/1
f 31/67/1 30/68/1 29/66/1
f 44/69/1 33/65/1 45/64/1
f 44/69/1 34/70/1 33/65/1
f 43/71/1 34/70/1 44/69/1
f 43/71/1 35/72/1 34/70/1
f 42/73/1 35/72/1 43/71/1
f 42/73/1 36/74/1 35/72/1
f 41/75/1 36/74/1 42/73/1
f 40/76/1 36/74/1 41/75/1
f 40/76/1 37/77/1 36/74/1
f 39/78/1 37/77/1 40/76/1
f 39/78/1 38/79/1 37/77/1
f 92/1/1 94/80/1 93/81/1
f 82/82/1 84/83/1 83/84/1
f 92/1/1 82/82/1 94/80/1
f 92/1/1 91/85/1 82/82/1
f 91/85/1 90/86/1 82/82/1
f 90/86/1 88/87/1 82/82/1
f 88/87/1 86/10/1 82/82/1
f 86/10/1 85/88/1 82/82/1
f 85/88/1 84/83/1 82/82/1
f 104/89/1 106/90/1 105/91/1
f 100/92/1 102/93/1 101/94/1
f 103/95/1 106/90/1 104/89/1
f 100/92/1 103/95/1 102/93/1
f 100/92/1 106/90/1 103/95/1
f 100/92/1 107/96/1 106/90/1
f 100/92/1 99/97/1 107/96/1
f 99/97/1 98/98/1 107/96/1
f 98/98/1 108/99/1 107/96/1
f 97/100/1 108/99/1 98/98/1
f 96/101/1 108/99/1 97/100/1
f 96/101/1 109/102/1 108/99/1
f 95/103/1 109/102/1 96/101/1
f 117/104/1 119/105/1 118/106/1
f 110/107/1 112/108/1 111/109/1
f 117/104/1 95/103/1 119/105/1
f 117/104/1 109/102/1 95/103/1
f 117/104/1 110/107/1 109/102/1
f 117/104/1 116/110/1 110/107/1
f 116/110/1 114/111/1 110/107/1
f 114/111/1 113/112/1 110/107/1
f 113/112/1 112/108/1 110/107/1
f 159/113/1 161/114/1 160/115/1
f 159/113/1 162/116/1 161/114/1
f 158/117/1 162/116/1 159/113/1
f 158/117/1 163/118/1 162/116/1
f 157/119/1 163/118/1 158/117/1
f 157/119/1 156/120/1 163/118/1
f 125/121/1 127/122/1 126/123/1
f 151/124/1 153/125/1 152/126/1
f 150/127/1 153/125/1 151/124/1
f 124/128/1 127/122/1 125/121/1
f 150/127/1 154/129/1 153/125/1
f 124/128/1 128/130/1 127/122/1
f 149/131/1 154/129/1 150/127/1
f 124/128/1 129/132/1 128/130/1
f 149/131/1 155/133/1 154/129/1
f 149/131/1 148/134/1 155/133/1
f 123/135/1 129/132/1 124/128/1
f 123/135/1 130/136/1 129/132/1
f 122/137/1 130/136/1 123/135/1
f 122/137/1 131/138/1 130/136/1
f 121/139/1 131/138/1 122/137/1
f 121/139/1 132/140/1 131/138/1
f 120/20/1 132/140/1 121/139/1
f 147/141/1 132/140/1 120/20/1
f 147/141/1 133/142/1 132/140/1
f 146/143/1 133/142/1 147/141/1
f 145/144/1 133/142/1 146/143/1
f 145/144/1 134/145/1 133/142/1
f 144/146/1 134/145/1 145/144/1
f 143/147/1 134/145/1 144/146/1
f 143/147/1 135/148/1 134/145/1
f 142/149/1 135/148/1 143/147/1
f 141/150/1 135/148/1 142/149/1
f 141/150/1 136/151/1 135/148/1
f 140/152/1 136/151/1 141/150/1
f 140/152/1 137/153/1 136/151/1
f 140/152/1 138/154/1 137/153/1
f 140/152/1 139/155/1 138/154/1
f 181/156/1 183/157/1 182/158/1
f 180/159/1 183/157/1 181/156/1
f 180/159/1 184/160/1 183/157/1
f 179/161/1 184/160/1 180/159/1
f 179/161/1 185/162/1 184/160/1
f 178/163/1 185/162/1 179/161/1
f 178/163/1 186/164/1 185/162/1
f 177/165/1 186/164/1 178/163/1
f 177/165/1 187/166/1 186/164/1
f 177/165/1 188/167/1 187/166/1
f 176/168/1 188/167/1 177/165/1
f 175/169/1 188/167/1 176/168/1
f 175/169/1 164/170/1 188/167/1
f 175/169/1 165/171/1 164/170/1
f 174/172/1 165/171/1 175/169/1
f 174/172/1 166/173/1 165/171/1
f 173/174/1 166/173/1 174/172/1
f 172/175/1 166/173/1 173/174/1
f 172/175/1 167/176/1 166/173/1
f 171/177/1 167/176/1 172/175/1
f 171/177/1 168/178/1 167/176/1
f 170/179/1 168/178/1 171/177/1
f 170/179/1 169/180/1 168/178/1
f 240/181/1 242/182/1 241/183/1
f 239/184/1 242/182/1 240/181/1
f 239/184/1 243/185/1 242/182/1
f 238/186/1 243/185/1 239/184/1
f 237/187/1 243/185/1 238/186/1
f 237/187/1 244/188/1 243/185/1
f 237/187/1 189/20/1 244/188/1
f 236/189/1 189/20/1 237/187/1
f 192/190/1 194/191/1 193/192/1
f 191/193/1 194/191/1 192/190/1
f 190/194/1 194/191/1 191/193/1
f 236/189/1 190/194/1 189/20/1
f 236/189/1 194/191/1 190/194/1
f 235/195/1 194/191/1 236/189/1
f 235/195/1 195/196/1 194/191/1
f 234/197/1 223/198/1 235/195/1
f 223/198/1 195/196/1 235/195/1
f 223/198/1 222/199/1 195/196/1
f 222/199/1 196/200/1 195/196/1
f 234/197/1 224/201/1 223/198/1
f 221/202/1 196/200/1 222/199/1
f 221/202/1 197/203/1 196/200/1
f 234/197/1 225/204/1 224/201/1
f 233/205/1 225/204/1 234/197/1
f 220/206/1 197/203/1 221/202/1
s 1
f 795/207/2 801/208/3 793/209/4
s 0
f 233/205/1 226/210/1 225/204/1
f 220/206/1 198/211/1 197/203/1
f 232/212/1 226/210/1 233/205/1
f 232/212/1 227/213/1 226/210/1
f 219/214/1 198/211/1 220/206/1
f 231/215/1 227/213/1 232/212/1
f 219/214/1 199/216/1 198/211/1
f 230/217/1 227/213/1 231/215/1
f 230/217/1 228/218/1 227/213/1
f 218/219/1 199/216/1 219/214/1
f 229/220/1 228/218/1 230/217/1
f 218/219/1 200/221/1 199/216/1
f 217/222/1 200/221/1 218/219/1
f 217/222/1 201/223/1 200/221/1
f 216/224/1 201/223/1 217/222/1
f 215/225/1 201/223/1 216/224/1
f 215/225/1 202/226/1 201/223/1
f 214/227/1 202/226/1 215/225/1
f 214/227/1 203/228/1 202/226/1
f 213/229/1 203/228/1 214/227/1
f 213/229/1 204/230/1 203/228/1
f 212/231/1 204/230/1 213/229/1
f 212/231/1 205/232/1 204/230/1
f 211/233/1 205/232/1 212/231/1
f 211/233/1 206/234/1 205/232/1
f 210/235/1 206/234/1 211/233/1
f 209/236/1 206/234/1 210/235/1
f 208/237/1 206/234/1 209/236/1
f 208/237/1 207/238/1 206/234/1
f 249/239/1 251/240/1 250/241/1
f 248/242/1 251/240/1 249/239/1
f 248/242/1 252/243/1 251/240/1
f 247/244/1 252/243/1 248/242/1
f 247/244/1 253/245/1 252/243/1
f 246/246/1 253/245/1 247/244/1
f 245/247/1 253/245/1 246/246/1
f 245/247/1 254/248/1 253/245/1
f 274/249/1 254/248/1 245/247/1
f 274/249/1 255/250/1 254/248/1
f 274/249/1 262/251/1 255/250/1
f 262/251/1 256/252/1 255/250/1
f 273/253/1 262/251/1 274/249/1
f 272/254/1 262/251/1 273/253/1
f 261/255/1 256/252/1 262/251/1
f 272/254/1 263/256/1 262/251/1
f 271/257/1 263/256/1 272/254/1
f 271/257/1 264/258/1 263/256/1
f 270/259/1 264/258/1 271/257/1
f 269/260/1 264/258/1 270/259/1
f 269/260/1 265/261/1 264/258/1
f 268/262/1 265/261/1 269/260/1
f 268/262/1 266/263/1 265/261/1
f 268/262/1 267/264/1 266/263/1
f 260/265/1 256/252/1 261/255/1
f 260/265/1 257/266/1 256/252/1
f 259/267/1 257/266/1 260/265/1
f 259/267/1 258/268/1 257/266/1
f 313/269/1 315/270/1 314/271/1
f 318/272/1 320/273/1 319/274/1
f 312/275/1 315/270/1 313/269/1
f 318/272/1 312/275/1 320/273/1
f 318/272/1 317/276/1 312/275/1
f 317/276/1 316/277/1 312/275/1
f 316/277/1 315/270/1 312/275/1
f 308/278/1 310/279/1 309/280/1
f 307/281/1 310/279/1 308/278/1
f 303/282/1 305/283/1 304/284/1
f 306/285/1 310/279/1 307/281/1
f 303/282/1 306/285/1 305/283/1
f 303/282/1 310/279/1 306/285/1
f 303/282/1 311/286/1 310/279/1
f 303/282/1 302/287/1 311/286/1
f 302/287/1 301/288/1 311/286/1
f 301/288/1 275/289/1 311/286/1
f 300/290/1 275/289/1 301/288/1
f 300/290/1 276/291/1 275/289/1
f 299/292/1 276/291/1 300/290/1
f 298/293/1 276/291/1 299/292/1
f 298/293/1 277/294/1 276/291/1
f 297/295/1 277/294/1 298/293/1
f 297/295/1 278/296/1 277/294/1
f 296/297/1 278/296/1 297/295/1
f 296/297/1 279/298/1 278/296/1
f 295/299/1 279/298/1 296/297/1
f 294/300/1 279/298/1 295/299/1
f 294/300/1 280/301/1 279/298/1
f 293/302/1 280/301/1 294/300/1
f 293/302/1 281/303/1 280/301/1
f 292/304/1 281/303/1 293/302/1
f 292/304/1 282/305/1 281/303/1
f 291/306/1 282/305/1 292/304/1
f 291/306/1 283/307/1 282/305/1
f 290/308/1 283/307/1 291/306/1
f 289/309/1 283/307/1 290/308/1
f 289/309/1 284/310/1 283/307/1
f 288/311/1 284/310/1 289/309/1
f 287/312/1 284/310/1 288/311/1
f 287/312/1 285/313/1 284/310/1
f 287/312/1 286/314/1 285/313/1
f 323/315/1 325/316/1 324/317/1
f 322/318/1 325/316/1 323/315/1
f 322/318/1 326/319/1 325/316/1
f 321/320/1 326/319/1 322/318/1
f 321/320/1 327/321/1 326/319/1
f 344/322/1 327/321/1 321/320/1
f 344/322/1 328/323/1 327/321/1
f 344/322/1 329/324/1 328/323/1
f 343/325/1 336/326/1 344/322/1
f 336/326/1 329/324/1 344/322/1
f 343/325/1 337/327/1 336/326/1
f 335/328/1 329/324/1 336/326/1
f 335/328/1 330/329/1 329/324/1
f 334/330/1 330/329/1 335/328/1
f 334/330/1 331/79/1 330/329/1
f 334/330/1 333/331/1 331/79/1
f 333/331/1 332/332/1 331/79/1
f 342/333/1 337/327/1 343/325/1
f 342/333/1 338/334/1 337/327/1
f 341/335/1 338/334/1 342/333/1
f 341/335/1 339/336/1 338/334/1
f 340/337/1 339/336/1 341/335/1
f 390/338/1 392/339/1 391/340/1
f 384/341/1 386/342/1 385/343/1
f 389/344/1 392/339/1 390/338/1
f 384/341/1 387/345/1 386/342/1
f 388/346/1 392/339/1 389/344/1
f 384/341/1 388/346/1 387/345/1
f 384/341/1 392/339/1 388/346/1
f 384/341/1 383/347/1 392/339/1
f 383/347/1 393/348/1 392/339/1
f 383/347/1 382/349/1 393/348/1
f 382/349/1 394/350/1 393/348/1
f 382/349/1 381/351/1 394/350/1
f 381/351/1 345/352/1 394/350/1
f 380/353/1 345/352/1 381/351/1
f 380/353/1 346/354/1 345/352/1
f 379/355/1 346/354/1 380/353/1
f 379/355/1 347/356/1 346/354/1
f 378/357/1 347/356/1 379/355/1
f 378/357/1 348/358/1 347/356/1
f 377/359/1 348/358/1 378/357/1
f 376/360/1 348/358/1 377/359/1
f 376/360/1 349/361/1 348/358/1
f 375/362/1 349/361/1 376/360/1
f 375/362/1 350/363/1 349/361/1
f 374/364/1 350/363/1 375/362/1
f 374/364/1 351/365/1 350/363/1
f 373/366/1 351/365/1 374/364/1
f 373/366/1 360/288/1 351/365/1
f 360/288/1 352/367/1 351/365/1
f 373/366/1 361/368/1 360/288/1
f 359/369/1 352/367/1 360/288/1
f 372/370/1 361/368/1 373/366/1
f 358/371/1 352/367/1 359/369/1
f 372/370/1 362/372/1 361/368/1
f 358/371/1 353/373/1 352/367/1
f 371/374/1 362/372/1 372/370/1
f 357/375/1 353/373/1 358/371/1
f 371/374/1 363/376/1 362/372/1
f 370/377/1 363/376/1 371/374/1
f 370/377/1 364/378/1 363/376/1
f 357/375/1 354/379/1 353/373/1
f 369/380/1 364/378/1 370/377/1
f 356/381/1 354/379/1 357/375/1
f 368/382/1 364/378/1 369/380/1
f 368/382/1 365/383/1 364/378/1
f 367/384/1 365/383/1 368/382/1
f 356/381/1 355/385/1 354/379/1
f 367/384/1 366/386/1 365/383/1
f 405/1/5 406/3/5 407/387/5
f 395/388/5 396/6/5 397/5/5
f 405/1/5 407/387/5 395/389/5
f 405/1/5 395/389/5 404/7/5
f 404/7/5 395/389/5 403/8/5
f 401/9/5 395/388/5 399/10/5
f 399/10/5 395/388/5 398/11/5
f 398/11/5 395/388/5 397/5/5
f 471/12/5 472/14/5 473/13/5
f 470/15/5 471/12/5 473/13/5
f 470/15/5 473/13/5 474/16/5
f 469/17/5 470/15/5 474/16/5
f 469/17/5 474/16/5 475/390/5
f 468/19/5 469/17/5 475/390/5
f 468/19/5 475/390/5 408/20/5
f 467/21/5 468/19/5 408/20/5
f 411/22/5 412/24/5 413/23/5
f 410/25/5 411/22/5 413/23/5
f 409/26/5 410/25/5 413/23/5
f 467/21/5 408/20/5 409/26/5
f 467/21/5 409/26/5 413/23/5
f 467/21/5 413/23/5 414/27/5
f 466/28/5 467/21/5 414/27/5
f 466/28/5 414/27/5 454/29/5
f 454/29/5 414/27/5 453/30/5
f 453/30/5 414/27/5 415/391/5
f 466/28/5 454/29/5 455/32/5
f 452/33/5 453/30/5 415/391/5
f 465/34/5 466/28/5 455/32/5
f 452/33/5 415/391/5 416/35/5
f 451/36/5 452/33/5 416/35/5
f 465/34/5 455/32/5 456/37/5
f 464/38/5 465/34/5 456/37/5
f 451/36/5 416/35/5 417/39/5
f 450/40/5 451/36/5 417/39/5
f 464/38/5 456/37/5 457/41/5
f 463/42/5 464/38/5 457/41/5
f 449/43/5 450/40/5 417/39/5
f 463/42/5 457/41/5 458/44/5
f 449/43/5 417/39/5 418/45/5
f 462/46/5 463/42/5 458/44/5
f 443/47/5 444/49/5 445/392/5
f 462/46/5 458/44/5 459/50/5
f 448/51/5 449/43/5 418/45/5
f 461/52/5 462/46/5 459/50/5
f 448/51/5 418/45/5 419/53/5
f 443/47/5 445/392/5 446/54/5
f 442/55/5 443/47/5 446/54/5
f 460/56/5 461/52/5 459/50/5
f 447/57/5 448/51/5 419/53/5
f 447/57/5 419/53/5 420/58/5
f 442/55/5 446/54/5 447/57/5
f 441/59/5 442/55/5 447/57/5
f 441/59/5 447/57/5 420/58/5
f 441/59/5 420/58/5 421/60/5
f 440/61/5 441/59/5 421/60/5
f 440/61/5 421/60/5 422/62/5
f 440/61/5 422/62/5 426/63/5
f 439/64/5 440/61/5 426/63/5
f 439/64/5 426/63/5 427/65/5
f 426/63/5 422/62/5 423/66/5
f 425/393/5 426/63/5 423/66/5
f 425/393/5 423/66/5 424/68/5
f 438/69/5 439/64/5 427/65/5
f 438/69/5 427/65/5 428/70/5
f 437/71/5 438/69/5 428/70/5
f 437/71/5 428/70/5 429/72/5
f 436/73/5 437/71/5 429/72/5
f 436/73/5 429/72/5 430/74/5
f 435/75/5 436/73/5 430/74/5
f 434/76/5 435/75/5 430/74/5
f 434/76/5 430/74/5 431/77/5
f 433/78/5 434/76/5 431/77/5
f 433/78/5 431/77/5 432/79/5
f 486/1/5 487/81/5 488/394/5
f 476/395/5 477/84/5 478/83/5
f 486/1/5 488/394/5 476/396/5
f 486/1/5 476/396/5 485/85/5
f 485/85/5 476/396/5 484/86/5
f 482/87/5 476/395/5 480/10/5
f 480/10/5 476/395/5 479/88/5
f 479/88/5 476/395/5 478/83/5
f 498/89/5 499/91/5 500/90/5
f 494/92/5 495/94/5 496/93/5
f 497/95/5 498/89/5 500/90/5
f 494/92/5 496/93/5 497/95/5
f 494/92/5 497/95/5 500/90/5
f 494/92/5 500/90/5 501/96/5
f 494/92/5 501/96/5 493/97/5
f 493/97/5 501/96/5 492/98/5
f 492/98/5 501/96/5 502/99/5
f 491/397/5 492/98/5 502/99/5
f 490/398/5 491/397/5 502/99/5
f 490/398/5 502/99/5 503/102/5
f 489/399/5 490/398/5 503/102/5
f 511/104/5 512/106/5 513/105/5
f 504/107/5 505/109/5 506/108/5
f 511/104/5 513/105/5 489/399/5
f 511/104/5 489/399/5 503/102/5
f 511/104/5 503/102/5 504/107/5
f 511/104/5 504/107/5 510/110/5
f 510/110/5 504/107/5 508/111/5
f 508/111/5 504/107/5 507/400/5
f 507/400/5 504/107/5 506/108/5
f 553/113/5 554/115/5 555/114/5
f 553/113/5 555/114/5 556/116/5
f 552/117/5 553/113/5 556/116/5
f 552/117/5 556/116/5 557/118/5
f 551/119/5 552/117/5 557/118/5
f 551/119/5 557/118/5 550/120/5
f 519/121/5 520/123/5 521/122/5
f 545/124/5 546/126/5 547/125/5
f 544/127/5 545/124/5 547/125/5
f 518/128/5 519/121/5 521/122/5
f 544/127/5 547/125/5 548/129/5
f 518/128/5 521/122/5 522/130/5
f 543/131/5 544/127/5 548/129/5
f 518/128/5 522/130/5 523/132/5
f 543/131/5 548/129/5 549/133/5
f 543/131/5 549/133/5 542/134/5
f 517/135/5 518/128/5 523/132/5
f 517/135/5 523/132/5 524/136/5
f 516/137/5 517/135/5 524/136/5
f 516/137/5 524/136/5 525/138/5
f 515/139/5 516/137/5 525/138/5
f 515/139/5 525/138/5 526/140/5
f 514/20/5 515/139/5 526/140/5
f 541/141/5 514/20/5 526/140/5
f 541/141/5 526/140/5 527/142/5
f 540/143/5 541/141/5 527/142/5
f 539/144/5 540/143/5 527/142/5
f 539/144/5 527/142/5 528/145/5
f 538/146/5 539/144/5 528/145/5
f 537/147/5 538/146/5 528/145/5
f 537/147/5 528/145/5 529/148/5
f 536/149/5 537/147/5 529/148/5
f 535/150/5 536/149/5 529/148/5
f 535/150/5 529/148/5 530/151/5
f 534/152/5 535/150/5 530/151/5
f 534/152/5 530/151/5 531/153/5
f 534/152/5 531/153/5 532/154/5
f 534/152/5 532/154/5 533/155/5
f 575/156/5 576/158/5 577/157/5
f 574/159/5 575/156/5 577/157/5
f 574/159/5 577/157/5 578/160/5
f 573/161/5 574/159/5 578/160/5
f 573/161/5 578/160/5 579/162/5
f 572/163/5 573/161/5 579/162/5
f 572/163/5 579/162/5 580/164/5
f 571/165/5 572/163/5 580/164/5
f 571/165/5 580/164/5 581/166/5
f 571/165/5 581/166/5 582/167/5
f 570/168/5 571/165/5 582/167/5
f 569/169/5 570/168/5 582/167/5
f 569/169/5 582/167/5 558/170/5
f 569/169/5 558/170/5 559/171/5
f 568/172/5 569/169/5 559/171/5
f 568/172/5 559/171/5 560/173/5
f 567/174/5 568/172/5 560/173/5
f 566/175/5 567/174/5 560/173/5
f 566/175/5 560/173/5 561/176/5
f 565/177/5 566/175/5 561/176/5
f 565/177/5 561/176/5 562/178/5
f 564/179/5 565/177/5 562/178/5
f 564/179/5 562/178/5 563/180/5
f 635/181/5 636/183/5 637/182/5
f 634/184/5 635/181/5 637/182/5
f 634/184/5 637/182/5 638/185/5
f 633/186/5 634/184/5 638/185/5
f 632/187/5 633/186/5 638/185/5
f 632/187/5 638/185/5 639/188/5
f 632/187/5 639/188/5 583/20/5
f 631/189/5 632/187/5 583/20/5
f 586/190/5 587/192/5 588/191/5
f 585/193/5 586/190/5 588/191/5
f 584/194/5 585/193/5 588/191/5
f 631/189/5 583/20/5 584/194/5
f 631/189/5 584/194/5 588/191/5
f 630/195/5 631/189/5 588/191/5
f 630/195/5 588/191/5 589/196/5
f 629/197/5 630/195/5 617/198/5
f 617/198/5 630/195/5 589/196/5
f 617/198/5 589/196/5 616/199/5
f 616/199/5 589/196/5 590/200/5
f 629/197/5 617/198/5 618/201/5
f 615/202/5 616/199/5 590/200/5
f 615/202/5 590/200/5 591/203/5
f 629/197/5 618/201/5 619/204/5
f 628/401/5 629/197/5 619/204/5
f 614/206/5 615/202/5 591/203/5
f 627/402/5 628/401/5 619/204/5
f 627/402/5 619/204/5 620/210/5
f 614/206/5 591/203/5 592/211/5
f 626/212/5 627/402/5 620/210/5
f 626/212/5 620/210/5 621/213/5
f 613/214/5 614/206/5 592/211/5
f 625/215/5 626/212/5 621/213/5
f 613/214/5 592/211/5 593/216/5
f 624/217/5 625/215/5 621/213/5
f 624/217/5 621/213/5 622/218/5
f 612/219/5 613/214/5 593/216/5
f 623/220/5 624/217/5 622/218/5
f 612/219/5 593/216/5 594/221/5
f 611/222/5 612/219/5 594/221/5
f 611/222/5 594/221/5 595/223/5
f 610/224/5 611/222/5 595/223/5
f 609/225/5 610/224/5 595/223/5
f 609/225/5 595/223/5 596/226/5
f 608/227/5 609/225/5 596/226/5
f 608/227/5 596/226/5 597/228/5
f 607/229/5 608/227/5 597/228/5
f 607/229/5 597/228/5 598/230/5
f 606/231/5 607/229/5 598/230/5
f 606/231/5 598/230/5 599/232/5
f 605/233/5 606/231/5 599/232/5
f 605/233/5 599/232/5 600/234/5
f 604/235/5 605/233/5 600/234/5
f 603/236/5 604/235/5 600/234/5
f 602/237/5 603/236/5 600/234/5
f 602/237/5 600/234/5 601/238/5
f 644/239/5 645/241/5 646/240/5
f 643/242/5 644/239/5 646/240/5
f 643/242/5 646/240/5 647/243/5
f 642/244/5 643/242/5 647/243/5
f 642/244/5 647/243/5 648/245/5
f 641/246/5 642/244/5 648/245/5
f 640/247/5 641/246/5 648/245/5
f 640/247/5 648/245/5 649/248/5
f 669/249/5 640/247/5 649/248/5
f 669/249/5 649/248/5 650/250/5
f 669/249/5 650/250/5 657/251/5
f 657/251/5 650/250/5 651/252/5
f 668/253/5 669/249/5 657/251/5
f 667/254/5 668/253/5 657/251/5
f 656/255/5 657/251/5 651/252/5
f 667/254/5 657/251/5 658/256/5
f 666/257/5 667/254/5 658/256/5
f 666/257/5 658/256/5 659/258/5
f 665/259/5 666/257/5 659/258/5
f 664/260/5 665/259/5 659/258/5
f 664/260/5 659/258/5 660/261/5
f 663/262/5 664/260/5 660/261/5
f 663/262/5 660/261/5 661/263/5
f 663/262/5 661/263/5 662/264/5
f 655/265/5 656/255/5 651/252/5
f 655/265/5 651/252/5 652/266/5
f 654/267/5 655/265/5 652/266/5
f 654/267/5 652/266/5 653/268/5
f 708/269/5 709/271/5 710/270/5
f 713/272/5 714/274/5 715/273/5
f 707/275/5 708/269/5 710/270/5
f 713/272/5 715/273/5 707/275/5
f 713/272/5 707/275/5 712/276/5
f 712/276/5 707/275/5 711/277/5
f 711/277/5 707/275/5 710/270/5
f 703/278/5 704/280/5 705/279/5
f 702/281/5 703/278/5 705/279/5
f 698/282/5 699/284/5 700/283/5
f 701/285/5 702/281/5 705/279/5
f 698/282/5 700/283/5 701/285/5
f 698/282/5 701/285/5 705/279/5
f 698/282/5 705/279/5 706/286/5
f 698/282/5 706/286/5 697/403/5
f 697/403/5 706/286/5 696/288/5
f 696/288/5 706/286/5 670/289/5
f 695/290/5 696/288/5 670/289/5
f 695/290/5 670/289/5 671/291/5
f 694/292/5 695/290/5 671/291/5
f 693/293/5 694/292/5 671/291/5
f 693/293/5 671/291/5 672/294/5
f 692/295/5 693/293/5 672/294/5
f 692/295/5 672/294/5 673/296/5
f 691/297/5 692/295/5 673/296/5
f 691/297/5 673/296/5 674/298/5
f 690/299/5 691/297/5 674/298/5
f 689/300/5 690/299/5 674/298/5
f 689/300/5 674/298/5 675/301/5
f 688/302/5 689/300/5 675/301/5
f 688/302/5 675/301/5 676/303/5
f 687/304/5 688/302/5 676/303/5
f 687/304/5 676/303/5 677/305/5
f 686/306/5 687/304/5 677/305/5
f 686/306/5 677/305/5 678/307/5
f 685/308/5 686/306/5 678/307/5
f 684/309/5 685/308/5 678/307/5
f 684/309/5 678/307/5 679/310/5
f 683/311/5 684/309/5 679/310/5
f 682/312/5 683/311/5 679/310/5
f 682/312/5 679/310/5 680/313/5
f 682/312/5 680/313/5 681/314/5
f 718/315/5 719/317/5 720/316/5
f 717/318/5 718/315/5 720/316/5
f 717/318/5 720/316/5 721/319/5
f 716/320/5 717/318/5 721/319/5
f 716/320/5 721/319/5 722/321/5
f 739/404/5 716/320/5 722/321/5
f 739/404/5 722/321/5 723/323/5
f 739/404/5 723/323/5 724/324/5
f 738/325/5 739/404/5 731/326/5
f 731/326/5 739/404/5 724/324/5
f 738/325/5 731/326/5 732/327/5
f 730/328/5 731/326/5 724/324/5
f 730/328/5 724/324/5 725/329/5
f 729/330/5 730/328/5 725/329/5
f 729/330/5 725/329/5 726/79/5
f 729/330/5 726/79/5 728/331/5
f 728/331/5 726/79/5 727/332/5
f 737/333/5 738/325/5 732/327/5
f 737/333/5 732/327/5 733/334/5
f 736/335/5 737/333/5 733/334/5
f 736/335/5 733/334/5 734/336/5
f 735/337/5 736/335/5 734/336/5
f 784/338/5 785/340/5 786/339/5
f 778/341/5 779/343/5 780/342/5
f 783/344/5 784/338/5 786/339/5
f 778/341/5 780/342/5 781/345/5
f 782/346/5 783/344/5 786/339/5
f 778/341/5 781/345/5 782/346/5
f 778/341/5 782/346/5 786/339/5
f 778/341/5 786/339/5 777/405/5
f 777/405/5 786/339/5 787/348/5
f 777/405/5 787/348/5 788/406/5
f 776/351/5 788/407/5 740/352/5
f 775/353/5 776/351/5 740/352/5
f 775/353/5 740/352/5 741/354/5
f 774/355/5 775/353/5 741/354/5
f 774/355/5 741/354/5 742/356/5
f 773/357/5 774/355/5 742/356/5
f 773/357/5 742/356/5 743/358/5
f 772/359/5 773/357/5 743/358/5
f 771/360/5 772/359/5 743/358/5
f 771/360/5 743/358/5 744/361/5
f 770/362/5 771/360/5 744/361/5
f 770/362/5 744/361/5 745/363/5
f 769/364/5 770/362/5 745/363/5
f 769/364/5 745/363/5 746/365/5
f 768/366/5 769/364/5 746/365/5
f 768/366/5 746/365/5 755/288/5
f 755/288/5 746/365/5 747/367/5
f 768/366/5 755/288/5 756/368/5
f 754/369/5 755/288/5 747/367/5
f 767/370/5 768/366/5 756/368/5
f 753/371/5 754/369/5 747/367/5
f 767/370/5 756/368/5 757/372/5
f 753/371/5 747/367/5 748/373/5
f 766/374/5 767/370/5 757/372/5
f 752/375/5 753/371/5 748/373/5
f 766/374/5 757/372/5 758/376/5
f 765/377/5 766/374/5 758/376/5
f 765/377/5 758/376/5 759/378/5
f 752/375/5 748/373/5 749/379/5
f 764/380/5 765/377/5 759/378/5
f 751/381/5 752/375/5 749/379/5
f 763/382/5 764/380/5 759/378/5
f 763/382/5 759/378/5 760/408/5
f 762/384/5 763/382/5 760/408/5
f 751/381/5 749/379/5 750/385/5
f 762/384/5 760/408/5 761/386/5
s 1
f 793/209/4 790/409/6 957/410/7
f 792/411/8 795/207/2 791/412/9
f 797/413/10 794/414/11 790/409/6
f 797/413/10 790/409/6 793/209/4
f 796/415/12 795/207/2 792/411/8
f 797/413/10 800/416/13 798/417/14
f 803/418/15 795/207/2 799/419/16
f 812/420/17 802/421/18 795/207/2
f 797/413/10 804/422/19 800/416/13
f 805/423/20 812/420/17 803/418/15
f 797/413/10 806/424/21 804/422/19
f 801/208/3 809/425/22 797/413/10
f 807/426/23 801/208/3 802/421/18
f 808/427/24 812/420/17 805/423/20
f 809/425/22 806/424/21 797/413/10
f 814/428/25 810/429/26 809/425/22
f 819/430/27 816/431/28 814/428/25
f 818/432/29 815/433/30 812/420/17
f 819/430/27 821/434/31 816/431/28
f 822/435/32 815/433/30 818/432/29
f 820/436/33 824/437/34 819/430/27
f 825/438/35 820/436/33 822/435/32
f 828/439/36 823/440/37 824/437/34
f 825/438/35 829/441/38 824/437/34
f 826/442/39 830/443/40 825/438/35
f 829/441/38 828/439/36 824/437/34
f 823/440/37 831/444/41 827/445/42
f 828/439/36 831/444/41 823/440/37
f 835/446/43 832/447/44 829/441/38
f 833/448/45 836/449/46 830/443/40
f 835/446/43 842/450/47 832/447/44
f 836/449/46 840/451/48 835/446/43
f 842/450/47 841/452/49 832/447/44
f 839/453/50 843/454/51 836/449/46
f 842/450/47 845/455/52 841/452/49
f 845/455/52 848/456/53 844/457/54
f 845/455/52 852/458/55 848/456/53
f 854/459/56 849/460/57 850/461/58
f 857/462/59 845/455/52 851/463/60
f 845/455/52 856/464/61 852/458/55
f 858/465/62 853/466/63 849/460/57
f 856/464/61 860/467/64 855/468/65
f 861/469/66 857/462/59 853/466/63
f 861/469/66 853/466/63 858/465/62
f 862/470/67 858/465/62 859/471/68
f 865/472/69 858/465/62 862/470/67
f 864/473/70 866/474/71 863/475/72
f 861/469/66 864/473/70 856/464/61
f 867/476/73 861/469/66 858/465/62
f 864/473/70 869/477/74 866/474/71
f 871/478/75 864/473/70 867/476/73
f 872/479/76 867/476/73 868/480/77
f 875/481/78 869/477/74 870/482/79
f 870/482/79 876/483/80 875/481/78
f 878/484/81 877/485/82 871/478/75
f 876/483/80 881/486/83 875/481/78
f 880/487/84 878/484/81 874/488/85
f 876/483/80 883/489/86 881/486/83
f 882/490/87 878/484/81 880/487/84
f 884/491/88 876/483/80 878/484/81
f 884/491/88 887/492/89 883/489/86
f 886/493/90 885/494/91 882/490/87
f 891/495/92 888/496/93 885/494/91
f 893/497/94 891/495/92 889/498/95
f 888/496/93 894/499/96 890/500/97
f 892/501/98 888/496/93 891/495/92
f 896/502/99 893/497/94 889/498/95
f 895/503/100 894/499/96 888/496/93
f 895/503/100 888/496/93 892/501/98
f 893/497/94 892/501/98 891/495/92
f 895/503/100 900/504/101 894/499/96
f 903/505/102 899/506/103 893/497/94
f 902/507/104 893/497/94 897/508/105
f 903/505/102 901/509/106 899/506/103
f 906/510/107 905/511/108 901/509/106
f 904/512/109 907/513/110 902/507/104
f 910/514/111 909/515/112 905/511/108
f 913/516/113 906/510/107 908/517/114
f 911/518/115 915/519/116 907/513/110
f 916/520/117 910/514/111 913/516/113
f 917/521/118 913/516/113 914/522/119
f 917/521/118 914/522/119 915/519/116
f 920/523/120 922/524/121 919/525/122
f 923/526/123 917/521/118 921/527/124
f 916/520/117 924/528/125 920/523/120
f 925/529/126 916/520/117 918/530/127
f 926/531/128 925/529/126 918/530/127
f 917/521/118 926/531/128 918/530/127
f 924/528/125 927/532/129 922/524/121
f 928/533/130 925/529/126 926/531/128
f 929/534/131 926/531/128 923/526/123
f 928/533/130 934/535/132 927/532/129
f 933/536/133 930/537/134 929/534/131
f 935/538/135 934/535/132 928/533/130
f 933/536/133 937/539/136 930/537/134
f 935/538/135 928/533/130 930/537/134
f 940/540/137 934/535/132 935/538/135
f 941/541/138 935/538/135 937/539/136
f 942/542/139 937/539/136 933/536/133
f 946/543/140 945/544/141 940/540/137
f 947/545/142 946/543/140 940/540/137
f 950/546/143 948/547/144 945/544/141
f 949/548/145 952/549/146 943/550/147
f 947/545/142 951/551/148 946/543/140
f 955/552/149 958/553/150 954/554/151
f 960/555/152 955/552/149 956/556/153
f 957/557/7 790/558/6 954/554/151
f 791/559/9 958/553/150 955/552/149
f 790/558/6 959/560/154 953/561/155
f 960/555/152 791/559/9 955/552/149
f 790/558/6 789/562/156 961/563/157
f 792/564/8 791/559/9 960/555/152
f 970/565/158 967/566/159 963/567/160
f 970/565/158 963/567/160 968/568/161
f 964/569/162 974/570/163 968/568/161
f 965/571/164 971/572/165 964/569/162
f 967/566/159 973/573/166 969/574/167
f 970/565/158 973/573/166 967/566/159
f 975/575/168 971/572/165 965/571/164
f 975/575/168 965/571/164 972/576/169
f 977/577/170 973/573/166 970/565/158
f 977/577/170 970/565/158 974/570/163
f 971/572/165 978/578/171 974/570/163
f 975/575/168 979/579/172 971/572/165
f 980/580/173 976/581/174 977/577/170
f 985/582/175 983/583/176 980/580/173
f 986/584/177 980/580/173 981/585/178
f 982/586/179 987/587/180 981/585/178
f 986/584/177 990/588/181 985/582/175
f 990/588/181 989/589/182 985/582/175
f 992/590/183 990/588/181 986/584/177
f 992/590/183 995/591/184 990/588/181
f 996/592/185 993/593/186 991/594/187
f 997/595/188 992/590/183 993/593/186
f 998/596/189 997/595/188 993/593/186
f 995/591/184 999/597/190 994/598/191
f 995/591/184 1000/599/192 999/597/190
f 1004/600/193 997/595/188 998/596/189
f 1004/600/193 1003/601/194 997/595/188
f 1005/602/195 1004/600/193 1001/603/196
f 1008/604/197 1004/600/193 1005/602/195
f 1007/605/198 1015/606/199 1006/607/200
f 1014/608/201 1007/605/198 1010/609/202
f 1014/608/201 1018/610/203 1013/611/204
f 1017/612/205 1019/613/206 1016/614/207
f 1020/615/208 1018/610/203 1011/616/209
f 1025/617/210 1019/613/206 1017/612/205
f 1021/618/211 1022/619/212 1020/615/208
f 1023/620/213 1025/617/210 1017/612/205
f 1023/620/213 1017/612/205 1018/610/203
f 1020/615/208 1024/621/214 1018/610/203
f 1022/619/212 1024/621/214 1020/615/208
f 1033/622/215 1026/623/216 1027/624/217
f 1029/625/218 1034/626/219 1028/627/220
f 1036/628/221 1030/629/222 1026/623/216
f 1028/627/220 1031/630/223 1027/624/217
f 1032/631/224 1035/632/225 1029/625/218
f 1031/630/223 1038/633/226 1033/622/215
f 1039/634/227 1042/635/228 1038/633/226
f 1037/636/229 1044/637/230 1041/638/231
f 1042/635/228 1045/639/232 1038/633/226
f 1046/640/233 1042/635/228 1039/634/227
f 1048/641/234 1040/642/235 1043/643/236
f 1049/644/237 962/645/238 1044/637/230
f 967/646/159 962/645/238 1049/644/237
f 963/647/160 1049/644/237 1045/639/232
f 964/648/162 1046/640/233 1047/649/239
f 966/650/240 965/651/164 1048/641/234
f 964/648/162 968/652/161 1046/640/233
f 1058/653/241 1051/654/242 1052/655/243
f 1055/656/244 1059/657/245 1054/658/246
f 1062/659/247 1051/654/242 1058/653/241
f 1062/659/247 1058/653/241 1059/657/245
f 1070/660/248 1062/659/247 1063/661/249
f 1066/662/250 1063/661/249 1064/663/251
f 1065/664/252 1067/665/253 1061/666/254
f 1068/667/255 1070/660/248 1063/661/249
f 1069/668/256 1066/662/250 1064/663/251
f 1074/669/257 1070/660/248 1068/667/255
f 1075/670/258 1068/667/255 1066/662/250
f 1079/671/259 1073/672/260 1074/669/257
f 1076/673/261 1080/674/262 1075/670/258
f 1079/671/259 1072/675/263 1073/672/260
f 1072/675/263 1081/676/264 1078/677/265
f 1079/671/259 1082/678/266 1072/675/263
f 1083/679/267 1079/671/259 1080/674/262
f 1084/680/268 1080/674/262 1076/673/261
f 1087/681/269 1081/676/264 1082/678/266
f 1083/679/267 1088/682/270 1082/678/266
f 1089/683/271 1088/682/270 1083/679/267
f 1091/684/272 1084/680/268 1085/685/273
f 1093/686/274 1097/687/275 1092/688/276
f 1098/689/277 1095/690/278 1096/691/279
f 1094/692/280 1101/693/281 1093/686/274
f 1102/694/282 1094/692/280 1095/690/278
f 1100/695/283 1104/696/284 1099/697/285
f 1101/693/281 1100/695/283 1093/686/274
f 1105/698/286 1102/694/282 1103/699/287
f 1101/693/281 1108/700/288 1100/695/283
f 1108/700/288 1101/693/281 1102/694/282
f 1107/701/289 1111/702/290 1106/703/291
f 1112/704/292 1108/700/288 1109/705/293
f 1113/706/294 1109/705/293 1110/707/295
f 1112/704/292 1115/708/296 1107/701/289
f 1116/709/297 1112/704/292 1109/705/293
f 1120/710/298 1115/708/296 1116/709/297
f 1121/711/299 1118/712/300 1115/708/296
f 1122/713/301 1115/708/296 1120/710/298
f 1119/714/302 1123/715/303 1116/709/297
f 1125/716/304 1122/713/301 1120/710/298
f 1123/715/303 1125/716/304 1120/710/298
f 1129/717/305 1122/713/301 1125/716/304
f 1130/718/306 1133/719/307 1129/717/305
f 1128/720/308 1135/721/309 1132/722/310
f 1133/719/307 1136/723/311 1128/720/308
f 1138/724/312 1137/725/313 1134/726/314
f 1141/727/315 1144/728/316 1140/729/317
f 1148/730/318 1139/731/319 1144/728/316
f 1145/732/320 1148/730/318 1144/728/316
f 1150/733/321 1149/734/322 1148/730/318
f 1145/732/320 1151/735/323 1148/730/318
f 1151/735/323 1154/736/324 1150/733/321
f 1157/737/325 1150/733/321 1154/736/324
f 1151/735/323 1158/738/326 1154/736/324
f 1158/738/326 1161/739/327 1157/737/325
f 1161/739/327 1165/740/328 1157/737/325
f 1167/741/329 1161/739/327 1162/742/330
f 1173/743/331 1166/744/332 1167/741/329
f 1175/745/333 1172/746/334 1166/744/332
f 1178/747/335 1175/745/333 1173/743/331
f 1180/748/336 1177/749/337 1175/745/333
f 1178/747/335 1181/750/338 1175/745/333
f 1186/751/339 1177/749/337 1180/748/336
f 1187/752/340 1180/748/336 1181/750/338
f 1190/753/341 1188/754/342 1189/755/343
f 1193/756/344 1186/751/339 1187/752/340
f 1192/757/345 1193/756/344 1187/752/340
f 1188/754/342 1192/757/345 1187/752/340
f 1194/758/346 1192/757/345 1188/754/342
f 1194/758/346 1188/754/342 1190/753/341
f 1193/756/344 1196/759/347 1191/760/348
f 1197/761/349 1193/756/344 1192/757/345
f 1200/762/350 1195/763/351 1196/759/347
f 1198/764/352 1201/765/353 1199/766/354
f 1204/767/355 1196/759/347 1197/761/349
f 1199/766/354 1202/768/356 1197/761/349
f 1204/767/355 1200/762/350 1196/759/347
f 1201/765/353 1202/768/356 1199/766/354
f 1210/769/357 1213/770/358 1209/771/359
f 1219/772/360 1212/773/361 1207/774/362
f 1216/775/363 1208/776/364 1209/771/359
f 1213/770/358 1216/775/363 1209/771/359
f 1214/777/365 1217/778/366 1210/769/357
f 1220/779/367 1216/775/363 1213/770/358
f 1220/779/367 1222/780/368 1219/772/360
f 1225/781/369 1221/782/370 1222/780/368
f 1226/783/371 1222/780/368 1223/784/372
f 1225/781/369 1229/785/373 1221/782/370
f 1230/786/374 1228/787/375 1224/788/376
f 1226/783/371 1093/789/274 1225/781/369
f 1095/790/278 1227/791/377 1228/787/375
f 1237/792/378 1232/793/379 1334/794/380
f 1235/795/381 1237/792/378 1334/794/380
f 1235/795/381 1334/794/380 1233/796/382
f 1232/793/379 1239/797/383 1231/798/384
f 1235/795/381 1241/799/385 1237/792/378
f 1241/799/385 1239/797/383 1237/792/378
f 1243/800/386 1240/801/387 1239/797/383
f 1235/795/381 1244/802/388 1241/799/385
f 1248/803/389 1243/800/386 1241/799/385
f 1244/802/388 1248/803/389 1241/799/385
f 1248/803/389 1250/804/390 1243/800/386
f 1250/804/390 1248/803/389 1244/802/388
f 1251/805/391 1249/806/392 1250/804/390
f 1246/807/393 1253/808/394 1250/804/390
f 1258/809/395 1257/810/396 1252/811/397
f 1262/812/398 1256/813/399 1257/810/396
f 1258/809/395 1263/814/400 1257/810/396
f 1263/814/400 1267/815/401 1262/812/398
f 1268/816/402 1264/817/403 1265/818/404
f 1266/819/405 1269/820/406 1263/814/400
f 1265/818/404 1271/821/407 1268/816/402
f 1267/815/401 1272/822/408 1265/818/404
f 1273/823/409 1267/815/401 1269/820/406
f 1279/824/410 1270/825/411 1271/821/407
f 1274/826/412 1276/827/413 1273/823/409
f 1280/828/414 1276/827/413 1274/826/412
f 1280/828/414 1274/826/412 1277/829/415
f 1283/830/416 1279/824/410 1276/827/413
f 1280/828/414 1284/831/417 1276/827/413
f 1288/832/418 1285/833/419 1284/831/417
f 1281/834/420 1289/835/421 1286/836/422
f 1283/830/416 1290/837/423 1282/838/424
f 1291/839/425 1288/832/418 1287/840/426
f 1293/841/427 1281/834/420 1290/837/423
f 1285/833/419 1294/842/428 1290/837/423
f 1288/832/418 1295/843/429 1285/833/419
f 1295/843/429 1299/844/430 1294/842/428
f 1300/845/431 1299/844/430 1295/843/429
f 1305/846/432 1298/847/433 1294/842/428
f 1305/846/432 1304/848/434 1298/847/433
f 1304/848/434 1310/849/435 1308/850/436
f 1311/851/437 1307/852/438 1309/853/439
f 1313/854/440 1304/848/434 1307/852/438
f 1312/855/441 1314/856/442 1310/849/435
f 1313/854/440 1312/855/441 1304/848/434
f 1319/857/443 1313/854/440 1315/858/444
f 1323/859/445 1316/860/446 1317/861/447
f 1324/862/448 1321/863/449 1318/864/450
f 1327/865/451 1320/866/452 1321/863/449
f 1328/867/453 1324/862/448 1325/868/454
f 1327/865/451 1331/869/455 1320/866/452
f 1328/867/453 1330/870/456 1324/862/448
f 1331/869/455 1329/871/457 1326/872/458
f 1336/873/459 1332/874/460 1331/869/455
f 1334/875/380 1331/869/455 1327/865/451
f 1334/875/380 1232/876/379 1333/877/461
f 1339/878/462 1344/879/463 1338/880/464
f 1345/881/465 1339/878/462 1340/882/466
f 1346/883/467 1341/884/468 1342/885/469
f 1354/886/470 1347/887/471 1344/879/463
f 1350/888/472 1344/879/463 1345/881/465
f 1348/889/473 1352/890/474 1346/883/467
f 1350/888/472 1356/891/475 1354/886/470
f 1356/891/475 1350/888/472 1351/892/476
f 1357/893/477 1359/894/478 1356/891/475
f 1358/895/479 1365/896/480 1356/891/475
f 1364/897/481 1359/894/478 1357/893/477
f 1366/898/482 1365/896/480 1358/895/479
f 1369/899/483 1374/900/484 1367/901/485
f 1372/902/486 1376/903/487 1371/904/488
f 1377/905/489 1374/900/484 1375/906/490
f 1373/907/491 1380/908/492 1372/902/486
f 1380/908/492 1373/907/491 1374/900/484
f 1379/909/493 1383/910/494 1378/911/495
f 1380/908/492 1384/912/496 1379/909/493
f 1386/913/497 1381/914/498 1382/915/499
f 1384/912/496 1391/916/500 1379/909/493
f 1385/917/501 1392/918/502 1384/912/496
f 1392/918/502 1385/917/501 1389/919/503
f 1393/920/504 1389/919/503 1388/921/505
f 1396/922/506 1392/918/502 1389/919/503
f 1397/923/507 1389/919/503 1393/920/504
f 1399/924/508 1395/925/509 1396/922/506
f 1400/926/510 1404/927/511 1399/924/508
f 1408/928/512 1403/929/513 1404/927/511
f 1406/930/514 1408/928/512 1404/927/511
f 1408/928/512 1411/931/515 1403/929/513
f 1412/932/516 1406/930/514 1409/933/517
f 1416/934/518 1419/935/519 1415/936/520
f 1420/937/521 1417/938/522 1418/939/523
f 1421/940/524 1418/939/523 1419/935/519
f 1421/940/524 1420/937/521 1418/939/523
f 1424/941/525 1421/940/524 1419/935/519
f 1422/942/526 1424/941/525 1419/935/519
f 1427/943/527 1421/940/524 1424/941/525
f 1427/943/527 1432/944/528 1426/945/529
f 1433/946/530 1427/943/527 1428/947/531
f 1434/948/532 1428/947/531 1429/949/533
f 1433/946/530 1437/950/534 1432/944/528
f 1439/951/535 1437/950/534 1433/946/530
f 1440/952/536 1433/946/530 1435/953/537
f 1438/954/538 1436/955/539 1437/950/534
f 1435/953/537 1441/956/540 1440/952/536
f 1439/951/535 1443/957/541 1437/950/534
f 1443/957/541 1447/958/542 1438/954/538
f 1439/951/535 1445/959/543 1443/957/541
f 1446/960/544 1440/952/536 1441/956/540
f 1445/959/543 1449/961/545 1443/957/541
f 1449/961/545 1452/962/546 1447/958/542
f 1456/963/547 1450/964/548 1446/960/544
f 1453/965/549 1452/962/546 1449/961/545
f 1453/965/549 1454/966/550 1452/962/546
f 1455/967/551 1453/965/549 1449/961/545
f 1450/964/548 1455/967/551 1449/961/545
f 1461/968/552 1458/969/553 1453/965/549
f 1459/970/554 1453/965/549 1455/967/551
f 1457/971/555 1460/972/556 1456/963/547
f 1464/973/557 1459/970/554 1460/972/556
f 1463/974/558 1467/975/559 1462/976/560
f 1468/977/561 1463/974/558 1464/973/557
f 1467/975/559 1471/978/562 1466/979/563
f 1472/980/564 1469/981/565 1470/982/566
f 1476/983/567 1468/977/561 1469/981/565
f 1478/984/568 1469/981/565 1472/980/564
f 1474/985/569 1479/986/570 1473/987/571
f 1480/988/572 1477/989/573 1478/984/568
f 1474/985/569 1481/990/574 1479/986/570
f 1475/991/575 1482/992/576 1474/985/569
f 1482/992/576 1475/991/575 1476/983/567
f 1483/993/577 1477/989/573 1480/988/572
f 1485/994/578 1477/989/573 1483/993/577
f 1482/992/576 1487/995/579 1484/996/580
f 1488/997/581 1482/992/576 1477/989/573
f 1493/998/582 1500/999/583 1497/1000/584
f 1494/1001/585 1498/1002/586 1493/998/582
f 1501/1003/587 1503/1004/588 1493/998/582
f 1504/1005/589 1501/1003/587 1498/1002/586
f 1503/1004/588 1507/1006/590 1502/1007/591
f 1508/1008/592 1504/1005/589 1505/1009/593
f 1509/1010/594 1514/1011/595 1503/1004/588
f 1513/1012/596 1504/1005/589 1508/1008/592
f 1509/1010/594 1512/1013/597 1514/1011/595
f 1515/1014/598 1513/1012/596 1511/1015/599
f 1520/1016/600 1513/1012/596 1515/1014/598
f 1519/1017/601 1523/1018/602 1518/1019/603
f 1526/1020/604 1524/1021/605 1516/1022/606
f 1525/1023/607 1528/1024/608 1520/1016/600
f 1523/1018/602 1527/1025/609 1517/1026/610
f 1531/1027/611 1527/1025/609 1528/1024/608
f 1531/1027/611 1533/1028/612 1530/1029/613
f 1535/1030/614 1531/1027/611 1532/1031/615
f 1530/1029/613 1339/1032/462 1529/1033/616
f 1533/1028/612 1339/1032/462 1530/1029/613
f 1341/1034/468 1533/1028/612 1531/1027/611
f 1537/1035/617 1341/1034/468 1535/1030/614
f 1542/1036/618 1538/1037/619 1635/1038/620
f 1542/1036/618 1635/1038/620 1539/1039/621
f 1540/1040/622 1543/1041/623 1539/1039/621
f 1541/1042/624 1548/1043/625 1540/1040/622
f 1546/1044/626 1544/1045/627 1542/1036/618
f 1547/1046/628 1542/1036/618 1543/1041/623
f 1550/1047/629 1551/1048/630 1548/1043/625
f 1546/1044/626 1552/1049/631 1549/1050/632
f 1547/1046/628 1553/1051/633 1546/1044/626
f 1554/1052/634 1551/1048/630 1550/1047/629
f 1553/1051/633 1555/1053/635 1546/1044/626
f 1555/1053/635 1556/1054/636 1552/1049/631
f 1559/1055/637 1553/1051/633 1551/1048/630
f 1558/1056/638 1557/1057/639 1554/1052/634
f 1555/1053/635 1560/1058/640 1556/1054/636
f 1559/1055/637 1560/1058/640 1555/1053/635
f 1561/1059/641 1557/1057/639 1558/1056/638
f 1562/1060/642 1560/1058/640 1559/1055/637
f 1557/1057/639 1562/1060/642 1559/1055/637
f 1562/1060/642 1564/1061/643 1560/1058/640
f 1568/1062/644 1562/1060/642 1557/1057/639
f 1565/1063/645 1557/1057/639 1561/1059/641
f 1571/1064/646 1564/1061/643 1567/1065/647
f 1577/1066/648 1571/1064/646 1567/1065/647
f 1572/1067/649 1575/1068/650 1567/1065/647
f 1571/1064/646 1578/1069/651 1574/1070/652
f 1577/1066/648 1579/1071/653 1571/1064/646
f 1580/1072/654 1577/1066/648 1575/1068/650
f 1582/1073/655 1575/1068/650 1572/1067/649
f 1581/1074/656 1572/1067/649 1576/1075/657
f 1580/1072/654 1579/1071/653 1577/1066/648
f 1582/1073/655 1580/1072/654 1575/1068/650
f 1579/1071/653 1583/1076/658 1578/1069/651
f 1584/1077/659 1580/1072/654 1582/1073/655
f 1585/1078/660 1582/1073/655 1581/1074/656
f 1584/1077/659 1586/1079/661 1579/1071/653
f 1588/1080/662 1584/1077/659 1582/1073/655
f 1586/1079/661 1590/1081/663 1587/1082/664
f 1588/1080/662 1592/1083/665 1586/1079/661
f 1602/1084/666 1596/1085/667 1597/1086/668
f 1595/1087/669 1603/1088/670 1599/1089/671
f 1601/1090/672 1604/1091/673 1595/1087/669
f 1606/1092/674 1601/1090/672 1602/1084/666
f 1604/1091/673 1607/1093/675 1603/1088/670
f 1608/1094/676 1602/1084/666 1605/1095/677
f 1606/1092/674 1609/1096/678 1604/1091/673
f 1610/1097/679 1606/1092/674 1602/1084/666
f 1609/1096/678 1614/1098/680 1611/1099/681
f 1615/1100/682 1609/1096/678 1610/1097/679
f 1619/1101/683 1614/1098/680 1615/1100/682
f 1617/1102/684 1619/1101/683 1615/1100/682
f 1621/1103/685 1618/1104/686 1614/1098/680
f 1620/1105/687 1622/1106/688 1617/1102/684
f 1624/1107/689 1621/1103/685 1619/1101/683
f 1622/1106/688 1624/1107/689 1619/1101/683
f 1626/1108/690 1621/1103/685 1624/1107/689
f 1621/1103/685 1627/1109/691 1623/1110/692
f 1628/1111/693 1622/1106/688 1625/1112/694
f 1626/1108/690 1629/1113/695 1621/1103/685
f 1624/1107/689 1630/1114/696 1626/1108/690
f 1629/1113/695 1632/1115/697 1627/1109/691
f 1633/1116/698 1631/1117/699 1628/1111/693
f 1630/1114/696 1629/1113/695 1626/1108/690
f 1634/1118/700 1630/1114/696 1631/1117/699
f 1629/1113/695 1635/1119/620 1632/1115/697
f 1636/1120/701 1634/1118/700 1633/1116/698
f 1539/1121/621 1629/1113/695 1630/1114/696
f 1634/1118/700 1539/1121/621 1630/1114/696
f 1636/1120/701 1540/1122/622 1634/1118/700
f 1540/1122/622 1539/1121/621 1634/1118/700
f 1541/1123/624 1540/1122/622 1636/1120/701
f 1642/1124/702 1644/1125/703 1640/1126/704
f 1639/1127/705 1645/1128/706 1638/1129/707
f 1642/1124/702 1648/1130/708 1644/1125/703
f 1646/1131/709 1651/1132/710 1645/1128/706
f 1652/1133/711 1649/1134/712 1651/1132/710
f 1654/1135/713 1657/1136/714 1653/1137/715
f 1661/1138/716 1656/1139/717 1652/1133/711
f 1661/1138/716 1652/1133/711 1653/1137/715
f 1662/1140/718 1653/1137/715 1657/1136/714
f 1658/1141/719 1662/1140/718 1657/1136/714
f 1661/1138/716 1664/1142/720 1660/1143/721
f 1666/1144/722 1654/1135/713 1663/1145/723
f 1667/1146/724 1665/1147/725 1658/1141/719
f 1639/1148/705 1665/1147/725 1667/1146/724
f 1640/1149/704 1667/1146/724 1666/1144/722
f 1677/1150/726 1674/1151/727 1670/1152/728
f 1675/1153/729 1679/1154/730 1677/1150/726
f 1678/1155/731 1679/1154/730 1675/1153/729
f 1681/1156/732 1674/1151/727 1677/1150/726
f 1679/1154/730 1683/1157/733 1681/1156/732
f 1683/1157/733 1682/1158/734 1681/1156/732
f 1684/1159/735 1687/1160/736 1683/1157/733
f 1687/1160/736 1686/1161/737 1682/1158/734
f 1693/1162/738 1689/1163/739 1685/1164/740
f 1690/1165/741 1692/1166/742 1688/1167/743
f 1692/1166/742 1694/1168/744 1687/1160/736
f 1691/1169/745 1695/1170/746 1693/1162/738
f 1696/1171/747 1691/1169/745 1694/1168/744
f 1698/1172/748 1695/1170/746 1696/1171/747
f 1703/1173/749 1698/1172/748 1699/1174/750
f 1707/1175/751 1709/1176/752 1706/1177/753
f 1710/1178/754 1702/1179/755 1703/1173/749
f 1711/1180/756 1715/1181/757 1710/1178/754
f 1718/1182/758 1713/1183/759 1715/1181/757
f 1722/1184/760 1719/1185/761 1717/1186/762
f 1726/1187/763 1718/1182/758 1719/1185/761
f 1729/1188/764 1725/1189/765 1726/1187/763
f 1723/1190/766 1729/1188/764 1726/1187/763
f 1730/1191/767 1731/1192/768 1723/1190/766
f 1735/1193/769 1737/1194/770 1729/1188/764
f 1731/1192/768 1735/1193/769 1729/1188/764
f 1737/1194/770 1734/1195/771 1725/1189/765
f 1736/1196/772 1738/1197/773 1731/1192/768
f 1737/1194/770 1739/1198/774 1734/1195/771
f 1737/1194/770 1742/1199/775 1739/1198/774
f 1741/1200/776 1744/1201/777 1737/1194/770
f 1746/1202/778 1740/1203/779 1738/1197/773
f 1744/1201/777 1745/1204/780 1742/1199/775
f 1746/1202/778 1741/1200/776 1740/1203/779
f 1747/1205/781 1746/1202/778 1743/1206/782
f 1751/1207/783 1746/1202/778 1747/1205/781
f 1751/1207/783 1757/1208/784 1750/1209/785
f 1748/1210/786 1756/1211/787 1752/1212/788
f 1758/1213/789 1757/1208/784 1754/1214/790
f 1758/1213/789 1761/1215/791 1757/1208/784
f 1761/1215/791 1762/1216/792 1755/1217/793
f 1765/1218/794 1756/1211/787 1759/1219/795
f 1762/1216/792 1669/1220/796 1759/1219/795
f 1668/1221/797 1766/1222/798 1765/1218/794
f 1669/1220/796 1668/1221/797 1765/1218/794
f 1671/1223/799 1670/1224/728 1669/1220/796
f 1672/1225/800 1671/1223/799 1767/1226/801
f 1771/1227/802 1772/1228/803 1770/1229/804
f 1772/1228/803 1777/1230/805 1770/1229/804
f 1776/1231/806 1779/1232/807 1772/1228/803
f 1782/1233/808 1775/1234/809 1777/1230/805
f 1779/1232/807 1782/1233/808 1777/1230/805
f 1783/1235/810 1782/1233/808 1779/1232/807
f 1785/1236/811 1780/1237/812 1782/1233/808
f 1785/1236/811 1782/1233/808 1783/1235/810
f 1781/1238/813 1787/1239/814 1783/1235/810
f 1789/1240/815 1785/1236/811 1786/1241/816
f 1787/1239/814 1790/1242/817 1786/1241/816
f 1789/1240/815 1795/1243/818 1785/1236/811
f 1794/1244/819 1797/1245/820 1793/1246/821
f 1798/1247/822 1795/1243/818 1790/1242/817
f 1799/1248/823 1798/1247/822 1796/1249/824
f 1794/1244/819 1768/1250/825 1797/1245/820
f 1798/1247/822 1770/1251/804 1794/1244/819
f 1771/1252/802 1798/1247/822 1799/1248/823
f 1810/1253/826 1804/1254/827 1800/1255/828
f 1808/1256/829 1809/1257/830 1803/1258/831
f 1812/1259/832 1810/1253/826 1805/1260/833
f 1807/1261/834 1813/1262/835 1806/1263/836
f 1809/1257/830 1814/1264/837 1807/1261/834
f 1815/1265/838 1812/1259/832 1813/1262/835
f 1819/1266/839 1821/1267/840 1818/1268/841
f 1815/1265/838 1822/1269/842 1819/1266/839
f 1823/1270/843 1822/1269/842 1816/1271/844
f 1823/1270/843 1816/1271/844 1817/1272/845
f 1826/1273/846 1822/1269/842 1823/1270/843
f 1827/1274/847 1823/1270/843 1824/1275/848
f 1827/1274/847 1830/1276/849 1826/1273/846
f 1835/1277/850 1832/1278/851 1828/1279/852
f 1836/1280/853 1828/1279/852 1829/1281/854
f 1837/1282/855 1829/1281/854 1830/1276/849
f 1841/1283/856 1840/1284/857 1835/1277/850
f 1837/1282/855 1843/1285/858 1836/1280/853
f 1838/1286/859 1843/1285/858 1837/1282/855
f 1846/1287/860 1842/1288/861 1843/1285/858
f 1841/1283/856 1848/1289/862 1845/1290/863
f 1846/1287/860 1848/1289/862 1841/1283/856
f 1849/1291/864 1846/1287/860 1844/1292/865
f 1851/1293/866 1847/1294/867 1848/1289/862
f 1850/1295/868 1853/1296/869 1849/1291/864
f 1859/1297/870 1857/1298/871 1851/1293/866
f 1858/1299/872 1861/1300/873 1853/1296/869
f 1859/1297/870 1862/1301/874 1857/1298/871
f 1860/1302/875 1859/1297/870 1852/1303/876
f 1863/1304/877 1861/1300/873 1858/1299/872
f 1866/1305/878 1860/1302/875 1861/1300/873
f 1871/1306/879 1865/1307/880 1866/1305/878
f 1869/1308/881 1864/1309/882 1865/1307/880
f 1867/1310/883 1875/1311/884 1871/1306/879
f 1870/1312/885 1876/1313/886 1867/1310/883
f 1877/1314/887 1873/1315/888 1874/1316/889
f 1875/1311/884 1878/1317/890 1874/1316/889
f 1873/1315/888 1879/1318/891 1872/1319/892
f 1884/1320/893 1878/1317/890 1875/1311/884
f 1885/1321/894 1875/1311/884 1876/1313/886
f 1883/1322/895 1887/1323/896 1882/1324/897
f 1889/1325/898 1885/1321/894 1886/1326/899
f 1884/1320/893 1888/1327/900 1883/1322/895
f 1888/1327/900 1891/1328/901 1887/1323/896
f 1898/1329/902 1890/1330/903 1891/1328/901
f 1892/1331/904 1895/1332/905 1891/1328/901
f 1898/1329/902 1896/1333/906 1890/1330/903
f 1897/1334/907 1895/1332/905 1892/1331/904
f 1800/1335/828 1896/1333/906 1898/1329/902
f 1801/1336/908 1898/1329/902 1893/1337/909
f 1895/1332/905 1802/1338/910 1894/1339/911
f 1897/1334/907 1803/1340/831 1895/1332/905
f 1900/1341/912 1937/1342/913 1938/1343/914
f 1903/1344/915 1899/1345/916 1936/1346/917
f 1904/1347/918 1903/1344/915 1937/1342/913
f 1905/1348/919 1938/1343/914 1939/1349/920
f 1903/1344/915 1906/1350/921 1899/1345/916
f 1904/1347/918 1907/1351/922 1903/1344/915
f 1909/1352/923 1900/1341/912 1905/1348/919
f 1909/1352/923 1905/1348/919 1901/1353/924
f 1908/1354/925 1909/1352/923 1901/1353/924
f 1900/1341/912 1907/1351/922 1904/1347/918
f 1910/1355/926 1906/1350/921 1907/1351/922
f 1916/1356/927 1914/1357/928 1910/1355/926
f 1916/1356/927 1910/1355/926 1911/1358/929
f 1912/1359/930 1917/1360/931 1911/1358/929
f 1913/1361/932 1917/1360/931 1912/1359/930
f 1922/1362/933 1916/1356/927 1917/1360/931
f 1920/1363/934 1913/1361/932 1918/1364/935
f 1921/1365/936 1919/1366/937 1914/1357/928
f 1921/1365/936 1914/1357/928 1916/1356/927
f 1922/1362/933 1921/1365/936 1916/1356/927
f 1923/1367/938 1922/1362/933 1917/1360/931
f 1924/1368/939 1922/1362/933 1923/1367/938
f 1930/1369/940 1922/1362/933 1924/1368/939
f 1931/1370/941 1929/1371/942 1926/1372/943
f 1932/1373/944 1926/1372/943 1930/1369/940
f 1927/1374/945 1934/1375/946 1930/1369/940
f 1936/1376/917 1935/1377/947 1931/1370/941
f 1934/1375/946 1938/1378/914 1932/1373/944
f 1933/1379/948 1939/1380/920 1934/1375/946
f 1943/1381/949 1947/1382/950 1942/20/951
f 1949/1383/952 1953/1384/953 1948/1385/954
f 1958/1386/955 1951/1387/956 1947/1382/950
f 1953/1384/953 1955/1388/957 1948/1385/954
f 1952/1389/958 1956/1390/959 1949/1383/952
f 1955/1388/957 1959/1391/960 1958/1386/955
f 1953/1384/953 1960/1392/961 1955/1388/957
f 1960/1392/961 1953/1384/953 1956/1390/959
f 1962/1393/962 1959/1391/960 1960/1392/961
f 1961/1394/963 1963/1395/964 1960/1392/961
f 1966/1396/965 1968/1397/966 1964/1398/967
f 1969/1399/968 1963/1395/964 1965/1400/969
f 1971/1401/970 1978/1402/971 1975/1403/972
f 1976/1404/973 1981/1405/974 1971/1401/970
f 1982/1406/975 1976/1404/973 1974/1407/976
f 1980/1408/977 1983/1409/978 1978/1402/971
f 1984/1410/979 1982/1406/975 1979/1411/980
f 1980/1408/977 1985/1412/981 1983/1409/978
f 1992/1413/982 1986/1414/983 1982/1406/975
f 1991/1415/984 1988/1416/985 1980/1408/977
f 1991/1415/984 1980/1408/977 1986/1414/983
f 1988/1416/985 1997/1417/986 1994/1418/987
f 1998/1419/988 1989/1420/989 1995/1421/990
f 1992/1413/982 1996/1422/991 1991/1415/984
f 1996/1422/991 1997/1417/986 1988/1416/985
f 1999/1423/992 1996/1422/991 1992/1413/982
f 2001/1424/993 1997/1417/986 1996/1422/991
f 2007/1425/994 2002/1426/995 2003/1427/996
f 2000/1428/997 2008/1429/998 2005/1430/999
f 2001/1424/993 2008/1429/998 2000/1428/997
f 2010/1431/1000 2003/1427/996 2004/1432/1001
f 2010/1431/1000 2004/1432/1001 2006/1433/1002
f 2009/1434/1003 2012/1435/1004 2008/1429/998
f 2014/1436/1005 2007/1425/994 2010/1431/1000
f 2007/1425/994 2012/1435/1004 2009/1434/1003
f 2012/1435/1004 2015/1437/1006 2011/1438/1007
f 2016/1439/1008 2014/1436/1005 2013/1440/1009
f 2017/1441/1010 2012/1435/1004 2014/1436/1005
f 2017/1441/1010 2019/1442/1011 2012/1435/1004
f 2020/1443/1012 2017/1441/1010 2016/1439/1008
f 2023/1444/1013 2019/1442/1011 2017/1441/1010
f 2019/1442/1011 2021/1445/1014 2018/1446/1015
f 2026/1447/1016 2023/1444/1013 2020/1443/1012
f 2028/1448/1017 2022/1449/1018 2023/1444/1013
f 2024/1450/1019 2026/1447/1016 2020/1443/1012
f 2028/1448/1017 2025/1451/1020 2021/1445/1014
f 2028/1448/1017 2021/1445/1014 2022/1449/1018
f 2032/1452/1021 2028/1448/1017 2026/1447/1016
f 2028/1448/1017 2031/1453/1022 2029/1454/1023
f 2033/1455/1024 2032/1452/1021 2026/1447/1016
f 2032/1452/1021 2036/1456/1025 2031/1453/1022
f 2036/1456/1025 2032/1452/1021 2033/1455/1024
f 2038/1457/1026 2033/1455/1024 2034/1458/1027
f 2040/1459/1028 2035/1460/1029 2036/1456/1025
f 2041/1461/1030 2043/1462/1031 2040/1459/1028
f 2045/1463/1032 2042/1464/1033 2039/1465/1034
f 2049/1466/1035 2043/1462/1031 2041/1461/1030
f 2044/1467/1036 2041/1461/1030 2042/1464/1033
f 2049/1466/1035 2052/1468/1037 2048/1469/1038
f 2044/1467/1036 2050/1470/1039 2049/1466/1035
f 2051/1471/1040 2044/1467/1036 2047/1472/1041
f 2054/1473/1042 2050/1470/1039 2044/1467/1036
f 2053/1474/1043 2055/1475/1044 2052/1468/1037
f 2053/1474/1043 2058/1476/1045 2055/1475/1044
f 2056/1477/1046 2053/1474/1043 2050/1470/1039
f 2056/1477/1046 2058/1476/1045 2053/1474/1043
f 2067/1478/1047 2063/1479/1048 2058/1476/1045
f 2065/1480/1049 2067/1478/1047 2061/1481/1050
f 2066/1482/1051 2061/1481/1050 2062/1483/1052
f 2064/1484/1053 2066/1482/1051 2062/1483/1052
f 2066/1482/1051 2065/1480/1049 2061/1481/1050
f 2070/1485/1054 2067/1478/1047 2065/1480/1049
f 2066/1482/1051 2071/1486/1055 2065/1480/1049
f 2068/1487/1056 2072/1488/1057 2066/1482/1051
f 2072/1488/1057 2073/1489/1058 2071/1486/1055
f 2074/1490/1059 2070/1485/1054 2071/1486/1055
f 2073/1489/1058 2074/1490/1059 2071/1486/1055
f 2080/1491/1060 2074/1490/1059 2073/1489/1058
f 2076/1492/1061 2084/1493/1062 2070/1485/1054
f 2074/1490/1059 2082/1494/1063 2076/1492/1061
f 2083/1495/1064 2080/1491/1060 2073/1489/1058
f 2079/1496/1065 2083/1495/1064 2073/1489/1058
f 2082/1494/1063 2085/1497/1066 2084/1493/1062
f 2087/1498/1067 2082/1494/1063 2080/1491/1060
f 2089/1499/1068 2087/1498/1067 2080/1491/1060
f 2089/1499/1068 2080/1491/1060 2083/1495/1064
f 2087/1498/1067 2091/1500/1069 2085/1497/1066
f 2085/1497/1066 2091/1500/1069 2086/1501/1070
f 2089/1499/1068 2094/1502/1071 2087/1498/1067
f 2095/1503/1072 2092/1504/1073 2091/1500/1069
f 2089/1499/1068 2097/1505/1074 2094/1502/1071
f 2101/1506/1075 2095/1503/1072 2096/1507/1076
f 2101/1506/1075 2096/1507/1076 2094/1502/1071
f 2097/1505/1074 2101/1506/1075 2094/1502/1071
f 2102/1508/1077 2099/1509/1078 2095/1503/1072
f 2100/1510/1079 2103/1511/1080 2097/1505/1074
f 2105/1512/1081 2108/1513/1082 2104/1514/1083
f 2109/1515/1084 2105/1512/1081 2106/1516/1085
f 2108/1513/1082 2111/1517/1086 2107/1518/1087
f 2113/1519/1088 2109/1515/1084 2110/1520/1089
f 2112/1521/1090 2115/1522/1091 2108/1513/1082
f 2116/1523/1092 2112/1521/1090 2109/1515/1084
f 2115/1522/1091 2118/1524/1093 2114/1525/1094
f 2120/1526/1095 2119/1527/1096 2117/1528/1097
f 2123/1529/1098 2119/1527/1096 2120/1526/1095
f 2122/1530/1099 2124/1531/1100 2121/1532/1101
f 2127/1533/1102 2119/1527/1096 2123/1529/1098
f 2125/1534/1103 2128/1535/1104 2124/1531/1100
f 2126/1536/1105 2129/1537/1106 2125/1534/1103
f 2130/1538/1107 2126/1536/1105 2127/1533/1102
f 2135/1539/1108 2128/1535/1104 2129/1537/1106
f 2130/1538/1107 2132/1540/1109 2129/1537/1106
f 2136/1541/1110 2135/1539/1108 2132/1540/1109
f 2136/1541/1110 2141/1542/1111 2135/1539/1108
f 2142/1543/1112 2136/1541/1110 2132/1540/1109
f 2141/1542/1111 2147/1544/1113 2140/1545/1114
f 2145/1546/1115 2141/1542/1111 2142/1543/1112
f 2155/1547/1116 2149/1548/1117 2150/1549/1118
f 2153/1550/1119 2158/1551/1120 2151/1552/1121
f 2160/1553/1122 2154/1554/1123 2149/1548/1117
f 2154/1554/1123 2159/1555/1124 2153/1550/1119
f 2162/1556/1125 2158/1551/1120 2153/1550/1119
f 2165/1557/1126 2161/1558/1127 2158/1551/1120
f 2171/1559/1128 2168/1560/1129 2169/1561/1130
f 2170/1562/1131 2172/1563/1132 2169/1561/1130
f 2168/1560/1129 1943/1564/949 2167/1565/1133
f 1943/1564/949 2175/1566/1134 2173/1567/1135
f 2176/1568/1136 1945/1569/1137 2174/1570/1138
f 1945/1569/1137 1944/1571/1139 2172/1563/1132
f 2179/1572/1140 2214/1573/1141 2213/1574/1142
f 2182/1575/1143 2177/1576/1144 2209/1038/1145
f 2182/1575/1143 2209/1038/1145 2214/1573/1141
f 2186/1577/1146 2178/1578/1147 2179/1572/1140
f 2183/1579/1148 2180/1580/1149 2181/1581/1150
f 2178/1578/1147 2185/1582/1151 2182/1575/1143
f 2188/1583/1152 2185/1582/1151 2186/1577/1146
f 2192/1584/1153 2187/1585/1154 2188/1583/1152
f 2193/1586/1155 2188/1583/1152 2189/1587/1156
f 2201/1588/1157 2192/1584/1153 2193/1586/1155
f 2202/1589/1158 2194/1590/1159 2195/1591/1160
f 2200/1592/1161 2187/1585/1154 2192/1584/1153
f 2202/1589/1158 2205/1593/1162 2197/1594/1163
f 2204/1595/1164 2206/1596/1165 2198/1597/1166
f 2206/1596/1165 2212/1598/1167 2205/1593/1162
f 2213/1599/1142 2210/1600/1168 2211/1601/1169
f 2212/1598/1167 2215/1602/1170 2211/1601/1169
f 790/409/6 794/414/11 789/1603/156
f 791/412/9 795/207/2 793/209/4
f 797/413/10 798/417/14 794/414/11
f 796/415/12 799/419/16 795/207/2
f 793/209/4 801/208/3 797/413/10
f 807/426/23 814/428/25 809/425/22
f 803/418/15 812/420/17 795/207/2
f 801/208/3 807/426/23 809/425/22
f 812/420/17 807/426/23 802/421/18
f 809/425/22 810/429/26 806/424/21
f 823/440/37 819/430/27 824/437/34
f 807/426/23 812/420/17 811/1604/1171
f 808/427/24 813/1605/1172 812/420/17
f 812/420/17 815/433/30 811/1604/1171
f 814/428/25 816/431/28 810/429/26
f 811/1604/1171 817/1606/1173 814/428/25
f 813/1605/1172 818/432/29 812/420/17
f 817/1606/1173 819/430/27 814/428/25
f 811/1604/1171 820/436/33 817/1606/1173
f 815/433/30 820/436/33 811/1604/1171
f 817/1606/1173 820/436/33 819/430/27
f 822/435/32 820/436/33 815/433/30
f 829/441/38 836/449/46 835/446/43
f 825/438/35 824/437/34 820/436/33
f 826/442/39 825/438/35 822/435/32
f 830/443/40 829/441/38 825/438/35
f 828/439/36 832/447/44 831/444/41
f 832/447/44 834/1607/1174 831/444/41
f 829/441/38 832/447/44 828/439/36
f 837/1608/1175 841/452/49 838/1609/1176
f 847/1610/1177 849/460/57 840/451/48
f 832/447/44 841/452/49 834/1607/1174
f 835/446/43 840/451/48 842/450/47
f 836/449/46 843/454/51 840/451/48
f 841/452/49 845/455/52 844/457/54
f 842/450/47 846/1611/1178 845/455/52
f 840/451/48 846/1611/1178 842/450/47
f 847/1610/1177 840/451/48 843/454/51
f 840/451/48 851/463/60 846/1611/1178
f 849/460/57 851/463/60 840/451/48
f 849/460/57 859/471/68 858/465/62
f 846/1611/1178 851/463/60 845/455/52
f 849/460/57 853/466/63 851/463/60
f 853/466/63 857/462/59 851/463/60
f 852/458/55 856/464/61 855/468/65
f 845/455/52 857/462/59 856/464/61
f 863/475/72 856/464/61 864/473/70
f 857/462/59 861/469/66 856/464/61
f 865/472/69 867/476/73 858/465/62
f 867/476/73 864/473/70 861/469/66
f 903/505/102 907/513/110 908/517/114
f 864/473/70 870/482/79 869/477/74
f 864/473/70 871/478/75 870/482/79
f 872/479/76 871/478/75 867/476/73
f 875/481/78 873/1612/1179 869/477/74
f 877/485/82 870/482/79 871/478/75
f 872/479/76 874/488/85 871/478/75
f 870/482/79 877/485/82 876/483/80
f 874/488/85 878/484/81 871/478/75
f 879/1613/1180 880/487/84 874/488/85
f 877/485/82 878/484/81 876/483/80
f 876/483/80 884/491/88 883/489/86
f 885/494/91 884/491/88 878/484/81
f 882/490/87 885/494/91 878/484/81
f 884/491/88 890/500/97 887/492/89
f 884/491/88 888/496/93 890/500/97
f 885/494/91 888/496/93 884/491/88
f 886/493/90 889/498/95 885/494/91
f 889/498/95 891/495/92 885/494/91
f 892/501/98 899/506/103 895/503/100
f 893/497/94 899/506/103 892/501/98
f 897/508/105 893/497/94 896/502/99
f 894/499/96 900/504/101 898/1614/1181
f 895/503/100 901/509/106 900/504/101
f 899/506/103 901/509/106 895/503/100
f 902/507/104 903/505/102 893/497/94
f 901/509/106 905/511/108 900/504/101
f 901/509/106 908/517/114 906/510/107
f 914/522/119 907/513/110 915/519/116
f 906/510/107 910/514/111 905/511/108
f 910/514/111 912/1615/1182 909/515/112
f 913/516/113 910/514/111 906/510/107
f 908/517/114 914/522/119 913/516/113
f 910/514/111 919/525/122 912/1615/1182
f 927/532/129 925/529/126 928/533/130
f 916/520/117 920/523/120 910/514/111
f 918/530/127 916/520/117 913/516/113
f 917/521/118 918/530/127 913/516/113
f 921/527/124 917/521/118 915/519/116
f 920/523/120 924/528/125 922/524/121
f 923/526/123 926/531/128 917/521/118
f 916/520/117 925/529/126 924/528/125
f 934/535/132 939/1616/1183 936/1617/1184
f 930/537/134 928/533/130 926/531/128
f 929/534/131 930/537/134 926/531/128
f 931/1618/1185 933/536/133 929/534/131
f 927/532/129 934/535/132 932/1619/1186
f 934/535/132 936/1617/1184 932/1619/1186
f 930/537/134 937/539/136 935/538/135
f 931/1618/1185 938/1620/1187 933/536/133
f 933/536/133 944/1621/1188 943/550/147
f 940/540/137 945/544/141 934/535/132
f 941/541/138 940/540/137 935/538/135
f 942/542/139 941/541/138 937/539/136
f 943/550/147 942/542/139 933/536/133
f 947/545/142 952/549/146 951/551/148
f 942/542/139 947/545/142 941/541/138
f 941/541/138 947/545/142 940/540/137
f 946/543/140 950/546/143 945/544/141
f 943/550/147 952/549/146 942/542/139
f 946/543/140 951/551/148 950/546/143
f 953/561/155 951/551/148 954/554/151
f 951/551/148 955/552/149 954/554/151
f 977/577/170 981/585/178 980/580/173
f 956/556/153 955/552/149 952/549/146
f 958/553/150 957/557/7 954/554/151
f 954/554/151 790/558/6 953/561/155
f 790/558/6 961/563/157 959/560/154
f 958/553/150 793/1622/4 957/557/7
f 791/559/9 793/1622/4 958/553/150
f 964/569/162 971/572/165 974/570/163
f 968/568/161 974/570/163 970/565/158
f 977/577/170 976/581/174 973/573/166
f 978/578/171 977/577/170 974/570/163
f 971/572/165 979/579/172 978/578/171
f 978/578/171 982/586/179 981/585/178
f 987/587/180 984/1623/1189 988/1624/1190
f 980/580/173 983/583/176 976/581/174
f 986/584/177 985/582/175 980/580/173
f 981/585/178 987/587/180 986/584/177
f 987/587/180 991/594/187 993/593/186
f 987/587/180 993/593/186 986/584/177
f 1006/607/200 1003/601/194 1007/605/198
f 986/584/177 993/593/186 992/590/183
f 990/588/181 994/598/191 989/589/182
f 990/588/181 995/591/184 994/598/191
f 996/592/185 998/596/189 993/593/186
f 992/590/183 997/595/188 995/591/184
f 995/591/184 1002/1625/1191 1000/599/192
f 1001/603/196 1004/600/193 998/596/189
f 997/595/188 1003/601/194 995/591/184
f 995/591/184 1003/601/194 1002/1625/1191
f 1004/600/193 1007/605/198 1003/601/194
f 1026/623/216 1023/620/213 1027/624/217
f 1008/604/197 1010/609/202 1004/600/193
f 1008/604/197 1011/616/209 1010/609/202
f 1006/607/200 1015/606/199 1009/1626/1192
f 1007/605/198 1013/611/204 1015/606/199
f 1007/605/198 1014/608/201 1013/611/204
f 1011/616/209 1014/608/201 1010/609/202
f 1012/1627/1193 1011/616/209 1008/604/197
f 1015/606/199 1017/612/205 1016/614/207
f 1013/611/204 1017/612/205 1015/606/199
f 1018/610/203 1017/612/205 1013/611/204
f 1011/616/209 1018/610/203 1014/608/201
f 1024/621/214 1023/620/213 1018/610/203
f 1024/621/214 1027/624/217 1023/620/213
f 1024/621/214 1029/625/218 1028/627/220
f 1037/636/229 1033/622/215 1038/633/226
f 1031/630/223 1033/622/215 1027/624/217
f 1033/622/215 1036/628/221 1026/623/216
f 1029/625/218 1035/632/225 1034/626/219
f 1034/626/219 1031/630/223 1028/627/220
f 1031/630/223 1039/634/227 1038/633/226
f 1034/626/219 1040/642/235 1039/634/227
f 1087/1628/269 1050/1629/1194 1086/1630/1195
f 1038/633/226 1049/644/237 1037/636/229
f 1038/633/226 1045/639/232 1049/644/237
f 1047/649/239 1046/640/233 1039/634/227
f 1040/642/235 1047/649/239 1039/634/227
f 1037/636/229 1049/644/237 1044/637/230
f 1048/641/234 1047/649/239 1040/642/235
f 1046/640/233 1045/639/232 1042/635/228
f 963/647/160 967/646/159 1049/644/237
f 965/651/164 964/648/162 1047/649/239
f 1048/641/234 965/651/164 1047/649/239
f 1046/640/233 968/652/161 1045/639/232
f 968/652/161 963/647/160 1045/639/232
f 1087/1628/269 1052/655/243 1051/654/242
f 1088/1631/270 1054/658/246 1053/1632/1196
f 1053/1632/1196 1052/655/243 1088/1631/270
f 1090/1633/1197 1054/658/246 1089/1634/271
f 1090/1633/1197 1056/1635/1198 1055/656/244
f 1063/661/249 1055/656/244 1064/663/251
f 1051/654/242 1057/1636/1199 1050/1629/1194
f 1053/1632/1196 1058/653/241 1052/655/243
f 1054/658/246 1059/657/245 1053/1632/1196
f 1056/1635/1198 1060/1637/1200 1055/656/244
f 1053/1632/1196 1059/657/245 1058/653/241
f 1062/659/247 1061/666/254 1051/654/242
f 1063/661/249 1062/659/247 1059/657/245
f 1065/664/252 1071/1638/1201 1067/665/253
f 1062/659/247 1065/664/252 1061/666/254
f 1062/659/247 1070/660/248 1065/664/252
f 1066/662/250 1068/667/255 1063/661/249
f 1065/664/252 1073/672/260 1072/675/263
f 1066/662/250 1077/1639/1202 1076/673/261
f 1074/669/257 1073/672/260 1070/660/248
f 1075/670/258 1074/669/257 1068/667/255
f 1076/673/261 1075/670/258 1066/662/250
f 1084/680/268 1089/683/271 1083/679/267
f 1072/675/263 1078/677/265 1071/1638/1201
f 1075/670/258 1080/674/262 1074/669/257
f 1080/674/262 1079/671/259 1074/669/257
f 1072/675/263 1082/678/266 1081/676/264
f 1083/679/267 1082/678/266 1079/671/259
f 1084/680/268 1083/679/267 1080/674/262
f 1088/682/270 1087/681/269 1082/678/266
f 1081/676/264 1087/681/269 1086/1640/1195
f 1099/697/285 1093/686/274 1100/695/283
f 1091/684/272 1090/1641/1197 1084/680/268
f 1098/689/277 1102/694/282 1095/690/278
f 1102/694/282 1101/693/281 1094/692/280
f 1106/703/291 1100/695/283 1107/701/289
f 1105/698/286 1109/705/293 1102/694/282
f 1100/695/283 1108/700/288 1107/701/289
f 1109/705/293 1108/700/288 1102/694/282
f 1114/1642/1203 1107/701/289 1115/708/296
f 1108/700/288 1112/704/292 1107/701/289
f 1113/706/294 1116/709/297 1109/705/293
f 1116/709/297 1115/708/296 1112/704/292
f 1122/713/301 1127/1643/1204 1124/1644/1205
f 1115/708/296 1118/712/300 1114/1642/1203
f 1117/1645/1206 1119/714/302 1116/709/297
f 1122/713/301 1121/711/299 1115/708/296
f 1116/709/297 1123/715/303 1120/710/298
f 1122/713/301 1124/1644/1205 1121/711/299
f 1123/715/303 1126/1646/1207 1125/716/304
f 1130/718/306 1126/1646/1207 1131/1647/1208
f 1129/717/305 1128/720/308 1122/713/301
f 1125/716/304 1130/718/306 1129/717/305
f 1130/718/306 1134/726/314 1137/725/313
f 1128/720/308 1132/722/310 1127/1643/1204
f 1133/719/307 1128/720/308 1129/717/305
f 1130/718/306 1137/725/313 1133/719/307
f 1139/731/319 1136/723/311 1140/729/317
f 1128/720/308 1136/723/311 1135/721/309
f 1137/725/313 1136/723/311 1133/719/307
f 1136/723/311 1141/727/315 1140/729/317
f 1137/725/313 1142/1648/1209 1141/727/315
f 1141/727/315 1146/1649/1210 1145/732/320
f 1144/728/316 1139/731/319 1140/729/317
f 1141/727/315 1145/732/320 1144/728/316
f 1143/1650/1211 1149/734/322 1147/1651/1212
f 1150/733/321 1156/1652/1213 1153/1653/1214
f 1148/730/318 1149/734/322 1139/731/319
f 1151/735/323 1150/733/321 1148/730/318
f 1145/732/320 1152/1654/1215 1151/735/323
f 1150/733/321 1153/1653/1214 1149/734/322
f 1152/1654/1215 1155/1655/1216 1151/735/323
f 1151/735/323 1159/1656/1217 1158/738/326
f 1154/736/324 1158/738/326 1157/737/325
f 1158/738/326 1162/742/330 1161/739/327
f 1157/737/325 1160/1657/1218 1156/1652/1213
f 1168/1658/1219 1157/737/325 1165/740/328
f 1160/1657/1218 1168/1658/1219 1163/1659/1220
f 1171/1660/1221 1168/1658/1219 1176/1661/1222
f 1166/744/332 1165/740/328 1161/739/327
f 1164/1662/1223 1167/741/329 1162/742/330
f 1167/741/329 1166/744/332 1161/739/327
f 1168/1658/1219 1172/746/334 1176/1661/1222
f 1167/741/329 1174/1663/1224 1173/743/331
f 1166/744/332 1172/746/334 1165/740/328
f 1176/1661/1222 1177/749/337 1179/1664/1225
f 1173/743/331 1175/745/333 1166/744/332
f 1177/749/337 1184/1665/1226 1182/1666/1227
f 1172/746/334 1175/745/333 1177/749/337
f 1175/745/333 1181/750/338 1180/748/336
f 1177/749/337 1182/1666/1227 1179/1664/1225
f 1178/747/335 1183/1667/1228 1181/750/338
f 1181/750/338 1189/755/343 1188/754/342
f 1186/751/339 1185/1668/1229 1177/749/337
f 1187/752/340 1186/751/339 1180/748/336
f 1188/754/342 1187/752/340 1181/750/338
f 1191/760/348 1186/751/339 1193/756/344
f 1185/1668/1229 1191/760/348 1184/1665/1226
f 1192/757/345 1198/764/352 1199/766/354
f 1191/760/348 1196/759/347 1195/763/351
f 1193/756/344 1197/761/349 1196/759/347
f 1199/766/354 1197/761/349 1192/757/345
f 1200/762/350 1206/1669/1230 1203/1670/1231
f 1202/768/356 1204/767/355 1197/761/349
f 1200/762/350 1203/1670/1231 1195/763/351
f 1198/764/352 1205/1671/1232 1201/765/353
f 1204/767/355 1207/774/362 1200/762/350
f 1204/767/355 1209/771/359 1208/776/364
f 1202/768/356 1210/769/357 1209/771/359
f 1201/765/353 1211/1672/1233 1210/769/357
f 1207/774/362 1216/775/363 1219/772/360
f 1207/774/362 1212/773/361 1206/1669/1230
f 1211/1672/1233 1214/777/365 1210/769/357
f 1219/772/360 1215/1673/1234 1212/773/361
f 1220/779/367 1224/788/376 1223/784/372
f 1210/769/357 1217/778/366 1213/770/358
f 1214/777/365 1218/1674/1235 1217/778/366
f 1216/775/363 1220/779/367 1219/772/360
f 1217/778/366 1220/779/367 1213/770/358
f 1219/772/360 1222/780/368 1221/782/370
f 1220/779/367 1223/784/372 1222/780/368
f 1227/791/377 1224/788/376 1228/787/375
f 1226/783/371 1225/781/369 1222/780/368
f 1223/784/372 1227/791/377 1226/783/371
f 1092/562/276 1225/781/369 1093/789/274
f 1226/783/371 1095/790/278 1094/1675/280
f 1226/783/371 1094/1675/280 1093/789/274
f 1228/787/375 1096/1123/279 1095/790/278
f 1234/1676/1236 1239/797/383 1238/1677/1237
f 1236/1678/1238 1235/795/381 1233/796/382
f 1232/793/379 1237/792/378 1239/797/383
f 1235/795/381 1247/1679/1239 1246/807/393
f 1239/797/383 1240/801/387 1238/1677/1237
f 1241/799/385 1243/800/386 1239/797/383
f 1243/800/386 1245/1680/1240 1240/801/387
f 1235/795/381 1246/807/393 1244/802/388
f 1251/805/391 1257/810/396 1256/813/399
f 1243/800/386 1249/806/392 1245/1680/1240
f 1243/800/386 1250/804/390 1249/806/392
f 1246/807/393 1250/804/390 1244/802/388
f 1252/811/397 1251/805/391 1250/804/390
f 1250/804/390 1253/808/394 1252/811/397
f 1246/807/393 1254/1681/1241 1253/808/394
f 1256/813/399 1255/1682/1242 1251/805/391
f 1253/808/394 1259/1683/1243 1258/809/395
f 1253/808/394 1258/809/395 1252/811/397
f 1256/813/399 1264/817/403 1260/1684/1244
f 1256/813/399 1260/1684/1244 1255/1682/1242
f 1259/1683/1243 1261/1685/1245 1258/809/395
f 1257/810/396 1263/814/400 1262/812/398
f 1263/814/400 1261/1685/1245 1266/819/405
f 1262/812/398 1265/818/404 1256/813/399
f 1275/1686/1246 1279/824/410 1278/1687/1247
f 1267/815/401 1265/818/404 1262/812/398
f 1263/814/400 1269/820/406 1267/815/401
f 1268/816/402 1271/821/407 1270/825/411
f 1265/818/404 1272/822/408 1271/821/407
f 1273/823/409 1272/822/408 1267/815/401
f 1274/826/412 1273/823/409 1269/820/406
f 1272/822/408 1279/824/410 1271/821/407
f 1273/823/409 1276/827/413 1272/822/408
f 1278/1687/1247 1282/838/424 1281/834/420
f 1272/822/408 1276/827/413 1279/824/410
f 1289/835/421 1293/841/427 1292/1688/1248
f 1283/830/416 1282/838/424 1279/824/410
f 1276/827/413 1284/831/417 1283/830/416
f 1280/828/414 1288/832/418 1284/831/417
f 1284/831/417 1285/833/419 1283/830/416
f 1285/833/419 1290/837/423 1283/830/416
f 1282/838/424 1290/837/423 1281/834/420
f 1295/843/429 1291/839/425 1296/1689/1249
f 1294/842/428 1293/841/427 1290/837/423
f 1285/833/419 1295/843/429 1294/842/428
f 1293/841/427 1297/1690/1250 1292/1688/1248
f 1298/847/433 1303/1691/1251 1301/1692/1252
f 1294/842/428 1298/847/433 1293/841/427
f 1296/1689/1249 1300/845/431 1295/843/429
f 1298/847/433 1301/1692/1252 1297/1690/1250
f 1299/844/430 1305/846/432 1294/842/428
f 1300/845/431 1302/1693/1253 1299/844/430
f 1306/1694/1254 1307/852/438 1299/844/430
f 1299/844/430 1307/852/438 1305/846/432
f 1302/1693/1253 1306/1694/1254 1299/844/430
f 1304/848/434 1308/850/436 1303/1691/1251
f 1311/851/437 1313/854/440 1307/852/438
f 1307/852/438 1304/848/434 1305/846/432
f 1304/848/434 1312/855/441 1310/849/435
f 1316/860/446 1312/855/441 1317/861/447
f 1312/855/441 1318/864/450 1317/861/447
f 1317/861/447 1321/863/449 1320/866/452
f 1319/857/443 1318/864/450 1313/854/440
f 1320/866/452 1323/859/445 1317/861/447
f 1326/872/458 1320/866/452 1331/869/455
f 1319/857/443 1322/1695/1255 1318/864/450
f 1322/1695/1255 1324/862/448 1318/864/450
f 1325/868/454 1324/862/448 1322/1695/1255
f 1233/1696/382 1335/1697/1256 1337/1698/1257
f 1324/862/448 1327/865/451 1321/863/449
f 1324/862/448 1330/870/456 1327/865/451
f 1331/869/455 1332/874/460 1329/871/457
f 1333/877/461 1336/873/459 1331/869/455
f 1334/875/380 1333/877/461 1331/869/455
f 1327/865/451 1330/870/456 1334/875/380
f 1330/870/456 1233/1696/382 1334/875/380
f 1333/877/461 1231/1699/384 1336/873/459
f 1340/882/466 1346/883/467 1345/881/465
f 1338/880/464 1344/879/463 1343/1700/1258
f 1339/878/462 1345/881/465 1344/879/463
f 1345/881/465 1352/890/474 1351/892/476
f 1344/879/463 1347/887/471 1343/1700/1258
f 1354/886/470 1349/1701/1259 1347/887/471
f 1350/888/472 1354/886/470 1344/879/463
f 1345/881/465 1351/892/476 1350/888/472
f 1351/892/476 1357/893/477 1356/891/475
f 1348/889/473 1353/1702/1260 1352/890/474
f 1354/886/470 1356/891/475 1355/1703/1261
f 1366/898/482 1371/904/488 1368/1704/1262
f 1359/894/478 1358/895/479 1356/891/475
f 1356/891/475 1365/896/480 1355/1703/1261
f 1355/1703/1261 1365/896/480 1360/1705/1263
f 1361/1706/1264 1364/897/481 1357/893/477
f 1365/896/480 1362/1707/1265 1360/1705/1263
f 1361/1706/1264 1363/1708/1266 1364/897/481
f 1359/894/478 1367/901/485 1358/895/479
f 1364/897/481 1367/901/485 1359/894/478
f 1363/1708/1266 1369/899/483 1364/897/481
f 1366/898/482 1368/1704/1262 1365/896/480
f 1367/901/485 1366/898/482 1358/895/479
f 1364/897/481 1369/899/483 1367/901/485
f 1363/1708/1266 1370/1709/1267 1369/899/483
f 1366/898/482 1373/907/491 1372/902/486
f 1369/899/483 1375/906/490 1374/900/484
f 1367/901/485 1374/900/484 1373/907/491
f 1378/911/495 1372/902/486 1379/909/493
f 1377/905/489 1381/914/498 1374/900/484
f 1372/902/486 1380/908/492 1379/909/493
f 1381/914/498 1380/908/492 1374/900/484
f 1381/914/498 1388/921/505 1389/919/503
f 1385/917/501 1384/912/496 1380/908/492
f 1381/914/498 1385/917/501 1380/908/492
f 1379/909/493 1387/1710/1268 1383/910/494
f 1381/914/498 1389/919/503 1385/917/501
f 1387/1710/1268 1391/916/500 1390/1711/1269
f 1394/1712/1270 1391/916/500 1395/925/509
f 1384/912/496 1392/918/502 1391/916/500
f 1391/916/500 1396/922/506 1395/925/509
f 1395/925/509 1402/1713/1271 1398/1714/1272
f 1400/926/510 1396/922/506 1389/919/503
f 1397/923/507 1400/926/510 1389/919/503
f 1395/925/509 1398/1714/1272 1394/1712/1270
f 1400/926/510 1399/924/508 1396/922/506
f 1397/923/507 1401/1715/1273 1400/926/510
f 1399/924/508 1403/929/513 1395/925/509
f 1400/926/510 1405/1716/1274 1406/930/514
f 1407/1717/1275 1411/931/515 1410/1718/1276
f 1400/926/510 1406/930/514 1404/927/511
f 1403/929/513 1407/1717/1275 1402/1713/1271
f 1405/1716/1274 1409/933/517 1406/930/514
f 1413/1719/1277 1411/931/515 1414/1720/1278
f 1412/932/516 1408/928/512 1406/930/514
f 1414/1720/1278 1408/928/512 1415/936/520
f 1408/928/512 1416/934/518 1415/936/520
f 1414/1720/1278 1417/938/522 1413/1719/1277
f 1415/936/520 1418/939/523 1414/1720/1278
f 1424/941/525 1429/949/533 1428/947/531
f 1416/934/518 1422/942/526 1419/935/519
f 1421/940/524 1423/1721/1279 1420/937/521
f 1422/942/526 1425/1722/1280 1424/941/525
f 1427/943/527 1423/1721/1279 1421/940/524
f 1427/943/527 1426/945/529 1423/1721/1279
f 1428/947/531 1427/943/527 1424/941/525
f 1455/967/551 1460/972/556 1459/970/554
f 1426/945/529 1432/944/528 1431/1723/1281
f 1427/943/527 1433/946/530 1432/944/528
f 1434/948/532 1433/946/530 1428/947/531
f 1430/1724/1282 1434/948/532 1429/949/533
f 1432/944/528 1436/955/539 1431/1723/1281
f 1435/953/537 1433/946/530 1434/948/532
f 1432/944/528 1437/950/534 1436/955/539
f 1440/952/536 1439/951/535 1433/946/530
f 1437/950/534 1443/957/541 1438/954/538
f 1438/954/538 1447/958/542 1442/1725/1283
f 1440/952/536 1445/959/543 1439/951/535
f 1444/1726/1284 1446/960/544 1441/956/540
f 1446/960/544 1445/959/543 1440/952/536
f 1443/957/541 1449/961/545 1447/958/542
f 1445/959/543 1450/964/548 1449/961/545
f 1446/960/544 1450/964/548 1445/959/543
f 1447/958/542 1452/962/546 1448/1727/1285
f 1451/1728/1286 1456/963/547 1446/960/544
f 1450/964/548 1456/963/547 1455/967/551
f 1453/965/549 1458/969/553 1454/966/550
f 1459/970/554 1461/968/552 1453/965/549
f 1462/976/560 1459/970/554 1463/974/558
f 1464/973/557 1470/982/566 1469/981/565
f 1464/973/557 1463/974/558 1459/970/554
f 1465/1729/1287 1464/973/557 1460/972/556
f 1462/976/560 1467/975/559 1466/979/563
f 1463/974/558 1468/977/561 1467/975/559
f 1469/981/565 1468/977/561 1464/973/557
f 1471/978/562 1474/985/569 1473/987/571
f 1474/985/569 1468/977/561 1475/991/575
f 1489/1730/1288 1487/995/579 1490/1731/1289
f 1476/983/567 1475/991/575 1468/977/561
f 1477/989/573 1476/983/567 1469/981/565
f 1478/984/568 1477/989/573 1469/981/565
f 1474/985/569 1484/996/580 1481/990/574
f 1474/985/569 1482/992/576 1484/996/580
f 1477/989/573 1482/992/576 1476/983/567
f 1484/996/580 1487/995/579 1486/1732/1290
f 1488/997/581 1487/995/579 1482/992/576
f 1485/994/578 1488/997/581 1477/989/573
f 1487/995/579 1494/1001/585 1490/1731/1289
f 1488/997/581 1491/1733/1291 1494/1001/585
f 1489/1730/1288 1493/998/582 1497/1000/584
f 1497/1000/584 1492/1734/1292 1489/1730/1288
f 1495/1735/1293 1498/1002/586 1494/1001/585
f 1494/1001/585 1493/998/582 1490/1731/1289
f 1491/1733/1291 1495/1735/1293 1494/1001/585
f 1491/1733/1291 1496/1736/1294 1495/1735/1293
f 1500/999/583 1503/1004/588 1502/1007/591
f 1498/1002/586 1501/1003/587 1493/998/582
f 1498/1002/586 1505/1009/593 1504/1005/589
f 1510/1737/1295 1503/1004/588 1514/1011/595
f 1501/1003/587 1506/1738/1296 1503/1004/588
f 1504/1005/589 1506/1738/1296 1501/1003/587
f 1506/1738/1296 1509/1010/594 1503/1004/588
f 1504/1005/589 1509/1010/594 1506/1738/1296
f 1514/1011/595 1518/1019/603 1517/1026/610
f 1513/1012/596 1509/1010/594 1504/1005/589
f 1511/1015/599 1513/1012/596 1508/1008/592
f 1513/1012/596 1512/1013/597 1509/1010/594
f 1514/1011/595 1517/1026/610 1516/1022/606
f 1512/1013/597 1519/1017/601 1518/1019/603
f 1529/1033/616 1527/1025/609 1530/1029/613
f 1520/1016/600 1519/1017/601 1513/1012/596
f 1516/1022/606 1524/1021/605 1521/1739/1297
f 1523/1018/602 1517/1026/610 1518/1019/603
f 1522/1740/1298 1525/1023/607 1520/1016/600
f 1517/1026/610 1526/1020/604 1516/1022/606
f 1520/1016/600 1528/1024/608 1519/1017/601
f 1519/1017/601 1528/1024/608 1523/1018/602
f 1517/1026/610 1527/1025/609 1526/1020/604
f 1528/1024/608 1527/1025/609 1523/1018/602
f 1564/1061/643 1570/1741/1299 1566/1742/1300
f 1531/1027/611 1530/1029/613 1527/1025/609
f 1532/1031/615 1531/1027/611 1528/1024/608
f 1529/1033/616 1536/1743/1301 1534/1744/1302
f 1529/1033/616 1339/1032/462 1536/1743/1301
f 1535/1030/614 1341/1034/468 1531/1027/611
f 1533/1028/612 1340/1745/466 1339/1032/462
f 1341/1034/468 1340/1745/466 1533/1028/612
f 1339/1032/462 1338/1746/464 1536/1743/1301
f 1537/1035/617 1342/1123/469 1341/1034/468
f 1543/1041/623 1542/1036/618 1539/1039/621
f 1540/1040/622 1548/1043/625 1543/1041/623
f 1542/1036/618 1544/1045/627 1538/1037/619
f 1541/1042/624 1545/1747/1303 1548/1043/625
f 1543/1041/623 1548/1043/625 1547/1046/628
f 1546/1044/626 1549/1050/632 1544/1045/627
f 1547/1046/628 1546/1044/626 1542/1036/618
f 1545/1747/1303 1550/1047/629 1548/1043/625
f 1548/1043/625 1551/1048/630 1547/1046/628
f 1551/1048/630 1553/1051/633 1547/1046/628
f 1546/1044/626 1555/1053/635 1552/1049/631
f 1554/1052/634 1557/1057/639 1551/1048/630
f 1553/1051/633 1559/1055/637 1555/1053/635
f 1557/1057/639 1559/1055/637 1551/1048/630
f 1560/1058/640 1564/1061/643 1563/1748/1304
f 1565/1063/645 1568/1062/644 1557/1057/639
f 1564/1061/643 1566/1742/1300 1563/1748/1304
f 1567/1065/647 1564/1061/643 1562/1060/642
f 1562/1060/642 1568/1062/644 1567/1065/647
f 1565/1063/645 1569/1749/1305 1568/1062/644
f 1568/1062/644 1573/1750/1306 1572/1067/649
f 1568/1062/644 1572/1067/649 1567/1065/647
f 1590/1081/663 1594/1751/1307 1591/1752/1308
f 1571/1064/646 1574/1070/652 1570/1741/1299
f 1567/1065/647 1575/1068/650 1577/1066/648
f 1573/1750/1306 1576/1075/657 1572/1067/649
f 1571/1064/646 1579/1071/653 1578/1069/651
f 1581/1074/656 1582/1073/655 1572/1067/649
f 1580/1072/654 1584/1077/659 1579/1071/653
f 1579/1071/653 1587/1082/664 1583/1076/658
f 1579/1071/653 1586/1079/661 1587/1082/664
f 1585/1078/660 1588/1080/662 1582/1073/655
f 1584/1077/659 1588/1080/662 1586/1079/661
f 1585/1078/660 1589/1753/1309 1588/1080/662
f 1589/1753/1309 1592/1083/665 1588/1080/662
f 1590/1081/663 1591/1752/1308 1587/1082/664
f 1592/1083/665 1590/1081/663 1586/1079/661
f 1589/1753/1309 1593/1754/1310 1592/1083/665
f 1590/1081/663 1596/1085/667 1595/1087/669
f 1592/1083/665 1598/1755/1311 1597/1086/668
f 1592/1083/665 1597/1086/668 1596/1085/667
f 1600/1756/1312 1602/1084/666 1597/1086/668
f 1595/1087/669 1599/1089/671 1594/1751/1307
f 1596/1085/667 1601/1090/672 1595/1087/669
f 1598/1755/1311 1600/1756/1312 1597/1086/668
f 1602/1084/666 1601/1090/672 1596/1085/667
f 1595/1087/669 1604/1091/673 1603/1088/670
f 1610/1097/679 1616/1757/1313 1617/1102/684
f 1601/1090/672 1606/1092/674 1604/1091/673
f 1604/1091/673 1611/1099/681 1607/1093/675
f 1604/1091/673 1609/1096/678 1611/1099/681
f 1610/1097/679 1609/1096/678 1606/1092/674
f 1608/1094/676 1610/1097/679 1602/1084/666
f 1608/1094/676 1612/1758/1314 1610/1097/679
f 1611/1099/681 1614/1098/680 1613/1759/1315
f 1609/1096/678 1615/1100/682 1614/1098/680
f 1617/1102/684 1615/1100/682 1610/1097/679
f 1624/1107/689 1631/1117/699 1630/1114/696
f 1614/1098/680 1618/1104/686 1613/1759/1315
f 1616/1757/1313 1620/1105/687 1617/1102/684
f 1619/1101/683 1621/1103/685 1614/1098/680
f 1617/1102/684 1622/1106/688 1619/1101/683
f 1621/1103/685 1623/1110/692 1618/1104/686
f 1620/1105/687 1625/1112/694 1622/1106/688
f 1621/1103/685 1629/1113/695 1627/1109/691
f 1643/1760/1316 1649/1134/712 1647/1761/1317
f 1628/1111/693 1631/1117/699 1622/1106/688
f 1633/1116/698 1634/1118/700 1631/1117/699
f 1539/1121/621 1635/1119/620 1629/1113/695
f 1640/1126/704 1644/1125/703 1639/1127/705
f 1641/1762/1318 1642/1124/702 1640/1126/704
f 1644/1125/703 1646/1131/709 1639/1127/705
f 1638/1129/707 1645/1128/706 1637/1763/1319
f 1639/1127/705 1646/1131/709 1645/1128/706
f 1653/1137/715 1648/1130/708 1654/1135/713
f 1645/1128/706 1649/1134/712 1637/1763/1319
f 1644/1125/703 1648/1130/708 1646/1131/709
f 1642/1124/702 1650/1764/1320 1648/1130/708
f 1645/1128/706 1651/1132/710 1649/1134/712
f 1648/1130/708 1651/1132/710 1646/1131/709
f 1653/1137/715 1652/1133/711 1651/1132/710
f 1654/1135/713 1650/1764/1320 1655/1765/1321
f 1637/1766/1319 1661/1138/716 1638/1767/707
f 1654/1135/713 1658/1141/719 1657/1136/714
f 1655/1765/1321 1659/1768/1322 1654/1135/713
f 1661/1138/716 1660/1143/721 1656/1139/717
f 1659/1768/1322 1663/1145/723 1654/1135/713
f 1662/1140/718 1661/1138/716 1653/1137/715
f 1662/1140/718 1665/1147/725 1661/1138/716
f 1658/1141/719 1665/1147/725 1662/1140/718
f 1654/1135/713 1667/1146/724 1658/1141/719
f 1666/1144/722 1667/1146/724 1654/1135/713
f 1638/1767/707 1665/1147/725 1639/1148/705
f 1669/1769/796 1673/1770/1323 1668/1771/797
f 1640/1149/704 1639/1148/705 1667/1146/724
f 1671/1772/799 1675/1153/729 1677/1150/726
f 1670/1152/728 1674/1151/727 1669/1769/796
f 1671/1772/799 1677/1150/726 1670/1152/728
f 1674/1151/727 1680/1773/1324 1676/1774/1325
f 1674/1151/727 1676/1774/1325 1673/1770/1323
f 1677/1150/726 1679/1154/730 1681/1156/732
f 1682/1158/734 1685/1164/740 1680/1773/1324
f 1681/1156/732 1682/1158/734 1674/1151/727
f 1679/1154/730 1684/1159/735 1683/1157/733
f 1686/1161/737 1693/1162/738 1685/1164/740
f 1683/1157/733 1687/1160/736 1682/1158/734
f 1684/1159/735 1688/1167/743 1687/1160/736
f 1699/1174/750 1694/1168/744 1700/1775/1326
f 1687/1160/736 1691/1169/745 1686/1161/737
f 1688/1167/743 1692/1166/742 1687/1160/736
f 1687/1160/736 1694/1168/744 1691/1169/745
f 1691/1169/745 1696/1171/747 1695/1170/746
f 1698/1172/748 1697/1776/1327 1695/1170/746
f 1699/1174/750 1698/1172/748 1696/1171/747
f 1698/1172/748 1701/1777/1328 1697/1776/1327
f 1708/1778/1329 1713/1183/759 1712/1779/1330
f 1703/1173/749 1702/1179/755 1698/1172/748
f 1700/1775/1326 1706/1177/753 1699/1174/750
f 1700/1775/1326 1704/1780/1331 1706/1177/753
f 1702/1179/755 1705/1781/1332 1701/1777/1328
f 1699/1174/750 1706/1177/753 1703/1173/749
f 1704/1780/1331 1707/1175/751 1706/1177/753
f 1702/1179/755 1708/1778/1329 1705/1781/1332
f 1706/1177/753 1711/1180/756 1703/1173/749
f 1706/1177/753 1709/1176/752 1711/1180/756
f 1703/1173/749 1711/1180/756 1710/1178/754
f 1719/1185/761 1714/1782/1333 1717/1186/762
f 1710/1178/754 1713/1183/759 1702/1179/755
f 1709/1176/752 1714/1782/1333 1711/1180/756
f 1715/1181/757 1713/1183/759 1710/1178/754
f 1713/1183/759 1716/1783/1334 1712/1779/1330
f 1711/1180/756 1719/1185/761 1715/1181/757
f 1716/1783/1334 1721/1784/1335 1720/1785/1336
f 1718/1182/758 1721/1784/1335 1713/1183/759
f 1715/1181/757 1719/1185/761 1718/1182/758
f 1724/1786/1337 1721/1784/1335 1725/1189/765
f 1722/1184/760 1723/1190/766 1719/1185/761
f 1723/1190/766 1726/1187/763 1719/1185/761
f 1748/1210/786 1744/1201/777 1749/1787/1338
f 1718/1182/758 1726/1187/763 1721/1784/1335
f 1727/1788/1339 1723/1190/766 1722/1184/760
f 1726/1187/763 1725/1189/765 1721/1784/1335
f 1725/1189/765 1728/1789/1340 1724/1786/1337
f 1727/1788/1339 1730/1191/767 1723/1190/766
f 1723/1190/766 1731/1192/768 1729/1188/764
f 1725/1189/765 1732/1790/1341 1728/1789/1340
f 1730/1191/767 1733/1791/1342 1731/1192/768
f 1729/1188/764 1737/1194/770 1725/1189/765
f 1725/1189/765 1734/1195/771 1732/1790/1341
f 1733/1791/1342 1736/1196/772 1731/1192/768
f 1731/1192/768 1740/1203/779 1735/1193/769
f 1731/1192/768 1738/1197/773 1740/1203/779
f 1735/1193/769 1741/1200/776 1737/1194/770
f 1740/1203/779 1741/1200/776 1735/1193/769
f 1737/1194/770 1744/1201/777 1742/1199/775
f 1743/1206/782 1746/1202/778 1738/1197/773
f 1741/1200/776 1746/1202/778 1744/1201/777
f 1749/1787/1338 1746/1202/778 1750/1209/785
f 1760/1792/1343 1765/1218/794 1764/1793/1344
f 1751/1207/783 1750/1209/785 1746/1202/778
f 1753/1794/1345 1748/1210/786 1749/1787/1338
f 1750/1209/785 1753/1794/1345 1749/1787/1338
f 1750/1209/785 1757/1208/784 1755/1217/793
f 1751/1207/783 1754/1214/790 1757/1208/784
f 1750/1209/785 1755/1217/793 1753/1794/1345
f 1759/1219/795 1756/1211/787 1748/1210/786
f 1753/1794/1345 1759/1219/795 1748/1210/786
f 1755/1217/793 1759/1219/795 1753/1794/1345
f 1757/1208/784 1761/1215/791 1755/1217/793
f 1755/1217/793 1762/1216/792 1759/1219/795
f 1768/1795/825 1775/1234/809 1778/1796/1346
f 1669/1220/796 1765/1218/794 1759/1219/795
f 1763/1797/1347 1767/1226/801 1761/1215/791
f 1765/1218/794 1766/1222/798 1764/1793/1344
f 1761/1215/791 1671/1223/799 1762/1216/792
f 1761/1215/791 1767/1226/801 1671/1223/799
f 1762/1216/792 1671/1223/799 1669/1220/796
f 1768/1795/825 1778/1796/1346 1773/1798/1348
f 1791/1799/1349 1794/1244/819 1793/1246/821
f 1770/1229/804 1777/1230/805 1769/1800/1350
f 1776/1231/806 1772/1228/803 1771/1227/802
f 1774/1801/1351 1776/1231/806 1771/1227/802
f 1769/1800/1350 1777/1230/805 1775/1234/809
f 1772/1228/803 1779/1232/807 1777/1230/805
f 1775/1234/809 1780/1237/812 1778/1796/1346
f 1776/1231/806 1781/1238/813 1779/1232/807
f 1775/1234/809 1782/1233/808 1780/1237/812
f 1781/1238/813 1783/1235/810 1779/1232/807
f 1785/1236/811 1784/1802/1352 1780/1237/812
f 1786/1241/816 1785/1236/811 1783/1235/810
f 1783/1235/810 1787/1239/814 1786/1241/816
f 1781/1238/813 1788/1803/1353 1787/1239/814
f 1786/1241/816 1790/1242/817 1789/1240/815
f 1785/1236/811 1791/1799/1349 1784/1802/1352
f 1788/1803/1353 1792/1804/1354 1787/1239/814
f 1792/1804/1354 1798/1247/822 1787/1239/814
f 1785/1236/811 1795/1243/818 1794/1244/819
f 1790/1242/817 1795/1243/818 1789/1240/815
f 1798/1247/822 1790/1242/817 1787/1239/814
f 1805/1260/833 1802/1805/910 1806/1263/836
f 1795/1243/818 1798/1247/822 1794/1244/819
f 1794/1244/819 1769/1806/1350 1768/1250/825
f 1794/1244/819 1770/1251/804 1769/1806/1350
f 1771/1252/802 1770/1251/804 1798/1247/822
f 1801/1807/908 1805/1260/833 1800/1255/828
f 1805/1260/833 1813/1262/835 1812/1259/832
f 1807/1261/834 1806/1263/836 1802/1805/910
f 1803/1258/831 1807/1261/834 1802/1805/910
f 1805/1260/833 1810/1253/826 1800/1255/828
f 1803/1258/831 1809/1257/830 1807/1261/834
f 1812/1259/832 1811/1808/1355 1810/1253/826
f 1813/1262/835 1817/1272/845 1816/1271/844
f 1807/1261/834 1814/1264/837 1813/1262/835
f 1815/1265/838 1819/1266/839 1812/1259/832
f 1816/1271/844 1815/1265/838 1813/1262/835
f 1812/1259/832 1818/1268/841 1811/1808/1355
f 1817/1272/845 1824/1275/848 1823/1270/843
f 1820/1809/1356 1817/1272/845 1814/1264/837
f 1816/1271/844 1822/1269/842 1815/1265/838
f 1819/1266/839 1822/1269/842 1821/1267/840
f 1825/1810/1357 1822/1269/842 1826/1273/846
f 1825/1810/1357 1828/1279/852 1832/1278/851
f 1827/1274/847 1826/1273/846 1823/1270/843
f 1832/1278/851 1834/1811/1358 1831/1812/1359
f 1826/1273/846 1829/1281/854 1828/1279/852
f 1826/1273/846 1830/1276/849 1829/1281/854
f 1832/1278/851 1831/1812/1359 1825/1810/1357
f 1827/1274/847 1833/1813/1360 1830/1276/849
f 1830/1276/849 1839/1814/1361 1838/1286/859
f 1835/1277/850 1840/1284/857 1832/1278/851
f 1836/1280/853 1835/1277/850 1828/1279/852
f 1837/1282/855 1836/1280/853 1829/1281/854
f 1838/1286/859 1837/1282/855 1830/1276/849
f 1835/1277/850 1842/1288/861 1841/1283/856
f 1848/1289/862 1856/1815/1362 1852/1303/876
f 1836/1280/853 1843/1285/858 1842/1288/861
f 1841/1283/856 1845/1290/863 1840/1284/857
f 1838/1286/859 1844/1292/865 1843/1285/858
f 1842/1288/861 1846/1287/860 1841/1283/856
f 1844/1292/865 1846/1287/860 1843/1285/858
f 1845/1290/863 1848/1289/862 1847/1294/867
f 1849/1291/864 1848/1289/862 1846/1287/860
f 1850/1295/868 1849/1291/864 1844/1292/865
f 1852/1303/876 1851/1293/866 1848/1289/862
f 1864/1309/882 1859/1297/870 1865/1307/880
f 1849/1291/864 1853/1296/869 1856/1815/1362
f 1851/1293/866 1854/1816/1363 1847/1294/867
f 1850/1295/868 1855/1817/1364 1853/1296/869
f 1851/1293/866 1857/1298/871 1854/1816/1363
f 1855/1817/1364 1858/1299/872 1853/1296/869
f 1852/1303/876 1859/1297/870 1851/1293/866
f 1853/1296/869 1861/1300/873 1856/1815/1362
f 1856/1815/1362 1860/1302/875 1852/1303/876
f 1861/1300/873 1860/1302/875 1856/1815/1362
f 1865/1307/880 1860/1302/875 1866/1305/878
f 1861/1300/873 1868/1818/1365 1867/1310/883
f 1867/1310/883 1866/1305/878 1861/1300/873
f 1869/1308/881 1874/1316/889 1873/1315/888
f 1868/1818/1365 1870/1312/885 1867/1310/883
f 1865/1307/880 1871/1306/879 1869/1308/881
f 1867/1310/883 1871/1306/879 1866/1305/878
f 1873/1315/888 1872/1319/892 1869/1308/881
f 1879/1318/891 1882/1324/897 1881/1819/1366
f 1871/1306/879 1875/1311/884 1874/1316/889
f 1867/1310/883 1876/1313/886 1875/1311/884
f 1878/1317/890 1877/1314/887 1874/1316/889
f 1877/1314/887 1882/1324/897 1873/1315/888
f 1877/1314/887 1884/1320/893 1883/1322/895
f 1880/1820/1367 1885/1321/894 1876/1313/886
f 1885/1321/894 1884/1320/893 1875/1311/884
f 1884/1320/893 1889/1325/898 1888/1327/900
f 1883/1322/895 1888/1327/900 1887/1323/896
f 1890/1330/903 1887/1323/896 1891/1328/901
f 1888/1327/900 1892/1331/904 1891/1328/901
f 1893/1337/909 1802/1338/910 1801/1336/908
f 1893/1337/909 1898/1329/902 1891/1328/901
f 1894/1339/911 1893/1337/909 1891/1328/901
f 1891/1328/901 1895/1332/905 1894/1339/911
f 1801/1336/908 1800/1335/828 1898/1329/902
f 1939/1349/920 1902/1821/1368 1901/1353/924
f 1895/1332/905 1803/1340/831 1802/1338/910
f 1936/1346/917 1899/1345/916 1940/20/1369
f 1937/1342/913 1903/1344/915 1936/1346/917
f 1911/1358/929 1909/1352/923 1912/1359/930
f 1900/1341/912 1904/1347/918 1937/1342/913
f 1905/1348/919 1900/1341/912 1938/1343/914
f 1901/1353/924 1905/1348/919 1939/1349/920
f 1903/1344/915 1907/1351/922 1906/1350/921
f 1909/1352/923 1907/1351/922 1900/1341/912
f 1911/1358/929 1910/1355/926 1907/1351/922
f 1909/1352/923 1913/1361/932 1912/1359/930
f 1921/1365/936 1925/1822/1370 1919/1366/937
f 1917/1360/931 1916/1356/927 1911/1358/929
f 1914/1357/928 1919/1366/937 1915/1823/1371
f 1924/1368/939 1923/1367/938 1917/1360/931
f 1913/1361/932 1924/1368/939 1917/1360/931
f 1920/1363/934 1924/1368/939 1913/1361/932
f 1922/1362/933 1926/1372/943 1921/1365/936
f 1924/1368/939 1928/1824/1372 1927/1374/945
f 1926/1372/943 1929/1371/942 1921/1365/936
f 1931/1370/941 1937/1825/913 1936/1376/917
f 1922/1362/933 1930/1369/940 1926/1372/943
f 1927/1374/945 1930/1369/940 1924/1368/939
f 1932/1373/944 1931/1370/941 1926/1372/943
f 1930/1369/940 1934/1375/946 1932/1373/944
f 1927/1374/945 1933/1379/948 1934/1375/946
f 1947/1382/950 1944/1826/1139 1948/1385/954
f 1938/1378/914 1937/1825/913 1932/1373/944
f 1934/1375/946 1939/1380/920 1938/1378/914
f 1936/1376/917 1940/1827/1369 1935/1377/947
f 1933/1379/948 1941/1828/1373 1939/1380/920
f 1944/1826/1139 1949/1383/952 1948/1385/954
f 1945/1829/1137 1950/1830/1374 1949/1383/952
f 1948/1385/954 1958/1386/955 1947/1382/950
f 1950/1830/1374 1952/1389/958 1949/1383/952
f 1958/1386/955 1954/1831/1375 1951/1387/956
f 1966/1396/965 1970/1832/1376 1968/1397/966
f 1949/1383/952 1956/1390/959 1953/1384/953
f 1952/1389/958 1957/1833/1377 1956/1390/959
f 1955/1388/957 1960/1392/961 1959/1391/960
f 1961/1394/963 1960/1392/961 1956/1390/959
f 1962/1393/962 1966/1396/965 1959/1391/960
f 1960/1392/961 1967/1834/1378 1962/1393/962
f 1960/1392/961 1963/1395/964 1967/1834/1378
f 1959/1391/960 1966/1396/965 1964/1398/967
f 1965/1400/969 1963/1395/964 1961/1394/963
f 1967/1834/1378 1972/1835/1379 1962/1393/962
f 1974/1407/976 1972/1835/1379 1967/1834/1378
f 1963/1395/964 1974/1407/976 1967/1834/1378
f 1966/1396/965 1972/1835/1379 1971/1401/970
f 1974/1407/976 1969/1399/968 1973/1836/1380
f 1974/1407/976 1979/1411/980 1982/1406/975
f 1972/1835/1379 1974/1407/976 1976/1404/973
f 1971/1401/970 1975/1403/972 1970/1832/1376
f 1976/1404/973 1971/1401/970 1972/1835/1379
f 1973/1836/1380 1977/1837/1381 1974/1407/976
f 1982/1406/975 1987/1838/1382 1989/1420/989
f 1971/1401/970 1980/1408/977 1978/1402/971
f 1971/1401/970 1981/1405/974 1980/1408/977
f 1982/1406/975 1981/1405/974 1976/1404/973
f 1982/1406/975 1986/1414/983 1981/1405/974
f 1981/1405/974 1986/1414/983 1980/1408/977
f 2002/1426/995 1999/1423/992 2003/1427/996
f 1980/1408/977 1988/1416/985 1985/1412/981
f 1989/1420/989 1992/1413/982 1982/1406/975
f 1988/1416/985 1990/1839/1383 1985/1412/981
f 1992/1413/982 1991/1415/984 1986/1414/983
f 1987/1838/1382 1993/1840/1384 1989/1420/989
f 1988/1416/985 1994/1418/987 1990/1839/1383
f 1993/1840/1384 1995/1421/990 1989/1420/989
f 1991/1415/984 1996/1422/991 1988/1416/985
f 1989/1420/989 1999/1423/992 1992/1413/982
f 1998/1419/988 1999/1423/992 1989/1420/989
f 2001/1424/993 2000/1428/997 1997/1417/986
f 2002/1426/995 2001/1424/993 1996/1422/991
f 2003/1427/996 1998/1419/988 2004/1432/1001
f 2015/1437/1006 2019/1442/1011 2018/1446/1015
f 2002/1426/995 2009/1434/1003 2001/1424/993
f 2002/1426/995 2007/1425/994 2009/1434/1003
f 2001/1424/993 2009/1434/1003 2008/1429/998
f 2003/1427/996 2010/1431/1000 2007/1425/994
f 2008/1429/998 2012/1435/1004 2011/1438/1007
f 2013/1440/1009 2014/1436/1005 2010/1431/1000
f 2014/1436/1005 2012/1435/1004 2007/1425/994
f 2016/1439/1008 2017/1441/1010 2014/1436/1005
f 2030/1841/1385 2033/1455/1024 2026/1447/1016
f 2020/1443/1012 2023/1444/1013 2017/1441/1010
f 2019/1442/1011 2022/1449/1018 2021/1445/1014
f 2019/1442/1011 2023/1444/1013 2022/1449/1018
f 2026/1447/1016 2028/1448/1017 2023/1444/1013
f 2024/1450/1019 2027/1842/1386 2026/1447/1016
f 2028/1448/1017 2029/1454/1023 2025/1451/1020
f 2027/1842/1386 2030/1841/1385 2026/1447/1016
f 2028/1448/1017 2032/1452/1021 2031/1453/1022
f 2038/1457/1026 2041/1461/1030 2036/1456/1025
f 2031/1453/1022 2036/1456/1025 2035/1460/1029
f 2038/1457/1026 2036/1456/1025 2033/1455/1024
f 2040/1459/1028 2037/1843/1387 2035/1460/1029
f 2041/1461/1030 2040/1459/1028 2036/1456/1025
f 2056/1477/1046 2062/1483/1052 2061/1481/1050
f 2039/1465/1034 2042/1464/1033 2038/1457/1026
f 2044/1467/1036 2049/1466/1035 2041/1461/1030
f 2045/1463/1032 2044/1467/1036 2042/1464/1033
f 2047/1472/1041 2044/1467/1036 2045/1463/1032
f 2046/1844/1388 2047/1472/1041 2045/1463/1032
f 2043/1462/1031 2049/1466/1035 2048/1469/1038
f 2049/1466/1035 2053/1474/1043 2052/1468/1037
f 2049/1466/1035 2050/1470/1039 2053/1474/1043
f 2051/1471/1040 2054/1473/1042 2044/1467/1036
f 2050/1470/1039 2057/1845/1389 2056/1477/1046
f 2054/1473/1042 2057/1845/1389 2050/1470/1039
f 2054/1473/1042 2059/1846/1390 2057/1845/1389
f 2056/1477/1046 2061/1481/1050 2058/1476/1045
f 2097/1505/1074 2093/1847/1391 2098/1848/1392
f 2059/1846/1390 2062/1483/1052 2057/1845/1389
f 2058/1476/1045 2063/1479/1048 2060/1849/1393
f 2059/1846/1390 2064/1484/1053 2062/1483/1052
f 2061/1481/1050 2067/1478/1047 2058/1476/1045
f 2064/1484/1053 2068/1487/1056 2066/1482/1051
f 2070/1485/1054 2069/1850/1394 2067/1478/1047
f 2071/1486/1055 2070/1485/1054 2065/1480/1049
f 2066/1482/1051 2072/1488/1057 2071/1486/1055
f 2070/1485/1054 2075/1851/1395 2069/1850/1394
f 2074/1490/1059 2076/1492/1061 2070/1485/1054
f 2072/1488/1057 2077/1852/1396 2073/1489/1058
f 2070/1485/1054 2078/1853/1397 2075/1851/1395
f 2077/1852/1396 2079/1496/1065 2073/1489/1058
f 2070/1485/1054 2084/1493/1062 2078/1853/1397
f 2084/1493/1062 2081/1854/1398 2078/1853/1397
f 2076/1492/1061 2082/1494/1063 2084/1493/1062
f 2080/1491/1060 2082/1494/1063 2074/1490/1059
f 2084/1493/1062 2085/1497/1066 2086/1501/1070
f 2082/1494/1063 2087/1498/1067 2085/1497/1066
f 2088/1855/1399 2089/1499/1068 2083/1495/1064
f 2086/1501/1070 2091/1500/1069 2090/1856/1400
f 2091/1500/1069 2092/1504/1073 2090/1856/1400
f 2087/1498/1067 2094/1502/1071 2091/1500/1069
f 2096/1507/1076 2095/1503/1072 2091/1500/1069
f 2094/1502/1071 2096/1507/1076 2091/1500/1069
f 2104/1514/1083 2101/1506/1075 2105/1512/1081
f 2098/1848/1392 2100/1510/1079 2097/1505/1074
f 2101/1506/1075 2102/1508/1077 2095/1503/1072
f 2097/1505/1074 2103/1511/1080 2101/1506/1075
f 2101/1506/1075 2106/1516/1085 2105/1512/1081
f 2111/1517/1086 2115/1522/1091 2114/1525/1094
f 2104/1514/1083 2108/1513/1082 2107/1518/1087
f 2110/1520/1089 2109/1515/1084 2106/1516/1085
f 2105/1512/1081 2112/1521/1090 2108/1513/1082
f 2109/1515/1084 2112/1521/1090 2105/1512/1081
f 2109/1515/1084 2117/1528/1097 2119/1527/1096
f 2119/1527/1096 2116/1523/1092 2109/1515/1084
f 2118/1524/1093 2122/1530/1099 2121/1532/1101
f 2112/1521/1090 2122/1530/1099 2115/1522/1091
f 2116/1523/1092 2122/1530/1099 2112/1521/1090
f 2131/1857/1401 2139/1858/1402 2134/1859/1403
f 2116/1523/1092 2126/1536/1105 2122/1530/1099
f 2119/1527/1096 2126/1536/1105 2116/1523/1092
f 2122/1530/1099 2125/1534/1103 2124/1531/1100
f 2122/1530/1099 2126/1536/1105 2125/1534/1103
f 2127/1533/1102 2126/1536/1105 2119/1527/1096
f 2125/1534/1103 2129/1537/1106 2128/1535/1104
f 2130/1538/1107 2129/1537/1106 2126/1536/1105
f 2129/1537/1106 2132/1540/1109 2135/1539/1108
f 2133/1860/1404 2137/1861/1405 2130/1538/1107
f 2128/1535/1104 2135/1539/1108 2139/1858/1402
f 2137/1861/1405 2132/1540/1109 2130/1538/1107
f 2139/1858/1402 2141/1542/1111 2140/1545/1114
f 2137/1861/1405 2142/1543/1112 2132/1540/1109
f 2142/1543/1112 2141/1542/1111 2136/1541/1110
f 2147/1544/1113 2148/1862/1406 2151/1552/1121
f 2140/1545/1114 2147/1544/1113 2144/1863/1407
f 2141/1542/1111 2145/1546/1115 2147/1544/1113
f 2146/1864/1408 2142/1543/1112 2143/1865/1409
f 2145/1546/1115 2149/1548/1117 2148/1862/1406
f 2146/1864/1408 2149/1548/1117 2142/1543/1112
f 2152/1866/1410 2158/1551/1120 2156/1867/1411
f 2148/1862/1406 2153/1550/1119 2151/1552/1121
f 2154/1554/1123 2153/1550/1119 2148/1862/1406
f 2149/1548/1117 2154/1554/1123 2148/1862/1406
f 2155/1547/1116 2160/1553/1122 2149/1548/1117
f 2160/1553/1122 2164/1868/1412 2163/1869/1413
f 2160/1553/1122 2159/1555/1124 2154/1554/1123
f 2159/1555/1124 2162/1556/1125 2153/1550/1119
f 2160/1553/1122 2163/1869/1413 2159/1555/1124
f 2167/1565/1133 2162/1556/1125 2168/1560/1129
f 2162/1556/1125 2165/1557/1126 2158/1551/1120
f 2159/1555/1124 2166/1870/1414 2162/1556/1125
f 2163/1869/1413 2166/1870/1414 2159/1555/1124
f 2168/1560/1129 2166/1870/1414 2169/1561/1130
f 2166/1870/1414 2170/1562/1131 2169/1561/1130
f 2215/1871/1170 2179/1572/1140 2213/1574/1142
f 2169/1561/1130 2172/1563/1132 2171/1559/1128
f 2167/1565/1133 1943/1564/949 2173/1567/1135
f 2174/1570/1138 1945/1569/1137 2170/1562/1131
f 2171/1559/1128 1944/1571/1139 2168/1560/1129
f 2172/1563/1132 1944/1571/1139 2171/1559/1128
f 2170/1562/1131 1945/1569/1137 2172/1563/1132
f 1943/1564/949 1942/562/951 2175/1566/1134
f 1944/1571/1139 1943/1564/949 2168/1560/1129
f 2176/1568/1136 1946/1123/1415 1945/1569/1137
f 2209/1038/1145 2177/1576/1144 2217/20/1416
f 2218/885/1417 2180/1580/1149 2216/1872/1418
f 2216/1872/1418 2180/1580/1149 2215/1871/1170
f 2178/1578/1147 2182/1575/1143 2214/1573/1141
f 2179/1572/1140 2178/1578/1147 2214/1573/1141
f 2189/1587/1156 2184/1873/1419 2190/1874/1420
f 2180/1580/1149 2186/1577/1146 2179/1572/1140
f 2184/1873/1419 2186/1577/1146 2180/1580/1149
f 2183/1579/1148 2184/1873/1419 2180/1580/1149
f 2178/1578/1147 2186/1577/1146 2185/1582/1151
f 2188/1583/1152 2187/1585/1154 2185/1582/1151
f 2189/1587/1156 2188/1583/1152 2186/1577/1146
f 2189/1587/1156 2195/1591/1160 2194/1590/1159
f 2193/1586/1155 2192/1584/1153 2188/1583/1152
f 2189/1587/1156 2194/1590/1159 2193/1586/1155
f 2191/1875/1421 2200/1592/1161 2199/1876/1422
f 2197/1594/1163 2201/1588/1157 2193/1586/1155
f 2194/1590/1159 2197/1594/1163 2193/1586/1155
f 2198/1597/1166 2202/1589/1158 2195/1591/1160
f 2196/1877/1423 2198/1597/1166 2195/1591/1160
f 2207/1878/1424 2210/1600/1168 2209/1879/1145
f 2201/1588/1157 2200/1592/1161 2192/1584/1153
f 2202/1589/1158 2197/1594/1163 2194/1590/1159
f 2200/1592/1161 2203/1880/1425 2199/1876/1422
f 2197/1594/1163 2205/1593/1162 2201/1588/1157
f 2201/1588/1157 2208/1881/1426 2200/1592/1161
f 2205/1593/1162 2208/1881/1426 2201/1588/1157
f 2198/1597/1166 2206/1596/1165 2202/1589/1158
f 2200/1592/1161 2207/1878/1424 2203/1880/1425
f 2200/1592/1161 2208/1881/1426 2207/1878/1424
f 2206/1596/1165 2205/1593/1162 2202/1589/1158
f 2205/1593/1162 2210/1600/1168 2208/1881/1426
f 2205/1593/1162 2212/1598/1167 2211/1601/1169
f 2214/1882/1141 2209/1879/1145 2210/1600/1168
f 2213/1599/1142 2214/1882/1141 2210/1600/1168
f 2211/1601/1169 2215/1602/1170 2213/1599/1142
f 2212/1598/1167 2216/1883/1418 2215/1602/1170
f 795/207/2 802/421/18 801/208/3
f 807/426/23 811/1604/1171 814/428/25
f 823/440/37 821/434/31 819/430/27
f 829/441/38 830/443/40 836/449/46
f 837/1608/1175 834/1607/1174 841/452/49
f 847/1610/1177 850/461/58 849/460/57
f 849/460/57 854/459/56 859/471/68
f 863/475/72 860/467/64 856/464/61
f 865/472/69 868/480/77 867/476/73
f 903/505/102 902/507/104 907/513/110
f 901/509/106 903/505/102 908/517/114
f 914/522/119 908/517/114 907/513/110
f 910/514/111 920/523/120 919/525/122
f 927/532/129 924/528/125 925/529/126
f 934/535/132 945/544/141 939/1616/1183
f 933/536/133 938/1620/1187 944/1621/1188
f 947/545/142 942/542/139 952/549/146
f 953/561/155 950/546/143 951/551/148
f 951/551/148 952/549/146 955/552/149
f 977/577/170 978/578/171 981/585/178
f 978/578/171 979/579/172 982/586/179
f 987/587/180 982/586/179 984/1623/1189
f 987/587/180 988/1624/1190 991/594/187
f 1006/607/200 1002/1625/1191 1003/601/194
f 1004/600/193 1010/609/202 1007/605/198
f 1026/623/216 1025/617/210 1023/620/213
f 1024/621/214 1028/627/220 1027/624/217
f 1024/621/214 1022/619/212 1029/625/218
f 1037/636/229 1036/628/221 1033/622/215
f 1031/630/223 1034/626/219 1039/634/227
f 1034/626/219 1035/632/225 1040/642/235
f 1087/1628/269 1051/654/242 1050/1629/1194
f 1087/1628/269 1088/1631/270 1052/655/243
f 1088/1631/270 1089/1634/271 1054/658/246
f 1090/1633/1197 1055/656/244 1054/658/246
f 1090/1633/1197 1091/885/272 1056/1635/1198
f 1063/661/249 1059/657/245 1055/656/244
f 1065/664/252 1072/675/263 1071/1638/1201
f 1065/664/252 1070/660/248 1073/672/260
f 1066/662/250 1069/668/256 1077/1639/1202
f 1084/680/268 1090/1641/1197 1089/683/271
f 1099/697/285 1097/687/275 1093/686/274
f 1098/689/277 1103/699/287 1102/694/282
f 1106/703/291 1104/696/284 1100/695/283
f 1105/698/286 1110/707/295 1109/705/293
f 1114/1642/1203 1111/702/290 1107/701/289
f 1113/706/294 1117/1645/1206 1116/709/297
f 1122/713/301 1128/720/308 1127/1643/1204
f 1130/718/306 1125/716/304 1126/1646/1207
f 1130/718/306 1131/1647/1208 1134/726/314
f 1139/731/319 1135/721/309 1136/723/311
f 1136/723/311 1137/725/313 1141/727/315
f 1137/725/313 1138/724/312 1142/1648/1209
f 1141/727/315 1142/1648/1209 1146/1649/1210
f 1143/1650/1211 1139/731/319 1149/734/322
f 1150/733/321 1157/737/325 1156/1652/1213
f 1151/735/323 1155/1655/1216 1159/1656/1217
f 1158/738/326 1159/1656/1217 1162/742/330
f 1168/1658/1219 1160/1657/1218 1157/737/325
f 1171/1660/1221 1169/1884/1427 1168/1658/1219
f 1168/1658/1219 1165/740/328 1172/746/334
f 1167/741/329 1170/1885/1428 1174/1663/1224
f 1176/1661/1222 1172/746/334 1177/749/337
f 1177/749/337 1185/1668/1229 1184/1665/1226
f 1181/750/338 1183/1667/1228 1189/755/343
f 1191/760/348 1185/1668/1229 1186/751/339
f 1192/757/345 1194/758/346 1198/764/352
f 1200/762/350 1207/774/362 1206/1669/1230
f 1204/767/355 1208/776/364 1207/774/362
f 1204/767/355 1202/768/356 1209/771/359
f 1202/768/356 1201/765/353 1210/769/357
f 1201/765/353 1205/1671/1232 1211/1672/1233
f 1207/774/362 1208/776/364 1216/775/363
f 1220/779/367 1217/778/366 1224/788/376
f 1227/791/377 1223/784/372 1224/788/376
f 1092/562/276 1229/785/373 1225/781/369
f 1226/783/371 1227/791/377 1095/790/278
f 1228/787/375 1230/786/374 1096/1123/279
f 1234/1676/1236 1231/798/384 1239/797/383
f 1235/795/381 1242/1886/1429 1247/1679/1239
f 1251/805/391 1252/811/397 1257/810/396
f 1253/808/394 1254/1681/1241 1259/1683/1243
f 1256/813/399 1265/818/404 1264/817/403
f 1263/814/400 1258/809/395 1261/1685/1245
f 1275/1686/1246 1270/825/411 1279/824/410
f 1278/1687/1247 1279/824/410 1282/838/424
f 1289/835/421 1281/834/420 1293/841/427
f 1295/843/429 1288/832/418 1291/839/425
f 1293/841/427 1298/847/433 1297/1690/1250
f 1298/847/433 1304/848/434 1303/1691/1251
f 1306/1694/1254 1309/853/439 1307/852/438
f 1311/851/437 1315/858/444 1313/854/440
f 1316/860/446 1314/856/442 1312/855/441
f 1312/855/441 1313/854/440 1318/864/450
f 1317/861/447 1318/864/450 1321/863/449
f 1326/872/458 1323/859/445 1320/866/452
f 1233/1696/382 1330/870/456 1335/1697/1256
f 1333/877/461 1232/876/379 1231/1699/384
f 1340/882/466 1341/884/468 1346/883/467
f 1345/881/465 1346/883/467 1352/890/474
f 1351/892/476 1352/890/474 1357/893/477
f 1366/898/482 1372/902/486 1371/904/488
f 1366/898/482 1367/901/485 1373/907/491
f 1369/899/483 1370/1709/1267 1375/906/490
f 1378/911/495 1376/903/487 1372/902/486
f 1377/905/489 1382/915/499 1381/914/498
f 1381/914/498 1386/913/497 1388/921/505
f 1387/1710/1268 1379/909/493 1391/916/500
f 1394/1712/1270 1390/1711/1269 1391/916/500
f 1391/916/500 1392/918/502 1396/922/506
f 1395/925/509 1403/929/513 1402/1713/1271
f 1399/924/508 1404/927/511 1403/929/513
f 1400/926/510 1401/1715/1273 1405/1716/1274
f 1407/1717/1275 1403/929/513 1411/931/515
f 1413/1719/1277 1410/1718/1276 1411/931/515
f 1414/1720/1278 1411/931/515 1408/928/512
f 1408/928/512 1412/932/516 1416/934/518
f 1414/1720/1278 1418/939/523 1417/938/522
f 1415/936/520 1419/935/519 1418/939/523
f 1424/941/525 1425/1722/1280 1429/949/533
f 1455/967/551 1456/963/547 1460/972/556
f 1462/976/560 1461/968/552 1459/970/554
f 1464/973/557 1465/1729/1287 1470/982/566
f 1471/978/562 1467/975/559 1474/985/569
f 1474/985/569 1467/975/559 1468/977/561
f 1489/1730/1288 1486/1732/1290 1487/995/579
f 1487/995/579 1488/997/581 1494/1001/585
f 1488/997/581 1485/994/578 1491/1733/1291
f 1489/1730/1288 1490/1731/1289 1493/998/582
f 1495/1735/1293 1499/1887/1430 1498/1002/586
f 1500/999/583 1493/998/582 1503/1004/588
f 1498/1002/586 1499/1887/1430 1505/1009/593
f 1510/1737/1295 1507/1006/590 1503/1004/588
f 1514/1011/595 1512/1013/597 1518/1019/603
f 1512/1013/597 1513/1012/596 1519/1017/601
f 1529/1033/616 1526/1020/604 1527/1025/609
f 1564/1061/643 1571/1064/646 1570/1741/1299
f 1568/1062/644 1569/1749/1305 1573/1750/1306
f 1590/1081/663 1595/1087/669 1594/1751/1307
f 1590/1081/663 1592/1083/665 1596/1085/667
f 1592/1083/665 1593/1754/1310 1598/1755/1311
f 1600/1756/1312 1605/1095/677 1602/1084/666
f 1610/1097/679 1612/1758/1314 1616/1757/1313
f 1624/1107/689 1622/1106/688 1631/1117/699
f 1643/1760/1316 1637/1763/1319 1649/1134/712
f 1653/1137/715 1651/1132/710 1648/1130/708
f 1654/1135/713 1648/1130/708 1650/1764/1320
f 1637/1766/1319 1664/1142/720 1661/1138/716
f 1638/1767/707 1661/1138/716 1665/1147/725
f 1669/1769/796 1674/1151/727 1673/1770/1323
f 1671/1772/799 1672/1872/800 1675/1153/729
f 1674/1151/727 1682/1158/734 1680/1773/1324
f 1682/1158/734 1686/1161/737 1685/1164/740
f 1686/1161/737 1691/1169/745 1693/1162/738
f 1699/1174/750 1696/1171/747 1694/1168/744
f 1698/1172/748 1702/1179/755 1701/1777/1328
f 1708/1778/1329 1702/1179/755 1713/1183/759
f 1719/1185/761 1711/1180/756 1714/1782/1333
f 1716/1783/1334 1713/1183/759 1721/1784/1335
f 1724/1786/1337 1720/1785/1336 1721/1784/1335
f 1748/1210/786 1745/1204/780 1744/1201/777
f 1749/1787/1338 1744/1201/777 1746/1202/778
f 1760/1792/1343 1756/1211/787 1765/1218/794
f 1768/1795/825 1769/1800/1350 1775/1234/809
f 1791/1799/1349 1785/1236/811 1794/1244/819
f 1792/1804/1354 1796/1249/824 1798/1247/822
f 1805/1260/833 1801/1807/908 1802/1805/910
f 1805/1260/833 1806/1263/836 1813/1262/835
f 1813/1262/835 1814/1264/837 1817/1272/845
f 1812/1259/832 1819/1266/839 1818/1268/841
f 1817/1272/845 1820/1809/1356 1824/1275/848
f 1825/1810/1357 1821/1267/840 1822/1269/842
f 1825/1810/1357 1826/1273/846 1828/1279/852
f 1832/1278/851 1840/1284/857 1834/1811/1358
f 1830/1276/849 1833/1813/1360 1839/1814/1361
f 1835/1277/850 1836/1280/853 1842/1288/861
f 1848/1289/862 1849/1291/864 1856/1815/1362
f 1864/1309/882 1862/1301/874 1859/1297/870
f 1865/1307/880 1859/1297/870 1860/1302/875
f 1861/1300/873 1863/1304/877 1868/1818/1365
f 1869/1308/881 1871/1306/879 1874/1316/889
f 1879/1318/891 1873/1315/888 1882/1324/897
f 1877/1314/887 1883/1322/895 1882/1324/897
f 1877/1314/887 1878/1317/890 1884/1320/893
f 1880/1820/1367 1886/1326/899 1885/1321/894
f 1884/1320/893 1885/1321/894 1889/1325/898
f 1890/1330/903 1882/1324/897 1887/1323/896
f 1888/1327/900 1889/1325/898 1892/1331/904
f 1893/1337/909 1894/1339/911 1802/1338/910
f 1939/1349/920 1941/885/1373 1902/1821/1368
f 1911/1358/929 1907/1351/922 1909/1352/923
f 1909/1352/923 1908/1354/925 1913/1361/932
f 1921/1365/936 1929/1371/942 1925/1822/1370
f 1924/1368/939 1920/1363/934 1928/1824/1372
f 1931/1370/941 1932/1373/944 1937/1825/913
f 1947/1382/950 1943/1381/949 1944/1826/1139
f 1944/1826/1139 1945/1829/1137 1949/1383/952
f 1945/1829/1137 1946/885/1415 1950/1830/1374
f 1948/1385/954 1955/1388/957 1958/1386/955
f 1966/1396/965 1971/1401/970 1970/1832/1376
f 1966/1396/965 1962/1393/962 1972/1835/1379
f 1974/1407/976 1963/1395/964 1969/1399/968
f 1974/1407/976 1977/1837/1381 1979/1411/980
f 1982/1406/975 1984/1410/979 1987/1838/1382
f 2002/1426/995 1996/1422/991 1999/1423/992
f 2003/1427/996 1999/1423/992 1998/1419/988
f 2015/1437/1006 2012/1435/1004 2019/1442/1011
f 2030/1841/1385 2034/1458/1027 2033/1455/1024
f 2038/1457/1026 2042/1464/1033 2041/1461/1030
f 2056/1477/1046 2057/1845/1389 2062/1483/1052
f 2097/1505/1074 2089/1499/1068 2093/1847/1391
f 2104/1514/1083 2102/1508/1077 2101/1506/1075
f 2101/1506/1075 2103/1511/1080 2106/1516/1085
f 2111/1517/1086 2108/1513/1082 2115/1522/1091
f 2109/1515/1084 2113/1519/1088 2117/1528/1097
f 2118/1524/1093 2115/1522/1091 2122/1530/1099
f 2131/1857/1401 2128/1535/1104 2139/1858/1402
f 2133/1860/1404 2138/1888/1431 2137/1861/1405
f 2139/1858/1402 2135/1539/1108 2141/1542/1111
f 2137/1861/1405 2143/1865/1409 2142/1543/1112
f 2147/1544/1113 2145/1546/1115 2148/1862/1406
f 2145/1546/1115 2142/1543/1112 2149/1548/1117
f 2146/1864/1408 2150/1549/1118 2149/1548/1117
f 2152/1866/1410 2151/1552/1121 2158/1551/1120
f 2155/1547/1116 2157/1889/1432 2160/1553/1122
f 2160/1553/1122 2157/1889/1432 2164/1868/1412
f 2167/1565/1133 2165/1557/1126 2162/1556/1125
f 2168/1560/1129 2162/1556/1125 2166/1870/1414
f 2166/1870/1414 2163/1869/1413 2170/1562/1131
f 2215/1871/1170 2180/1580/1149 2179/1572/1140
f 2218/885/1417 2181/1581/1150 2180/1580/1149
f 2189/1587/1156 2186/1577/1146 2184/1873/1419
f 2189/1587/1156 2190/1874/1420 2195/1591/1160
f 2191/1875/1421 2187/1585/1154 2200/1592/1161
f 2207/1878/1424 2208/1881/1426 2210/1600/1168
f 2205/1593/1162 2211/1601/1169 2210/1600/1168
l 86 87
l 399 400
l 7 8
l 114 115
l 88 89
l 508 509
l 401 402
l 480 481
l 5 6
l 482 483
