# Blender 4.1.1
# www.blender.org
mtllib Enter.mtl
o テキスト
v 1.943000 0.050000 -0.016000
v 1.945000 0.050000 -0.016000
v 1.956209 0.050000 -0.034799
v 1.967338 0.050000 -0.051727
v 1.978390 0.050000 -0.066828
v 1.989370 0.050000 -0.080148
v 2.000281 0.050000 -0.091732
v 2.011125 0.050000 -0.101625
v 2.021907 0.050000 -0.109872
v 2.032629 0.050000 -0.116519
v 2.043297 0.050000 -0.121609
v 2.053912 0.050000 -0.125190
v 2.064479 0.050000 -0.127305
v 2.075000 0.050000 -0.128000
v 2.083961 0.050000 -0.127645
v 2.092857 0.050000 -0.126579
v 2.101703 0.050000 -0.124797
v 2.110519 0.050000 -0.122296
v 2.119320 0.050000 -0.119074
v 2.128125 0.050000 -0.115125
v 2.136951 0.050000 -0.110447
v 2.145815 0.050000 -0.105037
v 2.154734 0.050000 -0.098891
v 2.163727 0.050000 -0.092005
v 2.172809 0.050000 -0.084376
v 2.182000 0.050000 -0.076000
v 2.135000 0.050000 0.001000
v 2.128096 0.050000 -0.005328
v 2.120936 0.050000 -0.011287
v 2.113594 0.050000 -0.016844
v 2.106148 0.050000 -0.021963
v 2.098675 0.050000 -0.026610
v 2.091250 0.050000 -0.030750
v 2.083950 0.050000 -0.034348
v 2.076852 0.050000 -0.037370
v 2.070031 0.050000 -0.039781
v 2.063565 0.050000 -0.041546
v 2.057529 0.050000 -0.042631
v 2.052000 0.050000 -0.043000
v 2.037041 0.050000 -0.041755
v 2.022745 0.050000 -0.038125
v 2.009234 0.050000 -0.032266
v 1.996629 0.050000 -0.024333
v 1.985052 0.050000 -0.014484
v 1.974625 0.050000 -0.002875
v 1.965468 0.050000 0.010339
v 1.957704 0.050000 0.025000
v 1.951453 0.050000 0.040953
v 1.946838 0.050000 0.058042
v 1.943980 0.050000 0.076109
v 1.943000 0.050000 0.095000
v 1.943000 0.050000 0.330000
v 1.854000 0.050000 0.330000
v 1.854000 0.050000 -0.119000
v 1.943000 0.050000 -0.119000
v 1.730586 0.050000 0.294605
v 1.717269 0.050000 0.302426
v 1.703938 0.050000 0.309469
v 1.690482 0.050000 0.315741
v 1.676790 0.050000 0.321249
v 1.662750 0.050000 0.326000
v 1.648252 0.050000 0.330001
v 1.633185 0.050000 0.333259
v 1.617438 0.050000 0.335781
v 1.600898 0.050000 0.337574
v 1.583456 0.050000 0.338645
v 1.565000 0.050000 0.339000
v 1.531301 0.050000 0.336666
v 1.500241 0.050000 0.329907
v 1.471875 0.050000 0.319094
v 1.446259 0.050000 0.304593
v 1.423449 0.050000 0.286772
v 1.403500 0.050000 0.266000
v 1.386467 0.050000 0.242645
v 1.372407 0.050000 0.217074
v 1.361375 0.050000 0.189656
v 1.353426 0.050000 0.160759
v 1.348616 0.050000 0.130751
v 1.347000 0.050000 0.100000
v 1.348764 0.050000 0.066944
v 1.353945 0.050000 0.035889
v 1.362375 0.050000 0.007000
v 1.373889 0.050000 -0.019556
v 1.388319 0.050000 -0.043611
v 1.405500 0.050000 -0.065000
v 1.425264 0.050000 -0.083556
v 1.447445 0.050000 -0.099111
v 1.471875 0.050000 -0.111500
v 1.498389 0.050000 -0.120556
v 1.526819 0.050000 -0.126111
v 1.557000 0.050000 -0.128000
v 1.585835 0.050000 -0.126310
v 1.612764 0.050000 -0.121231
v 1.637672 0.050000 -0.112750
v 1.660444 0.050000 -0.100852
v 1.680967 0.050000 -0.085523
v 1.699125 0.050000 -0.066750
v 1.714804 0.050000 -0.044519
v 1.727889 0.050000 -0.018815
v 1.738266 0.050000 0.010375
v 1.745820 0.050000 0.043065
v 1.750436 0.050000 0.079269
v 1.752000 0.050000 0.119000
v 1.436000 0.050000 0.119000
v 1.440270 0.050000 0.140352
v 1.446074 0.050000 0.159903
v 1.453406 0.050000 0.177641
v 1.462259 0.050000 0.193556
v 1.472626 0.050000 0.207637
v 1.484500 0.050000 0.219875
v 1.497874 0.050000 0.230259
v 1.512740 0.050000 0.238778
v 1.529094 0.050000 0.245422
v 1.546926 0.050000 0.250181
v 1.566230 0.050000 0.253043
v 1.587000 0.050000 0.254000
v 1.600440 0.050000 0.253587
v 1.613769 0.050000 0.252361
v 1.627000 0.050000 0.250344
v 1.640148 0.050000 0.247556
v 1.653227 0.050000 0.244017
v 1.666250 0.050000 0.239750
v 1.679231 0.050000 0.234774
v 1.692185 0.050000 0.229111
v 1.705125 0.050000 0.222781
v 1.718065 0.050000 0.215806
v 1.731019 0.050000 0.208205
v 1.744000 0.050000 0.200000
v 1.744000 0.050000 0.286000
v 1.662507 0.050000 0.043531
v 1.659556 0.050000 0.028167
v 1.655188 0.050000 0.013969
v 1.649445 0.050000 0.001000
v 1.642368 0.050000 -0.010677
v 1.634000 0.050000 -0.021000
v 1.624382 0.050000 -0.029906
v 1.613556 0.050000 -0.037333
v 1.601562 0.050000 -0.043219
v 1.588444 0.050000 -0.047500
v 1.574243 0.050000 -0.050115
v 1.559000 0.050000 -0.051000
v 1.542563 0.050000 -0.050172
v 1.527259 0.050000 -0.047708
v 1.513093 0.050000 -0.043641
v 1.500074 0.050000 -0.038000
v 1.488207 0.050000 -0.030818
v 1.477500 0.050000 -0.022125
v 1.467959 0.050000 -0.011953
v 1.459593 0.050000 -0.000333
v 1.452406 0.050000 0.012703
v 1.446407 0.050000 0.027125
v 1.441603 0.050000 0.042901
v 1.438000 0.050000 0.060000
v 1.664000 0.050000 0.060000
v 1.282000 0.050000 -0.119000
v 1.282000 0.050000 -0.039000
v 1.140000 0.050000 -0.039000
v 1.140000 0.050000 0.191000
v 1.140763 0.050000 0.203472
v 1.142935 0.050000 0.214440
v 1.146344 0.050000 0.223984
v 1.150815 0.050000 0.232185
v 1.156175 0.050000 0.239122
v 1.162250 0.050000 0.244875
v 1.168867 0.050000 0.249524
v 1.175852 0.050000 0.253148
v 1.183031 0.050000 0.255828
v 1.190232 0.050000 0.257644
v 1.197279 0.050000 0.258674
v 1.204000 0.050000 0.259000
v 1.212022 0.050000 0.258771
v 1.220093 0.050000 0.258083
v 1.228219 0.050000 0.256938
v 1.236408 0.050000 0.255333
v 1.244666 0.050000 0.253271
v 1.253000 0.050000 0.250750
v 1.261418 0.050000 0.247771
v 1.269926 0.050000 0.244333
v 1.278532 0.050000 0.240438
v 1.287241 0.050000 0.236083
v 1.296062 0.050000 0.231271
v 1.305000 0.050000 0.226000
v 1.305000 0.050000 0.309000
v 1.296917 0.050000 0.313161
v 1.288250 0.050000 0.317125
v 1.279125 0.050000 0.320859
v 1.269667 0.050000 0.324333
v 1.260000 0.050000 0.327516
v 1.250250 0.050000 0.330375
v 1.240542 0.050000 0.332880
v 1.231000 0.050000 0.335000
v 1.221750 0.050000 0.336703
v 1.212917 0.050000 0.337958
v 1.204625 0.050000 0.338734
v 1.197000 0.050000 0.339000
v 1.173751 0.050000 0.337773
v 1.152505 0.050000 0.334181
v 1.133266 0.050000 0.328359
v 1.116037 0.050000 0.320444
v 1.100822 0.050000 0.310571
v 1.087625 0.050000 0.298875
v 1.076448 0.050000 0.285491
v 1.067296 0.050000 0.270556
v 1.060172 0.050000 0.254203
v 1.055079 0.050000 0.236569
v 1.052020 0.050000 0.217790
v 1.051000 0.050000 0.198000
v 1.051000 0.050000 -0.039000
v 0.973000 0.050000 -0.039000
v 0.973000 0.050000 -0.049000
v 1.140000 0.050000 -0.212000
v 1.140000 0.050000 -0.119000
v 0.625000 0.050000 -0.060000
v 0.633824 0.050000 -0.070371
v 0.643259 0.050000 -0.079968
v 0.653250 0.050000 -0.088766
v 0.663740 0.050000 -0.096741
v 0.674676 0.050000 -0.103869
v 0.686000 0.050000 -0.110125
v 0.697657 0.050000 -0.115486
v 0.709593 0.050000 -0.119926
v 0.721750 0.050000 -0.123422
v 0.734074 0.050000 -0.125949
v 0.746509 0.050000 -0.127483
v 0.759000 0.050000 -0.128000
v 0.779867 0.050000 -0.126788
v 0.799848 0.050000 -0.123134
v 0.818766 0.050000 -0.117016
v 0.836445 0.050000 -0.108407
v 0.852707 0.050000 -0.097285
v 0.867375 0.050000 -0.083625
v 0.880273 0.050000 -0.067402
v 0.891222 0.050000 -0.048593
v 0.900047 0.050000 -0.027172
v 0.906569 0.050000 -0.003116
v 0.910613 0.050000 0.023600
v 0.912000 0.050000 0.053000
v 0.912000 0.050000 0.330000
v 0.823000 0.050000 0.330000
v 0.823000 0.050000 0.052000
v 0.822299 0.050000 0.035991
v 0.820231 0.050000 0.021009
v 0.816844 0.050000 0.007125
v 0.812185 0.050000 -0.005593
v 0.806304 0.050000 -0.017074
v 0.799250 0.050000 -0.027250
v 0.791070 0.050000 -0.036051
v 0.781815 0.050000 -0.043407
v 0.771531 0.050000 -0.049250
v 0.760268 0.050000 -0.053509
v 0.748075 0.050000 -0.056116
v 0.735000 0.050000 -0.057000
v 0.725406 0.050000 -0.056619
v 0.716079 0.050000 -0.055449
v 0.706953 0.050000 -0.053453
v 0.697963 0.050000 -0.050593
v 0.689042 0.050000 -0.046829
v 0.680125 0.050000 -0.042125
v 0.671145 0.050000 -0.036442
v 0.662037 0.050000 -0.029741
v 0.652734 0.050000 -0.021984
v 0.643171 0.050000 -0.013134
v 0.633282 0.050000 -0.003152
v 0.623000 0.050000 0.008000
v 0.623000 0.050000 0.330000
v 0.534000 0.050000 0.330000
v 0.534000 0.050000 -0.119000
v 0.623000 0.050000 -0.119000
v 0.623000 0.050000 -0.060000
v 0.146000 0.050000 -0.264000
v 0.146000 0.050000 -0.058000
v 0.425000 0.050000 -0.058000
v 0.425000 0.050000 0.030000
v 0.146000 0.050000 0.030000
v 0.146000 0.050000 0.242000
v 0.444000 0.050000 0.242000
v 0.444000 0.050000 0.330000
v 0.048000 0.050000 0.330000
v 0.048000 0.050000 -0.352000
v 0.435000 0.050000 -0.352000
v 0.435000 0.050000 -0.264000
v -0.653000 0.050000 -0.060000
v -0.644176 0.050000 -0.070371
v -0.634741 0.050000 -0.079968
v -0.624750 0.050000 -0.088766
v -0.614259 0.050000 -0.096741
v -0.603324 0.050000 -0.103869
v -0.592000 0.050000 -0.110125
v -0.580343 0.050000 -0.115486
v -0.568408 0.050000 -0.119926
v -0.556250 0.050000 -0.123422
v -0.543926 0.050000 -0.125949
v -0.531491 0.050000 -0.127483
v -0.519000 0.050000 -0.128000
v -0.497504 0.050000 -0.126748
v -0.477111 0.050000 -0.122986
v -0.457969 0.050000 -0.116703
v -0.440222 0.050000 -0.107889
v -0.424017 0.050000 -0.096533
v -0.409500 0.050000 -0.082625
v -0.396816 0.050000 -0.066155
v -0.386111 0.050000 -0.047111
v -0.377531 0.050000 -0.025484
v -0.371222 0.050000 -0.001264
v -0.367330 0.050000 0.025561
v -0.366000 0.050000 0.055000
v -0.366000 0.050000 0.330000
v -0.455000 0.050000 0.330000
v -0.455000 0.050000 0.052000
v -0.455700 0.050000 0.035991
v -0.457768 0.050000 0.021009
v -0.461156 0.050000 0.007125
v -0.465815 0.050000 -0.005593
v -0.471695 0.050000 -0.017074
v -0.478750 0.050000 -0.027250
v -0.486929 0.050000 -0.036051
v -0.496185 0.050000 -0.043407
v -0.506469 0.050000 -0.049250
v -0.517731 0.050000 -0.053509
v -0.529925 0.050000 -0.056116
v -0.543000 0.050000 -0.057000
v -0.552595 0.050000 -0.056619
v -0.561921 0.050000 -0.055449
v -0.571047 0.050000 -0.053453
v -0.580037 0.050000 -0.050593
v -0.588958 0.050000 -0.046829
v -0.597875 0.050000 -0.042125
v -0.606855 0.050000 -0.036442
v -0.615963 0.050000 -0.029741
v -0.625266 0.050000 -0.021984
v -0.634829 0.050000 -0.013134
v -0.644718 0.050000 -0.003152
v -0.655000 0.050000 0.008000
v -0.655000 0.050000 0.330000
v -0.744000 0.050000 0.330000
v -0.744000 0.050000 -0.352000
v -0.655000 0.050000 -0.352000
v -0.655000 0.050000 -0.060000
v -0.878431 0.050000 -0.010857
v -0.890699 0.050000 -0.017940
v -0.902766 0.050000 -0.024266
v -0.914593 0.050000 -0.029852
v -0.926142 0.050000 -0.034716
v -0.937375 0.050000 -0.038875
v -0.948254 0.050000 -0.042347
v -0.958741 0.050000 -0.045148
v -0.968797 0.050000 -0.047297
v -0.978384 0.050000 -0.048810
v -0.987465 0.050000 -0.049705
v -0.996000 0.050000 -0.050000
v -1.004723 0.050000 -0.049652
v -1.012870 0.050000 -0.048630
v -1.020406 0.050000 -0.046969
v -1.027296 0.050000 -0.044704
v -1.033506 0.050000 -0.041869
v -1.039000 0.050000 -0.038500
v -1.043744 0.050000 -0.034631
v -1.047704 0.050000 -0.030296
v -1.050844 0.050000 -0.025531
v -1.053130 0.050000 -0.020370
v -1.054527 0.050000 -0.014848
v -1.055000 0.050000 -0.009000
v -1.054364 0.050000 -0.003906
v -1.052412 0.050000 0.001417
v -1.049078 0.050000 0.007031
v -1.044296 0.050000 0.013000
v -1.038001 0.050000 0.019385
v -1.030125 0.050000 0.026250
v -1.020604 0.050000 0.033656
v -1.009371 0.050000 0.041667
v -0.996360 0.050000 0.050344
v -0.981505 0.050000 0.059750
v -0.964740 0.050000 0.069948
v -0.946000 0.050000 0.081000
v -0.928468 0.050000 0.092894
v -0.912824 0.050000 0.104153
v -0.899000 0.050000 0.114891
v -0.886926 0.050000 0.125222
v -0.876532 0.050000 0.135262
v -0.867750 0.050000 0.145125
v -0.860509 0.050000 0.154925
v -0.854741 0.050000 0.164778
v -0.850375 0.050000 0.174797
v -0.847343 0.050000 0.185097
v -0.845574 0.050000 0.195793
v -0.845000 0.050000 0.207000
v -0.846289 0.050000 0.226193
v -0.850060 0.050000 0.244208
v -0.856172 0.050000 0.260953
v -0.864482 0.050000 0.276333
v -0.874847 0.050000 0.290255
v -0.887125 0.050000 0.302625
v -0.901174 0.050000 0.313349
v -0.916852 0.050000 0.322333
v -0.934016 0.050000 0.329484
v -0.952523 0.050000 0.334708
v -0.972232 0.050000 0.337911
v -0.993000 0.050000 0.339000
v -1.006516 0.050000 0.338766
v -1.019625 0.050000 0.338046
v -1.032422 0.050000 0.336812
v -1.045000 0.050000 0.335037
v -1.057453 0.050000 0.332692
v -1.069875 0.050000 0.329750
v -1.082360 0.050000 0.326183
v -1.095000 0.050000 0.321963
v -1.107891 0.050000 0.317062
v -1.121125 0.050000 0.311454
v -1.134797 0.050000 0.305109
v -1.149000 0.050000 0.298000
v -1.149000 0.050000 0.202000
v -1.134611 0.050000 0.211564
v -1.120472 0.050000 0.220259
v -1.106625 0.050000 0.228094
v -1.093111 0.050000 0.235074
v -1.079972 0.050000 0.241207
v -1.067250 0.050000 0.246500
v -1.054986 0.050000 0.250959
v -1.043222 0.050000 0.254593
v -1.032000 0.050000 0.257406
v -1.021361 0.050000 0.259407
v -1.011347 0.050000 0.260603
v -1.002000 0.050000 0.261000
v -0.993139 0.050000 0.260188
v -0.984611 0.050000 0.258750
v -0.976500 0.050000 0.256688
v -0.968889 0.050000 0.254000
v -0.961861 0.050000 0.250688
v -0.955500 0.050000 0.246750
v -0.949889 0.050000 0.242188
v -0.945111 0.050000 0.237000
v -0.941250 0.050000 0.231188
v -0.938389 0.050000 0.224750
v -0.936611 0.050000 0.217688
v -0.936000 0.050000 0.210000
v -0.940132 0.050000 0.195036
v -0.951555 0.050000 0.180875
v -0.968812 0.050000 0.167109
v -0.990444 0.050000 0.153333
v -1.014993 0.050000 0.139141
v -1.041000 0.050000 0.124125
v -1.067007 0.050000 0.107880
v -1.091556 0.050000 0.090000
v -1.113188 0.050000 0.070078
v -1.130445 0.050000 0.047708
v -1.141868 0.050000 0.022484
v -1.146000 0.050000 -0.006000
v -1.144807 0.050000 -0.024366
v -1.141287 0.050000 -0.041426
v -1.135531 0.050000 -0.057125
v -1.127630 0.050000 -0.071407
v -1.117673 0.050000 -0.084218
v -1.105750 0.050000 -0.095500
v -1.091953 0.050000 -0.105199
v -1.076370 0.050000 -0.113259
v -1.059094 0.050000 -0.119625
v -1.040213 0.050000 -0.124241
v -1.019818 0.050000 -0.127051
v -0.998000 0.050000 -0.128000
v -0.987478 0.050000 -0.127749
v -0.976903 0.050000 -0.126995
v -0.966266 0.050000 -0.125734
v -0.955556 0.050000 -0.123963
v -0.944762 0.050000 -0.121678
v -0.933875 0.050000 -0.118875
v -0.922884 0.050000 -0.115552
v -0.911778 0.050000 -0.111704
v -0.900547 0.050000 -0.107328
v -0.889181 0.050000 -0.102421
v -0.877668 0.050000 -0.096980
v -0.866000 0.050000 -0.091000
v -0.866000 0.050000 -0.003000
v -1.342000 0.050000 0.273000
v -1.351549 0.050000 0.282701
v -1.361643 0.050000 0.291778
v -1.372203 0.050000 0.300188
v -1.383148 0.050000 0.307889
v -1.394399 0.050000 0.314840
v -1.405875 0.050000 0.321000
v -1.417497 0.050000 0.326326
v -1.429185 0.050000 0.330778
v -1.440859 0.050000 0.334312
v -1.452440 0.050000 0.336889
v -1.463847 0.050000 0.338465
v -1.475000 0.050000 0.339000
v -1.497166 0.050000 0.337655
v -1.518079 0.050000 0.333657
v -1.537609 0.050000 0.327062
v -1.555630 0.050000 0.317926
v -1.572011 0.050000 0.306303
v -1.586625 0.050000 0.292250
v -1.599343 0.050000 0.275822
v -1.610037 0.050000 0.257074
v -1.618578 0.050000 0.236062
v -1.624838 0.050000 0.212843
v -1.628688 0.050000 0.187470
v -1.630000 0.050000 0.160000
v -1.630000 0.050000 -0.119000
v -1.541000 0.050000 -0.119000
v -1.541000 0.050000 0.166000
v -1.540355 0.050000 0.181182
v -1.538421 0.050000 0.195208
v -1.535203 0.050000 0.208047
v -1.530704 0.050000 0.219667
v -1.524926 0.050000 0.230036
v -1.517875 0.050000 0.239125
v -1.509553 0.050000 0.246901
v -1.499963 0.050000 0.253333
v -1.489109 0.050000 0.258391
v -1.476995 0.050000 0.262042
v -1.463624 0.050000 0.264255
v -1.449000 0.050000 0.265000
v -1.439046 0.050000 0.264543
v -1.429199 0.050000 0.263181
v -1.419484 0.050000 0.260922
v -1.409926 0.050000 0.257778
v -1.400548 0.050000 0.253759
v -1.391375 0.050000 0.248875
v -1.382431 0.050000 0.243137
v -1.373741 0.050000 0.236556
v -1.365328 0.050000 0.229141
v -1.357218 0.050000 0.220903
v -1.349433 0.050000 0.211852
v -1.342000 0.050000 0.202000
v -1.342000 0.050000 -0.119000
v -1.253000 0.050000 -0.119000
v -1.253000 0.050000 0.330000
v -1.342000 0.050000 0.330000
v -1.881430 0.050000 -0.350206
v -1.849190 0.050000 -0.344982
v -1.820234 0.050000 -0.336563
v -1.794518 0.050000 -0.325185
v -1.771997 0.050000 -0.311086
v -1.752625 0.050000 -0.294500
v -1.736357 0.050000 -0.275664
v -1.723148 0.050000 -0.254815
v -1.712953 0.050000 -0.232188
v -1.705727 0.050000 -0.208019
v -1.701424 0.050000 -0.182544
v -1.700000 0.050000 -0.156000
v -1.701508 0.050000 -0.129764
v -1.706065 0.050000 -0.104699
v -1.713719 0.050000 -0.081016
v -1.724519 0.050000 -0.058926
v -1.738513 0.050000 -0.038642
v -1.755750 0.050000 -0.020375
v -1.776279 0.050000 -0.004337
v -1.800148 0.050000 0.009259
v -1.827406 0.050000 0.020203
v -1.858102 0.050000 0.028282
v -1.892284 0.050000 0.033285
v -1.930000 0.050000 0.035000
v -2.032000 0.050000 0.035000
v -2.032000 0.050000 0.330000
v -2.130000 0.050000 0.330000
v -2.130000 0.050000 -0.352000
v -1.917000 0.050000 -0.352000
v -1.921000 0.050000 -0.053000
v -1.903304 0.050000 -0.053807
v -1.886764 0.050000 -0.056204
v -1.871453 0.050000 -0.060156
v -1.857445 0.050000 -0.065630
v -1.844811 0.050000 -0.072589
v -1.833625 0.050000 -0.081000
v -1.823960 0.050000 -0.090828
v -1.815889 0.050000 -0.102037
v -1.809484 0.050000 -0.114594
v -1.804819 0.050000 -0.128463
v -1.801967 0.050000 -0.143610
v -1.801000 0.050000 -0.160000
v -1.801583 0.050000 -0.172550
v -1.803412 0.050000 -0.185065
v -1.806609 0.050000 -0.197344
v -1.811296 0.050000 -0.209185
v -1.817594 0.050000 -0.220388
v -1.825625 0.050000 -0.230750
v -1.835510 0.050000 -0.240071
v -1.847370 0.050000 -0.248148
v -1.861328 0.050000 -0.254781
v -1.877505 0.050000 -0.259769
v -1.896021 0.050000 -0.262909
v -1.917000 0.050000 -0.264000
v -2.032000 0.050000 -0.264000
v -2.032000 0.050000 -0.053000
v 1.943000 -0.050000 -0.016000
v 1.945000 -0.050000 -0.016000
v 1.956209 -0.050000 -0.034799
v 1.967338 -0.050000 -0.051727
v 1.978390 -0.050000 -0.066828
v 1.989370 -0.050000 -0.080148
v 2.000281 -0.050000 -0.091732
v 2.011125 -0.050000 -0.101625
v 2.021907 -0.050000 -0.109872
v 2.032629 -0.050000 -0.116519
v 2.043297 -0.050000 -0.121609
v 2.053912 -0.050000 -0.125190
v 2.064479 -0.050000 -0.127305
v 2.075000 -0.050000 -0.128000
v 2.083961 -0.050000 -0.127645
v 2.092857 -0.050000 -0.126579
v 2.101703 -0.050000 -0.124797
v 2.110519 -0.050000 -0.122296
v 2.119320 -0.050000 -0.119074
v 2.128125 -0.050000 -0.115125
v 2.136951 -0.050000 -0.110447
v 2.145815 -0.050000 -0.105037
v 2.154734 -0.050000 -0.098891
v 2.163727 -0.050000 -0.092005
v 2.172809 -0.050000 -0.084376
v 2.182000 -0.050000 -0.076000
v 2.135000 -0.050000 0.001000
v 2.128096 -0.050000 -0.005328
v 2.120936 -0.050000 -0.011287
v 2.113594 -0.050000 -0.016844
v 2.106148 -0.050000 -0.021963
v 2.098675 -0.050000 -0.026610
v 2.091250 -0.050000 -0.030750
v 2.083950 -0.050000 -0.034348
v 2.076852 -0.050000 -0.037370
v 2.070031 -0.050000 -0.039781
v 2.063565 -0.050000 -0.041546
v 2.057529 -0.050000 -0.042631
v 2.052000 -0.050000 -0.043000
v 2.037041 -0.050000 -0.041755
v 2.022745 -0.050000 -0.038125
v 2.009234 -0.050000 -0.032266
v 1.996629 -0.050000 -0.024333
v 1.985052 -0.050000 -0.014484
v 1.974625 -0.050000 -0.002875
v 1.965468 -0.050000 0.010339
v 1.957704 -0.050000 0.025000
v 1.951453 -0.050000 0.040953
v 1.946838 -0.050000 0.058042
v 1.943980 -0.050000 0.076109
v 1.943000 -0.050000 0.095000
v 1.943000 -0.050000 0.330000
v 1.854000 -0.050000 0.330000
v 1.854000 -0.050000 -0.119000
v 1.943000 -0.050000 -0.119000
v 1.730586 -0.050000 0.294605
v 1.717269 -0.050000 0.302426
v 1.703938 -0.050000 0.309469
v 1.690482 -0.050000 0.315741
v 1.676790 -0.050000 0.321249
v 1.662750 -0.050000 0.326000
v 1.648252 -0.050000 0.330001
v 1.633185 -0.050000 0.333259
v 1.617438 -0.050000 0.335781
v 1.600898 -0.050000 0.337574
v 1.583456 -0.050000 0.338645
v 1.565000 -0.050000 0.339000
v 1.531301 -0.050000 0.336666
v 1.500241 -0.050000 0.329907
v 1.471875 -0.050000 0.319094
v 1.446259 -0.050000 0.304593
v 1.423449 -0.050000 0.286772
v 1.403500 -0.050000 0.266000
v 1.386467 -0.050000 0.242645
v 1.372407 -0.050000 0.217074
v 1.361375 -0.050000 0.189656
v 1.353426 -0.050000 0.160759
v 1.348616 -0.050000 0.130751
v 1.347000 -0.050000 0.100000
v 1.348764 -0.050000 0.066944
v 1.353945 -0.050000 0.035889
v 1.362375 -0.050000 0.007000
v 1.373889 -0.050000 -0.019556
v 1.388319 -0.050000 -0.043611
v 1.405500 -0.050000 -0.065000
v 1.425264 -0.050000 -0.083556
v 1.447445 -0.050000 -0.099111
v 1.471875 -0.050000 -0.111500
v 1.498389 -0.050000 -0.120556
v 1.526819 -0.050000 -0.126111
v 1.557000 -0.050000 -0.128000
v 1.585835 -0.050000 -0.126310
v 1.612764 -0.050000 -0.121231
v 1.637672 -0.050000 -0.112750
v 1.660444 -0.050000 -0.100852
v 1.680967 -0.050000 -0.085523
v 1.699125 -0.050000 -0.066750
v 1.714804 -0.050000 -0.044519
v 1.727889 -0.050000 -0.018815
v 1.738266 -0.050000 0.010375
v 1.745820 -0.050000 0.043065
v 1.750436 -0.050000 0.079269
v 1.752000 -0.050000 0.119000
v 1.436000 -0.050000 0.119000
v 1.440270 -0.050000 0.140352
v 1.446074 -0.050000 0.159903
v 1.453406 -0.050000 0.177641
v 1.462259 -0.050000 0.193556
v 1.472626 -0.050000 0.207637
v 1.484500 -0.050000 0.219875
v 1.497874 -0.050000 0.230259
v 1.512740 -0.050000 0.238778
v 1.529094 -0.050000 0.245422
v 1.546926 -0.050000 0.250181
v 1.566230 -0.050000 0.253043
v 1.587000 -0.050000 0.254000
v 1.600440 -0.050000 0.253587
v 1.613769 -0.050000 0.252361
v 1.627000 -0.050000 0.250344
v 1.640148 -0.050000 0.247556
v 1.653227 -0.050000 0.244017
v 1.666250 -0.050000 0.239750
v 1.679231 -0.050000 0.234774
v 1.692185 -0.050000 0.229111
v 1.705125 -0.050000 0.222781
v 1.718065 -0.050000 0.215806
v 1.731019 -0.050000 0.208205
v 1.744000 -0.050000 0.200000
v 1.744000 -0.050000 0.286000
v 1.662507 -0.050000 0.043531
v 1.659556 -0.050000 0.028167
v 1.655188 -0.050000 0.013969
v 1.649445 -0.050000 0.001000
v 1.642368 -0.050000 -0.010677
v 1.634000 -0.050000 -0.021000
v 1.624382 -0.050000 -0.029906
v 1.613556 -0.050000 -0.037333
v 1.601562 -0.050000 -0.043219
v 1.588444 -0.050000 -0.047500
v 1.574243 -0.050000 -0.050115
v 1.559000 -0.050000 -0.051000
v 1.542563 -0.050000 -0.050172
v 1.527259 -0.050000 -0.047708
v 1.513093 -0.050000 -0.043641
v 1.500074 -0.050000 -0.038000
v 1.488207 -0.050000 -0.030818
v 1.477500 -0.050000 -0.022125
v 1.467959 -0.050000 -0.011953
v 1.459593 -0.050000 -0.000333
v 1.452406 -0.050000 0.012703
v 1.446407 -0.050000 0.027125
v 1.441603 -0.050000 0.042901
v 1.438000 -0.050000 0.060000
v 1.664000 -0.050000 0.060000
v 1.282000 -0.050000 -0.119000
v 1.282000 -0.050000 -0.039000
v 1.140000 -0.050000 -0.039000
v 1.140000 -0.050000 0.191000
v 1.140763 -0.050000 0.203472
v 1.142935 -0.050000 0.214440
v 1.146344 -0.050000 0.223984
v 1.150815 -0.050000 0.232185
v 1.156175 -0.050000 0.239122
v 1.162250 -0.050000 0.244875
v 1.168867 -0.050000 0.249524
v 1.175852 -0.050000 0.253148
v 1.183031 -0.050000 0.255828
v 1.190232 -0.050000 0.257644
v 1.197279 -0.050000 0.258674
v 1.204000 -0.050000 0.259000
v 1.212022 -0.050000 0.258771
v 1.220093 -0.050000 0.258083
v 1.228219 -0.050000 0.256938
v 1.236408 -0.050000 0.255333
v 1.244666 -0.050000 0.253271
v 1.253000 -0.050000 0.250750
v 1.261418 -0.050000 0.247771
v 1.269926 -0.050000 0.244333
v 1.278532 -0.050000 0.240438
v 1.287241 -0.050000 0.236083
v 1.296062 -0.050000 0.231271
v 1.305000 -0.050000 0.226000
v 1.305000 -0.050000 0.309000
v 1.296917 -0.050000 0.313161
v 1.288250 -0.050000 0.317125
v 1.279125 -0.050000 0.320859
v 1.269667 -0.050000 0.324333
v 1.260000 -0.050000 0.327516
v 1.250250 -0.050000 0.330375
v 1.240542 -0.050000 0.332880
v 1.231000 -0.050000 0.335000
v 1.221750 -0.050000 0.336703
v 1.212917 -0.050000 0.337958
v 1.204625 -0.050000 0.338734
v 1.197000 -0.050000 0.339000
v 1.173751 -0.050000 0.337773
v 1.152505 -0.050000 0.334181
v 1.133266 -0.050000 0.328359
v 1.116037 -0.050000 0.320444
v 1.100822 -0.050000 0.310571
v 1.087625 -0.050000 0.298875
v 1.076448 -0.050000 0.285491
v 1.067296 -0.050000 0.270556
v 1.060172 -0.050000 0.254203
v 1.055079 -0.050000 0.236569
v 1.052020 -0.050000 0.217790
v 1.051000 -0.050000 0.198000
v 1.051000 -0.050000 -0.039000
v 0.973000 -0.050000 -0.039000
v 0.973000 -0.050000 -0.049000
v 1.140000 -0.050000 -0.212000
v 1.140000 -0.050000 -0.119000
v 0.625000 -0.050000 -0.060000
v 0.633824 -0.050000 -0.070371
v 0.643259 -0.050000 -0.079968
v 0.653250 -0.050000 -0.088766
v 0.663740 -0.050000 -0.096741
v 0.674676 -0.050000 -0.103869
v 0.686000 -0.050000 -0.110125
v 0.697657 -0.050000 -0.115486
v 0.709593 -0.050000 -0.119926
v 0.721750 -0.050000 -0.123422
v 0.734074 -0.050000 -0.125949
v 0.746509 -0.050000 -0.127483
v 0.759000 -0.050000 -0.128000
v 0.779867 -0.050000 -0.126788
v 0.799848 -0.050000 -0.123134
v 0.818766 -0.050000 -0.117016
v 0.836445 -0.050000 -0.108407
v 0.852707 -0.050000 -0.097285
v 0.867375 -0.050000 -0.083625
v 0.880273 -0.050000 -0.067402
v 0.891222 -0.050000 -0.048593
v 0.900047 -0.050000 -0.027172
v 0.906569 -0.050000 -0.003116
v 0.910613 -0.050000 0.023600
v 0.912000 -0.050000 0.053000
v 0.912000 -0.050000 0.330000
v 0.823000 -0.050000 0.330000
v 0.823000 -0.050000 0.052000
v 0.822299 -0.050000 0.035991
v 0.820231 -0.050000 0.021009
v 0.816844 -0.050000 0.007125
v 0.812185 -0.050000 -0.005593
v 0.806304 -0.050000 -0.017074
v 0.799250 -0.050000 -0.027250
v 0.791070 -0.050000 -0.036051
v 0.781815 -0.050000 -0.043407
v 0.771531 -0.050000 -0.049250
v 0.760268 -0.050000 -0.053509
v 0.748075 -0.050000 -0.056116
v 0.735000 -0.050000 -0.057000
v 0.725406 -0.050000 -0.056619
v 0.716079 -0.050000 -0.055449
v 0.706953 -0.050000 -0.053453
v 0.697963 -0.050000 -0.050593
v 0.689042 -0.050000 -0.046829
v 0.680125 -0.050000 -0.042125
v 0.671145 -0.050000 -0.036442
v 0.662037 -0.050000 -0.029741
v 0.652734 -0.050000 -0.021984
v 0.643171 -0.050000 -0.013134
v 0.633282 -0.050000 -0.003152
v 0.623000 -0.050000 0.008000
v 0.623000 -0.050000 0.330000
v 0.534000 -0.050000 0.330000
v 0.534000 -0.050000 -0.119000
v 0.623000 -0.050000 -0.119000
v 0.623000 -0.050000 -0.060000
v 0.146000 -0.050000 -0.264000
v 0.146000 -0.050000 -0.058000
v 0.425000 -0.050000 -0.058000
v 0.425000 -0.050000 0.030000
v 0.146000 -0.050000 0.030000
v 0.146000 -0.050000 0.242000
v 0.444000 -0.050000 0.242000
v 0.444000 -0.050000 0.330000
v 0.048000 -0.050000 0.330000
v 0.048000 -0.050000 -0.352000
v 0.435000 -0.050000 -0.352000
v 0.435000 -0.050000 -0.264000
v -0.653000 -0.050000 -0.060000
v -0.644176 -0.050000 -0.070371
v -0.634741 -0.050000 -0.079968
v -0.624750 -0.050000 -0.088766
v -0.614259 -0.050000 -0.096741
v -0.603324 -0.050000 -0.103869
v -0.592000 -0.050000 -0.110125
v -0.580343 -0.050000 -0.115486
v -0.568408 -0.050000 -0.119926
v -0.556250 -0.050000 -0.123422
v -0.543926 -0.050000 -0.125949
v -0.531491 -0.050000 -0.127483
v -0.519000 -0.050000 -0.128000
v -0.497504 -0.050000 -0.126748
v -0.477111 -0.050000 -0.122986
v -0.457969 -0.050000 -0.116703
v -0.440222 -0.050000 -0.107889
v -0.424017 -0.050000 -0.096533
v -0.409500 -0.050000 -0.082625
v -0.396816 -0.050000 -0.066155
v -0.386111 -0.050000 -0.047111
v -0.377531 -0.050000 -0.025484
v -0.371222 -0.050000 -0.001264
v -0.367330 -0.050000 0.025561
v -0.366000 -0.050000 0.055000
v -0.366000 -0.050000 0.330000
v -0.455000 -0.050000 0.330000
v -0.455000 -0.050000 0.052000
v -0.455700 -0.050000 0.035991
v -0.457768 -0.050000 0.021009
v -0.461156 -0.050000 0.007125
v -0.465815 -0.050000 -0.005593
v -0.471695 -0.050000 -0.017074
v -0.478750 -0.050000 -0.027250
v -0.486929 -0.050000 -0.036051
v -0.496185 -0.050000 -0.043407
v -0.506469 -0.050000 -0.049250
v -0.517731 -0.050000 -0.053509
v -0.529925 -0.050000 -0.056116
v -0.543000 -0.050000 -0.057000
v -0.552595 -0.050000 -0.056619
v -0.561921 -0.050000 -0.055449
v -0.571047 -0.050000 -0.053453
v -0.580037 -0.050000 -0.050593
v -0.588958 -0.050000 -0.046829
v -0.597875 -0.050000 -0.042125
v -0.606855 -0.050000 -0.036442
v -0.615963 -0.050000 -0.029741
v -0.625266 -0.050000 -0.021984
v -0.634829 -0.050000 -0.013134
v -0.644718 -0.050000 -0.003152
v -0.655000 -0.050000 0.008000
v -0.655000 -0.050000 0.330000
v -0.744000 -0.050000 0.330000
v -0.744000 -0.050000 -0.352000
v -0.655000 -0.050000 -0.352000
v -0.655000 -0.050000 -0.060000
v -0.878431 -0.050000 -0.010857
v -0.890699 -0.050000 -0.017940
v -0.902766 -0.050000 -0.024266
v -0.914593 -0.050000 -0.029852
v -0.926142 -0.050000 -0.034716
v -0.937375 -0.050000 -0.038875
v -0.948254 -0.050000 -0.042347
v -0.958741 -0.050000 -0.045148
v -0.968797 -0.050000 -0.047297
v -0.978384 -0.050000 -0.048810
v -0.987465 -0.050000 -0.049705
v -0.996000 -0.050000 -0.050000
v -1.004723 -0.050000 -0.049652
v -1.012870 -0.050000 -0.048630
v -1.020406 -0.050000 -0.046969
v -1.027296 -0.050000 -0.044704
v -1.033506 -0.050000 -0.041869
v -1.039000 -0.050000 -0.038500
v -1.043744 -0.050000 -0.034631
v -1.047704 -0.050000 -0.030296
v -1.050844 -0.050000 -0.025531
v -1.053130 -0.050000 -0.020370
v -1.054527 -0.050000 -0.014848
v -1.055000 -0.050000 -0.009000
v -1.054364 -0.050000 -0.003906
v -1.052412 -0.050000 0.001417
v -1.049078 -0.050000 0.007031
v -1.044296 -0.050000 0.013000
v -1.038001 -0.050000 0.019385
v -1.030125 -0.050000 0.026250
v -1.020604 -0.050000 0.033656
v -1.009371 -0.050000 0.041667
v -0.996360 -0.050000 0.050344
v -0.981505 -0.050000 0.059750
v -0.964740 -0.050000 0.069948
v -0.946000 -0.050000 0.081000
v -0.928468 -0.050000 0.092894
v -0.912824 -0.050000 0.104153
v -0.899000 -0.050000 0.114891
v -0.886926 -0.050000 0.125222
v -0.876532 -0.050000 0.135262
v -0.867750 -0.050000 0.145125
v -0.860509 -0.050000 0.154925
v -0.854741 -0.050000 0.164778
v -0.850375 -0.050000 0.174797
v -0.847343 -0.050000 0.185097
v -0.845574 -0.050000 0.195793
v -0.845000 -0.050000 0.207000
v -0.846289 -0.050000 0.226193
v -0.850060 -0.050000 0.244208
v -0.856172 -0.050000 0.260953
v -0.864482 -0.050000 0.276333
v -0.874847 -0.050000 0.290255
v -0.887125 -0.050000 0.302625
v -0.901174 -0.050000 0.313349
v -0.916852 -0.050000 0.322333
v -0.934016 -0.050000 0.329484
v -0.952523 -0.050000 0.334708
v -0.972232 -0.050000 0.337911
v -0.993000 -0.050000 0.339000
v -1.006516 -0.050000 0.338766
v -1.019625 -0.050000 0.338046
v -1.032422 -0.050000 0.336812
v -1.045000 -0.050000 0.335037
v -1.057453 -0.050000 0.332692
v -1.069875 -0.050000 0.329750
v -1.082360 -0.050000 0.326183
v -1.095000 -0.050000 0.321963
v -1.107891 -0.050000 0.317062
v -1.121125 -0.050000 0.311454
v -1.134797 -0.050000 0.305109
v -1.149000 -0.050000 0.298000
v -1.149000 -0.050000 0.202000
v -1.134611 -0.050000 0.211564
v -1.120472 -0.050000 0.220259
v -1.106625 -0.050000 0.228094
v -1.093111 -0.050000 0.235074
v -1.079972 -0.050000 0.241207
v -1.067250 -0.050000 0.246500
v -1.054986 -0.050000 0.250959
v -1.043222 -0.050000 0.254593
v -1.032000 -0.050000 0.257406
v -1.021361 -0.050000 0.259407
v -1.011347 -0.050000 0.260603
v -1.002000 -0.050000 0.261000
v -0.993139 -0.050000 0.260188
v -0.984611 -0.050000 0.258750
v -0.976500 -0.050000 0.256688
v -0.968889 -0.050000 0.254000
v -0.961861 -0.050000 0.250688
v -0.955500 -0.050000 0.246750
v -0.949889 -0.050000 0.242188
v -0.945111 -0.050000 0.237000
v -0.941250 -0.050000 0.231188
v -0.938389 -0.050000 0.224750
v -0.936611 -0.050000 0.217688
v -0.936000 -0.050000 0.210000
v -0.940132 -0.050000 0.195036
v -0.951555 -0.050000 0.180875
v -0.968812 -0.050000 0.167109
v -0.990444 -0.050000 0.153333
v -1.014993 -0.050000 0.139141
v -1.041000 -0.050000 0.124125
v -1.067007 -0.050000 0.107880
v -1.091556 -0.050000 0.090000
v -1.113188 -0.050000 0.070078
v -1.130445 -0.050000 0.047708
v -1.141868 -0.050000 0.022484
v -1.146000 -0.050000 -0.006000
v -1.144807 -0.050000 -0.024366
v -1.141287 -0.050000 -0.041426
v -1.135531 -0.050000 -0.057125
v -1.127630 -0.050000 -0.071407
v -1.117673 -0.050000 -0.084218
v -1.105750 -0.050000 -0.095500
v -1.091953 -0.050000 -0.105199
v -1.076370 -0.050000 -0.113259
v -1.059094 -0.050000 -0.119625
v -1.040213 -0.050000 -0.124241
v -1.019818 -0.050000 -0.127051
v -0.998000 -0.050000 -0.128000
v -0.987478 -0.050000 -0.127749
v -0.976903 -0.050000 -0.126995
v -0.966266 -0.050000 -0.125734
v -0.955556 -0.050000 -0.123963
v -0.944762 -0.050000 -0.121678
v -0.933875 -0.050000 -0.118875
v -0.922884 -0.050000 -0.115552
v -0.911778 -0.050000 -0.111704
v -0.900547 -0.050000 -0.107328
v -0.889181 -0.050000 -0.102421
v -0.877668 -0.050000 -0.096980
v -0.866000 -0.050000 -0.091000
v -0.866000 -0.050000 -0.003000
v -1.342000 -0.050000 0.273000
v -1.351549 -0.050000 0.282701
v -1.361643 -0.050000 0.291778
v -1.372203 -0.050000 0.300188
v -1.383148 -0.050000 0.307889
v -1.394399 -0.050000 0.314840
v -1.405875 -0.050000 0.321000
v -1.417497 -0.050000 0.326326
v -1.429185 -0.050000 0.330778
v -1.440859 -0.050000 0.334312
v -1.452440 -0.050000 0.336889
v -1.463847 -0.050000 0.338465
v -1.475000 -0.050000 0.339000
v -1.497166 -0.050000 0.337655
v -1.518079 -0.050000 0.333657
v -1.537609 -0.050000 0.327062
v -1.555630 -0.050000 0.317926
v -1.572011 -0.050000 0.306303
v -1.586625 -0.050000 0.292250
v -1.599343 -0.050000 0.275822
v -1.610037 -0.050000 0.257074
v -1.618578 -0.050000 0.236062
v -1.624838 -0.050000 0.212843
v -1.628688 -0.050000 0.187470
v -1.630000 -0.050000 0.160000
v -1.630000 -0.050000 -0.119000
v -1.541000 -0.050000 -0.119000
v -1.541000 -0.050000 0.166000
v -1.540355 -0.050000 0.181182
v -1.538421 -0.050000 0.195208
v -1.535203 -0.050000 0.208047
v -1.530704 -0.050000 0.219667
v -1.524926 -0.050000 0.230036
v -1.517875 -0.050000 0.239125
v -1.509553 -0.050000 0.246901
v -1.499963 -0.050000 0.253333
v -1.489109 -0.050000 0.258391
v -1.476995 -0.050000 0.262042
v -1.463624 -0.050000 0.264255
v -1.449000 -0.050000 0.265000
v -1.439046 -0.050000 0.264543
v -1.429199 -0.050000 0.263181
v -1.419484 -0.050000 0.260922
v -1.409926 -0.050000 0.257778
v -1.400548 -0.050000 0.253759
v -1.391375 -0.050000 0.248875
v -1.382431 -0.050000 0.243137
v -1.373741 -0.050000 0.236556
v -1.365328 -0.050000 0.229141
v -1.357218 -0.050000 0.220903
v -1.349433 -0.050000 0.211852
v -1.342000 -0.050000 0.202000
v -1.342000 -0.050000 -0.119000
v -1.253000 -0.050000 -0.119000
v -1.253000 -0.050000 0.330000
v -1.342000 -0.050000 0.330000
v -1.881430 -0.050000 -0.350206
v -1.849190 -0.050000 -0.344982
v -1.820234 -0.050000 -0.336563
v -1.794518 -0.050000 -0.325185
v -1.771997 -0.050000 -0.311086
v -1.752625 -0.050000 -0.294500
v -1.736357 -0.050000 -0.275664
v -1.723148 -0.050000 -0.254815
v -1.712953 -0.050000 -0.232188
v -1.705727 -0.050000 -0.208019
v -1.701424 -0.050000 -0.182544
v -1.700000 -0.050000 -0.156000
v -1.701508 -0.050000 -0.129764
v -1.706065 -0.050000 -0.104699
v -1.713719 -0.050000 -0.081016
v -1.724519 -0.050000 -0.058926
v -1.738513 -0.050000 -0.038642
v -1.755750 -0.050000 -0.020375
v -1.776279 -0.050000 -0.004337
v -1.800148 -0.050000 0.009259
v -1.827406 -0.050000 0.020203
v -1.858102 -0.050000 0.028282
v -1.892284 -0.050000 0.033285
v -1.930000 -0.050000 0.035000
v -2.032000 -0.050000 0.035000
v -2.032000 -0.050000 0.330000
v -2.130000 -0.050000 0.330000
v -2.130000 -0.050000 -0.352000
v -1.917000 -0.050000 -0.352000
v -1.921000 -0.050000 -0.053000
v -1.903304 -0.050000 -0.053807
v -1.886764 -0.050000 -0.056204
v -1.871453 -0.050000 -0.060156
v -1.857445 -0.050000 -0.065630
v -1.844811 -0.050000 -0.072589
v -1.833625 -0.050000 -0.081000
v -1.823960 -0.050000 -0.090828
v -1.815889 -0.050000 -0.102037
v -1.809484 -0.050000 -0.114594
v -1.804819 -0.050000 -0.128463
v -1.801967 -0.050000 -0.143610
v -1.801000 -0.050000 -0.160000
v -1.801583 -0.050000 -0.172550
v -1.803412 -0.050000 -0.185065
v -1.806609 -0.050000 -0.197344
v -1.811296 -0.050000 -0.209185
v -1.817594 -0.050000 -0.220388
v -1.825625 -0.050000 -0.230750
v -1.835510 -0.050000 -0.240071
v -1.847370 -0.050000 -0.248148
v -1.861328 -0.050000 -0.254781
v -1.877505 -0.050000 -0.259769
v -1.896021 -0.050000 -0.262909
v -1.917000 -0.050000 -0.264000
v -2.032000 -0.050000 -0.264000
v -2.032000 -0.050000 -0.053000
v -1.881430 -0.050000 -0.350206
v -1.881430 0.050000 -0.350206
v -1.849190 -0.050000 -0.344982
v -1.849190 0.050000 -0.344982
v -1.820234 -0.050000 -0.336563
v -1.820234 0.050000 -0.336563
v -1.794518 -0.050000 -0.325185
v -1.794518 0.050000 -0.325185
v -1.771997 -0.050000 -0.311086
v -1.771997 0.050000 -0.311086
v -1.752625 -0.050000 -0.294500
v -1.752625 0.050000 -0.294500
v -1.736357 -0.050000 -0.275664
v -1.736357 0.050000 -0.275664
v -1.723148 -0.050000 -0.254815
v -1.723148 0.050000 -0.254815
v -1.712953 -0.050000 -0.232188
v -1.712953 0.050000 -0.232188
v -1.705727 -0.050000 -0.208019
v -1.705727 0.050000 -0.208019
v -1.701424 -0.050000 -0.182544
v -1.701424 0.050000 -0.182544
v -1.700000 -0.050000 -0.156000
v -1.700000 0.050000 -0.156000
v -1.701508 -0.050000 -0.129764
v -1.701508 0.050000 -0.129764
v -1.706065 -0.050000 -0.104699
v -1.706065 0.050000 -0.104699
v -1.713719 -0.050000 -0.081016
v -1.713719 0.050000 -0.081016
v -1.724519 -0.050000 -0.058926
v -1.724519 0.050000 -0.058926
v -1.738513 -0.050000 -0.038642
v -1.738513 0.050000 -0.038642
v -1.755750 -0.050000 -0.020375
v -1.755750 0.050000 -0.020375
v -1.776279 -0.050000 -0.004337
v -1.776279 0.050000 -0.004337
v -1.800148 -0.050000 0.009259
v -1.800148 0.050000 0.009259
v -1.827406 -0.050000 0.020203
v -1.827406 0.050000 0.020203
v -1.858102 -0.050000 0.028282
v -1.858102 0.050000 0.028282
v -1.892284 -0.050000 0.033285
v -1.892284 0.050000 0.033285
v -1.930000 -0.050000 0.035000
v -1.930000 0.050000 0.035000
v -2.032000 -0.050000 0.035000
v -2.032000 0.050000 0.035000
v -2.032000 -0.050000 0.330000
v -2.032000 0.050000 0.330000
v -2.130000 -0.050000 0.330000
v -2.130000 0.050000 0.330000
v -2.130000 -0.050000 -0.352000
v -2.130000 0.050000 -0.352000
v -1.917000 -0.050000 -0.352000
v -1.917000 0.050000 -0.352000
v -1.921000 -0.050000 -0.053000
v -1.921000 0.050000 -0.053000
v -1.903304 -0.050000 -0.053807
v -1.903304 0.050000 -0.053807
v -1.886764 -0.050000 -0.056204
v -1.886764 0.050000 -0.056204
v -1.871453 -0.050000 -0.060156
v -1.871453 0.050000 -0.060156
v -1.857445 -0.050000 -0.065630
v -1.857445 0.050000 -0.065630
v -1.844811 -0.050000 -0.072589
v -1.844811 0.050000 -0.072589
v -1.833625 -0.050000 -0.081000
v -1.833625 0.050000 -0.081000
v -1.823960 -0.050000 -0.090828
v -1.823960 0.050000 -0.090828
v -1.815889 -0.050000 -0.102037
v -1.815889 0.050000 -0.102037
v -1.809484 -0.050000 -0.114594
v -1.809484 0.050000 -0.114594
v -1.804819 -0.050000 -0.128463
v -1.804819 0.050000 -0.128463
v -1.801967 -0.050000 -0.143610
v -1.801967 0.050000 -0.143610
v -1.801000 -0.050000 -0.160000
v -1.801000 0.050000 -0.160000
v -1.801583 -0.050000 -0.172550
v -1.801583 0.050000 -0.172550
v -1.803412 -0.050000 -0.185065
v -1.803412 0.050000 -0.185065
v -1.806609 -0.050000 -0.197344
v -1.806609 0.050000 -0.197344
v -1.811296 -0.050000 -0.209185
v -1.811296 0.050000 -0.209185
v -1.817594 -0.050000 -0.220388
v -1.817594 0.050000 -0.220388
v -1.825625 -0.050000 -0.230750
v -1.825625 0.050000 -0.230750
v -1.835510 -0.050000 -0.240071
v -1.835510 0.050000 -0.240071
v -1.847370 -0.050000 -0.248148
v -1.847370 0.050000 -0.248148
v -1.861328 -0.050000 -0.254781
v -1.861328 0.050000 -0.254781
v -1.877505 -0.050000 -0.259769
v -1.877505 0.050000 -0.259769
v -1.896021 -0.050000 -0.262909
v -1.896021 0.050000 -0.262909
v -1.917000 -0.050000 -0.264000
v -1.917000 0.050000 -0.264000
v -2.032000 -0.050000 -0.264000
v -2.032000 0.050000 -0.264000
v -2.032000 -0.050000 -0.053000
v -2.032000 0.050000 -0.053000
v -1.342000 -0.050000 0.273000
v -1.342000 0.050000 0.273000
v -1.351549 -0.050000 0.282701
v -1.351549 0.050000 0.282701
v -1.361643 -0.050000 0.291778
v -1.361643 0.050000 0.291778
v -1.372203 -0.050000 0.300188
v -1.372203 0.050000 0.300188
v -1.383148 -0.050000 0.307889
v -1.383148 0.050000 0.307889
v -1.394399 -0.050000 0.314840
v -1.394399 0.050000 0.314840
v -1.405875 -0.050000 0.321000
v -1.405875 0.050000 0.321000
v -1.417497 -0.050000 0.326326
v -1.417497 0.050000 0.326326
v -1.429185 -0.050000 0.330778
v -1.429185 0.050000 0.330778
v -1.440859 -0.050000 0.334312
v -1.440859 0.050000 0.334312
v -1.452440 -0.050000 0.336889
v -1.452440 0.050000 0.336889
v -1.463847 -0.050000 0.338465
v -1.463847 0.050000 0.338465
v -1.475000 -0.050000 0.339000
v -1.475000 0.050000 0.339000
v -1.497166 -0.050000 0.337655
v -1.497166 0.050000 0.337655
v -1.518079 -0.050000 0.333657
v -1.518079 0.050000 0.333657
v -1.537609 -0.050000 0.327062
v -1.537609 0.050000 0.327062
v -1.555630 -0.050000 0.317926
v -1.555630 0.050000 0.317926
v -1.572011 -0.050000 0.306303
v -1.572011 0.050000 0.306303
v -1.586625 -0.050000 0.292250
v -1.586625 0.050000 0.292250
v -1.599343 -0.050000 0.275822
v -1.599343 0.050000 0.275822
v -1.610037 -0.050000 0.257074
v -1.610037 0.050000 0.257074
v -1.618578 -0.050000 0.236062
v -1.618578 0.050000 0.236062
v -1.624838 -0.050000 0.212843
v -1.624838 0.050000 0.212843
v -1.628688 -0.050000 0.187470
v -1.628688 0.050000 0.187470
v -1.630000 -0.050000 0.160000
v -1.630000 0.050000 0.160000
v -1.630000 -0.050000 -0.119000
v -1.630000 0.050000 -0.119000
v -1.541000 -0.050000 -0.119000
v -1.541000 0.050000 -0.119000
v -1.541000 -0.050000 0.166000
v -1.541000 0.050000 0.166000
v -1.540355 -0.050000 0.181182
v -1.540355 0.050000 0.181182
v -1.538421 -0.050000 0.195208
v -1.538421 0.050000 0.195208
v -1.535203 -0.050000 0.208047
v -1.535203 0.050000 0.208047
v -1.530704 -0.050000 0.219667
v -1.530704 0.050000 0.219667
v -1.524926 -0.050000 0.230036
v -1.524926 0.050000 0.230036
v -1.517875 -0.050000 0.239125
v -1.517875 0.050000 0.239125
v -1.509553 -0.050000 0.246901
v -1.509553 0.050000 0.246901
v -1.499963 -0.050000 0.253333
v -1.499963 0.050000 0.253333
v -1.489109 -0.050000 0.258391
v -1.489109 0.050000 0.258391
v -1.476995 -0.050000 0.262042
v -1.476995 0.050000 0.262042
v -1.463624 -0.050000 0.264255
v -1.463624 0.050000 0.264255
v -1.449000 -0.050000 0.265000
v -1.449000 0.050000 0.265000
v -1.439046 -0.050000 0.264543
v -1.439046 0.050000 0.264543
v -1.429199 -0.050000 0.263181
v -1.429199 0.050000 0.263181
v -1.419484 -0.050000 0.260922
v -1.419484 0.050000 0.260922
v -1.409926 -0.050000 0.257778
v -1.409926 0.050000 0.257778
v -1.400548 -0.050000 0.253759
v -1.400548 0.050000 0.253759
v -1.391375 -0.050000 0.248875
v -1.391375 0.050000 0.248875
v -1.382431 -0.050000 0.243137
v -1.382431 0.050000 0.243137
v -1.373741 -0.050000 0.236556
v -1.373741 0.050000 0.236556
v -1.365328 -0.050000 0.229141
v -1.365328 0.050000 0.229141
v -1.357218 -0.050000 0.220903
v -1.357218 0.050000 0.220903
v -1.349433 -0.050000 0.211852
v -1.349433 0.050000 0.211852
v -1.342000 -0.050000 0.202000
v -1.342000 0.050000 0.202000
v -1.342000 -0.050000 -0.119000
v -1.342000 0.050000 -0.119000
v -1.253000 -0.050000 -0.119000
v -1.253000 0.050000 -0.119000
v -1.253000 -0.050000 0.330000
v -1.253000 0.050000 0.330000
v -1.342000 -0.050000 0.330000
v -1.342000 0.050000 0.330000
v -0.878431 -0.050000 -0.010857
v -0.878431 0.050000 -0.010857
v -0.890699 -0.050000 -0.017940
v -0.890699 0.050000 -0.017940
v -0.902766 -0.050000 -0.024266
v -0.902766 0.050000 -0.024266
v -0.914593 -0.050000 -0.029852
v -0.914593 0.050000 -0.029852
v -0.926142 -0.050000 -0.034716
v -0.926142 0.050000 -0.034716
v -0.937375 -0.050000 -0.038875
v -0.937375 0.050000 -0.038875
v -0.948254 -0.050000 -0.042347
v -0.948254 0.050000 -0.042347
v -0.958741 -0.050000 -0.045148
v -0.958741 0.050000 -0.045148
v -0.968797 -0.050000 -0.047297
v -0.968797 0.050000 -0.047297
v -0.978384 -0.050000 -0.048810
v -0.978384 0.050000 -0.048810
v -0.987465 -0.050000 -0.049705
v -0.987465 0.050000 -0.049705
v -0.996000 -0.050000 -0.050000
v -0.996000 0.050000 -0.050000
v -1.004723 -0.050000 -0.049652
v -1.004723 0.050000 -0.049652
v -1.012870 -0.050000 -0.048630
v -1.012870 0.050000 -0.048630
v -1.020406 -0.050000 -0.046969
v -1.020406 0.050000 -0.046969
v -1.027296 -0.050000 -0.044704
v -1.027296 0.050000 -0.044704
v -1.033506 -0.050000 -0.041869
v -1.033506 0.050000 -0.041869
v -1.039000 -0.050000 -0.038500
v -1.039000 0.050000 -0.038500
v -1.043744 -0.050000 -0.034631
v -1.043744 0.050000 -0.034631
v -1.047704 -0.050000 -0.030296
v -1.047704 0.050000 -0.030296
v -1.050844 -0.050000 -0.025531
v -1.050844 0.050000 -0.025531
v -1.053130 -0.050000 -0.020370
v -1.053130 0.050000 -0.020370
v -1.054527 -0.050000 -0.014848
v -1.054527 0.050000 -0.014848
v -1.055000 -0.050000 -0.009000
v -1.055000 0.050000 -0.009000
v -1.054364 -0.050000 -0.003906
v -1.054364 0.050000 -0.003906
v -1.052412 -0.050000 0.001417
v -1.052412 0.050000 0.001417
v -1.049078 -0.050000 0.007031
v -1.049078 0.050000 0.007031
v -1.044296 -0.050000 0.013000
v -1.044296 0.050000 0.013000
v -1.038001 -0.050000 0.019385
v -1.038001 0.050000 0.019385
v -1.030125 -0.050000 0.026250
v -1.030125 0.050000 0.026250
v -1.020604 -0.050000 0.033656
v -1.020604 0.050000 0.033656
v -1.009371 -0.050000 0.041667
v -1.009371 0.050000 0.041667
v -0.996360 -0.050000 0.050344
v -0.996360 0.050000 0.050344
v -0.981505 -0.050000 0.059750
v -0.981505 0.050000 0.059750
v -0.964740 -0.050000 0.069948
v -0.964740 0.050000 0.069948
v -0.946000 -0.050000 0.081000
v -0.946000 0.050000 0.081000
v -0.928468 -0.050000 0.092894
v -0.928468 0.050000 0.092894
v -0.912824 -0.050000 0.104153
v -0.912824 0.050000 0.104153
v -0.899000 -0.050000 0.114891
v -0.899000 0.050000 0.114891
v -0.886926 -0.050000 0.125222
v -0.886926 0.050000 0.125222
v -0.876532 -0.050000 0.135262
v -0.876532 0.050000 0.135262
v -0.867750 -0.050000 0.145125
v -0.867750 0.050000 0.145125
v -0.860509 -0.050000 0.154925
v -0.860509 0.050000 0.154925
v -0.854741 -0.050000 0.164778
v -0.854741 0.050000 0.164778
v -0.850375 -0.050000 0.174797
v -0.850375 0.050000 0.174797
v -0.847343 -0.050000 0.185097
v -0.847343 0.050000 0.185097
v -0.845574 -0.050000 0.195793
v -0.845574 0.050000 0.195793
v -0.845000 -0.050000 0.207000
v -0.845000 0.050000 0.207000
v -0.846289 -0.050000 0.226193
v -0.846289 0.050000 0.226193
v -0.850060 -0.050000 0.244208
v -0.850060 0.050000 0.244208
v -0.856172 -0.050000 0.260953
v -0.856172 0.050000 0.260953
v -0.864482 -0.050000 0.276333
v -0.864482 0.050000 0.276333
v -0.874847 -0.050000 0.290255
v -0.874847 0.050000 0.290255
v -0.887125 -0.050000 0.302625
v -0.887125 0.050000 0.302625
v -0.901174 -0.050000 0.313349
v -0.901174 0.050000 0.313349
v -0.916852 -0.050000 0.322333
v -0.916852 0.050000 0.322333
v -0.934016 -0.050000 0.329484
v -0.934016 0.050000 0.329484
v -0.952523 -0.050000 0.334708
v -0.952523 0.050000 0.334708
v -0.972232 -0.050000 0.337911
v -0.972232 0.050000 0.337911
v -0.993000 -0.050000 0.339000
v -0.993000 0.050000 0.339000
v -1.006516 -0.050000 0.338766
v -1.006516 0.050000 0.338766
v -1.019625 -0.050000 0.338046
v -1.019625 0.050000 0.338046
v -1.032422 -0.050000 0.336812
v -1.032422 0.050000 0.336812
v -1.045000 -0.050000 0.335037
v -1.045000 0.050000 0.335037
v -1.057453 -0.050000 0.332692
v -1.057453 0.050000 0.332692
v -1.069875 -0.050000 0.329750
v -1.069875 0.050000 0.329750
v -1.082360 -0.050000 0.326183
v -1.082360 0.050000 0.326183
v -1.095000 -0.050000 0.321963
v -1.095000 0.050000 0.321963
v -1.107891 -0.050000 0.317062
v -1.107891 0.050000 0.317062
v -1.121125 -0.050000 0.311454
v -1.121125 0.050000 0.311454
v -1.134797 -0.050000 0.305109
v -1.134797 0.050000 0.305109
v -1.149000 -0.050000 0.298000
v -1.149000 0.050000 0.298000
v -1.149000 -0.050000 0.202000
v -1.149000 0.050000 0.202000
v -1.134611 -0.050000 0.211564
v -1.134611 0.050000 0.211564
v -1.120472 -0.050000 0.220259
v -1.120472 0.050000 0.220259
v -1.106625 -0.050000 0.228094
v -1.106625 0.050000 0.228094
v -1.093111 -0.050000 0.235074
v -1.093111 0.050000 0.235074
v -1.079972 -0.050000 0.241207
v -1.079972 0.050000 0.241207
v -1.067250 -0.050000 0.246500
v -1.067250 0.050000 0.246500
v -1.054986 -0.050000 0.250959
v -1.054986 0.050000 0.250959
v -1.043222 -0.050000 0.254593
v -1.043222 0.050000 0.254593
v -1.032000 -0.050000 0.257406
v -1.032000 0.050000 0.257406
v -1.021361 -0.050000 0.259407
v -1.021361 0.050000 0.259407
v -1.011347 -0.050000 0.260603
v -1.011347 0.050000 0.260603
v -1.002000 -0.050000 0.261000
v -1.002000 0.050000 0.261000
v -0.993139 -0.050000 0.260188
v -0.993139 0.050000 0.260188
v -0.984611 -0.050000 0.258750
v -0.984611 0.050000 0.258750
v -0.976500 -0.050000 0.256688
v -0.976500 0.050000 0.256688
v -0.968889 -0.050000 0.254000
v -0.968889 0.050000 0.254000
v -0.961861 -0.050000 0.250688
v -0.961861 0.050000 0.250688
v -0.955500 -0.050000 0.246750
v -0.955500 0.050000 0.246750
v -0.949889 -0.050000 0.242188
v -0.949889 0.050000 0.242188
v -0.945111 -0.050000 0.237000
v -0.945111 0.050000 0.237000
v -0.941250 -0.050000 0.231188
v -0.941250 0.050000 0.231188
v -0.938389 -0.050000 0.224750
v -0.938389 0.050000 0.224750
v -0.936611 -0.050000 0.217688
v -0.936611 0.050000 0.217688
v -0.936000 -0.050000 0.210000
v -0.936000 0.050000 0.210000
v -0.940132 -0.050000 0.195036
v -0.940132 0.050000 0.195036
v -0.951555 -0.050000 0.180875
v -0.951555 0.050000 0.180875
v -0.968812 -0.050000 0.167109
v -0.968812 0.050000 0.167109
v -0.990444 -0.050000 0.153333
v -0.990444 0.050000 0.153333
v -1.014993 -0.050000 0.139141
v -1.014993 0.050000 0.139141
v -1.041000 -0.050000 0.124125
v -1.041000 0.050000 0.124125
v -1.067007 -0.050000 0.107880
v -1.067007 0.050000 0.107880
v -1.091556 -0.050000 0.090000
v -1.091556 0.050000 0.090000
v -1.113188 -0.050000 0.070078
v -1.113188 0.050000 0.070078
v -1.130445 -0.050000 0.047708
v -1.130445 0.050000 0.047708
v -1.141868 -0.050000 0.022484
v -1.141868 0.050000 0.022484
v -1.146000 -0.050000 -0.006000
v -1.146000 0.050000 -0.006000
v -1.144807 -0.050000 -0.024366
v -1.144807 0.050000 -0.024366
v -1.141287 -0.050000 -0.041426
v -1.141287 0.050000 -0.041426
v -1.135531 -0.050000 -0.057125
v -1.135531 0.050000 -0.057125
v -1.127630 -0.050000 -0.071407
v -1.127630 0.050000 -0.071407
v -1.117673 -0.050000 -0.084218
v -1.117673 0.050000 -0.084218
v -1.105750 -0.050000 -0.095500
v -1.105750 0.050000 -0.095500
v -1.091953 -0.050000 -0.105199
v -1.091953 0.050000 -0.105199
v -1.076370 -0.050000 -0.113259
v -1.076370 0.050000 -0.113259
v -1.059094 -0.050000 -0.119625
v -1.059094 0.050000 -0.119625
v -1.040213 -0.050000 -0.124241
v -1.040213 0.050000 -0.124241
v -1.019818 -0.050000 -0.127051
v -1.019818 0.050000 -0.127051
v -0.998000 -0.050000 -0.128000
v -0.998000 0.050000 -0.128000
v -0.987478 -0.050000 -0.127749
v -0.987478 0.050000 -0.127749
v -0.976903 -0.050000 -0.126995
v -0.976903 0.050000 -0.126995
v -0.966266 -0.050000 -0.125734
v -0.966266 0.050000 -0.125734
v -0.955556 -0.050000 -0.123963
v -0.955556 0.050000 -0.123963
v -0.944762 -0.050000 -0.121678
v -0.944762 0.050000 -0.121678
v -0.933875 -0.050000 -0.118875
v -0.933875 0.050000 -0.118875
v -0.922884 -0.050000 -0.115552
v -0.922884 0.050000 -0.115552
v -0.911778 -0.050000 -0.111704
v -0.911778 0.050000 -0.111704
v -0.900547 -0.050000 -0.107328
v -0.900547 0.050000 -0.107328
v -0.889181 -0.050000 -0.102421
v -0.889181 0.050000 -0.102421
v -0.877668 -0.050000 -0.096980
v -0.877668 0.050000 -0.096980
v -0.866000 -0.050000 -0.091000
v -0.866000 0.050000 -0.091000
v -0.866000 -0.050000 -0.003000
v -0.866000 0.050000 -0.003000
v -0.653000 -0.050000 -0.060000
v -0.653000 0.050000 -0.060000
v -0.644176 -0.050000 -0.070371
v -0.644176 0.050000 -0.070371
v -0.634741 -0.050000 -0.079968
v -0.634741 0.050000 -0.079968
v -0.624750 -0.050000 -0.088766
v -0.624750 0.050000 -0.088766
v -0.614259 -0.050000 -0.096741
v -0.614259 0.050000 -0.096741
v -0.603324 -0.050000 -0.103869
v -0.603324 0.050000 -0.103869
v -0.592000 -0.050000 -0.110125
v -0.592000 0.050000 -0.110125
v -0.580343 -0.050000 -0.115486
v -0.580343 0.050000 -0.115486
v -0.568408 -0.050000 -0.119926
v -0.568408 0.050000 -0.119926
v -0.556250 -0.050000 -0.123422
v -0.556250 0.050000 -0.123422
v -0.543926 -0.050000 -0.125949
v -0.543926 0.050000 -0.125949
v -0.531491 -0.050000 -0.127483
v -0.531491 0.050000 -0.127483
v -0.519000 -0.050000 -0.128000
v -0.519000 0.050000 -0.128000
v -0.497504 -0.050000 -0.126748
v -0.497504 0.050000 -0.126748
v -0.477111 -0.050000 -0.122986
v -0.477111 0.050000 -0.122986
v -0.457969 -0.050000 -0.116703
v -0.457969 0.050000 -0.116703
v -0.440222 -0.050000 -0.107889
v -0.440222 0.050000 -0.107889
v -0.424017 -0.050000 -0.096533
v -0.424017 0.050000 -0.096533
v -0.409500 -0.050000 -0.082625
v -0.409500 0.050000 -0.082625
v -0.396816 -0.050000 -0.066155
v -0.396816 0.050000 -0.066155
v -0.386111 -0.050000 -0.047111
v -0.386111 0.050000 -0.047111
v -0.377531 -0.050000 -0.025484
v -0.377531 0.050000 -0.025484
v -0.371222 -0.050000 -0.001264
v -0.371222 0.050000 -0.001264
v -0.367330 -0.050000 0.025561
v -0.367330 0.050000 0.025561
v -0.366000 -0.050000 0.055000
v -0.366000 0.050000 0.055000
v -0.366000 -0.050000 0.330000
v -0.366000 0.050000 0.330000
v -0.455000 -0.050000 0.330000
v -0.455000 0.050000 0.330000
v -0.455000 -0.050000 0.052000
v -0.455000 0.050000 0.052000
v -0.455700 -0.050000 0.035991
v -0.455700 0.050000 0.035991
v -0.457768 -0.050000 0.021009
v -0.457768 0.050000 0.021009
v -0.461156 -0.050000 0.007125
v -0.461156 0.050000 0.007125
v -0.465815 -0.050000 -0.005593
v -0.465815 0.050000 -0.005593
v -0.471695 -0.050000 -0.017074
v -0.471695 0.050000 -0.017074
v -0.478750 -0.050000 -0.027250
v -0.478750 0.050000 -0.027250
v -0.486929 -0.050000 -0.036051
v -0.486929 0.050000 -0.036051
v -0.496185 -0.050000 -0.043407
v -0.496185 0.050000 -0.043407
v -0.506469 -0.050000 -0.049250
v -0.506469 0.050000 -0.049250
v -0.517731 -0.050000 -0.053509
v -0.517731 0.050000 -0.053509
v -0.529925 -0.050000 -0.056116
v -0.529925 0.050000 -0.056116
v -0.543000 -0.050000 -0.057000
v -0.543000 0.050000 -0.057000
v -0.552595 -0.050000 -0.056619
v -0.552595 0.050000 -0.056619
v -0.561921 -0.050000 -0.055449
v -0.561921 0.050000 -0.055449
v -0.571047 -0.050000 -0.053453
v -0.571047 0.050000 -0.053453
v -0.580037 -0.050000 -0.050593
v -0.580037 0.050000 -0.050593
v -0.588958 -0.050000 -0.046829
v -0.588958 0.050000 -0.046829
v -0.597875 -0.050000 -0.042125
v -0.597875 0.050000 -0.042125
v -0.606855 -0.050000 -0.036442
v -0.606855 0.050000 -0.036442
v -0.615963 -0.050000 -0.029741
v -0.615963 0.050000 -0.029741
v -0.625266 -0.050000 -0.021984
v -0.625266 0.050000 -0.021984
v -0.634829 -0.050000 -0.013134
v -0.634829 0.050000 -0.013134
v -0.644718 -0.050000 -0.003152
v -0.644718 0.050000 -0.003152
v -0.655000 -0.050000 0.008000
v -0.655000 0.050000 0.008000
v -0.655000 -0.050000 0.330000
v -0.655000 0.050000 0.330000
v -0.744000 -0.050000 0.330000
v -0.744000 0.050000 0.330000
v -0.744000 -0.050000 -0.352000
v -0.744000 0.050000 -0.352000
v -0.655000 -0.050000 -0.352000
v -0.655000 0.050000 -0.352000
v -0.655000 -0.050000 -0.060000
v -0.655000 0.050000 -0.060000
v 0.146000 -0.050000 -0.264000
v 0.146000 0.050000 -0.264000
v 0.146000 -0.050000 -0.058000
v 0.146000 0.050000 -0.058000
v 0.425000 -0.050000 -0.058000
v 0.425000 0.050000 -0.058000
v 0.425000 -0.050000 0.030000
v 0.425000 0.050000 0.030000
v 0.146000 -0.050000 0.030000
v 0.146000 0.050000 0.030000
v 0.146000 -0.050000 0.242000
v 0.146000 0.050000 0.242000
v 0.444000 -0.050000 0.242000
v 0.444000 0.050000 0.242000
v 0.444000 -0.050000 0.330000
v 0.444000 0.050000 0.330000
v 0.048000 -0.050000 0.330000
v 0.048000 0.050000 0.330000
v 0.048000 -0.050000 -0.352000
v 0.048000 0.050000 -0.352000
v 0.435000 -0.050000 -0.352000
v 0.435000 0.050000 -0.352000
v 0.435000 -0.050000 -0.264000
v 0.435000 0.050000 -0.264000
v 0.625000 -0.050000 -0.060000
v 0.625000 0.050000 -0.060000
v 0.633824 -0.050000 -0.070371
v 0.633824 0.050000 -0.070371
v 0.643259 -0.050000 -0.079968
v 0.643259 0.050000 -0.079968
v 0.653250 -0.050000 -0.088766
v 0.653250 0.050000 -0.088766
v 0.663740 -0.050000 -0.096741
v 0.663740 0.050000 -0.096741
v 0.674676 -0.050000 -0.103869
v 0.674676 0.050000 -0.103869
v 0.686000 -0.050000 -0.110125
v 0.686000 0.050000 -0.110125
v 0.697657 -0.050000 -0.115486
v 0.697657 0.050000 -0.115486
v 0.709593 -0.050000 -0.119926
v 0.709593 0.050000 -0.119926
v 0.721750 -0.050000 -0.123422
v 0.721750 0.050000 -0.123422
v 0.734074 -0.050000 -0.125949
v 0.734074 0.050000 -0.125949
v 0.746509 -0.050000 -0.127483
v 0.746509 0.050000 -0.127483
v 0.759000 -0.050000 -0.128000
v 0.759000 0.050000 -0.128000
v 0.779867 -0.050000 -0.126788
v 0.779867 0.050000 -0.126788
v 0.799848 -0.050000 -0.123134
v 0.799848 0.050000 -0.123134
v 0.818766 -0.050000 -0.117016
v 0.818766 0.050000 -0.117016
v 0.836445 -0.050000 -0.108407
v 0.836445 0.050000 -0.108407
v 0.852707 -0.050000 -0.097285
v 0.852707 0.050000 -0.097285
v 0.867375 -0.050000 -0.083625
v 0.867375 0.050000 -0.083625
v 0.880273 -0.050000 -0.067402
v 0.880273 0.050000 -0.067402
v 0.891222 -0.050000 -0.048593
v 0.891222 0.050000 -0.048593
v 0.900047 -0.050000 -0.027172
v 0.900047 0.050000 -0.027172
v 0.906569 -0.050000 -0.003116
v 0.906569 0.050000 -0.003116
v 0.910613 -0.050000 0.023600
v 0.910613 0.050000 0.023600
v 0.912000 -0.050000 0.053000
v 0.912000 0.050000 0.053000
v 0.912000 -0.050000 0.330000
v 0.912000 0.050000 0.330000
v 0.823000 -0.050000 0.330000
v 0.823000 0.050000 0.330000
v 0.823000 -0.050000 0.052000
v 0.823000 0.050000 0.052000
v 0.822299 -0.050000 0.035991
v 0.822299 0.050000 0.035991
v 0.820231 -0.050000 0.021009
v 0.820231 0.050000 0.021009
v 0.816844 -0.050000 0.007125
v 0.816844 0.050000 0.007125
v 0.812185 -0.050000 -0.005593
v 0.812185 0.050000 -0.005593
v 0.806304 -0.050000 -0.017074
v 0.806304 0.050000 -0.017074
v 0.799250 -0.050000 -0.027250
v 0.799250 0.050000 -0.027250
v 0.791070 -0.050000 -0.036051
v 0.791070 0.050000 -0.036051
v 0.781815 -0.050000 -0.043407
v 0.781815 0.050000 -0.043407
v 0.771531 -0.050000 -0.049250
v 0.771531 0.050000 -0.049250
v 0.760268 -0.050000 -0.053509
v 0.760268 0.050000 -0.053509
v 0.748075 -0.050000 -0.056116
v 0.748075 0.050000 -0.056116
v 0.735000 -0.050000 -0.057000
v 0.735000 0.050000 -0.057000
v 0.725406 -0.050000 -0.056619
v 0.725406 0.050000 -0.056619
v 0.716079 -0.050000 -0.055449
v 0.716079 0.050000 -0.055449
v 0.706953 -0.050000 -0.053453
v 0.706953 0.050000 -0.053453
v 0.697963 -0.050000 -0.050593
v 0.697963 0.050000 -0.050593
v 0.689042 -0.050000 -0.046829
v 0.689042 0.050000 -0.046829
v 0.680125 -0.050000 -0.042125
v 0.680125 0.050000 -0.042125
v 0.671145 -0.050000 -0.036442
v 0.671145 0.050000 -0.036442
v 0.662037 -0.050000 -0.029741
v 0.662037 0.050000 -0.029741
v 0.652734 -0.050000 -0.021984
v 0.652734 0.050000 -0.021984
v 0.643171 -0.050000 -0.013134
v 0.643171 0.050000 -0.013134
v 0.633282 -0.050000 -0.003152
v 0.633282 0.050000 -0.003152
v 0.623000 -0.050000 0.008000
v 0.623000 0.050000 0.008000
v 0.623000 -0.050000 0.330000
v 0.623000 0.050000 0.330000
v 0.534000 -0.050000 0.330000
v 0.534000 0.050000 0.330000
v 0.534000 -0.050000 -0.119000
v 0.534000 0.050000 -0.119000
v 0.623000 -0.050000 -0.119000
v 0.623000 0.050000 -0.119000
v 0.623000 -0.050000 -0.060000
v 0.623000 0.050000 -0.060000
v 1.282000 -0.050000 -0.119000
v 1.282000 0.050000 -0.119000
v 1.282000 -0.050000 -0.039000
v 1.282000 0.050000 -0.039000
v 1.140000 -0.050000 -0.039000
v 1.140000 0.050000 -0.039000
v 1.140000 -0.050000 0.191000
v 1.140000 0.050000 0.191000
v 1.140763 -0.050000 0.203472
v 1.140763 0.050000 0.203472
v 1.142935 -0.050000 0.214440
v 1.142935 0.050000 0.214440
v 1.146344 -0.050000 0.223984
v 1.146344 0.050000 0.223984
v 1.150815 -0.050000 0.232185
v 1.150815 0.050000 0.232185
v 1.156175 -0.050000 0.239122
v 1.156175 0.050000 0.239122
v 1.162250 -0.050000 0.244875
v 1.162250 0.050000 0.244875
v 1.168867 -0.050000 0.249524
v 1.168867 0.050000 0.249524
v 1.175852 -0.050000 0.253148
v 1.175852 0.050000 0.253148
v 1.183031 -0.050000 0.255828
v 1.183031 0.050000 0.255828
v 1.190232 -0.050000 0.257644
v 1.190232 0.050000 0.257644
v 1.197279 -0.050000 0.258674
v 1.197279 0.050000 0.258674
v 1.204000 -0.050000 0.259000
v 1.204000 0.050000 0.259000
v 1.212022 -0.050000 0.258771
v 1.212022 0.050000 0.258771
v 1.220093 -0.050000 0.258083
v 1.220093 0.050000 0.258083
v 1.228219 -0.050000 0.256938
v 1.228219 0.050000 0.256938
v 1.236408 -0.050000 0.255333
v 1.236408 0.050000 0.255333
v 1.244666 -0.050000 0.253271
v 1.244666 0.050000 0.253271
v 1.253000 -0.050000 0.250750
v 1.253000 0.050000 0.250750
v 1.261418 -0.050000 0.247771
v 1.261418 0.050000 0.247771
v 1.269926 -0.050000 0.244333
v 1.269926 0.050000 0.244333
v 1.278532 -0.050000 0.240438
v 1.278532 0.050000 0.240438
v 1.287241 -0.050000 0.236083
v 1.287241 0.050000 0.236083
v 1.296062 -0.050000 0.231271
v 1.296062 0.050000 0.231271
v 1.305000 -0.050000 0.226000
v 1.305000 0.050000 0.226000
v 1.305000 -0.050000 0.309000
v 1.305000 0.050000 0.309000
v 1.296917 -0.050000 0.313161
v 1.296917 0.050000 0.313161
v 1.288250 -0.050000 0.317125
v 1.288250 0.050000 0.317125
v 1.279125 -0.050000 0.320859
v 1.279125 0.050000 0.320859
v 1.269667 -0.050000 0.324333
v 1.269667 0.050000 0.324333
v 1.260000 -0.050000 0.327516
v 1.260000 0.050000 0.327516
v 1.250250 -0.050000 0.330375
v 1.250250 0.050000 0.330375
v 1.240542 -0.050000 0.332880
v 1.240542 0.050000 0.332880
v 1.231000 -0.050000 0.335000
v 1.231000 0.050000 0.335000
v 1.221750 -0.050000 0.336703
v 1.221750 0.050000 0.336703
v 1.212917 -0.050000 0.337958
v 1.212917 0.050000 0.337958
v 1.204625 -0.050000 0.338734
v 1.204625 0.050000 0.338734
v 1.197000 -0.050000 0.339000
v 1.197000 0.050000 0.339000
v 1.173751 -0.050000 0.337773
v 1.173751 0.050000 0.337773
v 1.152505 -0.050000 0.334181
v 1.152505 0.050000 0.334181
v 1.133266 -0.050000 0.328359
v 1.133266 0.050000 0.328359
v 1.116037 -0.050000 0.320444
v 1.116037 0.050000 0.320444
v 1.100822 -0.050000 0.310571
v 1.100822 0.050000 0.310571
v 1.087625 -0.050000 0.298875
v 1.087625 0.050000 0.298875
v 1.076448 -0.050000 0.285491
v 1.076448 0.050000 0.285491
v 1.067296 -0.050000 0.270556
v 1.067296 0.050000 0.270556
v 1.060172 -0.050000 0.254203
v 1.060172 0.050000 0.254203
v 1.055079 -0.050000 0.236569
v 1.055079 0.050000 0.236569
v 1.052020 -0.050000 0.217790
v 1.052020 0.050000 0.217790
v 1.051000 -0.050000 0.198000
v 1.051000 0.050000 0.198000
v 1.051000 -0.050000 -0.039000
v 1.051000 0.050000 -0.039000
v 0.973000 -0.050000 -0.039000
v 0.973000 0.050000 -0.039000
v 0.973000 -0.050000 -0.049000
v 0.973000 0.050000 -0.049000
v 1.140000 -0.050000 -0.212000
v 1.140000 0.050000 -0.212000
v 1.140000 -0.050000 -0.119000
v 1.140000 0.050000 -0.119000
v 1.730586 -0.050000 0.294605
v 1.730586 0.050000 0.294605
v 1.717269 -0.050000 0.302426
v 1.717269 0.050000 0.302426
v 1.703938 -0.050000 0.309469
v 1.703938 0.050000 0.309469
v 1.690482 -0.050000 0.315741
v 1.690482 0.050000 0.315741
v 1.676790 -0.050000 0.321249
v 1.676790 0.050000 0.321249
v 1.662750 -0.050000 0.326000
v 1.662750 0.050000 0.326000
v 1.648252 -0.050000 0.330001
v 1.648252 0.050000 0.330001
v 1.633185 -0.050000 0.333259
v 1.633185 0.050000 0.333259
v 1.617438 -0.050000 0.335781
v 1.617438 0.050000 0.335781
v 1.600898 -0.050000 0.337574
v 1.600898 0.050000 0.337574
v 1.583456 -0.050000 0.338645
v 1.583456 0.050000 0.338645
v 1.565000 -0.050000 0.339000
v 1.565000 0.050000 0.339000
v 1.531301 -0.050000 0.336666
v 1.531301 0.050000 0.336666
v 1.500241 -0.050000 0.329907
v 1.500241 0.050000 0.329907
v 1.471875 -0.050000 0.319094
v 1.471875 0.050000 0.319094
v 1.446259 -0.050000 0.304593
v 1.446259 0.050000 0.304593
v 1.423449 -0.050000 0.286772
v 1.423449 0.050000 0.286772
v 1.403500 -0.050000 0.266000
v 1.403500 0.050000 0.266000
v 1.386467 -0.050000 0.242645
v 1.386467 0.050000 0.242645
v 1.372407 -0.050000 0.217074
v 1.372407 0.050000 0.217074
v 1.361375 -0.050000 0.189656
v 1.361375 0.050000 0.189656
v 1.353426 -0.050000 0.160759
v 1.353426 0.050000 0.160759
v 1.348616 -0.050000 0.130751
v 1.348616 0.050000 0.130751
v 1.347000 -0.050000 0.100000
v 1.347000 0.050000 0.100000
v 1.348764 -0.050000 0.066944
v 1.348764 0.050000 0.066944
v 1.353945 -0.050000 0.035889
v 1.353945 0.050000 0.035889
v 1.362375 -0.050000 0.007000
v 1.362375 0.050000 0.007000
v 1.373889 -0.050000 -0.019556
v 1.373889 0.050000 -0.019556
v 1.388319 -0.050000 -0.043611
v 1.388319 0.050000 -0.043611
v 1.405500 -0.050000 -0.065000
v 1.405500 0.050000 -0.065000
v 1.425264 -0.050000 -0.083556
v 1.425264 0.050000 -0.083556
v 1.447445 -0.050000 -0.099111
v 1.447445 0.050000 -0.099111
v 1.471875 -0.050000 -0.111500
v 1.471875 0.050000 -0.111500
v 1.498389 -0.050000 -0.120556
v 1.498389 0.050000 -0.120556
v 1.526819 -0.050000 -0.126111
v 1.526819 0.050000 -0.126111
v 1.557000 -0.050000 -0.128000
v 1.557000 0.050000 -0.128000
v 1.585835 -0.050000 -0.126310
v 1.585835 0.050000 -0.126310
v 1.612764 -0.050000 -0.121231
v 1.612764 0.050000 -0.121231
v 1.637672 -0.050000 -0.112750
v 1.637672 0.050000 -0.112750
v 1.660444 -0.050000 -0.100852
v 1.660444 0.050000 -0.100852
v 1.680967 -0.050000 -0.085523
v 1.680967 0.050000 -0.085523
v 1.699125 -0.050000 -0.066750
v 1.699125 0.050000 -0.066750
v 1.714804 -0.050000 -0.044519
v 1.714804 0.050000 -0.044519
v 1.727889 -0.050000 -0.018815
v 1.727889 0.050000 -0.018815
v 1.738266 -0.050000 0.010375
v 1.738266 0.050000 0.010375
v 1.745820 -0.050000 0.043065
v 1.745820 0.050000 0.043065
v 1.750436 -0.050000 0.079269
v 1.750436 0.050000 0.079269
v 1.752000 -0.050000 0.119000
v 1.752000 0.050000 0.119000
v 1.436000 -0.050000 0.119000
v 1.436000 0.050000 0.119000
v 1.440270 -0.050000 0.140352
v 1.440270 0.050000 0.140352
v 1.446074 -0.050000 0.159903
v 1.446074 0.050000 0.159903
v 1.453406 -0.050000 0.177641
v 1.453406 0.050000 0.177641
v 1.462259 -0.050000 0.193556
v 1.462259 0.050000 0.193556
v 1.472626 -0.050000 0.207637
v 1.472626 0.050000 0.207637
v 1.484500 -0.050000 0.219875
v 1.484500 0.050000 0.219875
v 1.497874 -0.050000 0.230259
v 1.497874 0.050000 0.230259
v 1.512740 -0.050000 0.238778
v 1.512740 0.050000 0.238778
v 1.529094 -0.050000 0.245422
v 1.529094 0.050000 0.245422
v 1.546926 -0.050000 0.250181
v 1.546926 0.050000 0.250181
v 1.566230 -0.050000 0.253043
v 1.566230 0.050000 0.253043
v 1.587000 -0.050000 0.254000
v 1.587000 0.050000 0.254000
v 1.600440 -0.050000 0.253587
v 1.600440 0.050000 0.253587
v 1.613769 -0.050000 0.252361
v 1.613769 0.050000 0.252361
v 1.627000 -0.050000 0.250344
v 1.627000 0.050000 0.250344
v 1.640148 -0.050000 0.247556
v 1.640148 0.050000 0.247556
v 1.653227 -0.050000 0.244017
v 1.653227 0.050000 0.244017
v 1.666250 -0.050000 0.239750
v 1.666250 0.050000 0.239750
v 1.679231 -0.050000 0.234774
v 1.679231 0.050000 0.234774
v 1.692185 -0.050000 0.229111
v 1.692185 0.050000 0.229111
v 1.705125 -0.050000 0.222781
v 1.705125 0.050000 0.222781
v 1.718065 -0.050000 0.215806
v 1.718065 0.050000 0.215806
v 1.731019 -0.050000 0.208205
v 1.731019 0.050000 0.208205
v 1.744000 -0.050000 0.200000
v 1.744000 0.050000 0.200000
v 1.744000 -0.050000 0.286000
v 1.744000 0.050000 0.286000
v 1.662507 -0.050000 0.043531
v 1.662507 0.050000 0.043531
v 1.659556 -0.050000 0.028167
v 1.659556 0.050000 0.028167
v 1.655188 -0.050000 0.013969
v 1.655188 0.050000 0.013969
v 1.649445 -0.050000 0.001000
v 1.649445 0.050000 0.001000
v 1.642368 -0.050000 -0.010677
v 1.642368 0.050000 -0.010677
v 1.634000 -0.050000 -0.021000
v 1.634000 0.050000 -0.021000
v 1.624382 -0.050000 -0.029906
v 1.624382 0.050000 -0.029906
v 1.613556 -0.050000 -0.037333
v 1.613556 0.050000 -0.037333
v 1.601562 -0.050000 -0.043219
v 1.601562 0.050000 -0.043219
v 1.588444 -0.050000 -0.047500
v 1.588444 0.050000 -0.047500
v 1.574243 -0.050000 -0.050115
v 1.574243 0.050000 -0.050115
v 1.559000 -0.050000 -0.051000
v 1.559000 0.050000 -0.051000
v 1.542563 -0.050000 -0.050172
v 1.542563 0.050000 -0.050172
v 1.527259 -0.050000 -0.047708
v 1.527259 0.050000 -0.047708
v 1.513093 -0.050000 -0.043641
v 1.513093 0.050000 -0.043641
v 1.500074 -0.050000 -0.038000
v 1.500074 0.050000 -0.038000
v 1.488207 -0.050000 -0.030818
v 1.488207 0.050000 -0.030818
v 1.477500 -0.050000 -0.022125
v 1.477500 0.050000 -0.022125
v 1.467959 -0.050000 -0.011953
v 1.467959 0.050000 -0.011953
v 1.459593 -0.050000 -0.000333
v 1.459593 0.050000 -0.000333
v 1.452406 -0.050000 0.012703
v 1.452406 0.050000 0.012703
v 1.446407 -0.050000 0.027125
v 1.446407 0.050000 0.027125
v 1.441603 -0.050000 0.042901
v 1.441603 0.050000 0.042901
v 1.438000 -0.050000 0.060000
v 1.438000 0.050000 0.060000
v 1.664000 -0.050000 0.060000
v 1.664000 0.050000 0.060000
v 1.943000 -0.050000 -0.016000
v 1.943000 0.050000 -0.016000
v 1.945000 -0.050000 -0.016000
v 1.945000 0.050000 -0.016000
v 1.956209 -0.050000 -0.034799
v 1.956209 0.050000 -0.034799
v 1.967338 -0.050000 -0.051727
v 1.967338 0.050000 -0.051727
v 1.978390 -0.050000 -0.066828
v 1.978390 0.050000 -0.066828
v 1.989370 -0.050000 -0.080148
v 1.989370 0.050000 -0.080148
v 2.000281 -0.050000 -0.091732
v 2.000281 0.050000 -0.091732
v 2.011125 -0.050000 -0.101625
v 2.011125 0.050000 -0.101625
v 2.021907 -0.050000 -0.109872
v 2.021907 0.050000 -0.109872
v 2.032629 -0.050000 -0.116519
v 2.032629 0.050000 -0.116519
v 2.043297 -0.050000 -0.121609
v 2.043297 0.050000 -0.121609
v 2.053912 -0.050000 -0.125190
v 2.053912 0.050000 -0.125190
v 2.064479 -0.050000 -0.127305
v 2.064479 0.050000 -0.127305
v 2.075000 -0.050000 -0.128000
v 2.075000 0.050000 -0.128000
v 2.083961 -0.050000 -0.127645
v 2.083961 0.050000 -0.127645
v 2.092857 -0.050000 -0.126579
v 2.092857 0.050000 -0.126579
v 2.101703 -0.050000 -0.124797
v 2.101703 0.050000 -0.124797
v 2.110519 -0.050000 -0.122296
v 2.110519 0.050000 -0.122296
v 2.119320 -0.050000 -0.119074
v 2.119320 0.050000 -0.119074
v 2.128125 -0.050000 -0.115125
v 2.128125 0.050000 -0.115125
v 2.136951 -0.050000 -0.110447
v 2.136951 0.050000 -0.110447
v 2.145815 -0.050000 -0.105037
v 2.145815 0.050000 -0.105037
v 2.154734 -0.050000 -0.098891
v 2.154734 0.050000 -0.098891
v 2.163727 -0.050000 -0.092005
v 2.163727 0.050000 -0.092005
v 2.172809 -0.050000 -0.084376
v 2.172809 0.050000 -0.084376
v 2.182000 -0.050000 -0.076000
v 2.182000 0.050000 -0.076000
v 2.135000 -0.050000 0.001000
v 2.135000 0.050000 0.001000
v 2.128096 -0.050000 -0.005328
v 2.128096 0.050000 -0.005328
v 2.120936 -0.050000 -0.011287
v 2.120936 0.050000 -0.011287
v 2.113594 -0.050000 -0.016844
v 2.113594 0.050000 -0.016844
v 2.106148 -0.050000 -0.021963
v 2.106148 0.050000 -0.021963
v 2.098675 -0.050000 -0.026610
v 2.098675 0.050000 -0.026610
v 2.091250 -0.050000 -0.030750
v 2.091250 0.050000 -0.030750
v 2.083950 -0.050000 -0.034348
v 2.083950 0.050000 -0.034348
v 2.076852 -0.050000 -0.037370
v 2.076852 0.050000 -0.037370
v 2.070031 -0.050000 -0.039781
v 2.070031 0.050000 -0.039781
v 2.063565 -0.050000 -0.041546
v 2.063565 0.050000 -0.041546
v 2.057529 -0.050000 -0.042631
v 2.057529 0.050000 -0.042631
v 2.052000 -0.050000 -0.043000
v 2.052000 0.050000 -0.043000
v 2.037041 -0.050000 -0.041755
v 2.037041 0.050000 -0.041755
v 2.022745 -0.050000 -0.038125
v 2.022745 0.050000 -0.038125
v 2.009234 -0.050000 -0.032266
v 2.009234 0.050000 -0.032266
v 1.996629 -0.050000 -0.024333
v 1.996629 0.050000 -0.024333
v 1.985052 -0.050000 -0.014484
v 1.985052 0.050000 -0.014484
v 1.974625 -0.050000 -0.002875
v 1.974625 0.050000 -0.002875
v 1.965468 -0.050000 0.010339
v 1.965468 0.050000 0.010339
v 1.957704 -0.050000 0.025000
v 1.957704 0.050000 0.025000
v 1.951453 -0.050000 0.040953
v 1.951453 0.050000 0.040953
v 1.946838 -0.050000 0.058042
v 1.946838 0.050000 0.058042
v 1.943980 -0.050000 0.076109
v 1.943980 0.050000 0.076109
v 1.943000 -0.050000 0.095000
v 1.943000 0.050000 0.095000
v 1.943000 -0.050000 0.330000
v 1.943000 0.050000 0.330000
v 1.854000 -0.050000 0.330000
v 1.854000 0.050000 0.330000
v 1.854000 -0.050000 -0.119000
v 1.854000 0.050000 -0.119000
v 1.943000 -0.050000 -0.119000
v 1.943000 0.050000 -0.119000
vn -0.0000 1.0000 -0.0000
vn -0.0000 -1.0000 -0.0000
vn 0.2200 -0.0000 -0.9755
vn 0.1053 -0.0000 -0.9944
vn 0.3427 -0.0000 -0.9395
vn 0.4688 -0.0000 -0.8833
vn 0.5921 -0.0000 -0.8058
vn 0.7056 -0.0000 -0.7086
vn 0.8030 -0.0000 -0.5960
vn 0.8804 -0.0000 -0.4742
vn 0.9370 -0.0000 -0.3494
vn 0.9739 -0.0000 -0.2269
vn 0.9939 -0.0000 -0.1102
vn 1.0000 -0.0000 0.0019
vn 0.9930 -0.0000 0.1184
vn 0.9698 -0.0000 0.2437
vn 0.9930 -0.0000 0.1183
vn 0.9273 -0.0000 0.3743
vn 0.8631 -0.0000 0.5050
vn 0.7775 -0.0000 0.6289
vn 0.6734 -0.0000 0.7393
vn 0.5568 -0.0000 0.8307
vn 0.4348 -0.0000 0.9005
vn 0.3142 -0.0000 0.9494
vn 0.2000 -0.0000 0.9798
vn 0.0952 -0.0000 0.9955
vn 0.0227 -0.0000 0.9997
vn 0.7071 -0.0000 0.7071
vn -0.7071 -0.0000 0.7071
vn -0.7071 -0.0000 -0.7071
vn 0.0252 -0.0000 -0.9997
vn -0.0946 -0.0000 -0.9955
vn -0.0228 -0.0000 -0.9997
vn -0.1970 -0.0000 -0.9804
vn -0.3075 -0.0000 -0.9516
vn -0.4241 -0.0000 -0.9056
vn -0.5431 -0.0000 -0.8397
vn -0.6588 -0.0000 -0.7523
vn -0.7645 -0.0000 -0.6446
vn -0.8537 -0.0000 -0.5208
vn -0.9218 -0.0000 -0.3876
vn -0.8536 -0.0000 -0.5209
vn -0.9676 -0.0000 -0.2525
vn -0.9925 -0.0000 -0.1222
vn -1.0000 -0.0000 -0.0063
vn -0.9954 -0.0000 0.0956
vn -0.9801 -0.0000 0.1986
vn -0.9505 -0.0000 0.3106
vn -0.9028 -0.0000 0.4300
vn -0.8333 -0.0000 0.5528
vn -0.7405 -0.0000 0.6721
vn -0.6264 -0.0000 0.7795
vn -0.4975 -0.0000 0.8674
vn -0.3629 -0.0000 0.9318
vn -0.2314 -0.0000 0.9729
vn -0.1098 -0.0000 0.9940
vn -0.0260 -0.0000 0.9997
vn 0.7071 -0.0000 -0.7071
vn 0.6910 -0.0000 0.7229
vn -0.3790 -0.0000 0.9254
vn 0.6461 -0.0000 0.7633
vn 0.5995 -0.0000 0.8004
vn 0.5508 -0.0000 0.8346
vn 0.4995 -0.0000 0.8663
vn 0.4450 -0.0000 0.8955
vn 0.3865 -0.0000 0.9223
vn 0.3230 -0.0000 0.9464
vn 0.2537 -0.0000 0.9673
vn 0.1772 -0.0000 0.9842
vn 0.0925 -0.0000 0.9957
vn -0.0063 -0.0000 1.0000
vn -0.1244 -0.0000 0.9922
vn -0.2544 -0.0000 0.9671
vn -0.3871 -0.0000 0.9221
vn -0.5168 -0.0000 0.8561
vn -0.6377 -0.0000 0.7703
vn -0.7439 -0.0000 0.6683
vn -0.8317 -0.0000 0.5552
vn -0.8995 -0.0000 0.4370
vn -0.9477 -0.0000 0.3190
vn -0.9787 -0.0000 0.2055
vn -0.9951 -0.0000 0.0990
vn -0.9997 -0.0000 0.0239
vn 0.9998 -0.0000 -0.0212
vn 0.9960 -0.0000 -0.0896
vn 0.9818 -0.0000 -0.1901
vn 0.9531 -0.0000 -0.3027
vn 0.9052 -0.0000 -0.4249
vn 0.8342 -0.0000 -0.5514
vn 0.7387 -0.0000 -0.6740
vn 0.6219 -0.0000 -0.7831
vn 0.4912 -0.0000 -0.8711
vn 0.3564 -0.0000 -0.9343
vn 0.2264 -0.0000 -0.9740
vn 0.1073 -0.0000 -0.9942
vn 0.0025 -0.0000 -1.0000
vn -0.0916 -0.0000 -0.9958
vn -0.1820 -0.0000 -0.9833
vn -0.2697 -0.0000 -0.9629
vn -0.3535 -0.0000 -0.9354
vn -0.4323 -0.0000 -0.9017
vn -0.5054 -0.0000 -0.8629
vn -0.5723 -0.0000 -0.8201
vn -0.6329 -0.0000 -0.7742
vn -0.5723 -0.0000 -0.8200
vn -0.6873 -0.0000 -0.7263
vn -0.7358 -0.0000 -0.6772
vn -0.7786 -0.0000 -0.6275
vn -0.9482 -0.0000 -0.3176
vn -0.4823 -0.0000 0.8760
vn -0.5172 -0.0000 0.8558
vn -0.4458 -0.0000 0.8951
vn -0.4077 -0.0000 0.9131
vn -0.3678 -0.0000 0.9299
vn -0.3257 -0.0000 0.9455
vn -0.2811 -0.0000 0.9597
vn -0.2336 -0.0000 0.9723
vn -0.1825 -0.0000 0.9832
vn -0.1271 -0.0000 0.9919
vn -0.0663 -0.0000 0.9978
vn 0.0027 -0.0000 1.0000
vn 0.0823 -0.0000 0.9966
vn 0.1700 -0.0000 0.9854
vn 0.2641 -0.0000 0.9645
vn 0.3643 -0.0000 0.9313
vn 0.4699 -0.0000 0.8827
vn 0.5787 -0.0000 0.8155
vn 0.6870 -0.0000 0.7266
vn 0.7891 -0.0000 0.6142
vn 0.6870 -0.0000 0.7267
vn 0.8777 -0.0000 0.4792
vn 0.7891 -0.0000 0.6143
vn 0.9453 -0.0000 0.3263
vn 0.8777 -0.0000 0.4793
vn 0.9865 -0.0000 0.1635
vn 0.9998 -0.0000 -0.0217
vn 0.9718 -0.0000 -0.2356
vn 0.9032 -0.0000 -0.4292
vn 0.8221 -0.0000 -0.5693
vn 0.9032 -0.0000 -0.4293
vn 0.7473 -0.0000 -0.6645
vn 0.6851 -0.0000 -0.7285
vn 0.7472 -0.0000 -0.6645
vn 0.6358 -0.0000 -0.7719
vn 0.5974 -0.0000 -0.8019
vn 0.5678 -0.0000 -0.8232
vn 0.5449 -0.0000 -0.8385
vn 0.5274 -0.0000 -0.8496
vn 0.5139 -0.0000 -0.8579
vn 0.5350 -0.0000 -0.8449
vn 0.5728 -0.0000 -0.8197
vn 0.5989 -0.0000 -0.8008
vn 0.6320 -0.0000 -0.7750
vn 0.6728 -0.0000 -0.7399
vn 0.7213 -0.0000 -0.6926
vn 0.7764 -0.0000 -0.6303
vn 0.8348 -0.0000 -0.5505
vn 0.8914 -0.0000 -0.4532
vn 0.9398 -0.0000 -0.3416
vn 0.9748 -0.0000 -0.2232
vn 0.9942 -0.0000 -0.1073
vn 1.0000 -0.0000 0.0079
vn 0.9907 -0.0000 0.1363
vn 0.9616 -0.0000 0.2746
vn 0.9120 -0.0000 0.4102
vn 0.8432 -0.0000 0.5377
vn 0.7578 -0.0000 0.6525
vn 0.6598 -0.0000 0.7515
vn 0.5532 -0.0000 0.8331
vn 0.6598 -0.0000 0.7514
vn 0.4418 -0.0000 0.8971
vn 0.3287 -0.0000 0.9444
vn 0.2164 -0.0000 0.9763
vn 0.1065 -0.0000 0.9943
vn 0.0175 -0.0000 0.9998
vn -0.0361 -0.0000 0.9993
vn -0.0754 -0.0000 0.9972
vn -0.1179 -0.0000 0.9930
vn -0.1625 -0.0000 0.9867
vn -0.2078 -0.0000 0.9782
vn -0.1624 -0.0000 0.9867
vn -0.2527 -0.0000 0.9676
vn -0.2958 -0.0000 0.9553
vn -0.3361 -0.0000 0.9418
vn -0.3728 -0.0000 0.9279
vn -0.4056 -0.0000 0.9140
vn -0.4343 -0.0000 0.9008
vn -0.8508 -0.0000 0.5256
vn -0.4725 -0.0000 -0.8813
vn -0.8508 -0.0000 0.5255
vn 0.5388 -0.0000 -0.8424
vn 0.5082 -0.0000 -0.8612
vn 0.4758 -0.0000 -0.8796
vn 0.4410 -0.0000 -0.8975
vn 0.4036 -0.0000 -0.9149
vn 0.3630 -0.0000 -0.9318
vn 0.3185 -0.0000 -0.9479
vn 0.2692 -0.0000 -0.9631
vn 0.2141 -0.0000 -0.9768
vn 0.1518 -0.0000 -0.9884
vn 0.0806 -0.0000 -0.9968
vn -0.0245 -0.0000 -0.9997
vn -0.1289 -0.0000 -0.9917
vn -0.2065 -0.0000 -0.9784
vn -0.2900 -0.0000 -0.9570
vn -0.3801 -0.0000 -0.9249
vn -0.4771 -0.0000 -0.8788
vn -0.5798 -0.0000 -0.8148
vn -0.6850 -0.0000 -0.7286
vn -0.7867 -0.0000 -0.6173
vn -0.8765 -0.0000 -0.4814
vn -0.9453 -0.0000 -0.3263
vn -0.9868 -0.0000 -0.1622
vn -0.9955 -0.0000 0.0949
vn -0.8897 -0.0000 0.4565
vn -0.7052 -0.0000 0.7090
vn -0.5812 -0.0000 0.8138
vn -0.5190 -0.0000 0.8548
vn -0.5003 -0.0000 0.8659
vn -0.5150 -0.0000 0.8572
vn -0.5596 -0.0000 0.8288
vn -0.6341 -0.0000 0.7732
vn -0.7373 -0.0000 0.6756
vn -0.8571 -0.0000 0.5151
vn -0.7372 -0.0000 0.6756
vn -0.9598 -0.0000 0.2808
vn -0.9992 -0.0000 0.0396
vn -0.9910 -0.0000 -0.1338
vn -0.9618 -0.0000 -0.2739
vn -0.9096 -0.0000 -0.4154
vn -0.8348 -0.0000 -0.5506
vn -0.7406 -0.0000 -0.6720
vn -0.5185 -0.0000 -0.8551
vn -0.4034 -0.0000 -0.9150
vn -0.2921 -0.0000 -0.9564
vn -0.1872 -0.0000 -0.9823
vn -0.0901 -0.0000 -0.9959
vn -0.0098 -0.0000 -1.0000
vn 0.0475 -0.0000 -0.9989
vn 0.0945 -0.0000 -0.9955
vn 0.1405 -0.0000 -0.9901
vn 0.1852 -0.0000 -0.9827
vn 0.2283 -0.0000 -0.9736
vn 0.2694 -0.0000 -0.9630
vn 0.3085 -0.0000 -0.9512
vn 0.3453 -0.0000 -0.9385
vn 0.3797 -0.0000 -0.9251
vn 0.4119 -0.0000 -0.9112
vn 0.4418 -0.0000 -0.8971
vn 0.8533 -0.0000 -0.5215
vn 0.4826 -0.0000 0.8758
vn 0.4826 -0.0000 0.8759
vn -0.7378 -0.0000 -0.6750
vn -0.4195 -0.0000 -0.9077
vn -0.6874 -0.0000 -0.7263
vn -0.6334 -0.0000 -0.7738
vn -0.5760 -0.0000 -0.8174
vn -0.5152 -0.0000 -0.8571
vn -0.4510 -0.0000 -0.8925
vn -0.3835 -0.0000 -0.9235
vn -0.3128 -0.0000 -0.9498
vn -0.2388 -0.0000 -0.9711
vn -0.1618 -0.0000 -0.9868
vn -0.0820 -0.0000 -0.9966
vn 0.0084 -0.0000 -1.0000
vn 0.1200 -0.0000 -0.9928
vn 0.2472 -0.0000 -0.9690
vn 0.3793 -0.0000 -0.9253
vn 0.5108 -0.0000 -0.8597
vn 0.6347 -0.0000 -0.7728
vn 0.7441 -0.0000 -0.6680
vn 0.8342 -0.0000 -0.5515
vn 0.9027 -0.0000 -0.4304
vn 0.9504 -0.0000 -0.3110
vn 0.9802 -0.0000 -0.1981
vn 0.9955 -0.0000 -0.0945
vn 0.9997 -0.0000 -0.0226
vn -0.9998 -0.0000 0.0218
vn -0.9959 -0.0000 0.0903
vn -0.9823 -0.0000 0.1871
vn -0.9567 -0.0000 0.2910
vn -0.9162 -0.0000 0.4007
vn -0.8578 -0.0000 0.5139
vn -0.7791 -0.0000 0.6268
vn -0.6793 -0.0000 0.7339
vn -0.5598 -0.0000 0.8286
vn -0.4251 -0.0000 0.9051
vn -0.2822 -0.0000 0.9594
vn -0.1386 -0.0000 0.9903
vn -0.0139 -0.0000 0.9999
vn 0.0821 -0.0000 0.9966
vn 0.1692 -0.0000 0.9856
vn 0.2587 -0.0000 0.9660
vn 0.3463 -0.0000 0.9381
vn 0.4280 -0.0000 0.9038
vn 0.5011 -0.0000 0.8654
vn 0.5640 -0.0000 0.8257
vn 0.6168 -0.0000 0.7871
vn 0.6600 -0.0000 0.7512
vn 0.6950 -0.0000 0.7190
vn 0.7229 -0.0000 0.6909
vn 0.9315 -0.0000 0.3639
vn -0.6335 -0.0000 -0.7738
vn 0.0083 -0.0000 -1.0000
vn 0.1192 -0.0000 -0.9929
vn 0.2443 -0.0000 -0.9697
vn 0.3737 -0.0000 -0.9276
vn 0.5025 -0.0000 -0.8646
vn 0.6248 -0.0000 -0.7808
vn 0.7342 -0.0000 -0.6790
vn 0.8257 -0.0000 -0.5642
vn 0.8965 -0.0000 -0.4430
vn 0.9468 -0.0000 -0.3219
vn 0.9786 -0.0000 -0.2060
vn 0.9951 -0.0000 -0.0985
vn 0.9997 -0.0000 -0.0236
vn -0.9998 -0.0000 0.0219
vn -0.9567 -0.0000 0.2909
vn 0.9995 -0.0000 -0.0305
vn 0.9918 -0.0000 -0.1280
vn 0.9640 -0.0000 -0.2660
vn 0.9126 -0.0000 -0.4087
vn 0.8373 -0.0000 -0.5468
vn 0.7417 -0.0000 -0.6708
vn 0.6329 -0.0000 -0.7742
vn 0.5189 -0.0000 -0.8548
vn 0.4059 -0.0000 -0.9139
vn 0.2975 -0.0000 -0.9547
vn 0.1948 -0.0000 -0.9808
vn 0.0967 -0.0000 -0.9953
vn 0.0099 -0.0000 -1.0000
vn -0.0567 -0.0000 -0.9984
vn -0.1123 -0.0000 -0.9937
vn -0.1660 -0.0000 -0.9861
vn -0.2173 -0.0000 -0.9761
vn -0.2660 -0.0000 -0.9640
vn -0.3117 -0.0000 -0.9502
vn -0.3542 -0.0000 -0.9352
vn -0.3936 -0.0000 -0.9193
vn -0.4299 -0.0000 -0.9029
vn -0.4631 -0.0000 -0.8863
vn -0.4935 -0.0000 -0.8697
vn 0.4960 -0.0000 -0.8683
vn 0.8537 -0.0000 0.5207
vn 0.4369 -0.0000 0.8995
vn 0.3974 -0.0000 0.9176
vn 0.3618 -0.0000 0.9322
vn 0.3288 -0.0000 0.9444
vn 0.2971 -0.0000 0.9548
vn 0.2657 -0.0000 0.9641
vn 0.2334 -0.0000 0.9724
vn 0.1990 -0.0000 0.9800
vn 0.1609 -0.0000 0.9870
vn 0.1170 -0.0000 0.9931
vn 0.0640 -0.0000 0.9979
vn -0.0090 -0.0000 1.0000
vn -0.1099 -0.0000 0.9939
vn -0.2286 -0.0000 0.9735
vn -0.3544 -0.0000 0.9351
vn -0.4822 -0.0000 0.8761
vn -0.6055 -0.0000 0.7958
vn -0.7174 -0.0000 0.6966
vn -0.8123 -0.0000 0.5833
vn -0.8868 -0.0000 0.4621
vn -0.9407 -0.0000 0.3392
vn -0.9756 -0.0000 0.2195
vn -0.9943 -0.0000 0.1063
vn -0.9997 -0.0000 0.0258
vn -0.9997 -0.0000 0.0257
vn -0.9215 -0.0000 -0.3883
vn 0.3883 -0.0000 -0.9215
vn 0.4869 -0.0000 0.8735
vn 0.5233 -0.0000 0.8522
vn 0.4449 -0.0000 0.8956
vn 0.3980 -0.0000 0.9174
vn 0.3470 -0.0000 0.9379
vn 0.2934 -0.0000 0.9560
vn 0.2388 -0.0000 0.9711
vn 0.1848 -0.0000 0.9828
vn 0.1330 -0.0000 0.9911
vn 0.0845 -0.0000 0.9964
vn 0.0403 -0.0000 0.9992
vn -0.0250 -0.0000 0.9997
vn -0.1412 -0.0000 0.9900
vn -0.2852 -0.0000 0.9585
vn -0.4256 -0.0000 0.9049
vn -0.5557 -0.0000 0.8314
vn -0.6701 -0.0000 0.7422
vn -0.7664 -0.0000 0.6424
vn -0.8438 -0.0000 0.5366
vn -0.9036 -0.0000 0.4283
vn -0.9475 -0.0000 0.3198
vn -0.9773 -0.0000 0.2121
vn -0.9944 -0.0000 0.1055
vn -1.0000 -0.0000 -0.0004
vn -0.9940 -0.0000 -0.1091
vn -0.9749 -0.0000 -0.2227
vn -0.9406 -0.0000 -0.3396
vn -0.8894 -0.0000 -0.4571
vn -0.8205 -0.0000 -0.5717
vn -0.7339 -0.0000 -0.6793
vn -0.6309 -0.0000 -0.7758
vn -0.5145 -0.0000 -0.8575
vn -0.3887 -0.0000 -0.9214
vn -0.2581 -0.0000 -0.9661
vn -0.1274 -0.0000 -0.9919
vn -0.0020 -0.0000 -1.0000
vn 0.1222 -0.0000 -0.9925
vn 0.2545 -0.0000 -0.9671
vn 0.3939 -0.0000 -0.9192
vn 0.5325 -0.0000 -0.8465
vn 0.6607 -0.0000 -0.7506
vn 0.7703 -0.0000 -0.6377
vn 0.8564 -0.0000 -0.5163
vn 0.9186 -0.0000 -0.3951
vn 0.9599 -0.0000 -0.2805
vn 0.9844 -0.0000 -0.1760
vn 0.9966 -0.0000 -0.0830
vn 0.7209 -0.0000 0.6931
vn 0.7733 -0.0000 0.6340
vn 0.7209 -0.0000 0.6930
vn 0.9706 -0.0000 -0.2406
vn 0.9427 -0.0000 -0.3338
vn 0.9005 -0.0000 -0.4348
vn 0.8413 -0.0000 -0.5406
vn 0.7633 -0.0000 -0.6461
vn 0.6671 -0.0000 -0.7449
vn 0.5566 -0.0000 -0.8308
vn 0.4378 -0.0000 -0.8991
vn 0.3177 -0.0000 -0.9482
vn 0.2026 -0.0000 -0.9793
vn 0.0965 -0.0000 -0.9953
vn 0.0076 -0.0000 -1.0000
vn -0.0612 -0.0000 -0.9981
vn -0.1212 -0.0000 -0.9926
vn -0.1792 -0.0000 -0.9838
vn -0.2344 -0.0000 -0.9721
vn -0.2864 -0.0000 -0.9581
vn -0.3347 -0.0000 -0.9423
vn -0.3793 -0.0000 -0.9253
vn -0.4201 -0.0000 -0.9075
vn -0.4571 -0.0000 -0.8894
vn -0.4904 -0.0000 -0.8715
vn -0.5202 -0.0000 -0.8540
vn 0.4826 -0.0000 -0.8759
vn 0.8775 -0.0000 0.4796
vn 0.4826 -0.0000 -0.8758
vn -0.9703 -0.0000 0.2417
vn -0.9902 -0.0000 0.1396
vn -0.9367 -0.0000 0.3501
vn -0.9704 -0.0000 0.2417
vn -0.8866 -0.0000 0.4625
vn -0.8179 -0.0000 0.5753
vn -0.7300 -0.0000 0.6835
vn -0.6242 -0.0000 0.7812
vn -0.5045 -0.0000 0.8634
vn -0.3763 -0.0000 0.9265
vn -0.5044 -0.0000 0.8634
vn -0.2462 -0.0000 0.9692
vn -0.1198 -0.0000 0.9928
vn -0.0038 -0.0000 1.0000
vn 0.1048 -0.0000 0.9945
vn 0.2179 -0.0000 0.9760
vn 0.3375 -0.0000 0.9413
vn 0.4587 -0.0000 0.8886
vn 0.5754 -0.0000 0.8179
vn 0.6814 -0.0000 0.7319
vn 0.7721 -0.0000 0.6355
vn 0.8452 -0.0000 0.5345
vn 0.7721 -0.0000 0.6356
vn 0.9009 -0.0000 0.4341
vn 0.9411 -0.0000 0.3381
vn 0.9685 -0.0000 0.2490
vn 0.7766 -0.0000 -0.6300
vn -0.7384 -0.0000 -0.6744
vn -0.7383 -0.0000 -0.6744
vn -0.4939 -0.0000 -0.8695
vn -0.8475 -0.0000 -0.5309
vn -0.8215 -0.0000 -0.5702
vn -0.7896 -0.0000 -0.6136
vn -0.7502 -0.0000 -0.6612
vn -0.7015 -0.0000 -0.7127
vn -0.6414 -0.0000 -0.7672
vn -0.5679 -0.0000 -0.8231
vn -0.4795 -0.0000 -0.8775
vn -0.3758 -0.0000 -0.9267
vn -0.2585 -0.0000 -0.9660
vn -0.1314 -0.0000 -0.9913
vn -0.0132 -0.0000 -0.9999
vn 0.0794 -0.0000 -0.9968
vn 0.1584 -0.0000 -0.9874
vn 0.2353 -0.0000 -0.9719
vn 0.3086 -0.0000 -0.9512
vn 0.3767 -0.0000 -0.9263
vn 0.4390 -0.0000 -0.8985
vn 0.4949 -0.0000 -0.8690
vn 0.5444 -0.0000 -0.8388
vn 0.5879 -0.0000 -0.8089
vn 0.6257 -0.0000 -0.7800
vn 0.6585 -0.0000 -0.7526
vn 0.9900 -0.0000 -0.1414
vn 0.1400 -0.0000 0.9901
vn -0.6579 -0.0000 0.7531
vn 0.1400 -0.0000 0.9902
vn -0.6218 -0.0000 0.7832
vn -0.5852 -0.0000 0.8109
vn -0.5474 -0.0000 0.8368
vn -0.5077 -0.0000 0.8616
vn -0.4647 -0.0000 0.8855
vn -0.4171 -0.0000 0.9089
vn -0.3627 -0.0000 0.9319
vn -0.2985 -0.0000 0.9544
vn -0.2203 -0.0000 0.9754
vn -0.1219 -0.0000 0.9925
vn 0.0082 -0.0000 1.0000
vn 0.1651 -0.0000 0.9863
vn 0.4666 -0.0000 0.8845
vn 0.5918 -0.0000 0.8061
vn 0.6975 -0.0000 0.7166
vn 0.7845 -0.0000 0.6201
vn 0.8543 -0.0000 0.5197
vn 0.9089 -0.0000 0.4171
vn 0.9497 -0.0000 0.3132
vn 0.9780 -0.0000 0.2088
vn 0.9946 -0.0000 0.1042
vn 0.9997 -0.0000 0.0259
vt 0.222222 0.000000
vt 0.259259 0.000000
vt 0.240741 0.000000
vt 0.277778 0.000000
vt 0.203704 0.000000
vt 0.296296 0.000000
vt 0.185185 0.000000
vt 0.314815 0.000000
vt 0.333333 0.000000
vt 0.166667 0.000000
vt 0.351852 0.000000
vt 0.962963 0.000000
vt 1.000000 0.000000
vt 0.981481 0.000000
vt 0.000000 0.000000
vt 0.148148 0.000000
vt 0.370370 0.000000
vt 0.388889 0.000000
vt 0.129630 0.000000
vt 0.407407 0.000000
vt 0.111111 0.000000
vt 0.425926 0.000000
vt 0.444444 0.000000
vt 0.092593 0.000000
vt 0.462963 0.000000
vt 0.074074 0.000000
vt 0.648148 0.000000
vt 0.629630 0.000000
vt 0.611111 0.000000
vt 0.592593 0.000000
vt 0.574074 0.000000
vt 0.555556 0.000000
vt 0.537037 0.000000
vt 0.518519 0.000000
vt 0.500000 0.000000
vt 0.481481 0.000000
vt 0.055556 0.000000
vt 0.685185 0.000000
vt 0.666667 0.000000
vt 0.037037 0.000000
vt 0.722222 0.000000
vt 0.703704 0.000000
vt 0.740741 0.000000
vt 0.759259 0.000000
vt 0.018519 0.000000
vt 0.777778 0.000000
vt 0.796296 0.000000
vt 0.870370 0.000000
vt 0.851852 0.000000
vt 0.833333 0.000000
vt 0.814815 0.000000
vt 0.888889 0.000000
vt 0.907407 0.000000
vt 0.925926 0.000000
vt 0.944444 0.000000
vt 0.346939 0.000000
vt 0.367347 0.000000
vt 0.357143 0.000000
vt 0.377551 0.000000
vt 0.336735 0.000000
vt 0.387755 0.000000
vt 0.326531 0.000000
vt 0.397959 0.000000
vt 0.316327 0.000000
vt 0.408163 0.000000
vt 0.306122 0.000000
vt 0.418367 0.000000
vt 0.295918 0.000000
vt 0.428571 0.000000
vt 0.285714 0.000000
vt 0.867347 0.000000
vt 0.877551 0.000000
vt 0.857143 0.000000
vt 0.887755 0.000000
vt 0.846939 0.000000
vt 0.897959 0.000000
vt 0.836735 0.000000
vt 0.438776 0.000000
vt 0.908163 0.000000
vt 0.275510 0.000000
vt 0.826531 0.000000
vt 0.918367 0.000000
vt 0.816327 0.000000
vt 0.928571 0.000000
vt 0.806122 0.000000
vt 0.938776 0.000000
vt 0.795918 0.000000
vt 0.265306 0.000000
vt 0.448980 0.000000
vt 0.948980 0.000000
vt 0.785714 0.000000
vt 0.959184 0.000000
vt 0.775510 0.000000
vt 0.255102 0.000000
vt 0.459184 0.000000
vt 0.969388 0.000000
vt 0.765306 0.000000
vt 0.979592 0.000000
vt 0.755102 0.000000
vt 0.244898 0.000000
vt 0.989796 0.000000
vt 0.469388 0.000000
vt 0.234694 0.000000
vt 0.479592 0.000000
vt 0.224490 0.000000
vt 0.489796 0.000000
vt 0.214286 0.000000
vt 0.510204 0.000000
vt 0.520408 0.000000
vt 0.204082 0.000000
vt 0.530612 0.000000
vt 0.193878 0.000000
vt 0.540816 0.000000
vt 0.724490 0.000000
vt 0.744898 0.000000
vt 0.734694 0.000000
vt 0.551020 0.000000
vt 0.714286 0.000000
vt 0.704082 0.000000
vt 0.183673 0.000000
vt 0.561224 0.000000
vt 0.693878 0.000000
vt 0.683673 0.000000
vt 0.571429 0.000000
vt 0.673469 0.000000
vt 0.581633 0.000000
vt 0.663265 0.000000
vt 0.173469 0.000000
vt 0.653061 0.000000
vt 0.591837 0.000000
vt 0.642857 0.000000
vt 0.602041 0.000000
vt 0.632653 0.000000
vt 0.622449 0.000000
vt 0.612245 0.000000
vt 0.163265 0.000000
vt 0.153061 0.000000
vt 0.010204 0.000000
vt 0.020408 0.000000
vt 0.142857 0.000000
vt 0.030612 0.000000
vt 0.040816 0.000000
vt 0.132653 0.000000
vt 0.051020 0.000000
vt 0.061224 0.000000
vt 0.122449 0.000000
vt 0.071429 0.000000
vt 0.081633 0.000000
vt 0.091837 0.000000
vt 0.112245 0.000000
vt 0.102041 0.000000
vt 0.964912 0.000000
vt 0.982456 0.000000
vt 0.017544 0.000000
vt 0.947368 0.000000
vt 0.929825 0.000000
vt 0.912281 0.000000
vt 0.035088 0.000000
vt 0.052632 0.000000
vt 0.070175 0.000000
vt 0.894737 0.000000
vt 0.087719 0.000000
vt 0.105263 0.000000
vt 0.877193 0.000000
vt 0.122807 0.000000
vt 0.456140 0.000000
vt 0.491228 0.000000
vt 0.473684 0.000000
vt 0.438596 0.000000
vt 0.140351 0.000000
vt 0.421053 0.000000
vt 0.859649 0.000000
vt 0.157895 0.000000
vt 0.403509 0.000000
vt 0.385965 0.000000
vt 0.175439 0.000000
vt 0.368421 0.000000
vt 0.192982 0.000000
vt 0.350877 0.000000
vt 0.210526 0.000000
vt 0.842105 0.000000
vt 0.315789 0.000000
vt 0.228070 0.000000
vt 0.298246 0.000000
vt 0.245614 0.000000
vt 0.280702 0.000000
vt 0.263158 0.000000
vt 0.824561 0.000000
vt 0.807018 0.000000
vt 0.789474 0.000000
vt 0.508772 0.000000
vt 0.771930 0.000000
vt 0.526316 0.000000
vt 0.543860 0.000000
vt 0.754386 0.000000
vt 0.561404 0.000000
vt 0.578947 0.000000
vt 0.596491 0.000000
vt 0.736842 0.000000
vt 0.614035 0.000000
vt 0.631579 0.000000
vt 0.719298 0.000000
vt 0.649123 0.000000
vt 0.701754 0.000000
vt 0.684211 0.000000
vt 0.196429 0.000000
vt 0.232143 0.000000
vt 0.178571 0.000000
vt 0.250000 0.000000
vt 0.160714 0.000000
vt 0.267857 0.000000
vt 0.125000 0.000000
vt 0.946429 0.000000
vt 0.982143 0.000000
vt 0.964286 0.000000
vt 0.107143 0.000000
vt 0.089286 0.000000
vt 0.303571 0.000000
vt 0.321429 0.000000
vt 0.053571 0.000000
vt 0.035714 0.000000
vt 0.339286 0.000000
vt 0.017857 0.000000
vt 0.696429 0.000000
vt 0.910714 0.000000
vt 0.892857 0.000000
vt 0.875000 0.000000
vt 0.839286 0.000000
vt 0.821429 0.000000
vt 0.803571 0.000000
vt 0.767857 0.000000
vt 0.750000 0.000000
vt 0.732143 0.000000
vt 0.678571 0.000000
vt 0.660714 0.000000
vt 0.625000 0.000000
vt 0.375000 0.000000
vt 0.607143 0.000000
vt 0.589286 0.000000
vt 0.392857 0.000000
vt 0.553571 0.000000
vt 0.535714 0.000000
vt 0.410714 0.000000
vt 0.517857 0.000000
vt 0.482143 0.000000
vt 0.464286 0.000000
vt 0.446429 0.000000
vt 0.727273 0.000000
vt 0.818182 0.000000
vt 0.909091 0.000000
vt 0.090909 0.000000
vt 0.363636 0.000000
vt 0.181818 0.000000
vt 0.272727 0.000000
vt 0.454545 0.000000
vt 0.545455 0.000000
vt 0.636364 0.000000
vt 0.909774 0.000000
vt 0.902256 0.000000
vt 0.917293 0.000000
vt 0.887218 0.000000
vt 0.924812 0.000000
vt 0.932331 0.000000
vt 0.879699 0.000000
vt 0.939850 0.000000
vt 0.872180 0.000000
vt 0.954887 0.000000
vt 0.962406 0.000000
vt 0.864662 0.000000
vt 0.969925 0.000000
vt 0.977444 0.000000
vt 0.984962 0.000000
vt 0.992481 0.000000
vt 0.849624 0.000000
vt 0.045113 0.000000
vt 0.037594 0.000000
vt 0.030075 0.000000
vt 0.022556 0.000000
vt 0.015038 0.000000
vt 0.007519 0.000000
vt 0.067669 0.000000
vt 0.060150 0.000000
vt 0.834586 0.000000
vt 0.075188 0.000000
vt 0.827068 0.000000
vt 0.090226 0.000000
vt 0.082707 0.000000
vt 0.097744 0.000000
vt 0.112782 0.000000
vt 0.120301 0.000000
vt 0.127820 0.000000
vt 0.819549 0.000000
vt 0.135338 0.000000
vt 0.150376 0.000000
vt 0.812030 0.000000
vt 0.165414 0.000000
vt 0.172932 0.000000
vt 0.180451 0.000000
vt 0.804511 0.000000
vt 0.187970 0.000000
vt 0.195489 0.000000
vt 0.203008 0.000000
vt 0.218045 0.000000
vt 0.796992 0.000000
vt 0.225564 0.000000
vt 0.233083 0.000000
vt 0.240602 0.000000
vt 0.248120 0.000000
vt 0.255639 0.000000
vt 0.781955 0.000000
vt 0.270677 0.000000
vt 0.774436 0.000000
vt 0.278196 0.000000
vt 0.766917 0.000000
vt 0.293233 0.000000
vt 0.759399 0.000000
vt 0.300752 0.000000
vt 0.308271 0.000000
vt 0.751880 0.000000
vt 0.744361 0.000000
vt 0.323308 0.000000
vt 0.330827 0.000000
vt 0.338346 0.000000
vt 0.729323 0.000000
vt 0.345865 0.000000
vt 0.721804 0.000000
vt 0.353383 0.000000
vt 0.533835 0.000000
vt 0.548872 0.000000
vt 0.541353 0.000000
vt 0.360902 0.000000
vt 0.556391 0.000000
vt 0.706767 0.000000
vt 0.563910 0.000000
vt 0.699248 0.000000
vt 0.691729 0.000000
vt 0.586466 0.000000
vt 0.676692 0.000000
vt 0.375940 0.000000
vt 0.593985 0.000000
vt 0.669173 0.000000
vt 0.661654 0.000000
vt 0.601504 0.000000
vt 0.654135 0.000000
vt 0.609023 0.000000
vt 0.646617 0.000000
vt 0.616541 0.000000
vt 0.639098 0.000000
vt 0.624060 0.000000
vt 0.383459 0.000000
vt 0.390977 0.000000
vt 0.398496 0.000000
vt 0.406015 0.000000
vt 0.518797 0.000000
vt 0.511278 0.000000
vt 0.413534 0.000000
vt 0.503759 0.000000
vt 0.496241 0.000000
vt 0.488722 0.000000
vt 0.481203 0.000000
vt 0.436090 0.000000
vt 0.466165 0.000000
vt 0.458647 0.000000
vt 0.443609 0.000000
vt 0.451128 0.000000
vt 0.436364 0.000000
vt 0.472727 0.000000
vt 0.490909 0.000000
vt 0.927273 0.000000
vt 0.963636 0.000000
vt 0.945455 0.000000
vt 0.981818 0.000000
vt 0.418182 0.000000
vt 0.509091 0.000000
vt 0.527273 0.000000
vt 0.400000 0.000000
vt 0.563636 0.000000
vt 0.890909 0.000000
vt 0.381818 0.000000
vt 0.581818 0.000000
vt 0.872727 0.000000
vt 0.854545 0.000000
vt 0.600000 0.000000
vt 0.836364 0.000000
vt 0.618182 0.000000
vt 0.800000 0.000000
vt 0.654545 0.000000
vt 0.781818 0.000000
vt 0.345455 0.000000
vt 0.763636 0.000000
vt 0.672727 0.000000
vt 0.745455 0.000000
vt 0.690909 0.000000
vt 0.709091 0.000000
vt 0.018182 0.000000
vt 0.327273 0.000000
vt 0.036364 0.000000
vt 0.054545 0.000000
vt 0.309091 0.000000
vt 0.072727 0.000000
vt 0.290909 0.000000
vt 0.109091 0.000000
vt 0.127273 0.000000
vt 0.145455 0.000000
vt 0.254545 0.000000
vt 0.163636 0.000000
vt 0.236364 0.000000
vt 0.200000 0.000000
vt 0.218182 0.000000
vt 0.034483 1.000000
vt 0.000000 1.000000
vt 0.068966 1.000000
vt 0.034483 0.000000
vt 0.103448 1.000000
vt 0.068966 0.000000
vt 0.137931 1.000000
vt 0.103448 0.000000
vt 0.172414 1.000000
vt 0.137931 0.000000
vt 0.206897 1.000000
vt 0.172414 0.000000
vt 0.241379 1.000000
vt 0.206897 0.000000
vt 0.275862 1.000000
vt 0.241379 0.000000
vt 0.310345 1.000000
vt 0.275862 0.000000
vt 0.344828 1.000000
vt 0.310345 0.000000
vt 0.379310 1.000000
vt 0.344828 0.000000
vt 0.413793 1.000000
vt 0.379310 0.000000
vt 0.448276 1.000000
vt 0.413793 0.000000
vt 0.482759 1.000000
vt 0.448276 0.000000
vt 0.517241 1.000000
vt 0.482759 0.000000
vt 0.551724 1.000000
vt 0.517241 0.000000
vt 0.586207 1.000000
vt 0.551724 0.000000
vt 0.620690 1.000000
vt 0.586207 0.000000
vt 0.655172 1.000000
vt 0.620690 0.000000
vt 0.689655 1.000000
vt 0.655172 0.000000
vt 0.724138 1.000000
vt 0.689655 0.000000
vt 0.758621 1.000000
vt 0.724138 0.000000
vt 0.793103 1.000000
vt 0.758621 0.000000
vt 0.827586 1.000000
vt 0.793103 0.000000
vt 0.862069 1.000000
vt 0.827586 0.000000
vt 0.896552 1.000000
vt 0.862069 0.000000
vt 0.931035 1.000000
vt 0.896552 0.000000
vt 0.965517 1.000000
vt 0.931035 0.000000
vt 1.000000 1.000000
vt 0.965517 0.000000
vt 0.037037 1.000000
vt 0.074074 1.000000
vt 0.111111 1.000000
vt 0.148148 1.000000
vt 0.185185 1.000000
vt 0.222222 1.000000
vt 0.259259 1.000000
vt 0.296296 1.000000
vt 0.333333 1.000000
vt 0.370370 1.000000
vt 0.407407 1.000000
vt 0.444444 1.000000
vt 0.481481 1.000000
vt 0.518519 1.000000
vt 0.555556 1.000000
vt 0.592593 1.000000
vt 0.629630 1.000000
vt 0.666667 1.000000
vt 0.703704 1.000000
vt 0.740741 1.000000
vt 0.777778 1.000000
vt 0.814815 1.000000
vt 0.851852 1.000000
vt 0.888889 1.000000
vt 0.925926 1.000000
vt 0.962963 1.000000
vt 0.017857 1.000000
vt 0.035714 1.000000
vt 0.053571 1.000000
vt 0.071429 1.000000
vt 0.089286 1.000000
vt 0.107143 1.000000
vt 0.125000 1.000000
vt 0.142857 1.000000
vt 0.160714 1.000000
vt 0.178571 1.000000
vt 0.196429 1.000000
vt 0.214286 1.000000
vt 0.232143 1.000000
vt 0.250000 1.000000
vt 0.267857 1.000000
vt 0.285714 1.000000
vt 0.303571 1.000000
vt 0.321429 1.000000
vt 0.339286 1.000000
vt 0.357143 1.000000
vt 0.375000 1.000000
vt 0.392857 1.000000
vt 0.410714 1.000000
vt 0.428571 1.000000
vt 0.446429 1.000000
vt 0.464286 1.000000
vt 0.482143 1.000000
vt 0.500000 1.000000
vt 0.517857 1.000000
vt 0.535714 1.000000
vt 0.553571 1.000000
vt 0.571429 1.000000
vt 0.589286 1.000000
vt 0.607143 1.000000
vt 0.625000 1.000000
vt 0.642857 1.000000
vt 0.660714 1.000000
vt 0.678571 1.000000
vt 0.696429 1.000000
vt 0.714286 1.000000
vt 0.732143 1.000000
vt 0.750000 1.000000
vt 0.767857 1.000000
vt 0.785714 1.000000
vt 0.803571 1.000000
vt 0.821429 1.000000
vt 0.839286 1.000000
vt 0.857143 1.000000
vt 0.875000 1.000000
vt 0.892857 1.000000
vt 0.910714 1.000000
vt 0.928571 1.000000
vt 0.946429 1.000000
vt 0.964286 1.000000
vt 0.982143 1.000000
vt 0.007463 1.000000
vt 0.014925 1.000000
vt 0.007463 0.000000
vt 0.022388 1.000000
vt 0.014925 0.000000
vt 0.029851 1.000000
vt 0.022388 0.000000
vt 0.037313 1.000000
vt 0.029851 0.000000
vt 0.044776 1.000000
vt 0.037313 0.000000
vt 0.052239 1.000000
vt 0.044776 0.000000
vt 0.059701 1.000000
vt 0.052239 0.000000
vt 0.067164 1.000000
vt 0.059701 0.000000
vt 0.074627 1.000000
vt 0.067164 0.000000
vt 0.082090 1.000000
vt 0.074627 0.000000
vt 0.089552 1.000000
vt 0.082090 0.000000
vt 0.097015 1.000000
vt 0.089552 0.000000
vt 0.104478 1.000000
vt 0.097015 0.000000
vt 0.111940 1.000000
vt 0.104478 0.000000
vt 0.119403 1.000000
vt 0.111940 0.000000
vt 0.126866 1.000000
vt 0.119403 0.000000
vt 0.134328 1.000000
vt 0.126866 0.000000
vt 0.141791 1.000000
vt 0.134328 0.000000
vt 0.149254 1.000000
vt 0.141791 0.000000
vt 0.156716 1.000000
vt 0.149254 0.000000
vt 0.164179 1.000000
vt 0.156716 0.000000
vt 0.171642 1.000000
vt 0.164179 0.000000
vt 0.179104 1.000000
vt 0.171642 0.000000
vt 0.186567 1.000000
vt 0.179104 0.000000
vt 0.194030 1.000000
vt 0.186567 0.000000
vt 0.201493 1.000000
vt 0.194030 0.000000
vt 0.208955 1.000000
vt 0.201493 0.000000
vt 0.216418 1.000000
vt 0.208955 0.000000
vt 0.223881 1.000000
vt 0.216418 0.000000
vt 0.231343 1.000000
vt 0.223881 0.000000
vt 0.238806 1.000000
vt 0.231343 0.000000
vt 0.246269 1.000000
vt 0.238806 0.000000
vt 0.253731 1.000000
vt 0.246269 0.000000
vt 0.261194 1.000000
vt 0.253731 0.000000
vt 0.268657 1.000000
vt 0.261194 0.000000
vt 0.276119 1.000000
vt 0.268657 0.000000
vt 0.283582 1.000000
vt 0.276119 0.000000
vt 0.291045 1.000000
vt 0.283582 0.000000
vt 0.298507 1.000000
vt 0.291045 0.000000
vt 0.305970 1.000000
vt 0.298507 0.000000
vt 0.313433 1.000000
vt 0.305970 0.000000
vt 0.320896 1.000000
vt 0.313433 0.000000
vt 0.328358 1.000000
vt 0.320896 0.000000
vt 0.335821 1.000000
vt 0.328358 0.000000
vt 0.343284 1.000000
vt 0.335821 0.000000
vt 0.350746 1.000000
vt 0.343284 0.000000
vt 0.358209 1.000000
vt 0.350746 0.000000
vt 0.365672 1.000000
vt 0.358209 0.000000
vt 0.373134 1.000000
vt 0.365672 0.000000
vt 0.380597 1.000000
vt 0.373134 0.000000
vt 0.388060 1.000000
vt 0.380597 0.000000
vt 0.395522 1.000000
vt 0.388060 0.000000
vt 0.402985 1.000000
vt 0.395522 0.000000
vt 0.410448 1.000000
vt 0.402985 0.000000
vt 0.417910 1.000000
vt 0.410448 0.000000
vt 0.425373 1.000000
vt 0.417910 0.000000
vt 0.432836 1.000000
vt 0.425373 0.000000
vt 0.440298 1.000000
vt 0.432836 0.000000
vt 0.447761 1.000000
vt 0.440298 0.000000
vt 0.455224 1.000000
vt 0.447761 0.000000
vt 0.462687 1.000000
vt 0.455224 0.000000
vt 0.470149 1.000000
vt 0.462687 0.000000
vt 0.477612 1.000000
vt 0.470149 0.000000
vt 0.485075 1.000000
vt 0.477612 0.000000
vt 0.492537 1.000000
vt 0.485075 0.000000
vt 0.492537 0.000000
vt 0.507463 1.000000
vt 0.514925 1.000000
vt 0.507463 0.000000
vt 0.522388 1.000000
vt 0.514925 0.000000
vt 0.529851 1.000000
vt 0.522388 0.000000
vt 0.537313 1.000000
vt 0.529851 0.000000
vt 0.544776 1.000000
vt 0.537313 0.000000
vt 0.552239 1.000000
vt 0.544776 0.000000
vt 0.559702 1.000000
vt 0.552239 0.000000
vt 0.567164 1.000000
vt 0.559702 0.000000
vt 0.574627 1.000000
vt 0.567164 0.000000
vt 0.582090 1.000000
vt 0.574627 0.000000
vt 0.589552 1.000000
vt 0.582090 0.000000
vt 0.597015 1.000000
vt 0.589552 0.000000
vt 0.604478 1.000000
vt 0.597015 0.000000
vt 0.611940 1.000000
vt 0.604478 0.000000
vt 0.619403 1.000000
vt 0.611940 0.000000
vt 0.626866 1.000000
vt 0.619403 0.000000
vt 0.634328 1.000000
vt 0.626866 0.000000
vt 0.641791 1.000000
vt 0.634328 0.000000
vt 0.649254 1.000000
vt 0.641791 0.000000
vt 0.656716 1.000000
vt 0.649254 0.000000
vt 0.664179 1.000000
vt 0.656716 0.000000
vt 0.671642 1.000000
vt 0.664179 0.000000
vt 0.679105 1.000000
vt 0.671642 0.000000
vt 0.686567 1.000000
vt 0.679105 0.000000
vt 0.694030 1.000000
vt 0.686567 0.000000
vt 0.701493 1.000000
vt 0.694030 0.000000
vt 0.708955 1.000000
vt 0.701493 0.000000
vt 0.716418 1.000000
vt 0.708955 0.000000
vt 0.723881 1.000000
vt 0.716418 0.000000
vt 0.731343 1.000000
vt 0.723881 0.000000
vt 0.738806 1.000000
vt 0.731343 0.000000
vt 0.746269 1.000000
vt 0.738806 0.000000
vt 0.753731 1.000000
vt 0.746269 0.000000
vt 0.761194 1.000000
vt 0.753731 0.000000
vt 0.768657 1.000000
vt 0.761194 0.000000
vt 0.776119 1.000000
vt 0.768657 0.000000
vt 0.783582 1.000000
vt 0.776119 0.000000
vt 0.791045 1.000000
vt 0.783582 0.000000
vt 0.798507 1.000000
vt 0.791045 0.000000
vt 0.805970 1.000000
vt 0.798507 0.000000
vt 0.813433 1.000000
vt 0.805970 0.000000
vt 0.820895 1.000000
vt 0.813433 0.000000
vt 0.828358 1.000000
vt 0.820895 0.000000
vt 0.835821 1.000000
vt 0.828358 0.000000
vt 0.843284 1.000000
vt 0.835821 0.000000
vt 0.850746 1.000000
vt 0.843284 0.000000
vt 0.858209 1.000000
vt 0.850746 0.000000
vt 0.865672 1.000000
vt 0.858209 0.000000
vt 0.873134 1.000000
vt 0.865672 0.000000
vt 0.880597 1.000000
vt 0.873134 0.000000
vt 0.888060 1.000000
vt 0.880597 0.000000
vt 0.895522 1.000000
vt 0.888060 0.000000
vt 0.902985 1.000000
vt 0.895522 0.000000
vt 0.910448 1.000000
vt 0.902985 0.000000
vt 0.917910 1.000000
vt 0.910448 0.000000
vt 0.925373 1.000000
vt 0.917910 0.000000
vt 0.932836 1.000000
vt 0.925373 0.000000
vt 0.940298 1.000000
vt 0.932836 0.000000
vt 0.947761 1.000000
vt 0.940298 0.000000
vt 0.955224 1.000000
vt 0.947761 0.000000
vt 0.962687 1.000000
vt 0.955224 0.000000
vt 0.970149 1.000000
vt 0.962687 0.000000
vt 0.977612 1.000000
vt 0.970149 0.000000
vt 0.985075 1.000000
vt 0.977612 0.000000
vt 0.992537 1.000000
vt 0.985075 0.000000
vt 0.992537 0.000000
vt 0.017544 1.000000
vt 0.035088 1.000000
vt 0.052632 1.000000
vt 0.070175 1.000000
vt 0.087719 1.000000
vt 0.105263 1.000000
vt 0.122807 1.000000
vt 0.140351 1.000000
vt 0.157895 1.000000
vt 0.175439 1.000000
vt 0.192982 1.000000
vt 0.210526 1.000000
vt 0.228070 1.000000
vt 0.245614 1.000000
vt 0.263158 1.000000
vt 0.280702 1.000000
vt 0.298246 1.000000
vt 0.315789 1.000000
vt 0.350877 1.000000
vt 0.368421 1.000000
vt 0.385965 1.000000
vt 0.403509 1.000000
vt 0.421053 1.000000
vt 0.438596 1.000000
vt 0.456140 1.000000
vt 0.473684 1.000000
vt 0.491228 1.000000
vt 0.508772 1.000000
vt 0.526316 1.000000
vt 0.543860 1.000000
vt 0.561404 1.000000
vt 0.578947 1.000000
vt 0.596491 1.000000
vt 0.614035 1.000000
vt 0.631579 1.000000
vt 0.649123 1.000000
vt 0.684211 1.000000
vt 0.701754 1.000000
vt 0.719298 1.000000
vt 0.736842 1.000000
vt 0.754386 1.000000
vt 0.771930 1.000000
vt 0.789474 1.000000
vt 0.807018 1.000000
vt 0.824561 1.000000
vt 0.842105 1.000000
vt 0.859649 1.000000
vt 0.877193 1.000000
vt 0.894737 1.000000
vt 0.912281 1.000000
vt 0.929825 1.000000
vt 0.947368 1.000000
vt 0.964912 1.000000
vt 0.982456 1.000000
vt 0.083333 1.000000
vt 0.166667 1.000000
vt 0.083333 0.000000
vt 0.416667 1.000000
vt 0.416667 0.000000
vt 0.583333 1.000000
vt 0.583333 0.000000
vt 0.833333 1.000000
vt 0.916667 1.000000
vt 0.916667 0.000000
vt 0.017241 1.000000
vt 0.017241 0.000000
vt 0.051724 1.000000
vt 0.051724 0.000000
vt 0.086207 1.000000
vt 0.086207 0.000000
vt 0.120690 1.000000
vt 0.120690 0.000000
vt 0.155172 1.000000
vt 0.155172 0.000000
vt 0.189655 1.000000
vt 0.189655 0.000000
vt 0.224138 1.000000
vt 0.224138 0.000000
vt 0.258621 1.000000
vt 0.258621 0.000000
vt 0.293103 1.000000
vt 0.293103 0.000000
vt 0.327586 1.000000
vt 0.327586 0.000000
vt 0.362069 1.000000
vt 0.362069 0.000000
vt 0.396552 1.000000
vt 0.396552 0.000000
vt 0.431034 1.000000
vt 0.431034 0.000000
vt 0.465517 1.000000
vt 0.465517 0.000000
vt 0.534483 1.000000
vt 0.534483 0.000000
vt 0.568965 1.000000
vt 0.568965 0.000000
vt 0.603448 1.000000
vt 0.603448 0.000000
vt 0.637931 1.000000
vt 0.637931 0.000000
vt 0.672414 1.000000
vt 0.672414 0.000000
vt 0.706897 1.000000
vt 0.706897 0.000000
vt 0.741379 1.000000
vt 0.741379 0.000000
vt 0.775862 1.000000
vt 0.775862 0.000000
vt 0.810345 1.000000
vt 0.810345 0.000000
vt 0.844828 1.000000
vt 0.844828 0.000000
vt 0.879310 1.000000
vt 0.879310 0.000000
vt 0.913793 1.000000
vt 0.913793 0.000000
vt 0.948276 1.000000
vt 0.948276 0.000000
vt 0.982759 1.000000
vt 0.982759 0.000000
vt 0.013514 1.000000
vt 0.027027 1.000000
vt 0.013514 0.000000
vt 0.040541 1.000000
vt 0.027027 0.000000
vt 0.054054 1.000000
vt 0.040541 0.000000
vt 0.067568 1.000000
vt 0.054054 0.000000
vt 0.081081 1.000000
vt 0.067568 0.000000
vt 0.094595 1.000000
vt 0.081081 0.000000
vt 0.108108 1.000000
vt 0.094595 0.000000
vt 0.121622 1.000000
vt 0.108108 0.000000
vt 0.135135 1.000000
vt 0.121622 0.000000
vt 0.148649 1.000000
vt 0.135135 0.000000
vt 0.162162 1.000000
vt 0.148649 0.000000
vt 0.175676 1.000000
vt 0.162162 0.000000
vt 0.189189 1.000000
vt 0.175676 0.000000
vt 0.202703 1.000000
vt 0.189189 0.000000
vt 0.216216 1.000000
vt 0.202703 0.000000
vt 0.229730 1.000000
vt 0.216216 0.000000
vt 0.243243 1.000000
vt 0.229730 0.000000
vt 0.256757 1.000000
vt 0.243243 0.000000
vt 0.270270 1.000000
vt 0.256757 0.000000
vt 0.283784 1.000000
vt 0.270270 0.000000
vt 0.297297 1.000000
vt 0.283784 0.000000
vt 0.310811 1.000000
vt 0.297297 0.000000
vt 0.324324 1.000000
vt 0.310811 0.000000
vt 0.337838 1.000000
vt 0.324324 0.000000
vt 0.351351 1.000000
vt 0.337838 0.000000
vt 0.364865 1.000000
vt 0.351351 0.000000
vt 0.378378 1.000000
vt 0.364865 0.000000
vt 0.391892 1.000000
vt 0.378378 0.000000
vt 0.405405 1.000000
vt 0.391892 0.000000
vt 0.418919 1.000000
vt 0.405405 0.000000
vt 0.432432 1.000000
vt 0.418919 0.000000
vt 0.445946 1.000000
vt 0.432432 0.000000
vt 0.459459 1.000000
vt 0.445946 0.000000
vt 0.472973 1.000000
vt 0.459459 0.000000
vt 0.486486 1.000000
vt 0.472973 0.000000
vt 0.486486 0.000000
vt 0.513514 1.000000
vt 0.527027 1.000000
vt 0.513514 0.000000
vt 0.540541 1.000000
vt 0.527027 0.000000
vt 0.554054 1.000000
vt 0.540541 0.000000
vt 0.567568 1.000000
vt 0.554054 0.000000
vt 0.581081 1.000000
vt 0.567568 0.000000
vt 0.594595 1.000000
vt 0.581081 0.000000
vt 0.608108 1.000000
vt 0.594595 0.000000
vt 0.621622 1.000000
vt 0.608108 0.000000
vt 0.635135 1.000000
vt 0.621622 0.000000
vt 0.648649 1.000000
vt 0.635135 0.000000
vt 0.662162 1.000000
vt 0.648649 0.000000
vt 0.675676 1.000000
vt 0.662162 0.000000
vt 0.689189 1.000000
vt 0.675676 0.000000
vt 0.702703 1.000000
vt 0.689189 0.000000
vt 0.716216 1.000000
vt 0.702703 0.000000
vt 0.729730 1.000000
vt 0.716216 0.000000
vt 0.743243 1.000000
vt 0.729730 0.000000
vt 0.756757 1.000000
vt 0.743243 0.000000
vt 0.770270 1.000000
vt 0.756757 0.000000
vt 0.783784 1.000000
vt 0.770270 0.000000
vt 0.797297 1.000000
vt 0.783784 0.000000
vt 0.810811 1.000000
vt 0.797297 0.000000
vt 0.824324 1.000000
vt 0.810811 0.000000
vt 0.837838 1.000000
vt 0.824324 0.000000
vt 0.851351 1.000000
vt 0.837838 0.000000
vt 0.864865 1.000000
vt 0.851351 0.000000
vt 0.878378 1.000000
vt 0.864865 0.000000
vt 0.891892 1.000000
vt 0.878378 0.000000
vt 0.905405 1.000000
vt 0.891892 0.000000
vt 0.918919 1.000000
vt 0.905405 0.000000
vt 0.932432 1.000000
vt 0.918919 0.000000
vt 0.945946 1.000000
vt 0.932432 0.000000
vt 0.959459 1.000000
vt 0.945946 0.000000
vt 0.972973 1.000000
vt 0.959459 0.000000
vt 0.986486 1.000000
vt 0.972973 0.000000
vt 0.986486 0.000000
vt 0.040000 1.000000
vt 0.080000 1.000000
vt 0.040000 0.000000
vt 0.120000 1.000000
vt 0.080000 0.000000
vt 0.160000 1.000000
vt 0.120000 0.000000
vt 0.200000 1.000000
vt 0.160000 0.000000
vt 0.240000 1.000000
vt 0.280000 1.000000
vt 0.240000 0.000000
vt 0.320000 1.000000
vt 0.280000 0.000000
vt 0.360000 1.000000
vt 0.320000 0.000000
vt 0.400000 1.000000
vt 0.360000 0.000000
vt 0.440000 1.000000
vt 0.480000 1.000000
vt 0.440000 0.000000
vt 0.520000 1.000000
vt 0.480000 0.000000
vt 0.560000 1.000000
vt 0.520000 0.000000
vt 0.600000 1.000000
vt 0.560000 0.000000
vt 0.640000 1.000000
vt 0.680000 1.000000
vt 0.640000 0.000000
vt 0.720000 1.000000
vt 0.680000 0.000000
vt 0.760000 1.000000
vt 0.720000 0.000000
vt 0.800000 1.000000
vt 0.760000 0.000000
vt 0.840000 1.000000
vt 0.880000 1.000000
vt 0.840000 0.000000
vt 0.920000 1.000000
vt 0.880000 0.000000
vt 0.960000 1.000000
vt 0.920000 0.000000
vt 0.960000 0.000000
vt 0.018182 1.000000
vt 0.036364 1.000000
vt 0.054545 1.000000
vt 0.072727 1.000000
vt 0.090909 1.000000
vt 0.109091 1.000000
vt 0.127273 1.000000
vt 0.145455 1.000000
vt 0.163636 1.000000
vt 0.181818 1.000000
vt 0.218182 1.000000
vt 0.236364 1.000000
vt 0.254545 1.000000
vt 0.272727 1.000000
vt 0.290909 1.000000
vt 0.309091 1.000000
vt 0.327273 1.000000
vt 0.345455 1.000000
vt 0.363636 1.000000
vt 0.381818 1.000000
vt 0.418182 1.000000
vt 0.436364 1.000000
vt 0.454545 1.000000
vt 0.472727 1.000000
vt 0.490909 1.000000
vt 0.509091 1.000000
vt 0.527273 1.000000
vt 0.545455 1.000000
vt 0.563636 1.000000
vt 0.581818 1.000000
vt 0.618182 1.000000
vt 0.636364 1.000000
vt 0.654545 1.000000
vt 0.672727 1.000000
vt 0.690909 1.000000
vt 0.709091 1.000000
vt 0.727273 1.000000
vt 0.745455 1.000000
vt 0.763636 1.000000
vt 0.781818 1.000000
vt 0.818182 1.000000
vt 0.836364 1.000000
vt 0.854545 1.000000
vt 0.872727 1.000000
vt 0.890909 1.000000
vt 0.909091 1.000000
vt 0.927273 1.000000
vt 0.945455 1.000000
vt 0.963636 1.000000
vt 0.981818 1.000000
s 0
usemtl マテリアル
f 13/1/1 15/2/1 14/3/1
f 13/1/1 16/4/1 15/2/1
f 12/5/1 16/4/1 13/1/1
f 12/5/1 17/6/1 16/4/1
f 11/7/1 17/6/1 12/5/1
f 11/7/1 18/8/1 17/6/1
f 11/7/1 19/9/1 18/8/1
f 10/10/1 19/9/1 11/7/1
f 10/10/1 20/11/1 19/9/1
f 53/12/1 55/13/1 54/14/1
f 53/12/1 1/15/1 55/13/1
f 9/16/1 20/11/1 10/10/1
f 9/16/1 21/17/1 20/11/1
f 9/16/1 22/18/1 21/17/1
f 8/19/1 22/18/1 9/16/1
f 8/19/1 23/20/1 22/18/1
f 7/21/1 23/20/1 8/19/1
f 7/21/1 24/22/1 23/20/1
f 7/21/1 25/23/1 24/22/1
f 6/24/1 25/23/1 7/21/1
f 6/24/1 26/25/1 25/23/1
f 5/26/1 26/25/1 6/24/1
f 5/26/1 36/27/1 26/25/1
f 36/27/1 35/28/1 26/25/1
f 35/28/1 34/29/1 26/25/1
f 34/29/1 33/30/1 26/25/1
f 33/30/1 32/31/1 26/25/1
f 32/31/1 31/32/1 26/25/1
f 31/32/1 30/33/1 26/25/1
f 30/33/1 29/34/1 26/25/1
f 29/34/1 28/35/1 26/25/1
f 28/35/1 27/36/1 26/25/1
f 4/37/1 38/38/1 5/26/1
f 38/38/1 37/39/1 5/26/1
f 37/39/1 36/27/1 5/26/1
f 3/40/1 40/41/1 4/37/1
f 40/41/1 39/42/1 4/37/1
f 39/42/1 38/38/1 4/37/1
f 3/40/1 41/43/1 40/41/1
f 3/40/1 42/44/1 41/43/1
f 2/45/1 42/44/1 3/40/1
f 2/45/1 43/46/1 42/44/1
f 2/45/1 44/47/1 43/46/1
f 53/12/1 2/45/1 1/15/1
f 53/12/1 48/48/1 2/45/1
f 48/48/1 47/49/1 2/45/1
f 47/49/1 46/50/1 2/45/1
f 46/50/1 45/51/1 2/45/1
f 45/51/1 44/47/1 2/45/1
f 53/12/1 49/52/1 48/48/1
f 53/12/1 50/53/1 49/52/1
f 53/12/1 51/54/1 50/53/1
f 53/12/1 52/55/1 51/54/1
f 90/56/1 92/57/1 91/58/1
f 90/56/1 93/59/1 92/57/1
f 89/60/1 93/59/1 90/56/1
f 89/60/1 94/61/1 93/59/1
f 88/62/1 94/61/1 89/60/1
f 88/62/1 95/63/1 94/61/1
f 87/64/1 95/63/1 88/62/1
f 87/64/1 96/65/1 95/63/1
f 86/66/1 96/65/1 87/64/1
f 86/66/1 97/67/1 96/65/1
f 85/68/1 97/67/1 86/66/1
f 85/68/1 98/69/1 97/67/1
f 84/70/1 141/71/1 85/68/1
f 141/71/1 98/69/1 85/68/1
f 84/70/1 142/72/1 141/71/1
f 140/73/1 98/69/1 141/71/1
f 84/70/1 143/74/1 142/72/1
f 139/75/1 98/69/1 140/73/1
f 84/70/1 144/76/1 143/74/1
f 138/77/1 98/69/1 139/75/1
f 138/77/1 99/78/1 98/69/1
f 84/70/1 145/79/1 144/76/1
f 83/80/1 145/79/1 84/70/1
f 137/81/1 99/78/1 138/77/1
f 83/80/1 146/82/1 145/79/1
f 136/83/1 99/78/1 137/81/1
f 83/80/1 147/84/1 146/82/1
f 135/85/1 99/78/1 136/83/1
f 83/80/1 148/86/1 147/84/1
f 134/87/1 99/78/1 135/85/1
f 82/88/1 148/86/1 83/80/1
f 134/87/1 100/89/1 99/78/1
f 82/88/1 149/90/1 148/86/1
f 133/91/1 100/89/1 134/87/1
f 82/88/1 150/92/1 149/90/1
f 132/93/1 100/89/1 133/91/1
f 81/94/1 150/92/1 82/88/1
f 132/93/1 101/95/1 100/89/1
f 81/94/1 151/96/1 150/92/1
f 131/97/1 101/95/1 132/93/1
f 81/94/1 152/98/1 151/96/1
f 130/99/1 101/95/1 131/97/1
f 80/100/1 152/98/1 81/94/1
f 80/100/1 153/101/1 152/98/1
f 130/99/1 102/102/1 101/95/1
f 154/13/1 102/102/1 130/99/1
f 80/100/1 154/13/1 153/101/1
f 80/100/1 102/102/1 154/13/1
f 79/103/1 102/102/1 80/100/1
f 79/103/1 103/104/1 102/102/1
f 78/105/1 104/106/1 79/103/1
f 104/106/1 103/104/1 79/103/1
f 78/105/1 105/35/1 104/106/1
f 77/107/1 105/35/1 78/105/1
f 77/107/1 106/108/1 105/35/1
f 77/107/1 107/109/1 106/108/1
f 76/110/1 107/109/1 77/107/1
f 76/110/1 108/111/1 107/109/1
f 75/112/1 108/111/1 76/110/1
f 75/112/1 109/113/1 108/111/1
f 127/114/1 129/115/1 128/116/1
f 75/112/1 110/117/1 109/113/1
f 126/118/1 129/115/1 127/114/1
f 125/119/1 129/115/1 126/118/1
f 74/120/1 110/117/1 75/112/1
f 74/120/1 111/121/1 110/117/1
f 124/122/1 129/115/1 125/119/1
f 123/123/1 129/115/1 124/122/1
f 74/120/1 112/124/1 111/121/1
f 122/125/1 129/115/1 123/123/1
f 74/120/1 113/126/1 112/124/1
f 121/127/1 129/115/1 122/125/1
f 73/128/1 113/126/1 74/120/1
f 120/129/1 129/115/1 121/127/1
f 73/128/1 114/130/1 113/126/1
f 119/131/1 129/115/1 120/129/1
f 73/128/1 115/132/1 114/130/1
f 118/133/1 129/115/1 119/131/1
f 117/134/1 129/115/1 118/133/1
f 73/128/1 116/135/1 115/132/1
f 116/135/1 129/115/1 117/134/1
f 73/128/1 129/115/1 116/135/1
f 72/136/1 129/115/1 73/128/1
f 72/136/1 56/15/1 129/115/1
f 71/137/1 56/15/1 72/136/1
f 71/137/1 57/138/1 56/15/1
f 71/137/1 58/139/1 57/138/1
f 70/140/1 58/139/1 71/137/1
f 70/140/1 59/141/1 58/139/1
f 70/140/1 60/142/1 59/141/1
f 69/143/1 60/142/1 70/140/1
f 69/143/1 61/144/1 60/142/1
f 69/143/1 62/145/1 61/144/1
f 68/146/1 62/145/1 69/143/1
f 68/146/1 63/147/1 62/145/1
f 68/146/1 64/148/1 63/147/1
f 68/146/1 65/149/1 64/148/1
f 67/150/1 65/149/1 68/146/1
f 67/150/1 66/151/1 65/149/1
f 210/152/1 212/13/1 211/153/1
f 210/152/1 155/15/1 212/13/1
f 210/152/1 156/154/1 155/15/1
f 209/155/1 156/154/1 210/152/1
f 208/156/1 156/154/1 209/155/1
f 207/157/1 157/158/1 208/156/1
f 157/158/1 156/154/1 208/156/1
f 207/157/1 158/159/1 157/158/1
f 207/157/1 159/160/1 158/159/1
f 206/161/1 159/160/1 207/157/1
f 206/161/1 160/162/1 159/160/1
f 206/161/1 161/163/1 160/162/1
f 205/164/1 161/163/1 206/161/1
f 205/164/1 162/165/1 161/163/1
f 181/166/1 183/167/1 182/168/1
f 180/169/1 183/167/1 181/166/1
f 205/164/1 163/170/1 162/165/1
f 179/171/1 183/167/1 180/169/1
f 204/172/1 163/170/1 205/164/1
f 204/172/1 164/173/1 163/170/1
f 178/174/1 183/167/1 179/171/1
f 177/175/1 183/167/1 178/174/1
f 204/172/1 165/176/1 164/173/1
f 176/177/1 183/167/1 177/175/1
f 204/172/1 166/178/1 165/176/1
f 175/179/1 183/167/1 176/177/1
f 204/172/1 167/180/1 166/178/1
f 174/9/1 183/167/1 175/179/1
f 203/181/1 167/180/1 204/172/1
f 173/182/1 183/167/1 174/9/1
f 203/181/1 168/183/1 167/180/1
f 172/184/1 183/167/1 173/182/1
f 203/181/1 169/185/1 168/183/1
f 171/186/1 183/167/1 172/184/1
f 203/181/1 170/187/1 169/185/1
f 170/187/1 183/167/1 171/186/1
f 203/181/1 183/167/1 170/187/1
f 202/188/1 183/167/1 203/181/1
f 201/189/1 183/167/1 202/188/1
f 200/190/1 183/167/1 201/189/1
f 200/190/1 184/191/1 183/167/1
f 199/192/1 184/191/1 200/190/1
f 199/192/1 185/193/1 184/191/1
f 199/192/1 186/194/1 185/193/1
f 198/195/1 186/194/1 199/192/1
f 198/195/1 187/196/1 186/194/1
f 198/195/1 188/197/1 187/196/1
f 198/195/1 189/198/1 188/197/1
f 197/199/1 189/198/1 198/195/1
f 197/199/1 190/200/1 189/198/1
f 197/199/1 191/201/1 190/200/1
f 196/202/1 191/201/1 197/199/1
f 196/202/1 192/203/1 191/201/1
f 196/202/1 193/39/1 192/203/1
f 195/204/1 193/39/1 196/202/1
f 195/204/1 194/205/1 193/39/1
f 224/206/1 226/207/1 225/107/1
f 223/208/1 226/207/1 224/206/1
f 223/208/1 227/209/1 226/207/1
f 222/210/1 227/209/1 223/208/1
f 221/140/1 227/209/1 222/210/1
f 221/140/1 228/211/1 227/209/1
f 220/212/1 228/211/1 221/140/1
f 266/213/1 268/214/1 267/215/1
f 266/213/1 269/13/1 268/214/1
f 220/212/1 229/70/1 228/211/1
f 219/216/1 229/70/1 220/212/1
f 218/217/1 229/70/1 219/216/1
f 218/217/1 230/218/1 229/70/1
f 217/147/1 230/218/1 218/217/1
f 217/147/1 231/219/1 230/218/1
f 216/220/1 231/219/1 217/147/1
f 215/221/1 231/219/1 216/220/1
f 215/221/1 232/222/1 231/219/1
f 214/223/1 232/222/1 215/221/1
f 213/15/1 232/222/1 214/223/1
f 213/15/1 252/224/1 232/222/1
f 252/224/1 233/58/1 232/222/1
f 266/213/1 213/15/1 269/13/1
f 266/213/1 264/225/1 213/15/1
f 264/225/1 263/226/1 213/15/1
f 263/226/1 262/227/1 213/15/1
f 262/227/1 261/73/1 213/15/1
f 261/73/1 260/228/1 213/15/1
f 260/228/1 259/229/1 213/15/1
f 259/229/1 258/230/1 213/15/1
f 258/230/1 257/91/1 213/15/1
f 257/91/1 256/231/1 213/15/1
f 256/231/1 255/232/1 213/15/1
f 255/232/1 254/233/1 213/15/1
f 254/233/1 253/118/1 213/15/1
f 253/118/1 252/224/1 213/15/1
f 251/234/1 233/58/1 252/224/1
f 250/235/1 233/58/1 251/234/1
f 249/131/1 233/58/1 250/235/1
f 248/236/1 233/58/1 249/131/1
f 248/236/1 234/237/1 233/58/1
f 247/238/1 234/237/1 248/236/1
f 246/239/1 234/237/1 247/238/1
f 245/124/1 234/237/1 246/239/1
f 245/124/1 235/240/1 234/237/1
f 244/241/1 235/240/1 245/124/1
f 243/242/1 235/240/1 244/241/1
f 243/242/1 236/243/1 235/240/1
f 242/244/1 236/243/1 243/242/1
f 266/213/1 265/84/1 264/225/1
f 241/35/1 236/243/1 242/244/1
f 241/35/1 237/69/1 236/243/1
f 240/245/1 237/69/1 241/35/1
f 239/246/1 237/69/1 240/245/1
f 239/246/1 238/247/1 237/69/1
f 278/248/1 270/15/1 279/249/1
f 270/15/1 280/250/1 279/249/1
f 270/15/1 281/13/1 280/250/1
f 278/248/1 271/251/1 270/15/1
f 278/248/1 274/252/1 271/251/1
f 274/252/1 272/253/1 271/251/1
f 274/252/1 273/254/1 272/253/1
f 278/248/1 275/255/1 274/252/1
f 278/248/1 276/256/1 275/255/1
f 278/248/1 277/257/1 276/256/1
f 335/213/1 337/214/1 336/215/1
f 335/213/1 338/13/1 337/214/1
f 293/206/1 295/207/1 294/107/1
f 292/208/1 295/207/1 293/206/1
f 292/208/1 296/209/1 295/207/1
f 291/210/1 296/209/1 292/208/1
f 290/140/1 296/209/1 291/210/1
f 290/140/1 297/211/1 296/209/1
f 289/212/1 297/211/1 290/140/1
f 289/212/1 298/70/1 297/211/1
f 288/216/1 298/70/1 289/212/1
f 287/217/1 298/70/1 288/216/1
f 287/217/1 299/218/1 298/70/1
f 286/147/1 299/218/1 287/217/1
f 285/220/1 299/218/1 286/147/1
f 285/220/1 300/219/1 299/218/1
f 284/221/1 300/219/1 285/220/1
f 284/221/1 301/222/1 300/219/1
f 283/223/1 301/222/1 284/221/1
f 282/15/1 301/222/1 283/223/1
f 282/15/1 321/224/1 301/222/1
f 321/224/1 302/58/1 301/222/1
f 335/213/1 282/15/1 338/13/1
f 335/213/1 333/225/1 282/15/1
f 333/225/1 332/226/1 282/15/1
f 332/226/1 331/227/1 282/15/1
f 331/227/1 330/73/1 282/15/1
f 330/73/1 329/228/1 282/15/1
f 329/228/1 328/229/1 282/15/1
f 328/229/1 327/230/1 282/15/1
f 327/230/1 326/91/1 282/15/1
f 326/91/1 325/231/1 282/15/1
f 325/231/1 324/232/1 282/15/1
f 324/232/1 323/233/1 282/15/1
f 323/233/1 322/118/1 282/15/1
f 322/118/1 321/224/1 282/15/1
f 320/234/1 302/58/1 321/224/1
f 319/235/1 302/58/1 320/234/1
f 318/131/1 302/58/1 319/235/1
f 317/236/1 302/58/1 318/131/1
f 317/236/1 303/237/1 302/58/1
f 316/238/1 303/237/1 317/236/1
f 315/239/1 303/237/1 316/238/1
f 314/124/1 303/237/1 315/239/1
f 314/124/1 304/240/1 303/237/1
f 313/241/1 304/240/1 314/124/1
f 312/242/1 304/240/1 313/241/1
f 312/242/1 305/243/1 304/240/1
f 311/244/1 305/243/1 312/242/1
f 335/213/1 334/84/1 333/225/1
f 310/35/1 305/243/1 311/244/1
f 310/35/1 306/69/1 305/243/1
f 309/245/1 306/69/1 310/35/1
f 308/246/1 306/69/1 309/245/1
f 308/246/1 307/247/1 306/69/1
f 458/161/1 460/258/1 459/259/1
f 458/161/1 461/260/1 460/258/1
f 457/261/1 461/260/1 458/161/1
f 457/261/1 462/262/1 461/260/1
f 457/261/1 463/263/1 462/262/1
f 456/264/1 463/263/1 457/261/1
f 456/264/1 464/265/1 463/263/1
f 456/264/1 465/155/1 464/265/1
f 455/266/1 465/155/1 456/264/1
f 455/266/1 466/267/1 465/155/1
f 455/266/1 467/268/1 466/267/1
f 454/269/1 467/268/1 455/266/1
f 454/269/1 468/270/1 467/268/1
f 454/269/1 469/271/1 468/270/1
f 453/73/1 469/271/1 454/269/1
f 453/73/1 470/272/1 469/271/1
f 453/73/1 471/273/1 470/272/1
f 452/274/1 471/273/1 453/73/1
f 452/274/1 346/159/1 471/273/1
f 346/159/1 345/275/1 471/273/1
f 345/275/1 344/276/1 471/273/1
f 344/276/1 343/277/1 471/273/1
f 343/277/1 342/278/1 471/273/1
f 342/278/1 341/279/1 471/273/1
f 341/279/1 340/280/1 471/273/1
f 340/280/1 339/15/1 471/273/1
f 339/15/1 472/13/1 471/273/1
f 451/181/1 348/281/1 452/274/1
f 348/281/1 347/282/1 452/274/1
f 347/282/1 346/159/1 452/274/1
f 450/283/1 349/284/1 451/181/1
f 349/284/1 348/281/1 451/181/1
f 449/285/1 351/286/1 450/283/1
f 351/286/1 350/287/1 450/283/1
f 350/287/1 349/284/1 450/283/1
f 449/285/1 352/288/1 351/286/1
f 449/285/1 353/163/1 352/288/1
f 449/285/1 354/289/1 353/163/1
f 449/285/1 355/290/1 354/289/1
f 449/285/1 356/291/1 355/290/1
f 448/292/1 356/291/1 449/285/1
f 448/292/1 357/293/1 356/291/1
f 448/292/1 358/140/1 357/293/1
f 448/292/1 359/294/1 358/140/1
f 448/292/1 360/173/1 359/294/1
f 447/295/1 360/173/1 448/292/1
f 447/295/1 361/296/1 360/173/1
f 447/295/1 362/297/1 361/296/1
f 447/295/1 363/298/1 362/297/1
f 446/299/1 363/298/1 447/295/1
f 446/299/1 364/300/1 363/298/1
f 446/299/1 365/301/1 364/300/1
f 446/299/1 366/302/1 365/301/1
f 446/299/1 367/180/1 366/302/1
f 446/299/1 368/303/1 367/180/1
f 445/304/1 368/303/1 446/299/1
f 445/304/1 369/305/1 368/303/1
f 445/304/1 370/306/1 369/305/1
f 445/304/1 371/307/1 370/306/1
f 444/190/1 371/307/1 445/304/1
f 444/190/1 372/308/1 371/307/1
f 444/190/1 373/309/1 372/308/1
f 444/190/1 374/187/1 373/309/1
f 443/310/1 374/187/1 444/190/1
f 443/310/1 375/311/1 374/187/1
f 442/312/1 375/311/1 443/310/1
f 442/312/1 376/313/1 375/311/1
f 442/312/1 377/70/1 376/313/1
f 441/314/1 377/70/1 442/312/1
f 441/314/1 378/315/1 377/70/1
f 440/316/1 378/315/1 441/314/1
f 440/316/1 379/317/1 378/315/1
f 440/316/1 380/318/1 379/317/1
f 439/319/1 380/318/1 440/316/1
f 439/319/1 381/182/1 380/318/1
f 438/320/1 381/182/1 439/319/1
f 438/320/1 382/321/1 381/182/1
f 438/320/1 383/322/1 382/321/1
f 437/199/1 383/322/1 438/320/1
f 437/199/1 384/323/1 383/322/1
f 436/324/1 384/323/1 437/199/1
f 436/324/1 385/325/1 384/323/1
f 435/326/1 385/325/1 436/324/1
f 435/326/1 386/327/1 385/325/1
f 410/328/1 412/329/1 411/330/1
f 435/326/1 387/331/1 386/327/1
f 434/118/1 387/331/1 435/326/1
f 410/328/1 413/332/1 412/329/1
f 433/333/1 387/331/1 434/118/1
f 410/328/1 414/334/1 413/332/1
f 432/335/1 387/331/1 433/333/1
f 432/335/1 388/177/1 387/331/1
f 410/328/1 415/124/1 414/334/1
f 431/336/1 388/177/1 432/335/1
f 410/328/1 416/197/1 415/124/1
f 430/205/1 388/177/1 431/336/1
f 410/328/1 417/337/1 416/197/1
f 429/338/1 388/177/1 430/205/1
f 429/338/1 389/339/1 388/177/1
f 410/328/1 418/340/1 417/337/1
f 428/341/1 389/339/1 429/338/1
f 427/342/1 389/339/1 428/341/1
f 410/328/1 419/343/1 418/340/1
f 426/344/1 389/339/1 427/342/1
f 410/328/1 420/345/1 419/343/1
f 425/346/1 389/339/1 426/344/1
f 410/328/1 421/347/1 420/345/1
f 424/348/1 389/339/1 425/346/1
f 410/328/1 422/349/1 421/347/1
f 423/201/1 389/339/1 424/348/1
f 410/328/1 423/201/1 422/349/1
f 423/201/1 390/350/1 389/339/1
f 410/328/1 390/350/1 423/201/1
f 410/328/1 391/351/1 390/350/1
f 410/328/1 392/352/1 391/351/1
f 409/193/1 392/352/1 410/328/1
f 409/193/1 393/353/1 392/352/1
f 408/354/1 393/353/1 409/193/1
f 407/355/1 393/353/1 408/354/1
f 407/355/1 394/356/1 393/353/1
f 406/357/1 394/356/1 407/355/1
f 405/358/1 394/356/1 406/357/1
f 405/358/1 395/171/1 394/356/1
f 404/359/1 395/171/1 405/358/1
f 404/359/1 396/69/1 395/171/1
f 403/360/1 396/69/1 404/359/1
f 402/168/1 396/69/1 403/360/1
f 402/168/1 397/361/1 396/69/1
f 401/362/1 397/361/1 402/168/1
f 400/363/1 397/361/1 401/362/1
f 400/363/1 398/364/1 397/361/1
f 399/365/1 398/364/1 400/363/1
f 497/366/1 499/367/1 498/255/1
f 497/366/1 500/368/1 499/367/1
f 524/369/1 526/370/1 525/371/1
f 524/369/1 527/372/1 526/370/1
f 496/373/1 500/368/1 497/366/1
f 496/373/1 501/374/1 500/368/1
f 496/373/1 502/375/1 501/374/1
f 495/376/1 502/375/1 496/373/1
f 495/376/1 503/256/1 502/375/1
f 523/250/1 527/372/1 524/369/1
f 495/376/1 504/377/1 503/256/1
f 522/378/1 527/372/1 523/250/1
f 494/379/1 504/377/1 495/376/1
f 494/379/1 505/380/1 504/377/1
f 521/381/1 527/372/1 522/378/1
f 520/382/1 527/372/1 521/381/1
f 494/379/1 506/383/1 505/380/1
f 493/252/1 506/383/1 494/379/1
f 519/384/1 527/372/1 520/382/1
f 493/252/1 507/385/1 506/383/1
f 518/249/1 473/15/1 519/384/1
f 473/15/1 527/372/1 519/384/1
f 493/252/1 508/257/1 507/385/1
f 517/386/1 473/15/1 518/249/1
f 493/252/1 509/387/1 508/257/1
f 516/388/1 473/15/1 517/386/1
f 492/389/1 509/387/1 493/252/1
f 515/390/1 473/15/1 516/388/1
f 492/389/1 510/391/1 509/387/1
f 514/392/1 473/15/1 515/390/1
f 492/389/1 511/393/1 510/391/1
f 513/248/1 473/15/1 514/392/1
f 492/389/1 512/394/1 511/393/1
f 512/394/1 473/15/1 513/248/1
f 492/389/1 473/15/1 512/394/1
f 492/389/1 474/395/1 473/15/1
f 528/13/1 527/372/1 473/15/1
f 491/396/1 474/395/1 492/389/1
f 491/396/1 475/397/1 474/395/1
f 491/396/1 476/398/1 475/397/1
f 490/399/1 476/398/1 491/396/1
f 490/399/1 477/400/1 476/398/1
f 489/401/1 477/400/1 490/399/1
f 489/401/1 478/251/1 477/400/1
f 489/401/1 479/402/1 478/251/1
f 488/254/1 479/402/1 489/401/1
f 488/254/1 480/403/1 479/402/1
f 488/254/1 481/404/1 480/403/1
f 487/405/1 481/404/1 488/254/1
f 487/405/1 482/406/1 481/404/1
f 486/407/1 482/406/1 487/405/1
f 486/407/1 483/253/1 482/406/1
f 486/407/1 484/408/1 483/253/1
f 485/409/1 484/408/1 486/407/1
f 555/367/1 583/372/1 556/368/1
f 583/372/1 557/374/1 556/368/1
f 583/372/1 529/15/1 557/374/1
f 583/372/1 530/395/1 529/15/1
f 583/372/1 531/397/1 530/395/1
f 583/372/1 532/398/1 531/397/1
f 583/372/1 533/400/1 532/398/1
f 583/372/1 534/251/1 533/400/1
f 583/372/1 535/402/1 534/251/1
f 583/372/1 582/370/1 535/402/1
f 582/370/1 536/403/1 535/402/1
f 555/367/1 584/13/1 583/372/1
f 581/371/1 536/403/1 582/370/1
f 580/369/1 536/403/1 581/371/1
f 579/250/1 536/403/1 580/369/1
f 579/250/1 537/404/1 536/403/1
f 578/378/1 537/404/1 579/250/1
f 577/381/1 537/404/1 578/378/1
f 576/382/1 537/404/1 577/381/1
f 576/382/1 538/406/1 537/404/1
f 575/384/1 538/406/1 576/382/1
f 574/249/1 538/406/1 575/384/1
f 573/386/1 538/406/1 574/249/1
f 573/386/1 539/253/1 538/406/1
f 572/388/1 539/253/1 573/386/1
f 571/390/1 539/253/1 572/388/1
f 571/390/1 540/408/1 539/253/1
f 570/392/1 540/408/1 571/390/1
f 569/248/1 540/408/1 570/392/1
f 569/248/1 541/409/1 540/408/1
f 568/394/1 541/409/1 569/248/1
f 568/394/1 542/407/1 541/409/1
f 567/393/1 542/407/1 568/394/1
f 566/391/1 542/407/1 567/393/1
f 566/391/1 543/405/1 542/407/1
f 565/387/1 543/405/1 566/391/1
f 564/257/1 543/405/1 565/387/1
f 564/257/1 544/254/1 543/405/1
f 563/385/1 544/254/1 564/257/1
f 562/383/1 544/254/1 563/385/1
f 561/380/1 544/254/1 562/383/1
f 560/377/1 544/254/1 561/380/1
f 560/377/1 545/401/1 544/254/1
f 559/256/1 545/401/1 560/377/1
f 558/375/1 545/401/1 559/256/1
f 555/367/1 553/366/1 584/13/1
f 553/366/1 558/375/1 584/13/1
f 553/366/1 545/401/1 558/375/1
f 553/366/1 546/399/1 545/401/1
f 553/366/1 547/396/1 546/399/1
f 553/366/1 548/389/1 547/396/1
f 553/366/1 549/252/1 548/389/1
f 553/366/1 550/379/1 549/252/1
f 553/366/1 551/376/1 550/379/1
f 553/366/1 552/373/1 551/376/1
f 555/367/1 554/255/1 553/366/1
f 597/1/2 598/3/2 599/2/2
f 597/1/2 599/2/2 600/4/2
f 596/5/2 597/1/2 600/4/2
f 596/5/2 600/4/2 601/6/2
f 595/7/2 596/5/2 601/6/2
f 595/7/2 601/6/2 602/8/2
f 595/7/2 602/8/2 603/9/2
f 594/10/2 595/7/2 603/9/2
f 594/10/2 603/9/2 604/11/2
f 637/12/2 638/14/2 639/13/2
f 637/12/2 639/13/2 585/15/2
f 593/16/2 594/10/2 604/11/2
f 593/16/2 604/11/2 605/17/2
f 593/16/2 605/17/2 606/18/2
f 592/19/2 593/16/2 606/18/2
f 592/19/2 606/18/2 607/20/2
f 591/21/2 592/19/2 607/20/2
f 591/21/2 607/20/2 608/22/2
f 591/21/2 608/22/2 609/23/2
f 590/24/2 591/21/2 609/23/2
f 590/24/2 609/23/2 610/25/2
f 589/26/2 590/24/2 610/25/2
f 589/26/2 610/25/2 620/27/2
f 620/27/2 610/25/2 619/28/2
f 619/28/2 610/25/2 618/29/2
f 618/29/2 610/25/2 617/30/2
f 617/30/2 610/25/2 616/31/2
f 616/31/2 610/25/2 615/32/2
f 615/32/2 610/25/2 614/33/2
f 614/33/2 610/25/2 613/34/2
f 613/34/2 610/25/2 612/35/2
f 612/35/2 610/25/2 611/36/2
f 588/37/2 589/26/2 622/38/2
f 622/38/2 589/26/2 621/39/2
f 621/39/2 589/26/2 620/27/2
f 587/40/2 588/37/2 624/41/2
f 624/41/2 588/37/2 623/42/2
f 623/42/2 588/37/2 622/38/2
f 587/40/2 624/41/2 625/43/2
f 587/40/2 625/43/2 626/44/2
f 586/45/2 587/40/2 626/44/2
f 586/45/2 626/44/2 627/46/2
f 586/45/2 627/46/2 628/47/2
f 637/12/2 585/15/2 586/45/2
f 637/12/2 586/45/2 632/48/2
f 632/48/2 586/45/2 631/49/2
f 631/49/2 586/45/2 630/50/2
f 630/50/2 586/45/2 629/51/2
f 629/51/2 586/45/2 628/47/2
f 637/12/2 632/48/2 633/52/2
f 637/12/2 633/52/2 634/53/2
f 637/12/2 634/53/2 635/54/2
f 637/12/2 635/54/2 636/55/2
f 674/56/2 675/58/2 676/57/2
f 674/56/2 676/57/2 677/59/2
f 673/60/2 674/56/2 677/59/2
f 673/60/2 677/59/2 678/61/2
f 672/62/2 673/60/2 678/61/2
f 672/62/2 678/61/2 679/63/2
f 671/64/2 672/62/2 679/63/2
f 671/64/2 679/63/2 680/65/2
f 670/66/2 671/64/2 680/65/2
f 670/66/2 680/65/2 681/67/2
f 669/68/2 670/66/2 681/67/2
f 669/68/2 681/67/2 682/69/2
f 668/70/2 669/68/2 725/71/2
f 725/71/2 669/68/2 682/69/2
f 668/70/2 725/71/2 726/72/2
f 724/73/2 725/71/2 682/69/2
f 668/70/2 726/72/2 727/74/2
f 723/75/2 724/73/2 682/69/2
f 668/70/2 727/74/2 728/76/2
f 722/77/2 723/75/2 682/69/2
f 722/77/2 682/69/2 683/78/2
f 668/70/2 728/76/2 729/79/2
f 667/80/2 668/70/2 729/79/2
f 721/81/2 722/77/2 683/78/2
f 667/80/2 729/79/2 730/82/2
f 720/83/2 721/81/2 683/78/2
f 667/80/2 730/82/2 731/84/2
f 719/85/2 720/83/2 683/78/2
f 667/80/2 731/84/2 732/86/2
f 718/87/2 719/85/2 683/78/2
f 666/88/2 667/80/2 732/86/2
f 718/87/2 683/78/2 684/89/2
f 666/88/2 732/86/2 733/90/2
f 717/91/2 718/87/2 684/89/2
f 666/88/2 733/90/2 734/92/2
f 716/93/2 717/91/2 684/89/2
f 665/94/2 666/88/2 734/92/2
f 716/93/2 684/89/2 685/95/2
f 665/94/2 734/92/2 735/96/2
f 715/97/2 716/93/2 685/95/2
f 665/94/2 735/96/2 736/98/2
f 714/99/2 715/97/2 685/95/2
f 664/100/2 665/94/2 736/98/2
f 664/100/2 736/98/2 737/101/2
f 714/99/2 685/95/2 686/102/2
f 738/13/2 714/99/2 686/102/2
f 664/100/2 737/101/2 738/13/2
f 664/100/2 738/13/2 686/102/2
f 663/103/2 664/100/2 686/102/2
f 663/103/2 686/102/2 687/104/2
f 662/105/2 663/103/2 688/106/2
f 688/106/2 663/103/2 687/104/2
f 662/105/2 688/106/2 689/35/2
f 661/107/2 662/105/2 689/35/2
f 661/107/2 689/35/2 690/108/2
f 661/107/2 690/108/2 691/109/2
f 660/110/2 661/107/2 691/109/2
f 660/110/2 691/109/2 692/111/2
f 659/112/2 660/110/2 692/111/2
f 659/112/2 692/111/2 693/113/2
f 711/114/2 712/116/2 713/115/2
f 659/112/2 693/113/2 694/117/2
f 710/118/2 711/114/2 713/115/2
f 709/119/2 710/118/2 713/115/2
f 658/120/2 659/112/2 694/117/2
f 658/120/2 694/117/2 695/121/2
f 708/122/2 709/119/2 713/115/2
f 707/123/2 708/122/2 713/115/2
f 658/120/2 695/121/2 696/124/2
f 706/125/2 707/123/2 713/115/2
f 658/120/2 696/124/2 697/126/2
f 705/127/2 706/125/2 713/115/2
f 657/128/2 658/120/2 697/126/2
f 704/129/2 705/127/2 713/115/2
f 657/128/2 697/126/2 698/130/2
f 703/131/2 704/129/2 713/115/2
f 657/128/2 698/130/2 699/132/2
f 702/133/2 703/131/2 713/115/2
f 701/134/2 702/133/2 713/115/2
f 657/128/2 699/132/2 700/135/2
f 700/135/2 701/134/2 713/115/2
f 657/128/2 700/135/2 713/115/2
f 656/136/2 657/128/2 713/115/2
f 656/136/2 713/115/2 640/15/2
f 655/137/2 656/136/2 640/15/2
f 655/137/2 640/15/2 641/138/2
f 655/137/2 641/138/2 642/139/2
f 654/140/2 655/137/2 642/139/2
f 654/140/2 642/139/2 643/141/2
f 654/140/2 643/141/2 644/142/2
f 653/143/2 654/140/2 644/142/2
f 653/143/2 644/142/2 645/144/2
f 653/143/2 645/144/2 646/145/2
f 652/146/2 653/143/2 646/145/2
f 652/146/2 646/145/2 647/147/2
f 652/146/2 647/147/2 648/148/2
f 652/146/2 648/148/2 649/149/2
f 651/150/2 652/146/2 649/149/2
f 651/150/2 649/149/2 650/151/2
f 794/152/2 795/153/2 796/13/2
f 794/152/2 796/13/2 739/15/2
f 794/152/2 739/15/2 740/154/2
f 793/155/2 794/152/2 740/154/2
f 792/156/1 793/155/1 740/154/1
f 791/157/2 792/156/2 741/158/2
f 741/158/1 792/156/1 740/154/1
f 791/157/2 741/158/2 742/159/2
f 791/157/2 742/159/2 743/160/2
f 790/161/2 791/157/2 743/160/2
f 790/161/2 743/160/2 744/162/2
f 790/161/2 744/162/2 745/163/2
f 789/164/2 790/161/2 745/163/2
f 789/164/2 745/163/2 746/165/2
f 765/166/2 766/168/2 767/167/2
f 764/169/2 765/166/2 767/167/2
f 789/164/2 746/165/2 747/170/2
f 763/171/2 764/169/2 767/167/2
f 788/172/2 789/164/2 747/170/2
f 788/172/2 747/170/2 748/173/2
f 762/174/2 763/171/2 767/167/2
f 761/175/2 762/174/2 767/167/2
f 788/172/2 748/173/2 749/176/2
f 760/177/2 761/175/2 767/167/2
f 788/172/2 749/176/2 750/178/2
f 759/179/2 760/177/2 767/167/2
f 788/172/2 750/178/2 751/180/2
f 758/9/2 759/179/2 767/167/2
f 787/181/2 788/172/2 751/180/2
f 757/182/2 758/9/2 767/167/2
f 787/181/2 751/180/2 752/183/2
f 756/184/2 757/182/2 767/167/2
f 787/181/2 752/183/2 753/185/2
f 755/186/2 756/184/2 767/167/2
f 787/181/2 753/185/2 754/187/2
f 754/187/2 755/186/2 767/167/2
f 787/181/2 754/187/2 767/167/2
f 786/188/2 787/181/2 767/167/2
f 785/189/2 786/188/2 767/167/2
f 784/190/2 785/189/2 767/167/2
f 784/190/2 767/167/2 768/191/2
f 783/192/2 784/190/2 768/191/2
f 783/192/2 768/191/2 769/193/2
f 783/192/2 769/193/2 770/194/2
f 782/195/2 783/192/2 770/194/2
f 782/195/2 770/194/2 771/196/2
f 782/195/2 771/196/2 772/197/2
f 782/195/2 772/197/2 773/198/2
f 781/199/2 782/195/2 773/198/2
f 781/199/2 773/198/2 774/200/2
f 781/199/2 774/200/2 775/201/2
f 780/202/2 781/199/2 775/201/2
f 780/202/2 775/201/2 776/203/2
f 780/202/2 776/203/2 777/39/2
f 779/204/2 780/202/2 777/39/2
f 779/204/2 777/39/2 778/205/2
f 808/206/2 809/107/2 810/207/2
f 807/208/2 808/206/2 810/207/2
f 807/208/2 810/207/2 811/209/2
f 806/210/2 807/208/2 811/209/2
f 805/140/2 806/210/2 811/209/2
f 805/140/2 811/209/2 812/211/2
f 804/212/2 805/140/2 812/211/2
f 850/213/2 851/215/2 852/214/2
f 850/213/2 852/214/2 853/13/2
f 804/212/2 812/211/2 813/70/2
f 803/216/2 804/212/2 813/70/2
f 802/217/2 803/216/2 813/70/2
f 802/217/2 813/70/2 814/218/2
f 801/147/2 802/217/2 814/218/2
f 801/147/2 814/218/2 815/219/2
f 800/220/2 801/147/2 815/219/2
f 799/221/2 800/220/2 815/219/2
f 799/221/2 815/219/2 816/222/2
f 798/223/2 799/221/2 816/222/2
f 797/15/2 798/223/2 816/222/2
f 797/15/2 816/222/2 836/224/2
f 836/224/2 816/222/2 817/58/2
f 850/213/2 853/13/2 797/15/2
f 850/213/2 797/15/2 848/225/2
f 848/225/2 797/15/2 847/226/2
f 847/226/2 797/15/2 846/227/2
f 846/227/2 797/15/2 845/73/2
f 845/73/2 797/15/2 844/228/2
f 844/228/2 797/15/2 843/229/2
f 843/229/2 797/15/2 842/230/2
f 842/230/2 797/15/2 841/91/2
f 841/91/2 797/15/2 840/231/2
f 840/231/2 797/15/2 839/232/2
f 839/232/2 797/15/2 838/233/2
f 838/233/2 797/15/2 837/118/2
f 837/118/2 797/15/2 836/224/2
f 835/234/2 836/224/2 817/58/2
f 834/235/2 835/234/2 817/58/2
f 833/131/2 834/235/2 817/58/2
f 832/236/2 833/131/2 817/58/2
f 832/236/2 817/58/2 818/237/2
f 831/238/2 832/236/2 818/237/2
f 830/239/2 831/238/2 818/237/2
f 829/124/2 830/239/2 818/237/2
f 829/124/2 818/237/2 819/240/2
f 828/241/2 829/124/2 819/240/2
f 827/242/2 828/241/2 819/240/2
f 827/242/2 819/240/2 820/243/2
f 826/244/2 827/242/2 820/243/2
f 850/213/2 848/225/2 849/84/2
f 825/35/2 826/244/2 820/243/2
f 825/35/2 820/243/2 821/69/2
f 824/245/2 825/35/2 821/69/2
f 823/246/2 824/245/2 821/69/2
f 823/246/2 821/69/2 822/247/2
f 862/248/2 863/249/2 854/15/2
f 854/15/2 863/249/2 864/250/2
f 854/15/2 864/250/2 865/13/2
f 862/248/2 854/15/2 855/251/2
f 862/248/2 855/251/2 858/252/2
f 858/252/2 855/251/2 856/253/2
f 858/252/2 856/253/2 857/254/2
f 862/248/2 858/252/2 859/255/2
f 862/248/2 859/255/2 860/256/2
f 862/248/2 860/256/2 861/257/2
f 919/213/2 920/215/2 921/214/2
f 919/213/2 921/214/2 922/13/2
f 877/206/2 878/107/2 879/207/2
f 876/208/2 877/206/2 879/207/2
f 876/208/2 879/207/2 880/209/2
f 875/210/2 876/208/2 880/209/2
f 874/140/2 875/210/2 880/209/2
f 874/140/2 880/209/2 881/211/2
f 873/212/2 874/140/2 881/211/2
f 873/212/2 881/211/2 882/70/2
f 872/216/2 873/212/2 882/70/2
f 871/217/2 872/216/2 882/70/2
f 871/217/2 882/70/2 883/218/2
f 870/147/2 871/217/2 883/218/2
f 869/220/2 870/147/2 883/218/2
f 869/220/2 883/218/2 884/219/2
f 868/221/2 869/220/2 884/219/2
f 868/221/2 884/219/2 885/222/2
f 867/223/2 868/221/2 885/222/2
f 866/15/2 867/223/2 885/222/2
f 866/15/2 885/222/2 905/224/2
f 905/224/2 885/222/2 886/58/2
f 919/213/2 922/13/2 866/15/2
f 919/213/2 866/15/2 917/225/2
f 917/225/2 866/15/2 916/226/2
f 916/226/2 866/15/2 915/227/2
f 915/227/2 866/15/2 914/73/2
f 914/73/2 866/15/2 913/228/2
f 913/228/2 866/15/2 912/229/2
f 912/229/2 866/15/2 911/230/2
f 911/230/2 866/15/2 910/91/2
f 910/91/2 866/15/2 909/231/2
f 909/231/2 866/15/2 908/232/2
f 908/232/2 866/15/2 907/233/2
f 907/233/2 866/15/2 906/118/2
f 906/118/2 866/15/2 905/224/2
f 904/234/2 905/224/2 886/58/2
f 903/235/2 904/234/2 886/58/2
f 902/131/2 903/235/2 886/58/2
f 901/236/2 902/131/2 886/58/2
f 901/236/2 886/58/2 887/237/2
f 900/238/2 901/236/2 887/237/2
f 899/239/2 900/238/2 887/237/2
f 898/124/2 899/239/2 887/237/2
f 898/124/2 887/237/2 888/240/2
f 897/241/2 898/124/2 888/240/2
f 896/242/2 897/241/2 888/240/2
f 896/242/2 888/240/2 889/243/2
f 895/244/2 896/242/2 889/243/2
f 919/213/2 917/225/2 918/84/2
f 894/35/2 895/244/2 889/243/2
f 894/35/2 889/243/2 890/69/2
f 893/245/2 894/35/2 890/69/2
f 892/246/2 893/245/2 890/69/2
f 892/246/2 890/69/2 891/247/2
f 1042/161/2 1043/259/2 1044/258/2
f 1042/161/2 1044/258/2 1045/260/2
f 1041/261/2 1042/161/2 1045/260/2
f 1041/261/2 1045/260/2 1046/262/2
f 1041/261/2 1046/262/2 1047/263/2
f 1040/264/2 1041/261/2 1047/263/2
f 1040/264/2 1047/263/2 1048/265/2
f 1040/264/2 1048/265/2 1049/155/2
f 1039/266/2 1040/264/2 1049/155/2
f 1039/266/2 1049/155/2 1050/267/2
f 1039/266/2 1050/267/2 1051/268/2
f 1038/269/2 1039/266/2 1051/268/2
f 1038/269/2 1051/268/2 1052/270/2
f 1038/269/2 1052/270/2 1053/271/2
f 1037/73/2 1038/269/2 1053/271/2
f 1037/73/2 1053/271/2 1054/272/2
f 1037/73/2 1054/272/2 1055/273/2
f 1036/274/2 1037/73/2 1055/273/2
f 1036/274/2 1055/273/2 930/159/2
f 930/159/2 1055/273/2 929/275/2
f 929/275/2 1055/273/2 928/276/2
f 928/276/2 1055/273/2 927/277/2
f 927/277/2 1055/273/2 926/278/2
f 926/278/2 1055/273/2 925/279/2
f 925/279/2 1055/273/2 924/280/2
f 924/280/2 1055/273/2 923/15/2
f 923/15/2 1055/273/2 1056/13/2
f 1035/181/2 1036/274/2 932/281/2
f 932/281/2 1036/274/2 931/282/2
f 931/282/2 1036/274/2 930/159/2
f 1034/283/2 1035/181/2 933/284/2
f 933/284/2 1035/181/2 932/281/2
f 1033/285/2 1034/283/2 935/286/2
f 935/286/2 1034/283/2 934/287/2
f 934/287/2 1034/283/2 933/284/2
f 1033/285/2 935/286/2 936/288/2
f 1033/285/2 936/288/2 937/163/2
f 1033/285/2 937/163/2 938/289/2
f 1033/285/2 938/289/2 939/290/2
f 1033/285/2 939/290/2 940/291/2
f 1032/292/2 1033/285/2 940/291/2
f 1032/292/2 940/291/2 941/293/2
f 1032/292/2 941/293/2 942/140/2
f 1032/292/2 942/140/2 943/294/2
f 1032/292/2 943/294/2 944/173/2
f 1031/295/2 1032/292/2 944/173/2
f 1031/295/2 944/173/2 945/296/2
f 1031/295/2 945/296/2 946/297/2
f 1031/295/2 946/297/2 947/298/2
f 1030/299/2 1031/295/2 947/298/2
f 1030/299/2 947/298/2 948/300/2
f 1030/299/2 948/300/2 949/301/2
f 1030/299/2 949/301/2 950/302/2
f 1030/299/2 950/302/2 951/180/2
f 1030/299/2 951/180/2 952/303/2
f 1029/304/2 1030/299/2 952/303/2
f 1029/304/2 952/303/2 953/305/2
f 1029/304/2 953/305/2 954/306/2
f 1029/304/2 954/306/2 955/307/2
f 1028/190/2 1029/304/2 955/307/2
f 1028/190/2 955/307/2 956/308/2
f 1028/190/2 956/308/2 957/309/2
f 1028/190/2 957/309/2 958/187/2
f 1027/310/2 1028/190/2 958/187/2
f 1027/310/2 958/187/2 959/311/2
f 1026/312/2 1027/310/2 959/311/2
f 1026/312/2 959/311/2 960/313/2
f 1026/312/2 960/313/2 961/70/2
f 1025/314/2 1026/312/2 961/70/2
f 1025/314/2 961/70/2 962/315/2
f 1024/316/2 1025/314/2 962/315/2
f 1024/316/2 962/315/2 963/317/2
f 1024/316/2 963/317/2 964/318/2
f 1023/319/2 1024/316/2 964/318/2
f 1023/319/2 964/318/2 965/182/2
f 1022/320/2 1023/319/2 965/182/2
f 1022/320/2 965/182/2 966/321/2
f 1022/320/2 966/321/2 967/322/2
f 1021/199/2 1022/320/2 967/322/2
f 1021/199/2 967/322/2 968/323/2
f 1020/324/2 1021/199/2 968/323/2
f 1020/324/2 968/323/2 969/325/2
f 1019/326/2 1020/324/2 969/325/2
f 1019/326/2 969/325/2 970/327/2
f 994/328/2 995/330/2 996/329/2
f 1019/326/2 970/327/2 971/331/2
f 1018/118/2 1019/326/2 971/331/2
f 994/328/2 996/329/2 997/332/2
f 1017/333/2 1018/118/2 971/331/2
f 994/328/2 997/332/2 998/334/2
f 1016/335/2 1017/333/2 971/331/2
f 1016/335/2 971/331/2 972/177/2
f 994/328/2 998/334/2 999/124/2
f 1015/336/2 1016/335/2 972/177/2
f 994/328/2 999/124/2 1000/197/2
f 1014/205/2 1015/336/2 972/177/2
f 994/328/2 1000/197/2 1001/337/2
f 1013/338/2 1014/205/2 972/177/2
f 1013/338/2 972/177/2 973/339/2
f 994/328/2 1001/337/2 1002/340/2
f 1012/341/2 1013/338/2 973/339/2
f 1011/342/2 1012/341/2 973/339/2
f 994/328/2 1002/340/2 1003/343/2
f 1010/344/2 1011/342/2 973/339/2
f 994/328/2 1003/343/2 1004/345/2
f 1009/346/2 1010/344/2 973/339/2
f 994/328/2 1004/345/2 1005/347/2
f 1008/348/2 1009/346/2 973/339/2
f 994/328/2 1005/347/2 1006/349/2
f 1007/201/2 1008/348/2 973/339/2
f 994/328/2 1006/349/2 1007/201/2
f 1007/201/2 973/339/2 974/350/2
f 994/328/2 1007/201/2 974/350/2
f 994/328/2 974/350/2 975/351/2
f 994/328/2 975/351/2 976/352/2
f 993/193/2 994/328/2 976/352/2
f 993/193/2 976/352/2 977/353/2
f 992/354/2 993/193/2 977/353/2
f 991/355/2 992/354/2 977/353/2
f 991/355/2 977/353/2 978/356/2
f 990/357/2 991/355/2 978/356/2
f 989/358/2 990/357/2 978/356/2
f 989/358/2 978/356/2 979/171/2
f 988/359/2 989/358/2 979/171/2
f 988/359/2 979/171/2 980/69/2
f 987/360/2 988/359/2 980/69/2
f 986/168/2 987/360/2 980/69/2
f 986/168/2 980/69/2 981/361/2
f 985/362/2 986/168/2 981/361/2
f 984/363/2 985/362/2 981/361/2
f 984/363/2 981/361/2 982/364/2
f 983/365/2 984/363/2 982/364/2
f 1081/366/2 1082/255/2 1083/367/2
f 1081/366/2 1083/367/2 1084/368/2
f 1108/369/2 1109/371/2 1110/370/2
f 1108/369/2 1110/370/2 1111/372/2
f 1080/373/2 1081/366/2 1084/368/2
f 1080/373/2 1084/368/2 1085/374/2
f 1080/373/2 1085/374/2 1086/375/2
f 1079/376/2 1080/373/2 1086/375/2
f 1079/376/2 1086/375/2 1087/256/2
f 1107/250/2 1108/369/2 1111/372/2
f 1079/376/2 1087/256/2 1088/377/2
f 1106/378/2 1107/250/2 1111/372/2
f 1078/379/2 1079/376/2 1088/377/2
f 1078/379/2 1088/377/2 1089/380/2
f 1105/381/2 1106/378/2 1111/372/2
f 1104/382/2 1105/381/2 1111/372/2
f 1078/379/2 1089/380/2 1090/383/2
f 1077/252/2 1078/379/2 1090/383/2
f 1103/384/2 1104/382/2 1111/372/2
f 1077/252/2 1090/383/2 1091/385/2
f 1102/249/2 1103/384/2 1057/15/2
f 1057/15/2 1103/384/2 1111/372/2
f 1077/252/2 1091/385/2 1092/257/2
f 1101/386/2 1102/249/2 1057/15/2
f 1077/252/2 1092/257/2 1093/387/2
f 1100/388/2 1101/386/2 1057/15/2
f 1076/389/2 1077/252/2 1093/387/2
f 1099/390/2 1100/388/2 1057/15/2
f 1076/389/2 1093/387/2 1094/391/2
f 1098/392/2 1099/390/2 1057/15/2
f 1076/389/2 1094/391/2 1095/393/2
f 1097/248/2 1098/392/2 1057/15/2
f 1076/389/2 1095/393/2 1096/394/2
f 1096/394/2 1097/248/2 1057/15/2
f 1076/389/2 1096/394/2 1057/15/2
f 1076/389/2 1057/15/2 1058/395/2
f 1112/13/2 1057/15/2 1111/372/2
f 1075/396/2 1076/389/2 1058/395/2
f 1075/396/2 1058/395/2 1059/397/2
f 1075/396/2 1059/397/2 1060/398/2
f 1074/399/2 1075/396/2 1060/398/2
f 1074/399/2 1060/398/2 1061/400/2
f 1073/401/2 1074/399/2 1061/400/2
f 1073/401/2 1061/400/2 1062/251/2
f 1073/401/2 1062/251/2 1063/402/2
f 1072/254/2 1073/401/2 1063/402/2
f 1072/254/2 1063/402/2 1064/403/2
f 1072/254/2 1064/403/2 1065/404/2
f 1071/405/2 1072/254/2 1065/404/2
f 1071/405/2 1065/404/2 1066/406/2
f 1070/407/2 1071/405/2 1066/406/2
f 1070/407/2 1066/406/2 1067/253/2
f 1070/407/2 1067/253/2 1068/408/2
f 1069/409/2 1070/407/2 1068/408/2
f 1139/367/2 1140/368/2 1167/372/2
f 1167/372/2 1140/368/2 1141/374/2
f 1167/372/2 1141/374/2 1113/15/2
f 1167/372/2 1113/15/2 1114/395/2
f 1167/372/2 1114/395/2 1115/397/2
f 1167/372/2 1115/397/2 1116/398/2
f 1167/372/2 1116/398/2 1117/400/2
f 1167/372/2 1117/400/2 1118/251/2
f 1167/372/2 1118/251/2 1119/402/2
f 1167/372/2 1119/402/2 1166/370/2
f 1166/370/2 1119/402/2 1120/403/2
f 1139/367/2 1167/372/2 1168/13/2
f 1165/371/2 1166/370/2 1120/403/2
f 1164/369/2 1165/371/2 1120/403/2
f 1163/250/2 1164/369/2 1120/403/2
f 1163/250/2 1120/403/2 1121/404/2
f 1162/378/2 1163/250/2 1121/404/2
f 1161/381/2 1162/378/2 1121/404/2
f 1160/382/2 1161/381/2 1121/404/2
f 1160/382/2 1121/404/2 1122/406/2
f 1159/384/2 1160/382/2 1122/406/2
f 1158/249/2 1159/384/2 1122/406/2
f 1157/386/2 1158/249/2 1122/406/2
f 1157/386/2 1122/406/2 1123/253/2
f 1156/388/2 1157/386/2 1123/253/2
f 1155/390/2 1156/388/2 1123/253/2
f 1155/390/2 1123/253/2 1124/408/2
f 1154/392/2 1155/390/2 1124/408/2
f 1153/248/2 1154/392/2 1124/408/2
f 1153/248/2 1124/408/2 1125/409/2
f 1152/394/2 1153/248/2 1125/409/2
f 1152/394/2 1125/409/2 1126/407/2
f 1151/393/2 1152/394/2 1126/407/2
f 1150/391/2 1151/393/2 1126/407/2
f 1150/391/2 1126/407/2 1127/405/2
f 1149/387/2 1150/391/2 1127/405/2
f 1148/257/2 1149/387/2 1127/405/2
f 1148/257/2 1127/405/2 1128/254/2
f 1147/385/2 1148/257/2 1128/254/2
f 1146/383/2 1147/385/2 1128/254/2
f 1145/380/2 1146/383/2 1128/254/2
f 1144/377/2 1145/380/2 1128/254/2
f 1144/377/2 1128/254/2 1129/401/2
f 1143/256/2 1144/377/2 1129/401/2
f 1142/375/2 1143/256/2 1129/401/2
f 1139/367/2 1168/13/2 1137/366/2
f 1137/366/2 1168/13/2 1142/375/2
f 1137/366/2 1142/375/2 1129/401/2
f 1137/366/2 1129/401/2 1130/399/2
f 1137/366/2 1130/399/2 1131/396/2
f 1137/366/2 1131/396/2 1132/389/2
f 1137/366/2 1132/389/2 1133/252/2
f 1137/366/2 1133/252/2 1134/379/2
f 1137/366/2 1134/379/2 1135/376/2
f 1137/366/2 1135/376/2 1136/373/2
f 1139/367/2 1137/366/2 1138/255/2
s 1
f 1172/410/3 1169/15/4 1170/411/4
f 1174/412/5 1171/413/3 1172/410/3
f 1176/414/6 1173/415/5 1174/412/5
f 1178/416/7 1175/417/6 1176/414/6
f 1180/418/8 1177/419/7 1178/416/7
f 1182/420/9 1179/421/8 1180/418/8
f 1184/422/10 1181/423/9 1182/420/9
f 1186/424/11 1183/425/10 1184/422/10
f 1188/426/12 1185/427/11 1186/424/11
f 1190/428/13 1187/429/12 1188/426/12
f 1192/430/14 1189/431/13 1190/428/13
f 1194/432/15 1191/433/14 1192/430/14
f 1196/434/16 1193/435/17 1194/432/15
f 1198/436/18 1195/437/16 1196/434/16
f 1200/438/19 1197/439/18 1198/436/18
f 1202/440/20 1199/441/19 1200/438/19
f 1204/442/21 1201/443/20 1202/440/20
f 1206/444/22 1203/445/21 1204/442/21
f 1208/446/23 1205/447/22 1206/444/22
f 1210/448/24 1207/449/23 1208/446/23
f 1212/450/25 1209/451/24 1210/448/24
f 1214/452/26 1211/453/25 1212/450/25
f 1216/454/27 1213/455/26 1214/452/26
f 1218/456/28 1215/457/27 1216/454/27
f 1220/458/28 1217/459/28 1218/456/28
f 1222/460/29 1219/461/28 1220/458/28
f 1224/462/30 1221/463/29 1222/460/29
f 1226/464/31 1223/465/30 1224/462/30
f 1170/466/4 1225/467/31 1226/464/31
f 1230/468/32 1227/15/33 1228/411/33
f 1232/469/34 1229/40/32 1230/468/32
f 1234/470/35 1231/26/34 1232/469/34
f 1236/471/36 1233/21/35 1234/470/35
f 1238/472/37 1235/16/36 1236/471/36
f 1240/473/38 1237/7/37 1238/472/37
f 1242/474/39 1239/1/38 1240/473/38
f 1244/475/40 1241/2/39 1242/474/39
f 1246/476/41 1243/6/42 1244/475/40
f 1248/477/43 1245/9/41 1246/476/41
f 1250/478/44 1247/17/43 1248/477/43
f 1252/479/45 1249/20/44 1250/478/44
f 1254/480/46 1251/23/45 1252/479/45
f 1256/481/47 1253/36/46 1254/480/46
f 1258/482/48 1255/34/47 1256/481/47
f 1260/483/49 1257/32/48 1258/482/48
f 1262/484/50 1259/30/49 1260/483/49
f 1264/485/51 1261/28/50 1262/484/50
f 1266/486/52 1263/39/51 1264/485/51
f 1268/487/53 1265/42/52 1266/486/52
f 1270/488/54 1267/43/53 1268/487/53
f 1272/489/55 1269/46/54 1270/488/54
f 1274/490/56 1271/51/55 1272/489/55
f 1276/491/57 1273/49/56 1274/490/56
f 1278/492/28 1275/52/57 1276/491/57
f 1280/493/58 1277/54/28 1278/492/28
f 1228/466/33 1279/12/58 1280/493/58
f 1284/494/59 1281/15/60 1282/411/60
f 1286/495/61 1283/223/59 1284/494/59
f 1288/496/62 1285/221/61 1286/495/61
f 1290/497/63 1287/220/62 1288/496/62
f 1292/498/64 1289/147/63 1290/497/63
f 1294/499/65 1291/217/64 1292/498/64
f 1296/500/66 1293/216/65 1294/499/65
f 1298/501/67 1295/212/66 1296/500/66
f 1300/502/68 1297/140/67 1298/501/67
f 1302/503/69 1299/210/68 1300/502/68
f 1304/504/70 1301/208/69 1302/503/69
f 1306/505/71 1303/206/70 1304/504/70
f 1308/506/72 1305/107/71 1306/505/71
f 1310/507/73 1307/207/72 1308/506/72
f 1312/508/74 1309/209/73 1310/507/73
f 1314/509/75 1311/211/74 1312/508/74
f 1316/510/76 1313/70/75 1314/509/75
f 1318/511/77 1315/218/76 1316/510/76
f 1320/512/78 1317/219/77 1318/511/77
f 1322/513/79 1319/222/78 1320/512/78
f 1324/514/80 1321/58/79 1322/513/79
f 1326/515/81 1323/237/80 1324/514/80
f 1328/516/82 1325/240/81 1326/515/81
f 1330/517/83 1327/243/82 1328/516/82
f 1332/518/30 1329/69/83 1330/517/83
f 1334/519/58 1331/247/30 1332/518/30
f 1336/520/84 1333/246/58 1334/519/58
f 1338/521/85 1335/245/84 1336/520/84
f 1340/522/86 1337/35/85 1338/521/85
f 1342/523/87 1339/244/86 1340/522/86
f 1344/524/88 1341/242/87 1342/523/87
f 1346/525/89 1343/241/88 1344/524/88
f 1348/526/90 1345/124/89 1346/525/89
f 1350/527/91 1347/239/90 1348/526/90
f 1352/528/92 1349/238/91 1350/527/91
f 1354/529/93 1351/236/92 1352/528/92
f 1356/530/94 1353/131/93 1354/529/93
f 1358/531/95 1355/235/94 1356/530/94
f 1360/532/96 1357/234/95 1358/531/95
f 1362/533/97 1359/224/96 1360/532/96
f 1364/534/98 1361/118/97 1362/533/97
f 1366/535/99 1363/233/98 1364/534/98
f 1368/536/100 1365/232/99 1366/535/99
f 1370/537/101 1367/231/100 1368/536/100
f 1372/538/102 1369/91/101 1370/537/101
f 1374/539/103 1371/230/102 1372/538/102
f 1376/540/104 1373/229/105 1374/539/103
f 1378/541/106 1375/228/104 1376/540/104
f 1380/542/107 1377/73/106 1378/541/106
f 1382/543/108 1379/227/107 1380/542/107
f 1384/544/109 1381/226/108 1382/543/108
f 1386/545/30 1383/225/109 1384/544/109
f 1388/546/58 1385/84/30 1386/545/30
f 1390/547/28 1387/213/58 1388/546/58
f 1392/548/29 1389/215/28 1390/547/28
f 1282/466/60 1391/214/29 1392/548/29
f 1396/549/110 1393/15/111 1394/411/111
f 1398/550/112 1395/551/110 1396/549/110
f 1400/552/113 1397/553/112 1398/550/112
f 1402/554/114 1399/555/113 1400/552/113
f 1404/556/115 1401/557/114 1402/554/114
f 1406/558/116 1403/559/115 1404/556/115
f 1408/560/117 1405/561/116 1406/558/116
f 1410/562/118 1407/563/117 1408/560/117
f 1412/564/119 1409/565/118 1410/562/118
f 1414/566/120 1411/567/119 1412/564/119
f 1416/568/121 1413/569/120 1414/566/120
f 1418/570/122 1415/571/121 1416/568/121
f 1420/572/123 1417/573/122 1418/570/122
f 1422/574/124 1419/575/123 1420/572/123
f 1424/576/125 1421/577/124 1422/574/124
f 1426/578/126 1423/579/125 1424/576/125
f 1428/580/127 1425/581/126 1426/578/126
f 1430/582/128 1427/583/127 1428/580/127
f 1432/584/129 1429/585/130 1430/582/128
f 1434/586/131 1431/587/132 1432/584/129
f 1436/588/133 1433/589/134 1434/586/131
f 1438/590/135 1435/591/133 1436/588/133
f 1440/592/136 1437/593/135 1438/590/135
f 1442/594/137 1439/595/136 1440/592/136
f 1444/596/138 1441/597/137 1442/594/137
f 1446/598/139 1443/599/140 1444/596/138
f 1448/600/141 1445/601/139 1446/598/139
f 1450/602/142 1447/603/143 1448/600/141
f 1452/604/144 1449/605/142 1450/602/142
f 1454/606/145 1451/607/144 1452/604/144
f 1456/608/146 1453/609/145 1454/606/145
f 1458/610/147 1455/611/146 1456/608/146
f 1460/612/148 1457/613/147 1458/610/147
f 1462/614/149 1459/615/148 1460/612/148
f 1464/616/150 1461/617/149 1462/614/149
f 1466/618/151 1463/619/150 1464/616/150
f 1468/620/152 1465/621/151 1466/618/151
f 1470/622/153 1467/623/152 1468/620/152
f 1472/624/154 1469/625/153 1470/622/153
f 1474/626/155 1471/627/154 1472/624/154
f 1476/628/156 1473/629/155 1474/626/155
f 1478/630/157 1475/631/156 1476/628/156
f 1480/632/158 1477/633/157 1478/630/157
f 1482/634/159 1479/635/158 1480/632/158
f 1484/636/160 1481/637/159 1482/634/159
f 1486/638/161 1483/639/160 1484/636/160
f 1488/640/162 1485/641/161 1486/638/161
f 1490/642/163 1487/643/162 1488/640/162
f 1492/644/164 1489/645/163 1490/642/163
f 1494/646/165 1491/647/164 1492/644/164
f 1496/648/166 1493/649/165 1494/646/165
f 1498/650/167 1495/651/166 1496/648/166
f 1500/652/168 1497/653/167 1498/650/167
f 1502/654/169 1499/655/170 1500/652/168
f 1504/656/171 1501/657/169 1502/654/169
f 1506/658/172 1503/659/171 1504/656/171
f 1508/660/173 1505/661/172 1506/658/172
f 1510/662/174 1507/663/173 1508/660/173
f 1512/664/175 1509/665/174 1510/662/174
f 1514/666/176 1511/667/175 1512/664/175
f 1516/668/177 1513/669/176 1514/666/176
f 1518/670/178 1515/671/177 1516/668/177
f 1520/672/179 1517/673/178 1518/670/178
f 1522/674/180 1519/675/181 1520/672/179
f 1524/676/182 1521/677/180 1522/674/180
f 1526/678/183 1523/679/182 1524/676/182
f 1528/521/184 1525/680/183 1526/678/183
f 1530/681/185 1527/35/184 1528/521/184
f 1532/682/186 1529/683/185 1530/681/185
f 1534/684/187 1531/685/186 1532/682/186
f 1536/686/188 1533/687/187 1534/684/187
f 1538/688/189 1535/689/190 1536/686/188
f 1540/690/191 1537/691/189 1538/688/189
f 1542/692/192 1539/693/191 1540/690/191
f 1544/694/193 1541/695/192 1542/692/192
f 1546/696/194 1543/697/193 1544/694/193
f 1548/698/195 1545/699/194 1546/696/194
f 1550/700/196 1547/701/195 1548/698/195
f 1552/702/197 1549/703/196 1550/700/196
f 1554/704/198 1551/705/197 1552/702/197
f 1556/706/199 1553/707/198 1554/704/198
f 1558/708/200 1555/709/199 1556/706/199
f 1560/710/201 1557/711/200 1558/708/200
f 1562/712/202 1559/713/201 1560/710/201
f 1564/714/203 1561/715/202 1562/712/202
f 1566/716/204 1563/717/203 1564/714/203
f 1568/718/205 1565/719/204 1566/716/204
f 1570/720/206 1567/721/205 1568/718/205
f 1572/722/207 1569/723/206 1570/720/206
f 1574/724/208 1571/725/207 1572/722/207
f 1576/726/209 1573/727/208 1574/724/208
f 1578/728/210 1575/729/209 1576/726/209
f 1580/730/211 1577/731/210 1578/728/210
f 1582/732/212 1579/733/211 1580/730/211
f 1584/734/213 1581/735/212 1582/732/212
f 1586/736/214 1583/737/213 1584/734/213
f 1588/738/215 1585/739/214 1586/736/214
f 1590/740/216 1587/741/215 1588/738/215
f 1592/742/217 1589/743/216 1590/740/216
f 1594/744/218 1591/745/217 1592/742/217
f 1596/746/219 1593/747/218 1594/744/218
f 1598/748/220 1595/749/219 1596/746/219
f 1600/750/221 1597/751/220 1598/748/220
f 1602/752/222 1599/753/221 1600/750/221
f 1604/754/223 1601/755/222 1602/752/222
f 1606/756/224 1603/757/225 1604/754/223
f 1608/758/226 1605/759/224 1606/756/224
f 1610/760/227 1607/761/226 1608/758/226
f 1612/762/228 1609/763/227 1610/760/227
f 1614/764/229 1611/765/228 1612/762/228
f 1616/766/230 1613/767/229 1614/764/229
f 1618/768/231 1615/769/230 1616/766/230
f 1620/770/232 1617/771/231 1618/768/231
f 1622/772/104 1619/773/232 1620/770/232
f 1624/774/233 1621/775/104 1622/772/104
f 1626/776/234 1623/777/233 1624/774/233
f 1628/778/235 1625/779/234 1626/776/234
f 1630/780/236 1627/781/235 1628/778/235
f 1632/782/237 1629/783/236 1630/780/236
f 1634/784/238 1631/785/237 1632/782/237
f 1636/786/239 1633/787/238 1634/784/238
f 1638/788/240 1635/789/239 1636/786/239
f 1640/790/241 1637/791/240 1638/788/240
f 1642/792/242 1639/793/241 1640/790/241
f 1644/794/243 1641/795/242 1642/792/242
f 1646/796/244 1643/797/243 1644/794/243
f 1648/798/245 1645/799/244 1646/796/244
f 1650/800/246 1647/801/245 1648/798/245
f 1652/802/247 1649/803/246 1650/800/246
f 1654/804/248 1651/805/247 1652/802/247
f 1656/806/249 1653/807/248 1654/804/248
f 1658/808/250 1655/809/249 1656/806/249
f 1660/810/251 1657/811/250 1658/808/250
f 1394/466/111 1659/812/252 1660/810/251
f 1664/813/253 1661/15/254 1662/411/254
f 1666/814/255 1663/154/253 1664/813/253
f 1668/815/256 1665/158/255 1666/814/255
f 1670/816/257 1667/159/256 1668/815/256
f 1672/817/258 1669/160/257 1670/816/257
f 1674/818/259 1671/162/258 1672/817/258
f 1676/819/260 1673/163/259 1674/818/259
f 1678/820/261 1675/165/260 1676/819/260
f 1680/821/262 1677/170/261 1678/820/261
f 1682/822/263 1679/173/262 1680/821/262
f 1684/823/264 1681/176/263 1682/822/263
f 1686/824/265 1683/178/264 1684/823/264
f 1688/825/266 1685/180/265 1686/824/265
f 1690/826/267 1687/183/266 1688/825/266
f 1692/827/268 1689/185/267 1690/826/267
f 1694/828/269 1691/187/268 1692/827/268
f 1696/829/270 1693/186/269 1694/828/269
f 1698/830/271 1695/184/270 1696/829/270
f 1700/476/272 1697/182/271 1698/830/271
f 1702/831/273 1699/9/272 1700/476/272
f 1704/832/274 1701/179/273 1702/831/273
f 1706/833/275 1703/177/274 1704/832/274
f 1708/834/276 1705/175/275 1706/833/275
f 1710/835/277 1707/174/276 1708/834/276
f 1712/836/28 1709/171/277 1710/835/277
f 1714/837/29 1711/169/28 1712/836/28
f 1716/838/278 1713/166/29 1714/837/29
f 1718/839/279 1715/168/278 1716/838/278
f 1720/840/280 1717/167/279 1718/839/279
f 1722/841/281 1719/191/280 1720/840/280
f 1724/842/282 1721/193/281 1722/841/281
f 1726/843/283 1723/194/282 1724/842/282
f 1728/844/284 1725/196/283 1726/843/283
f 1730/845/285 1727/197/284 1728/844/284
f 1732/846/286 1729/198/285 1730/845/285
f 1734/847/287 1731/200/286 1732/846/286
f 1736/848/288 1733/201/287 1734/847/287
f 1738/485/289 1735/203/288 1736/848/288
f 1740/849/290 1737/39/289 1738/485/289
f 1742/850/291 1739/205/290 1740/849/290
f 1744/851/292 1741/204/291 1742/850/291
f 1746/852/293 1743/202/292 1744/851/292
f 1748/853/294 1745/199/293 1746/852/293
f 1750/854/295 1747/195/294 1748/853/294
f 1752/855/296 1749/192/295 1750/854/295
f 1754/856/297 1751/190/296 1752/855/296
f 1756/857/298 1753/189/297 1754/856/297
f 1758/858/299 1755/188/298 1756/857/298
f 1760/859/300 1757/181/299 1758/858/299
f 1762/860/301 1759/172/300 1760/859/300
f 1764/861/302 1761/164/301 1762/860/301
f 1766/862/28 1763/161/302 1764/861/302
f 1768/863/29 1765/157/28 1766/862/28
f 1770/864/30 1767/156/29 1768/863/29
f 1772/865/58 1769/155/30 1770/864/30
f 1774/866/58 1771/152/58 1772/865/58
f 1662/466/254 1773/153/58 1774/866/58
f 1778/867/58 1775/15/28 1776/411/28
f 1780/868/58 1777/869/58 1778/867/58
f 1782/507/28 1779/10/58 1780/868/58
f 1784/476/28 1781/209/28 1782/507/28
f 1786/870/58 1783/9/28 1784/476/28
f 1788/521/58 1785/871/58 1786/870/58
f 1790/872/28 1787/35/58 1788/521/58
f 1792/485/29 1789/873/28 1790/872/28
f 1794/535/30 1791/39/29 1792/485/29
f 1796/874/58 1793/232/30 1794/535/30
f 1798/875/28 1795/50/58 1796/874/58
f 1776/466/28 1797/876/28 1798/875/28
f 1802/813/253 1799/15/254 1800/411/254
f 1804/814/255 1801/154/253 1802/813/253
f 1806/815/303 1803/158/255 1804/814/255
f 1808/816/257 1805/159/256 1806/815/303
f 1810/817/258 1807/160/257 1808/816/257
f 1812/818/259 1809/162/258 1810/817/258
f 1814/819/260 1811/163/259 1812/818/259
f 1816/820/261 1813/165/260 1814/819/260
f 1818/821/262 1815/170/261 1816/820/261
f 1820/822/263 1817/173/262 1818/821/262
f 1822/823/264 1819/176/263 1820/822/263
f 1824/824/304 1821/178/264 1822/823/264
f 1826/825/305 1823/180/304 1824/824/304
f 1828/826/306 1825/183/305 1826/825/305
f 1830/827/307 1827/185/306 1828/826/306
f 1832/828/308 1829/187/307 1830/827/307
f 1834/829/309 1831/186/308 1832/828/308
f 1836/830/310 1833/184/309 1834/829/309
f 1838/476/311 1835/182/310 1836/830/310
f 1840/831/312 1837/9/311 1838/476/311
f 1842/832/313 1839/179/312 1840/831/312
f 1844/833/314 1841/177/313 1842/832/313
f 1846/834/315 1843/175/314 1844/833/314
f 1848/835/316 1845/174/315 1846/834/315
f 1850/836/28 1847/171/316 1848/835/316
f 1852/837/29 1849/169/28 1850/836/28
f 1854/838/317 1851/166/29 1852/837/29
f 1856/839/279 1853/168/317 1854/838/317
f 1858/840/280 1855/167/279 1856/839/279
f 1860/841/318 1857/191/280 1858/840/280
f 1862/842/282 1859/193/281 1860/841/318
f 1864/843/283 1861/194/282 1862/842/282
f 1866/844/284 1863/196/283 1864/843/283
f 1868/845/285 1865/197/284 1866/844/284
f 1870/846/286 1867/198/285 1868/845/285
f 1872/847/287 1869/200/286 1870/846/286
f 1874/848/288 1871/201/287 1872/847/287
f 1876/485/289 1873/203/288 1874/848/288
f 1878/849/290 1875/39/289 1876/485/289
f 1880/850/291 1877/205/290 1878/849/290
f 1882/851/292 1879/204/291 1880/850/291
f 1884/852/293 1881/202/292 1882/851/292
f 1886/853/294 1883/199/293 1884/852/293
f 1888/854/295 1885/195/294 1886/853/294
f 1890/855/296 1887/192/295 1888/854/295
f 1892/856/297 1889/190/296 1890/855/296
f 1894/857/298 1891/189/297 1892/856/297
f 1896/858/299 1893/188/298 1894/857/298
f 1898/859/300 1895/181/299 1896/858/299
f 1900/860/301 1897/172/300 1898/859/300
f 1902/861/302 1899/164/301 1900/860/301
f 1904/862/28 1901/161/302 1902/861/302
f 1906/863/29 1903/157/28 1904/862/28
f 1908/864/30 1905/156/29 1906/863/29
f 1910/865/58 1907/155/30 1908/864/30
f 1912/866/58 1909/152/58 1910/865/58
f 1800/466/254 1911/153/58 1912/866/58
f 1916/877/28 1913/15/58 1914/411/58
f 1918/410/28 1915/878/28 1916/877/28
f 1920/879/319 1917/413/28 1918/410/28
f 1922/412/320 1919/880/319 1920/879/319
f 1924/881/321 1921/415/320 1922/412/320
f 1926/414/322 1923/882/321 1924/881/321
f 1928/883/323 1925/417/322 1926/414/322
f 1930/416/324 1927/884/323 1928/883/323
f 1932/885/325 1929/419/324 1930/416/324
f 1934/418/326 1931/886/325 1932/885/325
f 1936/887/327 1933/421/326 1934/418/326
f 1938/420/328 1935/888/327 1936/887/327
f 1940/889/329 1937/423/328 1938/420/328
f 1942/422/330 1939/890/329 1940/889/329
f 1944/891/331 1941/425/330 1942/422/330
f 1946/424/332 1943/892/331 1944/891/331
f 1948/893/333 1945/427/332 1946/424/332
f 1950/426/334 1947/894/333 1948/893/333
f 1952/895/335 1949/429/334 1950/426/334
f 1954/428/336 1951/896/335 1952/895/335
f 1956/897/337 1953/431/336 1954/428/336
f 1958/430/338 1955/898/337 1956/897/337
f 1960/899/339 1957/433/338 1958/430/338
f 1962/432/340 1959/900/339 1960/899/339
f 1964/901/341 1961/435/340 1962/432/340
f 1966/434/342 1963/902/341 1964/901/341
f 1968/903/343 1965/437/342 1966/434/342
f 1970/436/344 1967/904/343 1968/903/343
f 1972/521/345 1969/439/344 1970/436/344
f 1974/438/346 1971/35/345 1972/521/345
f 1976/905/347 1973/441/346 1974/438/346
f 1978/440/348 1975/906/347 1976/905/347
f 1980/907/349 1977/443/348 1978/440/348
f 1982/442/350 1979/908/349 1980/907/349
f 1984/909/351 1981/445/350 1982/442/350
f 1986/444/352 1983/910/351 1984/909/351
f 1988/911/353 1985/447/352 1986/444/352
f 1990/446/354 1987/912/353 1988/911/353
f 1992/913/355 1989/449/354 1990/446/354
f 1994/448/356 1991/914/355 1992/913/355
f 1996/915/357 1993/451/356 1994/448/356
f 1998/450/358 1995/916/357 1996/915/357
f 2000/917/359 1997/453/358 1998/450/358
f 2002/452/360 1999/918/359 2000/917/359
f 2004/919/361 2001/455/360 2002/452/360
f 2006/454/362 2003/920/361 2004/919/361
f 2008/921/363 2005/457/362 2006/454/362
f 2010/456/364 2007/922/363 2008/921/363
f 2012/923/365 2009/459/364 2010/456/364
f 2014/458/366 2011/924/365 2012/923/365
f 2016/925/367 2013/461/366 2014/458/366
f 2018/460/368 2015/926/367 2016/925/367
f 2020/927/29 2017/463/369 2018/460/368
f 2022/462/29 2019/928/29 2020/927/29
f 2024/929/370 2021/465/29 2022/462/29
f 2026/464/371 2023/930/370 2024/929/370
f 2028/931/58 2025/467/371 2026/464/371
f 1914/466/58 2027/932/58 2028/931/58
f 2032/933/372 2029/15/373 2030/411/373
f 2034/934/374 2031/935/372 2032/933/372
f 2036/936/375 2033/937/374 2034/934/374
f 2038/938/376 2035/939/375 2036/936/375
f 2040/940/377 2037/941/376 2038/938/376
f 2042/942/378 2039/943/377 2040/940/377
f 2044/944/379 2041/945/378 2042/942/378
f 2046/946/380 2043/947/379 2044/944/379
f 2048/948/381 2045/949/380 2046/946/380
f 2050/950/382 2047/951/381 2048/948/381
f 2052/952/383 2049/953/382 2050/950/382
f 2054/954/384 2051/955/383 2052/952/383
f 2056/956/385 2053/957/384 2054/954/384
f 2058/958/386 2055/959/385 2056/956/385
f 2060/960/387 2057/961/386 2058/958/386
f 2062/962/388 2059/963/387 2060/960/387
f 2064/964/389 2061/965/388 2062/962/388
f 2066/966/390 2063/967/389 2064/964/389
f 2068/968/391 2065/969/390 2066/966/390
f 2070/970/392 2067/971/391 2068/968/391
f 2072/972/393 2069/973/392 2070/970/392
f 2074/974/394 2071/975/393 2072/972/393
f 2076/976/395 2073/977/394 2074/974/394
f 2078/978/396 2075/979/395 2076/976/395
f 2080/980/397 2077/981/396 2078/978/396
f 2082/982/398 2079/983/397 2080/980/397
f 2084/984/399 2081/985/398 2082/982/398
f 2086/986/400 2083/987/399 2084/984/399
f 2088/988/401 2085/989/400 2086/986/400
f 2090/990/402 2087/991/401 2088/988/401
f 2092/992/403 2089/993/402 2090/990/402
f 2094/994/404 2091/995/403 2092/992/403
f 2096/996/405 2093/997/404 2094/994/404
f 2098/998/406 2095/999/405 2096/996/405
f 2100/1000/407 2097/1001/406 2098/998/406
f 2102/1002/408 2099/1003/407 2100/1000/407
f 2104/521/409 2101/1004/408 2102/1002/408
f 2106/1005/410 2103/35/409 2104/521/409
f 2108/1006/411 2105/1007/410 2106/1005/410
f 2110/1008/412 2107/1009/411 2108/1006/411
f 2112/1010/413 2109/1011/412 2110/1008/412
f 2114/1012/414 2111/1013/413 2112/1010/413
f 2116/1014/415 2113/1015/414 2114/1012/414
f 2118/1016/416 2115/1017/415 2116/1014/415
f 2120/1018/417 2117/1019/416 2118/1016/416
f 2122/1020/418 2119/1021/417 2120/1018/417
f 2124/1022/419 2121/1023/418 2122/1020/418
f 2126/1024/420 2123/1025/421 2124/1022/419
f 2128/1026/422 2125/1027/420 2126/1024/420
f 2130/1028/423 2127/1029/422 2128/1026/422
f 2132/1030/424 2129/1031/423 2130/1028/423
f 2134/1032/425 2131/1033/424 2132/1030/424
f 2136/1034/426 2133/1035/425 2134/1032/425
f 2138/1036/427 2135/1037/426 2136/1034/426
f 2140/1038/428 2137/1039/427 2138/1036/427
f 2142/1040/429 2139/1041/428 2140/1038/428
f 2144/1042/430 2141/1043/429 2142/1040/429
f 2146/1044/431 2143/1045/430 2144/1042/430
f 2148/1046/432 2145/1047/431 2146/1044/431
f 2150/1048/433 2147/1049/432 2148/1046/432
f 2152/1050/434 2149/1051/433 2150/1048/433
f 2154/1052/435 2151/1053/434 2152/1050/434
f 2156/1054/436 2153/1055/435 2154/1052/435
f 2158/1056/437 2155/1057/436 2156/1054/436
f 2160/1058/438 2157/1059/437 2158/1056/437
f 2162/1060/439 2159/1061/438 2160/1058/438
f 2164/1062/440 2161/1063/439 2162/1060/439
f 2166/1064/441 2163/1065/440 2164/1062/440
f 2168/1066/442 2165/1067/441 2166/1064/441
f 2170/1068/443 2167/1069/442 2168/1066/442
f 2172/1070/444 2169/1071/443 2170/1068/443
f 2174/1072/445 2171/1073/444 2172/1070/444
f 2176/1074/446 2173/1075/447 2174/1072/445
f 2030/466/373 2175/1076/446 2176/1074/446
f 2180/1077/448 2177/15/449 2178/411/449
f 2182/1078/450 2179/1079/451 2180/1077/448
f 2184/1080/452 2181/1081/450 2182/1078/450
f 2186/1082/453 2183/1083/452 2184/1080/452
f 2188/1084/454 2185/1085/453 2186/1082/453
f 2190/1086/455 2187/408/454 2188/1084/454
f 2192/1087/456 2189/1088/455 2190/1086/455
f 2194/1089/457 2191/1090/458 2192/1087/456
f 2196/1091/459 2193/1092/457 2194/1089/457
f 2198/1093/460 2195/1094/459 2196/1091/459
f 2200/1095/461 2197/376/460 2198/1093/460
f 2202/1096/462 2199/1097/461 2200/1095/461
f 2204/1098/463 2201/1099/462 2202/1096/462
f 2206/1100/464 2203/1101/463 2204/1098/463
f 2208/1102/465 2205/1103/464 2206/1100/464
f 2210/1104/466 2207/383/465 2208/1102/465
f 2212/1105/467 2209/1106/466 2210/1104/466
f 2214/1107/468 2211/1108/467 2212/1105/467
f 2216/1109/469 2213/1110/470 2214/1107/468
f 2218/1111/471 2215/1112/469 2216/1109/469
f 2220/1113/472 2217/386/471 2218/1111/471
f 2222/1114/473 2219/1115/472 2220/1113/472
f 2224/1116/474 2221/1117/473 2222/1114/473
f 2226/1118/475 2223/1119/474 2224/1116/474
f 2178/466/449 2225/1120/476 2226/1118/475
f 2230/1121/477 2227/15/58 2228/411/58
f 2232/1122/478 2229/395/477 2230/1121/477
f 2234/1123/479 2231/397/478 2232/1122/478
f 2236/1124/480 2233/398/479 2234/1123/479
f 2238/1125/481 2235/400/480 2236/1124/480
f 2240/1126/482 2237/251/481 2238/1125/481
f 2242/1127/483 2239/402/482 2240/1126/482
f 2244/1128/484 2241/403/483 2242/1127/483
f 2246/1129/485 2243/404/484 2244/1128/484
f 2248/1130/486 2245/406/485 2246/1129/485
f 2250/1084/487 2247/253/486 2248/1130/486
f 2252/1131/488 2249/408/487 2250/1084/487
f 2254/1132/489 2251/409/488 2252/1131/488
f 2256/1133/490 2253/407/489 2254/1132/489
f 2258/1134/491 2255/405/490 2256/1133/490
f 2260/1135/492 2257/254/491 2258/1134/491
f 2262/1136/493 2259/401/492 2260/1135/492
f 2264/1137/494 2261/399/493 2262/1136/493
f 2266/1138/495 2263/396/494 2264/1137/494
f 2268/1139/496 2265/389/495 2266/1138/495
f 2270/1140/497 2267/252/496 2268/1139/496
f 2272/1093/498 2269/379/497 2270/1140/497
f 2274/1141/499 2271/376/498 2272/1093/498
f 2276/1142/500 2273/373/499 2274/1141/499
f 2278/1143/501 2275/366/500 2276/1142/500
f 2280/1144/502 2277/255/501 2278/1143/501
f 2282/1145/503 2279/367/504 2280/1144/502
f 2284/1146/505 2281/368/503 2282/1145/503
f 2286/1147/506 2283/374/505 2284/1146/505
f 2288/1148/507 2285/375/506 2286/1147/506
f 2290/1149/508 2287/256/507 2288/1148/507
f 2292/1150/509 2289/377/508 2290/1149/508
f 2294/1102/510 2291/380/509 2292/1150/509
f 2296/1151/511 2293/383/510 2294/1102/510
f 2298/1152/512 2295/385/511 2296/1151/511
f 2300/1153/513 2297/257/512 2298/1152/512
f 2302/1154/514 2299/387/513 2300/1153/513
f 2304/1155/515 2301/391/514 2302/1154/514
f 2306/1156/516 2303/393/515 2304/1155/515
f 2308/1157/67 2305/394/516 2306/1156/516
f 2310/1158/517 2307/248/67 2308/1157/67
f 2312/1159/518 2309/392/517 2310/1158/517
f 2314/1160/519 2311/390/518 2312/1159/518
f 2316/1111/520 2313/388/519 2314/1160/519
f 2318/1161/521 2315/386/520 2316/1111/520
f 2320/1162/522 2317/249/521 2318/1161/521
f 2322/1163/523 2319/384/522 2320/1162/522
f 2324/1164/524 2321/382/523 2322/1163/523
f 2326/1165/525 2323/381/524 2324/1164/524
f 2328/1166/526 2325/378/525 2326/1165/525
f 2330/1167/28 2327/250/526 2328/1166/526
f 2332/1168/29 2329/369/28 2330/1167/28
f 2334/1169/30 2331/371/29 2332/1168/29
f 2336/1170/58 2333/370/30 2334/1169/30
f 2228/466/58 2335/372/58 2336/1170/58
f 1172/410/3 1171/413/3 1169/15/4
f 1174/412/5 1173/415/5 1171/413/3
f 1176/414/6 1175/417/6 1173/415/5
f 1178/416/7 1177/419/7 1175/417/6
f 1180/418/8 1179/421/8 1177/419/7
f 1182/420/9 1181/423/9 1179/421/8
f 1184/422/10 1183/425/10 1181/423/9
f 1186/424/11 1185/427/11 1183/425/10
f 1188/426/12 1187/429/12 1185/427/11
f 1190/428/13 1189/431/13 1187/429/12
f 1192/430/14 1191/433/14 1189/431/13
f 1194/432/15 1193/435/17 1191/433/14
f 1196/434/16 1195/437/16 1193/435/17
f 1198/436/18 1197/439/18 1195/437/16
f 1200/438/19 1199/441/19 1197/439/18
f 1202/440/20 1201/443/20 1199/441/19
f 1204/442/21 1203/445/21 1201/443/20
f 1206/444/22 1205/447/22 1203/445/21
f 1208/446/23 1207/449/23 1205/447/22
f 1210/448/24 1209/451/24 1207/449/23
f 1212/450/25 1211/453/25 1209/451/24
f 1214/452/26 1213/455/26 1211/453/25
f 1216/454/27 1215/457/27 1213/455/26
f 1218/456/28 1217/459/28 1215/457/27
f 1220/458/28 1219/461/28 1217/459/28
f 1222/460/29 1221/463/29 1219/461/28
f 1224/462/30 1223/465/30 1221/463/29
f 1226/464/31 1225/467/31 1223/465/30
f 1170/466/4 1169/13/4 1225/467/31
f 1230/468/32 1229/40/32 1227/15/33
f 1232/469/34 1231/26/34 1229/40/32
f 1234/470/35 1233/21/35 1231/26/34
f 1236/471/36 1235/16/36 1233/21/35
f 1238/472/37 1237/7/37 1235/16/36
f 1240/473/38 1239/1/38 1237/7/37
f 1242/474/39 1241/2/39 1239/1/38
f 1244/475/40 1243/6/42 1241/2/39
f 1246/476/41 1245/9/41 1243/6/42
f 1248/477/43 1247/17/43 1245/9/41
f 1250/478/44 1249/20/44 1247/17/43
f 1252/479/45 1251/23/45 1249/20/44
f 1254/480/46 1253/36/46 1251/23/45
f 1256/481/47 1255/34/47 1253/36/46
f 1258/482/48 1257/32/48 1255/34/47
f 1260/483/49 1259/30/49 1257/32/48
f 1262/484/50 1261/28/50 1259/30/49
f 1264/485/51 1263/39/51 1261/28/50
f 1266/486/52 1265/42/52 1263/39/51
f 1268/487/53 1267/43/53 1265/42/52
f 1270/488/54 1269/46/54 1267/43/53
f 1272/489/55 1271/51/55 1269/46/54
f 1274/490/56 1273/49/56 1271/51/55
f 1276/491/57 1275/52/57 1273/49/56
f 1278/492/28 1277/54/28 1275/52/57
f 1280/493/58 1279/12/58 1277/54/28
f 1228/466/33 1227/13/33 1279/12/58
f 1284/494/59 1283/223/59 1281/15/60
f 1286/495/61 1285/221/61 1283/223/59
f 1288/496/62 1287/220/62 1285/221/61
f 1290/497/63 1289/147/63 1287/220/62
f 1292/498/64 1291/217/64 1289/147/63
f 1294/499/65 1293/216/65 1291/217/64
f 1296/500/66 1295/212/66 1293/216/65
f 1298/501/67 1297/140/67 1295/212/66
f 1300/502/68 1299/210/68 1297/140/67
f 1302/503/69 1301/208/69 1299/210/68
f 1304/504/70 1303/206/70 1301/208/69
f 1306/505/71 1305/107/71 1303/206/70
f 1308/506/72 1307/207/72 1305/107/71
f 1310/507/73 1309/209/73 1307/207/72
f 1312/508/74 1311/211/74 1309/209/73
f 1314/509/75 1313/70/75 1311/211/74
f 1316/510/76 1315/218/76 1313/70/75
f 1318/511/77 1317/219/77 1315/218/76
f 1320/512/78 1319/222/78 1317/219/77
f 1322/513/79 1321/58/79 1319/222/78
f 1324/514/80 1323/237/80 1321/58/79
f 1326/515/81 1325/240/81 1323/237/80
f 1328/516/82 1327/243/82 1325/240/81
f 1330/517/83 1329/69/83 1327/243/82
f 1332/518/30 1331/247/30 1329/69/83
f 1334/519/58 1333/246/58 1331/247/30
f 1336/520/84 1335/245/84 1333/246/58
f 1338/521/85 1337/35/85 1335/245/84
f 1340/522/86 1339/244/86 1337/35/85
f 1342/523/87 1341/242/87 1339/244/86
f 1344/524/88 1343/241/88 1341/242/87
f 1346/525/89 1345/124/89 1343/241/88
f 1348/526/90 1347/239/90 1345/124/89
f 1350/527/91 1349/238/91 1347/239/90
f 1352/528/92 1351/236/92 1349/238/91
f 1354/529/93 1353/131/93 1351/236/92
f 1356/530/94 1355/235/94 1353/131/93
f 1358/531/95 1357/234/95 1355/235/94
f 1360/532/96 1359/224/96 1357/234/95
f 1362/533/97 1361/118/97 1359/224/96
f 1364/534/98 1363/233/98 1361/118/97
f 1366/535/99 1365/232/99 1363/233/98
f 1368/536/100 1367/231/100 1365/232/99
f 1370/537/101 1369/91/101 1367/231/100
f 1372/538/102 1371/230/102 1369/91/101
f 1374/539/103 1373/229/105 1371/230/102
f 1376/540/104 1375/228/104 1373/229/105
f 1378/541/106 1377/73/106 1375/228/104
f 1380/542/107 1379/227/107 1377/73/106
f 1382/543/108 1381/226/108 1379/227/107
f 1384/544/109 1383/225/109 1381/226/108
f 1386/545/30 1385/84/30 1383/225/109
f 1388/546/58 1387/213/58 1385/84/30
f 1390/547/28 1389/215/28 1387/213/58
f 1392/548/29 1391/214/29 1389/215/28
f 1282/466/60 1281/13/60 1391/214/29
f 1396/549/110 1395/551/110 1393/15/111
f 1398/550/112 1397/553/112 1395/551/110
f 1400/552/113 1399/555/113 1397/553/112
f 1402/554/114 1401/557/114 1399/555/113
f 1404/556/115 1403/559/115 1401/557/114
f 1406/558/116 1405/561/116 1403/559/115
f 1408/560/117 1407/563/117 1405/561/116
f 1410/562/118 1409/565/118 1407/563/117
f 1412/564/119 1411/567/119 1409/565/118
f 1414/566/120 1413/569/120 1411/567/119
f 1416/568/121 1415/571/121 1413/569/120
f 1418/570/122 1417/573/122 1415/571/121
f 1420/572/123 1419/575/123 1417/573/122
f 1422/574/124 1421/577/124 1419/575/123
f 1424/576/125 1423/579/125 1421/577/124
f 1426/578/126 1425/581/126 1423/579/125
f 1428/580/127 1427/583/127 1425/581/126
f 1430/582/128 1429/585/130 1427/583/127
f 1432/584/129 1431/587/132 1429/585/130
f 1434/586/131 1433/589/134 1431/587/132
f 1436/588/133 1435/591/133 1433/589/134
f 1438/590/135 1437/593/135 1435/591/133
f 1440/592/136 1439/595/136 1437/593/135
f 1442/594/137 1441/597/137 1439/595/136
f 1444/596/138 1443/599/140 1441/597/137
f 1446/598/139 1445/601/139 1443/599/140
f 1448/600/141 1447/603/143 1445/601/139
f 1450/602/142 1449/605/142 1447/603/143
f 1452/604/144 1451/607/144 1449/605/142
f 1454/606/145 1453/609/145 1451/607/144
f 1456/608/146 1455/611/146 1453/609/145
f 1458/610/147 1457/613/147 1455/611/146
f 1460/612/148 1459/615/148 1457/613/147
f 1462/614/149 1461/617/149 1459/615/148
f 1464/616/150 1463/619/150 1461/617/149
f 1466/618/151 1465/621/151 1463/619/150
f 1468/620/152 1467/623/152 1465/621/151
f 1470/622/153 1469/625/153 1467/623/152
f 1472/624/154 1471/627/154 1469/625/153
f 1474/626/155 1473/629/155 1471/627/154
f 1476/628/156 1475/631/156 1473/629/155
f 1478/630/157 1477/633/157 1475/631/156
f 1480/632/158 1479/635/158 1477/633/157
f 1482/634/159 1481/637/159 1479/635/158
f 1484/636/160 1483/639/160 1481/637/159
f 1486/638/161 1485/641/161 1483/639/160
f 1488/640/162 1487/643/162 1485/641/161
f 1490/642/163 1489/645/163 1487/643/162
f 1492/644/164 1491/647/164 1489/645/163
f 1494/646/165 1493/649/165 1491/647/164
f 1496/648/166 1495/651/166 1493/649/165
f 1498/650/167 1497/653/167 1495/651/166
f 1500/652/168 1499/655/170 1497/653/167
f 1502/654/169 1501/657/169 1499/655/170
f 1504/656/171 1503/659/171 1501/657/169
f 1506/658/172 1505/661/172 1503/659/171
f 1508/660/173 1507/663/173 1505/661/172
f 1510/662/174 1509/665/174 1507/663/173
f 1512/664/175 1511/667/175 1509/665/174
f 1514/666/176 1513/669/176 1511/667/175
f 1516/668/177 1515/671/177 1513/669/176
f 1518/670/178 1517/673/178 1515/671/177
f 1520/672/179 1519/675/181 1517/673/178
f 1522/674/180 1521/677/180 1519/675/181
f 1524/676/182 1523/679/182 1521/677/180
f 1526/678/183 1525/680/183 1523/679/182
f 1528/521/184 1527/35/184 1525/680/183
f 1530/681/185 1529/683/185 1527/35/184
f 1532/682/186 1531/685/186 1529/683/185
f 1534/684/187 1533/687/187 1531/685/186
f 1536/686/188 1535/689/190 1533/687/187
f 1538/688/189 1537/691/189 1535/689/190
f 1540/690/191 1539/693/191 1537/691/189
f 1542/692/192 1541/695/192 1539/693/191
f 1544/694/193 1543/697/193 1541/695/192
f 1546/696/194 1545/699/194 1543/697/193
f 1548/698/195 1547/701/195 1545/699/194
f 1550/700/196 1549/703/196 1547/701/195
f 1552/702/197 1551/705/197 1549/703/196
f 1554/704/198 1553/707/198 1551/705/197
f 1556/706/199 1555/709/199 1553/707/198
f 1558/708/200 1557/711/200 1555/709/199
f 1560/710/201 1559/713/201 1557/711/200
f 1562/712/202 1561/715/202 1559/713/201
f 1564/714/203 1563/717/203 1561/715/202
f 1566/716/204 1565/719/204 1563/717/203
f 1568/718/205 1567/721/205 1565/719/204
f 1570/720/206 1569/723/206 1567/721/205
f 1572/722/207 1571/725/207 1569/723/206
f 1574/724/208 1573/727/208 1571/725/207
f 1576/726/209 1575/729/209 1573/727/208
f 1578/728/210 1577/731/210 1575/729/209
f 1580/730/211 1579/733/211 1577/731/210
f 1582/732/212 1581/735/212 1579/733/211
f 1584/734/213 1583/737/213 1581/735/212
f 1586/736/214 1585/739/214 1583/737/213
f 1588/738/215 1587/741/215 1585/739/214
f 1590/740/216 1589/743/216 1587/741/215
f 1592/742/217 1591/745/217 1589/743/216
f 1594/744/218 1593/747/218 1591/745/217
f 1596/746/219 1595/749/219 1593/747/218
f 1598/748/220 1597/751/220 1595/749/219
f 1600/750/221 1599/753/221 1597/751/220
f 1602/752/222 1601/755/222 1599/753/221
f 1604/754/223 1603/757/225 1601/755/222
f 1606/756/224 1605/759/224 1603/757/225
f 1608/758/226 1607/761/226 1605/759/224
f 1610/760/227 1609/763/227 1607/761/226
f 1612/762/228 1611/765/228 1609/763/227
f 1614/764/229 1613/767/229 1611/765/228
f 1616/766/230 1615/769/230 1613/767/229
f 1618/768/231 1617/771/231 1615/769/230
f 1620/770/232 1619/773/232 1617/771/231
f 1622/772/104 1621/775/104 1619/773/232
f 1624/774/233 1623/777/233 1621/775/104
f 1626/776/234 1625/779/234 1623/777/233
f 1628/778/235 1627/781/235 1625/779/234
f 1630/780/236 1629/783/236 1627/781/235
f 1632/782/237 1631/785/237 1629/783/236
f 1634/784/238 1633/787/238 1631/785/237
f 1636/786/239 1635/789/239 1633/787/238
f 1638/788/240 1637/791/240 1635/789/239
f 1640/790/241 1639/793/241 1637/791/240
f 1642/792/242 1641/795/242 1639/793/241
f 1644/794/243 1643/797/243 1641/795/242
f 1646/796/244 1645/799/244 1643/797/243
f 1648/798/245 1647/801/245 1645/799/244
f 1650/800/246 1649/803/246 1647/801/245
f 1652/802/247 1651/805/247 1649/803/246
f 1654/804/248 1653/807/248 1651/805/247
f 1656/806/249 1655/809/249 1653/807/248
f 1658/808/250 1657/811/250 1655/809/249
f 1660/810/251 1659/812/252 1657/811/250
f 1394/466/111 1393/13/111 1659/812/252
f 1664/813/253 1663/154/253 1661/15/254
f 1666/814/255 1665/158/255 1663/154/253
f 1668/815/256 1667/159/256 1665/158/255
f 1670/816/257 1669/160/257 1667/159/256
f 1672/817/258 1671/162/258 1669/160/257
f 1674/818/259 1673/163/259 1671/162/258
f 1676/819/260 1675/165/260 1673/163/259
f 1678/820/261 1677/170/261 1675/165/260
f 1680/821/262 1679/173/262 1677/170/261
f 1682/822/263 1681/176/263 1679/173/262
f 1684/823/264 1683/178/264 1681/176/263
f 1686/824/265 1685/180/265 1683/178/264
f 1688/825/266 1687/183/266 1685/180/265
f 1690/826/267 1689/185/267 1687/183/266
f 1692/827/268 1691/187/268 1689/185/267
f 1694/828/269 1693/186/269 1691/187/268
f 1696/829/270 1695/184/270 1693/186/269
f 1698/830/271 1697/182/271 1695/184/270
f 1700/476/272 1699/9/272 1697/182/271
f 1702/831/273 1701/179/273 1699/9/272
f 1704/832/274 1703/177/274 1701/179/273
f 1706/833/275 1705/175/275 1703/177/274
f 1708/834/276 1707/174/276 1705/175/275
f 1710/835/277 1709/171/277 1707/174/276
f 1712/836/28 1711/169/28 1709/171/277
f 1714/837/29 1713/166/29 1711/169/28
f 1716/838/278 1715/168/278 1713/166/29
f 1718/839/279 1717/167/279 1715/168/278
f 1720/840/280 1719/191/280 1717/167/279
f 1722/841/281 1721/193/281 1719/191/280
f 1724/842/282 1723/194/282 1721/193/281
f 1726/843/283 1725/196/283 1723/194/282
f 1728/844/284 1727/197/284 1725/196/283
f 1730/845/285 1729/198/285 1727/197/284
f 1732/846/286 1731/200/286 1729/198/285
f 1734/847/287 1733/201/287 1731/200/286
f 1736/848/288 1735/203/288 1733/201/287
f 1738/485/289 1737/39/289 1735/203/288
f 1740/849/290 1739/205/290 1737/39/289
f 1742/850/291 1741/204/291 1739/205/290
f 1744/851/292 1743/202/292 1741/204/291
f 1746/852/293 1745/199/293 1743/202/292
f 1748/853/294 1747/195/294 1745/199/293
f 1750/854/295 1749/192/295 1747/195/294
f 1752/855/296 1751/190/296 1749/192/295
f 1754/856/297 1753/189/297 1751/190/296
f 1756/857/298 1755/188/298 1753/189/297
f 1758/858/299 1757/181/299 1755/188/298
f 1760/859/300 1759/172/300 1757/181/299
f 1762/860/301 1761/164/301 1759/172/300
f 1764/861/302 1763/161/302 1761/164/301
f 1766/862/28 1765/157/28 1763/161/302
f 1768/863/29 1767/156/29 1765/157/28
f 1770/864/30 1769/155/30 1767/156/29
f 1772/865/58 1771/152/58 1769/155/30
f 1774/866/58 1773/153/58 1771/152/58
f 1662/466/254 1661/13/254 1773/153/58
f 1778/867/58 1777/869/58 1775/15/28
f 1780/868/58 1779/10/58 1777/869/58
f 1782/507/28 1781/209/28 1779/10/58
f 1784/476/28 1783/9/28 1781/209/28
f 1786/870/58 1785/871/58 1783/9/28
f 1788/521/58 1787/35/58 1785/871/58
f 1790/872/28 1789/873/28 1787/35/58
f 1792/485/29 1791/39/29 1789/873/28
f 1794/535/30 1793/232/30 1791/39/29
f 1796/874/58 1795/50/58 1793/232/30
f 1798/875/28 1797/876/28 1795/50/58
f 1776/466/28 1775/13/28 1797/876/28
f 1802/813/253 1801/154/253 1799/15/254
f 1804/814/255 1803/158/255 1801/154/253
f 1806/815/303 1805/159/256 1803/158/255
f 1808/816/257 1807/160/257 1805/159/256
f 1810/817/258 1809/162/258 1807/160/257
f 1812/818/259 1811/163/259 1809/162/258
f 1814/819/260 1813/165/260 1811/163/259
f 1816/820/261 1815/170/261 1813/165/260
f 1818/821/262 1817/173/262 1815/170/261
f 1820/822/263 1819/176/263 1817/173/262
f 1822/823/264 1821/178/264 1819/176/263
f 1824/824/304 1823/180/304 1821/178/264
f 1826/825/305 1825/183/305 1823/180/304
f 1828/826/306 1827/185/306 1825/183/305
f 1830/827/307 1829/187/307 1827/185/306
f 1832/828/308 1831/186/308 1829/187/307
f 1834/829/309 1833/184/309 1831/186/308
f 1836/830/310 1835/182/310 1833/184/309
f 1838/476/311 1837/9/311 1835/182/310
f 1840/831/312 1839/179/312 1837/9/311
f 1842/832/313 1841/177/313 1839/179/312
f 1844/833/314 1843/175/314 1841/177/313
f 1846/834/315 1845/174/315 1843/175/314
f 1848/835/316 1847/171/316 1845/174/315
f 1850/836/28 1849/169/28 1847/171/316
f 1852/837/29 1851/166/29 1849/169/28
f 1854/838/317 1853/168/317 1851/166/29
f 1856/839/279 1855/167/279 1853/168/317
f 1858/840/280 1857/191/280 1855/167/279
f 1860/841/318 1859/193/281 1857/191/280
f 1862/842/282 1861/194/282 1859/193/281
f 1864/843/283 1863/196/283 1861/194/282
f 1866/844/284 1865/197/284 1863/196/283
f 1868/845/285 1867/198/285 1865/197/284
f 1870/846/286 1869/200/286 1867/198/285
f 1872/847/287 1871/201/287 1869/200/286
f 1874/848/288 1873/203/288 1871/201/287
f 1876/485/289 1875/39/289 1873/203/288
f 1878/849/290 1877/205/290 1875/39/289
f 1880/850/291 1879/204/291 1877/205/290
f 1882/851/292 1881/202/292 1879/204/291
f 1884/852/293 1883/199/293 1881/202/292
f 1886/853/294 1885/195/294 1883/199/293
f 1888/854/295 1887/192/295 1885/195/294
f 1890/855/296 1889/190/296 1887/192/295
f 1892/856/297 1891/189/297 1889/190/296
f 1894/857/298 1893/188/298 1891/189/297
f 1896/858/299 1895/181/299 1893/188/298
f 1898/859/300 1897/172/300 1895/181/299
f 1900/860/301 1899/164/301 1897/172/300
f 1902/861/302 1901/161/302 1899/164/301
f 1904/862/28 1903/157/28 1901/161/302
f 1906/863/29 1905/156/29 1903/157/28
f 1908/864/30 1907/155/30 1905/156/29
f 1910/865/58 1909/152/58 1907/155/30
f 1912/866/58 1911/153/58 1909/152/58
f 1800/466/254 1799/13/254 1911/153/58
f 1916/877/28 1915/878/28 1913/15/58
f 1918/410/28 1917/413/28 1915/878/28
f 1920/879/319 1919/880/319 1917/413/28
f 1922/412/320 1921/415/320 1919/880/319
f 1924/881/321 1923/882/321 1921/415/320
f 1926/414/322 1925/417/322 1923/882/321
f 1928/883/323 1927/884/323 1925/417/322
f 1930/416/324 1929/419/324 1927/884/323
f 1932/885/325 1931/886/325 1929/419/324
f 1934/418/326 1933/421/326 1931/886/325
f 1936/887/327 1935/888/327 1933/421/326
f 1938/420/328 1937/423/328 1935/888/327
f 1940/889/329 1939/890/329 1937/423/328
f 1942/422/330 1941/425/330 1939/890/329
f 1944/891/331 1943/892/331 1941/425/330
f 1946/424/332 1945/427/332 1943/892/331
f 1948/893/333 1947/894/333 1945/427/332
f 1950/426/334 1949/429/334 1947/894/333
f 1952/895/335 1951/896/335 1949/429/334
f 1954/428/336 1953/431/336 1951/896/335
f 1956/897/337 1955/898/337 1953/431/336
f 1958/430/338 1957/433/338 1955/898/337
f 1960/899/339 1959/900/339 1957/433/338
f 1962/432/340 1961/435/340 1959/900/339
f 1964/901/341 1963/902/341 1961/435/340
f 1966/434/342 1965/437/342 1963/902/341
f 1968/903/343 1967/904/343 1965/437/342
f 1970/436/344 1969/439/344 1967/904/343
f 1972/521/345 1971/35/345 1969/439/344
f 1974/438/346 1973/441/346 1971/35/345
f 1976/905/347 1975/906/347 1973/441/346
f 1978/440/348 1977/443/348 1975/906/347
f 1980/907/349 1979/908/349 1977/443/348
f 1982/442/350 1981/445/350 1979/908/349
f 1984/909/351 1983/910/351 1981/445/350
f 1986/444/352 1985/447/352 1983/910/351
f 1988/911/353 1987/912/353 1985/447/352
f 1990/446/354 1989/449/354 1987/912/353
f 1992/913/355 1991/914/355 1989/449/354
f 1994/448/356 1993/451/356 1991/914/355
f 1996/915/357 1995/916/357 1993/451/356
f 1998/450/358 1997/453/358 1995/916/357
f 2000/917/359 1999/918/359 1997/453/358
f 2002/452/360 2001/455/360 1999/918/359
f 2004/919/361 2003/920/361 2001/455/360
f 2006/454/362 2005/457/362 2003/920/361
f 2008/921/363 2007/922/363 2005/457/362
f 2010/456/364 2009/459/364 2007/922/363
f 2012/923/365 2011/924/365 2009/459/364
f 2014/458/366 2013/461/366 2011/924/365
f 2016/925/367 2015/926/367 2013/461/366
f 2018/460/368 2017/463/369 2015/926/367
f 2020/927/29 2019/928/29 2017/463/369
f 2022/462/29 2021/465/29 2019/928/29
f 2024/929/370 2023/930/370 2021/465/29
f 2026/464/371 2025/467/371 2023/930/370
f 2028/931/58 2027/932/58 2025/467/371
f 1914/466/58 1913/13/58 2027/932/58
f 2032/933/372 2031/935/372 2029/15/373
f 2034/934/374 2033/937/374 2031/935/372
f 2036/936/375 2035/939/375 2033/937/374
f 2038/938/376 2037/941/376 2035/939/375
f 2040/940/377 2039/943/377 2037/941/376
f 2042/942/378 2041/945/378 2039/943/377
f 2044/944/379 2043/947/379 2041/945/378
f 2046/946/380 2045/949/380 2043/947/379
f 2048/948/381 2047/951/381 2045/949/380
f 2050/950/382 2049/953/382 2047/951/381
f 2052/952/383 2051/955/383 2049/953/382
f 2054/954/384 2053/957/384 2051/955/383
f 2056/956/385 2055/959/385 2053/957/384
f 2058/958/386 2057/961/386 2055/959/385
f 2060/960/387 2059/963/387 2057/961/386
f 2062/962/388 2061/965/388 2059/963/387
f 2064/964/389 2063/967/389 2061/965/388
f 2066/966/390 2065/969/390 2063/967/389
f 2068/968/391 2067/971/391 2065/969/390
f 2070/970/392 2069/973/392 2067/971/391
f 2072/972/393 2071/975/393 2069/973/392
f 2074/974/394 2073/977/394 2071/975/393
f 2076/976/395 2075/979/395 2073/977/394
f 2078/978/396 2077/981/396 2075/979/395
f 2080/980/397 2079/983/397 2077/981/396
f 2082/982/398 2081/985/398 2079/983/397
f 2084/984/399 2083/987/399 2081/985/398
f 2086/986/400 2085/989/400 2083/987/399
f 2088/988/401 2087/991/401 2085/989/400
f 2090/990/402 2089/993/402 2087/991/401
f 2092/992/403 2091/995/403 2089/993/402
f 2094/994/404 2093/997/404 2091/995/403
f 2096/996/405 2095/999/405 2093/997/404
f 2098/998/406 2097/1001/406 2095/999/405
f 2100/1000/407 2099/1003/407 2097/1001/406
f 2102/1002/408 2101/1004/408 2099/1003/407
f 2104/521/409 2103/35/409 2101/1004/408
f 2106/1005/410 2105/1007/410 2103/35/409
f 2108/1006/411 2107/1009/411 2105/1007/410
f 2110/1008/412 2109/1011/412 2107/1009/411
f 2112/1010/413 2111/1013/413 2109/1011/412
f 2114/1012/414 2113/1015/414 2111/1013/413
f 2116/1014/415 2115/1017/415 2113/1015/414
f 2118/1016/416 2117/1019/416 2115/1017/415
f 2120/1018/417 2119/1021/417 2117/1019/416
f 2122/1020/418 2121/1023/418 2119/1021/417
f 2124/1022/419 2123/1025/421 2121/1023/418
f 2126/1024/420 2125/1027/420 2123/1025/421
f 2128/1026/422 2127/1029/422 2125/1027/420
f 2130/1028/423 2129/1031/423 2127/1029/422
f 2132/1030/424 2131/1033/424 2129/1031/423
f 2134/1032/425 2133/1035/425 2131/1033/424
f 2136/1034/426 2135/1037/426 2133/1035/425
f 2138/1036/427 2137/1039/427 2135/1037/426
f 2140/1038/428 2139/1041/428 2137/1039/427
f 2142/1040/429 2141/1043/429 2139/1041/428
f 2144/1042/430 2143/1045/430 2141/1043/429
f 2146/1044/431 2145/1047/431 2143/1045/430
f 2148/1046/432 2147/1049/432 2145/1047/431
f 2150/1048/433 2149/1051/433 2147/1049/432
f 2152/1050/434 2151/1053/434 2149/1051/433
f 2154/1052/435 2153/1055/435 2151/1053/434
f 2156/1054/436 2155/1057/436 2153/1055/435
f 2158/1056/437 2157/1059/437 2155/1057/436
f 2160/1058/438 2159/1061/438 2157/1059/437
f 2162/1060/439 2161/1063/439 2159/1061/438
f 2164/1062/440 2163/1065/440 2161/1063/439
f 2166/1064/441 2165/1067/441 2163/1065/440
f 2168/1066/442 2167/1069/442 2165/1067/441
f 2170/1068/443 2169/1071/443 2167/1069/442
f 2172/1070/444 2171/1073/444 2169/1071/443
f 2174/1072/445 2173/1075/447 2171/1073/444
f 2176/1074/446 2175/1076/446 2173/1075/447
f 2030/466/373 2029/13/373 2175/1076/446
f 2180/1077/448 2179/1079/451 2177/15/449
f 2182/1078/450 2181/1081/450 2179/1079/451
f 2184/1080/452 2183/1083/452 2181/1081/450
f 2186/1082/453 2185/1085/453 2183/1083/452
f 2188/1084/454 2187/408/454 2185/1085/453
f 2190/1086/455 2189/1088/455 2187/408/454
f 2192/1087/456 2191/1090/458 2189/1088/455
f 2194/1089/457 2193/1092/457 2191/1090/458
f 2196/1091/459 2195/1094/459 2193/1092/457
f 2198/1093/460 2197/376/460 2195/1094/459
f 2200/1095/461 2199/1097/461 2197/376/460
f 2202/1096/462 2201/1099/462 2199/1097/461
f 2204/1098/463 2203/1101/463 2201/1099/462
f 2206/1100/464 2205/1103/464 2203/1101/463
f 2208/1102/465 2207/383/465 2205/1103/464
f 2210/1104/466 2209/1106/466 2207/383/465
f 2212/1105/467 2211/1108/467 2209/1106/466
f 2214/1107/468 2213/1110/470 2211/1108/467
f 2216/1109/469 2215/1112/469 2213/1110/470
f 2218/1111/471 2217/386/471 2215/1112/469
f 2220/1113/472 2219/1115/472 2217/386/471
f 2222/1114/473 2221/1117/473 2219/1115/472
f 2224/1116/474 2223/1119/474 2221/1117/473
f 2226/1118/475 2225/1120/476 2223/1119/474
f 2178/466/449 2177/13/449 2225/1120/476
f 2230/1121/477 2229/395/477 2227/15/58
f 2232/1122/478 2231/397/478 2229/395/477
f 2234/1123/479 2233/398/479 2231/397/478
f 2236/1124/480 2235/400/480 2233/398/479
f 2238/1125/481 2237/251/481 2235/400/480
f 2240/1126/482 2239/402/482 2237/251/481
f 2242/1127/483 2241/403/483 2239/402/482
f 2244/1128/484 2243/404/484 2241/403/483
f 2246/1129/485 2245/406/485 2243/404/484
f 2248/1130/486 2247/253/486 2245/406/485
f 2250/1084/487 2249/408/487 2247/253/486
f 2252/1131/488 2251/409/488 2249/408/487
f 2254/1132/489 2253/407/489 2251/409/488
f 2256/1133/490 2255/405/490 2253/407/489
f 2258/1134/491 2257/254/491 2255/405/490
f 2260/1135/492 2259/401/492 2257/254/491
f 2262/1136/493 2261/399/493 2259/401/492
f 2264/1137/494 2263/396/494 2261/399/493
f 2266/1138/495 2265/389/495 2263/396/494
f 2268/1139/496 2267/252/496 2265/389/495
f 2270/1140/497 2269/379/497 2267/252/496
f 2272/1093/498 2271/376/498 2269/379/497
f 2274/1141/499 2273/373/499 2271/376/498
f 2276/1142/500 2275/366/500 2273/373/499
f 2278/1143/501 2277/255/501 2275/366/500
f 2280/1144/502 2279/367/504 2277/255/501
f 2282/1145/503 2281/368/503 2279/367/504
f 2284/1146/505 2283/374/505 2281/368/503
f 2286/1147/506 2285/375/506 2283/374/505
f 2288/1148/507 2287/256/507 2285/375/506
f 2290/1149/508 2289/377/508 2287/256/507
f 2292/1150/509 2291/380/509 2289/377/508
f 2294/1102/510 2293/383/510 2291/380/509
f 2296/1151/511 2295/385/511 2293/383/510
f 2298/1152/512 2297/257/512 2295/385/511
f 2300/1153/513 2299/387/513 2297/257/512
f 2302/1154/514 2301/391/514 2299/387/513
f 2304/1155/515 2303/393/515 2301/391/514
f 2306/1156/516 2305/394/516 2303/393/515
f 2308/1157/67 2307/248/67 2305/394/516
f 2310/1158/517 2309/392/517 2307/248/67
f 2312/1159/518 2311/390/518 2309/392/517
f 2314/1160/519 2313/388/519 2311/390/518
f 2316/1111/520 2315/386/520 2313/388/519
f 2318/1161/521 2317/249/521 2315/386/520
f 2320/1162/522 2319/384/522 2317/249/521
f 2322/1163/523 2321/382/523 2319/384/522
f 2324/1164/524 2323/381/524 2321/382/523
f 2326/1165/525 2325/378/525 2323/381/524
f 2328/1166/526 2327/250/526 2325/378/525
f 2330/1167/28 2329/369/28 2327/250/526
f 2332/1168/29 2331/371/29 2329/369/28
f 2334/1169/30 2333/370/30 2331/371/29
f 2336/1170/58 2335/372/58 2333/370/30
f 2228/466/58 2227/13/58 2335/372/58
