# Blender 4.1.1
# www.blender.org
mtllib GameClear.mtl
o テキスト
v 4.266591 0.050000 0.379279
v 4.268311 0.050000 0.370148
v 4.271078 0.050000 0.361656
v 4.274815 0.050000 0.353852
v 4.279440 0.050000 0.346784
v 4.284875 0.050000 0.340500
v 4.291039 0.050000 0.335050
v 4.297852 0.050000 0.330481
v 4.305234 0.050000 0.326844
v 4.313107 0.050000 0.324185
v 4.321388 0.050000 0.322554
v 4.330000 0.050000 0.322000
v 4.338612 0.050000 0.322554
v 4.346893 0.050000 0.324185
v 4.354766 0.050000 0.326844
v 4.362148 0.050000 0.330481
v 4.368961 0.050000 0.335050
v 4.375125 0.050000 0.340500
v 4.380560 0.050000 0.346784
v 4.385185 0.050000 0.353852
v 4.388922 0.050000 0.361656
v 4.391689 0.050000 0.370148
v 4.393409 0.050000 0.379279
v 4.394000 0.050000 0.389000
v 4.393409 0.050000 0.398701
v 4.391689 0.050000 0.407778
v 4.388922 0.050000 0.416187
v 4.385185 0.050000 0.423889
v 4.380560 0.050000 0.430840
v 4.375125 0.050000 0.437000
v 4.368961 0.050000 0.442326
v 4.362148 0.050000 0.446778
v 4.354766 0.050000 0.450312
v 4.346893 0.050000 0.452889
v 4.338612 0.050000 0.454465
v 4.330000 0.050000 0.455000
v 4.321179 0.050000 0.454465
v 4.312760 0.050000 0.452889
v 4.304813 0.050000 0.450312
v 4.297408 0.050000 0.446778
v 4.290614 0.050000 0.442326
v 4.284501 0.050000 0.437000
v 4.279138 0.050000 0.430840
v 4.274593 0.050000 0.423889
v 4.270938 0.050000 0.416187
v 4.268241 0.050000 0.407778
v 4.266572 0.050000 0.398701
v 4.266000 0.050000 0.389000
v 4.275000 0.050000 -0.298000
v 4.385000 0.050000 -0.298000
v 4.383000 0.050000 -0.180000
v 4.363000 0.050000 0.208000
v 4.297000 0.050000 0.208000
v 4.276999 0.050000 -0.180000
v 3.266591 0.050000 0.379279
v 3.268311 0.050000 0.370148
v 3.271079 0.050000 0.361656
v 3.274815 0.050000 0.353852
v 3.279441 0.050000 0.346784
v 3.284876 0.050000 0.340500
v 3.291039 0.050000 0.335050
v 3.297852 0.050000 0.330481
v 3.305235 0.050000 0.326844
v 3.313107 0.050000 0.324185
v 3.321388 0.050000 0.322554
v 3.330000 0.050000 0.322000
v 3.338612 0.050000 0.322554
v 3.346894 0.050000 0.324185
v 3.354766 0.050000 0.326844
v 3.362149 0.050000 0.330481
v 3.368962 0.050000 0.335050
v 3.375125 0.050000 0.340500
v 3.380560 0.050000 0.346784
v 3.385185 0.050000 0.353852
v 3.388922 0.050000 0.361656
v 3.391690 0.050000 0.370148
v 3.393409 0.050000 0.379279
v 3.394000 0.050000 0.389000
v 3.393409 0.050000 0.398701
v 3.391690 0.050000 0.407778
v 3.388921 0.050000 0.416187
v 3.385185 0.050000 0.423889
v 3.380559 0.050000 0.430840
v 3.375125 0.050000 0.437000
v 3.368961 0.050000 0.442326
v 3.362148 0.050000 0.446778
v 3.354766 0.050000 0.450312
v 3.346894 0.050000 0.452889
v 3.338612 0.050000 0.454465
v 3.330000 0.050000 0.455000
v 3.321179 0.050000 0.454465
v 3.312760 0.050000 0.452889
v 3.304813 0.050000 0.450312
v 3.297407 0.050000 0.446778
v 3.290613 0.050000 0.442326
v 3.284500 0.050000 0.437000
v 3.279136 0.050000 0.430840
v 3.274593 0.050000 0.423889
v 3.270938 0.050000 0.416187
v 3.268241 0.050000 0.407778
v 3.266572 0.050000 0.398701
v 3.266000 0.050000 0.389000
v 3.275000 0.050000 -0.298000
v 3.385000 0.050000 -0.298000
v 3.383000 0.050000 -0.180000
v 3.363000 0.050000 0.208000
v 3.297000 0.050000 0.208000
v 3.277000 0.050000 -0.180000
v 2.345914 0.050000 0.022000
v 2.382148 0.050000 0.022000
v 2.427438 0.050000 0.022000
v 2.479519 0.050000 0.022000
v 2.536127 0.050000 0.022000
v 2.595000 0.050000 0.022000
v 2.653873 0.050000 0.022000
v 2.710481 0.050000 0.022000
v 2.762563 0.050000 0.022000
v 2.807852 0.050000 0.022000
v 2.844086 0.050000 0.022000
v 2.869000 0.050000 0.022000
v 2.881209 0.050000 0.021940
v 2.892833 0.050000 0.021769
v 2.903875 0.050000 0.021500
v 2.914334 0.050000 0.021148
v 2.924208 0.050000 0.020727
v 2.933500 0.050000 0.020250
v 2.942209 0.050000 0.019731
v 2.950333 0.050000 0.019185
v 2.957875 0.050000 0.018625
v 2.964833 0.050000 0.018065
v 2.971208 0.050000 0.017518
v 2.977000 0.050000 0.017000
v 2.977000 0.050000 0.115000
v 2.971553 0.050000 0.114691
v 2.965255 0.050000 0.114282
v 2.958172 0.050000 0.113797
v 2.950370 0.050000 0.113259
v 2.941916 0.050000 0.112694
v 2.932875 0.050000 0.112125
v 2.923313 0.050000 0.111577
v 2.913296 0.050000 0.111074
v 2.902890 0.050000 0.110641
v 2.892162 0.050000 0.110301
v 2.881177 0.050000 0.110079
v 2.870000 0.050000 0.110000
v 2.844875 0.050000 0.110000
v 2.808500 0.050000 0.110000
v 2.763125 0.050000 0.110000
v 2.711000 0.050000 0.110000
v 2.654375 0.050000 0.110000
v 2.595500 0.050000 0.110000
v 2.536625 0.050000 0.110000
v 2.480000 0.050000 0.110000
v 2.427875 0.050000 0.110000
v 2.382500 0.050000 0.110000
v 2.346125 0.050000 0.110000
v 2.321000 0.050000 0.110000
v 2.307304 0.050000 0.110041
v 2.293760 0.050000 0.110162
v 2.280438 0.050000 0.110359
v 2.267408 0.050000 0.110630
v 2.254739 0.050000 0.110969
v 2.242500 0.050000 0.111375
v 2.230762 0.050000 0.111843
v 2.219593 0.050000 0.112370
v 2.209063 0.050000 0.112953
v 2.199241 0.050000 0.113588
v 2.190197 0.050000 0.114271
v 2.182000 0.050000 0.115000
v 2.182000 0.050000 0.017000
v 2.189967 0.050000 0.017518
v 2.198823 0.050000 0.018065
v 2.208499 0.050000 0.018625
v 2.218925 0.050000 0.019185
v 2.230032 0.050000 0.019731
v 2.241750 0.050000 0.020250
v 2.254009 0.050000 0.020727
v 2.266741 0.050000 0.021148
v 2.279875 0.050000 0.021500
v 2.293343 0.050000 0.021768
v 2.307074 0.050000 0.021940
v 2.321000 0.050000 0.022000
v 1.972876 0.050000 -0.171793
v 1.959584 0.050000 -0.151431
v 1.944251 0.050000 -0.129297
v 1.927001 0.050000 -0.105778
v 1.907959 0.050000 -0.081259
v 1.887251 0.050000 -0.056125
v 1.865000 0.050000 -0.030762
v 1.841334 0.050000 -0.005556
v 1.816375 0.050000 0.019109
v 1.790251 0.050000 0.042847
v 1.763084 0.050000 0.065273
v 1.735000 0.050000 0.086000
v 1.669000 0.050000 0.033000
v 1.692006 0.050000 0.018643
v 1.714875 0.050000 0.002310
v 1.737391 0.050000 -0.015641
v 1.759334 0.050000 -0.034852
v 1.780485 0.050000 -0.054966
v 1.800626 0.050000 -0.075625
v 1.819537 0.050000 -0.096472
v 1.837001 0.050000 -0.117148
v 1.852797 0.050000 -0.137297
v 1.866709 0.050000 -0.156560
v 1.878516 0.050000 -0.174581
v 1.888000 0.050000 -0.191000
v 1.862977 0.050000 -0.191000
v 1.824736 0.050000 -0.191000
v 1.776016 0.050000 -0.191000
v 1.719556 0.050000 -0.191000
v 1.658096 0.050000 -0.191000
v 1.594375 0.050000 -0.191000
v 1.531133 0.050000 -0.191000
v 1.471111 0.050000 -0.191000
v 1.417047 0.050000 -0.191000
v 1.371680 0.050000 -0.191000
v 1.337752 0.050000 -0.191000
v 1.318000 0.050000 -0.191000
v 1.308729 0.050000 -0.190958
v 1.299417 0.050000 -0.190833
v 1.290063 0.050000 -0.190625
v 1.280667 0.050000 -0.190333
v 1.271230 0.050000 -0.189958
v 1.261750 0.050000 -0.189500
v 1.252229 0.050000 -0.188958
v 1.242667 0.050000 -0.188333
v 1.233063 0.050000 -0.187625
v 1.223417 0.050000 -0.186833
v 1.213730 0.050000 -0.185958
v 1.204000 0.050000 -0.185000
v 1.204000 0.050000 -0.276000
v 1.212889 0.050000 -0.274773
v 1.222028 0.050000 -0.273597
v 1.231376 0.050000 -0.272484
v 1.240890 0.050000 -0.271444
v 1.250529 0.050000 -0.270488
v 1.260251 0.050000 -0.269625
v 1.270015 0.050000 -0.268866
v 1.279778 0.050000 -0.268222
v 1.289500 0.050000 -0.267703
v 1.299139 0.050000 -0.267319
v 1.308653 0.050000 -0.267082
v 1.318000 0.050000 -0.267000
v 1.338231 0.050000 -0.267000
v 1.373019 0.050000 -0.267000
v 1.419500 0.050000 -0.267000
v 1.474815 0.050000 -0.267000
v 1.536102 0.050000 -0.267000
v 1.600500 0.050000 -0.267000
v 1.665148 0.050000 -0.267000
v 1.727185 0.050000 -0.267000
v 1.783750 0.050000 -0.267000
v 1.831982 0.050000 -0.267000
v 1.869019 0.050000 -0.267000
v 1.892000 0.050000 -0.267000
v 1.897082 0.050000 -0.267061
v 1.902741 0.050000 -0.267236
v 1.908844 0.050000 -0.267516
v 1.915259 0.050000 -0.267889
v 1.921855 0.050000 -0.268346
v 1.928500 0.050000 -0.268875
v 1.935061 0.050000 -0.269467
v 1.941407 0.050000 -0.270111
v 1.947406 0.050000 -0.270797
v 1.952926 0.050000 -0.271514
v 1.957834 0.050000 -0.272252
v 1.962000 0.050000 -0.273000
v 2.011000 0.050000 -0.226000
v 2.009132 0.050000 -0.223401
v 2.007056 0.050000 -0.220625
v 2.004812 0.050000 -0.217703
v 2.002445 0.050000 -0.214667
v 1.999993 0.050000 -0.211547
v 1.997500 0.050000 -0.208375
v 1.995007 0.050000 -0.205182
v 1.992556 0.050000 -0.202000
v 1.990188 0.050000 -0.198859
v 1.987945 0.050000 -0.195792
v 1.985869 0.050000 -0.192828
v 1.984000 0.050000 -0.190000
v 1.259000 0.050000 0.427000
v 1.266118 0.050000 0.424606
v 1.273445 0.050000 0.421931
v 1.280938 0.050000 0.418984
v 1.288556 0.050000 0.415778
v 1.296257 0.050000 0.412321
v 1.304000 0.050000 0.408625
v 1.311743 0.050000 0.404700
v 1.319444 0.050000 0.400556
v 1.327062 0.050000 0.396203
v 1.334555 0.050000 0.391653
v 1.341882 0.050000 0.386915
v 1.349000 0.050000 0.382000
v 1.385043 0.050000 0.357494
v 1.415931 0.050000 0.331032
v 1.442047 0.050000 0.302703
v 1.463778 0.050000 0.272593
v 1.481508 0.050000 0.240788
v 1.495625 0.050000 0.207375
v 1.506512 0.050000 0.172442
v 1.514555 0.050000 0.136074
v 1.520140 0.050000 0.098359
v 1.523653 0.050000 0.059384
v 1.525478 0.050000 0.019235
v 1.526000 0.050000 -0.022000
v 1.525979 0.050000 -0.027962
v 1.525912 0.050000 -0.033861
v 1.525797 0.050000 -0.039719
v 1.525629 0.050000 -0.045556
v 1.525407 0.050000 -0.051392
v 1.525125 0.050000 -0.057250
v 1.524781 0.050000 -0.063149
v 1.524370 0.050000 -0.069111
v 1.523891 0.050000 -0.075156
v 1.523338 0.050000 -0.081306
v 1.522709 0.050000 -0.087580
v 1.522000 0.050000 -0.094000
v 1.612000 0.050000 -0.094000
v 1.611380 0.050000 -0.028065
v 1.609042 0.050000 0.034315
v 1.604266 0.050000 0.093250
v 1.596334 0.050000 0.148852
v 1.584526 0.050000 0.201231
v 1.568125 0.050000 0.250500
v 1.546412 0.050000 0.296768
v 1.518667 0.050000 0.340148
v 1.484172 0.050000 0.380750
v 1.442209 0.050000 0.418685
v 1.392058 0.050000 0.454065
v 1.333000 0.050000 0.487000
v 0.388000 0.050000 -0.216928
v 0.388000 0.050000 -0.196759
v 0.388000 0.050000 -0.170063
v 0.388000 0.050000 -0.138407
v 0.388000 0.050000 -0.103364
v 0.388000 0.050000 -0.066500
v 0.388000 0.050000 -0.029387
v 0.388000 0.050000 0.006407
v 0.388000 0.050000 0.039312
v 0.388000 0.050000 0.067759
v 0.388000 0.050000 0.090178
v 0.388000 0.050000 0.105000
v 0.388041 0.050000 0.111403
v 0.388158 0.050000 0.118060
v 0.388344 0.050000 0.124891
v 0.388593 0.050000 0.131815
v 0.388897 0.050000 0.138753
v 0.389250 0.050000 0.145625
v 0.389645 0.050000 0.152351
v 0.390074 0.050000 0.158852
v 0.390531 0.050000 0.165047
v 0.391009 0.050000 0.170856
v 0.391501 0.050000 0.176201
v 0.392000 0.050000 0.181000
v 0.300000 0.050000 0.181000
v 0.300519 0.050000 0.176907
v 0.301065 0.050000 0.172171
v 0.301625 0.050000 0.166859
v 0.302186 0.050000 0.161037
v 0.302732 0.050000 0.154770
v 0.303251 0.050000 0.148125
v 0.303727 0.050000 0.141167
v 0.304148 0.050000 0.133963
v 0.304500 0.050000 0.126578
v 0.304769 0.050000 0.119079
v 0.304940 0.050000 0.111531
v 0.305000 0.050000 0.104000
v 0.305000 0.050000 0.089198
v 0.305000 0.050000 0.066833
v 0.305000 0.050000 0.038469
v 0.305000 0.050000 0.005667
v 0.305000 0.050000 -0.030010
v 0.305000 0.050000 -0.067000
v 0.305000 0.050000 -0.103740
v 0.305000 0.050000 -0.138667
v 0.305000 0.050000 -0.170219
v 0.305000 0.050000 -0.196833
v 0.305000 0.050000 -0.216948
v 0.305000 0.050000 -0.229000
v 0.304960 0.050000 -0.233835
v 0.304843 0.050000 -0.239264
v 0.304656 0.050000 -0.245172
v 0.304407 0.050000 -0.251444
v 0.304103 0.050000 -0.257967
v 0.303750 0.050000 -0.264625
v 0.303355 0.050000 -0.271304
v 0.302926 0.050000 -0.277889
v 0.302469 0.050000 -0.284266
v 0.301991 0.050000 -0.290320
v 0.301499 0.050000 -0.295936
v 0.301000 0.050000 -0.301000
v 0.392000 0.050000 -0.301000
v 0.391501 0.050000 -0.296050
v 0.391009 0.050000 -0.290736
v 0.390531 0.050000 -0.285109
v 0.390074 0.050000 -0.279222
v 0.389645 0.050000 -0.273127
v 0.389250 0.050000 -0.266875
v 0.388897 0.050000 -0.260519
v 0.388593 0.050000 -0.254111
v 0.388344 0.050000 -0.247703
v 0.388158 0.050000 -0.241347
v 0.388041 0.050000 -0.235096
v 0.388000 0.050000 -0.229000
v 0.853000 0.050000 -0.211135
v 0.853000 0.050000 -0.198750
v 0.853000 0.050000 -0.185156
v 0.853000 0.050000 -0.170667
v 0.853000 0.050000 -0.155594
v 0.853000 0.050000 -0.140250
v 0.853000 0.050000 -0.124948
v 0.853000 0.050000 -0.110000
v 0.853000 0.050000 -0.095719
v 0.853000 0.050000 -0.082417
v 0.853000 0.050000 -0.070406
v 0.853000 0.050000 -0.060000
v 0.852309 0.050000 -0.003257
v 0.850222 0.050000 0.047361
v 0.846719 0.050000 0.092437
v 0.841778 0.050000 0.132556
v 0.835379 0.050000 0.168299
v 0.827501 0.050000 0.200250
v 0.818122 0.050000 0.228993
v 0.807223 0.050000 0.255111
v 0.794781 0.050000 0.279188
v 0.780778 0.050000 0.301806
v 0.765191 0.050000 0.323549
v 0.748000 0.050000 0.345000
v 0.731057 0.050000 0.363781
v 0.712871 0.050000 0.381162
v 0.693657 0.050000 0.397203
v 0.673630 0.050000 0.411963
v 0.653006 0.050000 0.425501
v 0.632001 0.050000 0.437875
v 0.610828 0.050000 0.449145
v 0.589704 0.050000 0.459370
v 0.568844 0.050000 0.468609
v 0.548463 0.050000 0.476921
v 0.528777 0.050000 0.484365
v 0.510000 0.050000 0.491000
v 0.445000 0.050000 0.422000
v 0.467845 0.050000 0.415888
v 0.490343 0.050000 0.409023
v 0.512438 0.050000 0.401359
v 0.534074 0.050000 0.392852
v 0.555197 0.050000 0.383455
v 0.575750 0.050000 0.373125
v 0.595679 0.050000 0.361815
v 0.614926 0.050000 0.349481
v 0.633438 0.050000 0.336078
v 0.651158 0.050000 0.321560
v 0.668031 0.050000 0.305883
v 0.684000 0.050000 0.289000
v 0.700548 0.050000 0.268228
v 0.714801 0.050000 0.247157
v 0.726922 0.050000 0.225406
v 0.737075 0.050000 0.202593
v 0.745421 0.050000 0.178334
v 0.752126 0.050000 0.152250
v 0.757351 0.050000 0.123957
v 0.761260 0.050000 0.093074
v 0.764016 0.050000 0.059219
v 0.765783 0.050000 0.022009
v 0.766723 0.050000 -0.018936
v 0.767000 0.050000 -0.064000
v 0.767000 0.050000 -0.074423
v 0.767000 0.050000 -0.086468
v 0.767000 0.050000 -0.099797
v 0.767000 0.050000 -0.114074
v 0.767000 0.050000 -0.128962
v 0.767000 0.050000 -0.144125
v 0.767000 0.050000 -0.159225
v 0.767000 0.050000 -0.173926
v 0.767000 0.050000 -0.187891
v 0.767000 0.050000 -0.200782
v 0.767000 0.050000 -0.212265
v 0.767000 0.050000 -0.222000
v 0.766959 0.050000 -0.230377
v 0.766838 0.050000 -0.238514
v 0.766641 0.050000 -0.246422
v 0.766371 0.050000 -0.254111
v 0.766031 0.050000 -0.261592
v 0.765625 0.050000 -0.268875
v 0.765157 0.050000 -0.275971
v 0.764630 0.050000 -0.282889
v 0.764047 0.050000 -0.289641
v 0.763412 0.050000 -0.296236
v 0.762729 0.050000 -0.302686
v 0.762000 0.050000 -0.309000
v 0.856000 0.050000 -0.309000
v 0.855521 0.050000 -0.302686
v 0.855084 0.050000 -0.296236
v 0.854688 0.050000 -0.289641
v 0.854334 0.050000 -0.282889
v 0.854021 0.050000 -0.275971
v 0.853750 0.050000 -0.268875
v 0.853521 0.050000 -0.261592
v 0.853334 0.050000 -0.254111
v 0.853188 0.050000 -0.246422
v 0.853084 0.050000 -0.238514
v 0.853021 0.050000 -0.230377
v 0.853000 0.050000 -0.222000
v -0.452000 0.050000 -0.206000
v -0.180000 0.050000 -0.206000
v -0.173355 0.050000 -0.206063
v -0.166921 0.050000 -0.206255
v -0.160703 0.050000 -0.206578
v -0.154704 0.050000 -0.207037
v -0.148926 0.050000 -0.207635
v -0.143375 0.050000 -0.208375
v -0.138052 0.050000 -0.209261
v -0.132963 0.050000 -0.210296
v -0.128109 0.050000 -0.211484
v -0.123495 0.050000 -0.212829
v -0.119124 0.050000 -0.214333
v -0.115000 0.050000 -0.216000
v -0.048000 0.050000 -0.175000
v -0.050037 0.050000 -0.171322
v -0.052134 0.050000 -0.167324
v -0.054265 0.050000 -0.163063
v -0.056407 0.050000 -0.158593
v -0.058535 0.050000 -0.153970
v -0.060624 0.050000 -0.149250
v -0.062652 0.050000 -0.144488
v -0.064592 0.050000 -0.139741
v -0.066422 0.050000 -0.135063
v -0.068115 0.050000 -0.130509
v -0.069650 0.050000 -0.126137
v -0.071000 0.050000 -0.122000
v -0.078474 0.050000 -0.096077
v -0.087379 0.050000 -0.068949
v -0.097687 0.050000 -0.040828
v -0.109370 0.050000 -0.011926
v -0.122400 0.050000 0.017546
v -0.136750 0.050000 0.047375
v -0.152391 0.050000 0.077350
v -0.169296 0.050000 0.107259
v -0.187437 0.050000 0.136891
v -0.206787 0.050000 0.166032
v -0.227317 0.050000 0.194473
v -0.249000 0.050000 0.222000
v -0.272357 0.050000 0.249352
v -0.297023 0.050000 0.275898
v -0.323141 0.050000 0.301625
v -0.350852 0.050000 0.326518
v -0.380299 0.050000 0.350565
v -0.411625 0.050000 0.373750
v -0.444972 0.050000 0.396060
v -0.480481 0.050000 0.417481
v -0.518297 0.050000 0.438000
v -0.558560 0.050000 0.457602
v -0.601414 0.050000 0.476273
v -0.647000 0.050000 0.494000
v -0.719000 0.050000 0.429000
v -0.674444 0.050000 0.414742
v -0.632222 0.050000 0.399019
v -0.592250 0.050000 0.381906
v -0.554444 0.050000 0.363481
v -0.518722 0.050000 0.343821
v -0.485000 0.050000 0.323000
v -0.453194 0.050000 0.301096
v -0.423222 0.050000 0.278185
v -0.395000 0.050000 0.254344
v -0.368444 0.050000 0.229648
v -0.343472 0.050000 0.204175
v -0.320000 0.050000 0.178000
v -0.300867 0.050000 0.154273
v -0.282523 0.050000 0.129264
v -0.265047 0.050000 0.103234
v -0.248518 0.050000 0.076444
v -0.233018 0.050000 0.049154
v -0.218625 0.050000 0.021625
v -0.205419 0.050000 -0.005884
v -0.193481 0.050000 -0.033111
v -0.182890 0.050000 -0.059797
v -0.173727 0.050000 -0.085681
v -0.166070 0.050000 -0.110502
v -0.160000 0.050000 -0.134000
v -0.499000 0.050000 -0.134000
v -0.514501 0.050000 -0.112908
v -0.531005 0.050000 -0.091681
v -0.548516 0.050000 -0.070391
v -0.567037 0.050000 -0.049111
v -0.586572 0.050000 -0.027915
v -0.607125 0.050000 -0.006875
v -0.628698 0.050000 0.013936
v -0.651296 0.050000 0.034444
v -0.674922 0.050000 0.054578
v -0.699579 0.050000 0.074264
v -0.725270 0.050000 0.093429
v -0.752000 0.050000 0.112000
v -0.821000 0.050000 0.060000
v -0.779511 0.050000 0.033431
v -0.741005 0.050000 0.005449
v -0.705422 0.050000 -0.023609
v -0.672704 0.050000 -0.053407
v -0.642791 0.050000 -0.083608
v -0.615625 0.050000 -0.113875
v -0.591146 0.050000 -0.143871
v -0.569296 0.050000 -0.173259
v -0.550016 0.050000 -0.201703
v -0.533245 0.050000 -0.228866
v -0.518926 0.050000 -0.254410
v -0.507000 0.050000 -0.278000
v -0.504404 0.050000 -0.282629
v -0.501648 0.050000 -0.287949
v -0.498781 0.050000 -0.293859
v -0.495852 0.050000 -0.300259
v -0.492908 0.050000 -0.307048
v -0.490000 0.050000 -0.314125
v -0.487175 0.050000 -0.321389
v -0.484481 0.050000 -0.328741
v -0.481969 0.050000 -0.336078
v -0.479685 0.050000 -0.343301
v -0.477679 0.050000 -0.350308
v -0.476000 0.050000 -0.357000
v -0.383000 0.050000 -0.327000
v -0.387265 0.050000 -0.320347
v -0.391541 0.050000 -0.313440
v -0.395797 0.050000 -0.306359
v -0.400000 0.050000 -0.299185
v -0.404119 0.050000 -0.291997
v -0.408125 0.050000 -0.284875
v -0.411984 0.050000 -0.277899
v -0.415666 0.050000 -0.271148
v -0.419140 0.050000 -0.264703
v -0.422375 0.050000 -0.258644
v -0.425338 0.050000 -0.253049
v -0.428000 0.050000 -0.248000
v -1.688111 0.050000 0.297942
v -1.671722 0.050000 0.253704
v -1.654250 0.050000 0.204688
v -1.636111 0.050000 0.152296
v -1.617722 0.050000 0.097933
v -1.599500 0.050000 0.043000
v -1.581861 0.050000 -0.011100
v -1.565222 0.050000 -0.062963
v -1.550000 0.050000 -0.111188
v -1.536611 0.050000 -0.154370
v -1.525472 0.050000 -0.191109
v -1.517000 0.050000 -0.220000
v -1.514163 0.050000 -0.231056
v -1.511634 0.050000 -0.241278
v -1.509391 0.050000 -0.250750
v -1.507407 0.050000 -0.259556
v -1.505660 0.050000 -0.267778
v -1.504125 0.050000 -0.275500
v -1.502777 0.050000 -0.282806
v -1.501592 0.050000 -0.289778
v -1.500547 0.050000 -0.296500
v -1.499616 0.050000 -0.303056
v -1.498775 0.050000 -0.309528
v -1.498000 0.050000 -0.316000
v -1.398000 0.050000 -0.296000
v -1.400521 0.050000 -0.289721
v -1.403088 0.050000 -0.283347
v -1.405703 0.050000 -0.276828
v -1.408370 0.050000 -0.270111
v -1.411093 0.050000 -0.263144
v -1.413875 0.050000 -0.255875
v -1.416719 0.050000 -0.248252
v -1.419630 0.050000 -0.240222
v -1.422609 0.050000 -0.231734
v -1.425662 0.050000 -0.222736
v -1.428791 0.050000 -0.213175
v -1.432000 0.050000 -0.203000
v -1.440639 0.050000 -0.175288
v -1.451782 0.050000 -0.140056
v -1.465015 0.050000 -0.098656
v -1.479926 0.050000 -0.052444
v -1.496100 0.050000 -0.002774
v -1.513125 0.050000 0.049000
v -1.530587 0.050000 0.101524
v -1.548074 0.050000 0.153444
v -1.565172 0.050000 0.203406
v -1.581467 0.050000 0.250056
v -1.596548 0.050000 0.292038
v -1.610000 0.050000 0.328000
v -1.572386 0.050000 0.324362
v -1.533338 0.050000 0.320477
v -1.493297 0.050000 0.316391
v -1.452704 0.050000 0.312148
v -1.411999 0.050000 0.307795
v -1.371625 0.050000 0.303375
v -1.332021 0.050000 0.298935
v -1.293629 0.050000 0.294519
v -1.256890 0.050000 0.290172
v -1.222245 0.050000 0.285940
v -1.190135 0.050000 0.281867
v -1.161000 0.050000 0.278000
v -1.171096 0.050000 0.258288
v -1.181356 0.050000 0.238718
v -1.191734 0.050000 0.219391
v -1.202185 0.050000 0.200407
v -1.212663 0.050000 0.181869
v -1.223125 0.050000 0.163875
v -1.233523 0.050000 0.146527
v -1.243814 0.050000 0.129926
v -1.253953 0.050000 0.114172
v -1.263893 0.050000 0.099366
v -1.273591 0.050000 0.085608
v -1.283000 0.050000 0.073000
v -1.208000 0.050000 0.039000
v -1.189519 0.050000 0.066678
v -1.169820 0.050000 0.097759
v -1.149266 0.050000 0.131562
v -1.128222 0.050000 0.167407
v -1.107054 0.050000 0.204613
v -1.086125 0.050000 0.242500
v -1.065800 0.050000 0.280387
v -1.046444 0.050000 0.317593
v -1.028422 0.050000 0.353437
v -1.012097 0.050000 0.387241
v -0.997835 0.050000 0.418322
v -0.986000 0.050000 0.446000
v -1.070000 0.050000 0.484000
v -1.073374 0.050000 0.474796
v -1.076990 0.050000 0.465199
v -1.080843 0.050000 0.455234
v -1.084926 0.050000 0.444926
v -1.089230 0.050000 0.434298
v -1.093750 0.050000 0.423375
v -1.098478 0.050000 0.412181
v -1.103407 0.050000 0.400741
v -1.108531 0.050000 0.389078
v -1.113842 0.050000 0.377218
v -1.119334 0.050000 0.365183
v -1.125000 0.050000 0.353000
v -1.167049 0.050000 0.358330
v -1.215314 0.050000 0.364222
v -1.268468 0.050000 0.370531
v -1.325185 0.050000 0.377111
v -1.384137 0.050000 0.383816
v -1.444000 0.050000 0.390500
v -1.503445 0.050000 0.397017
v -1.561148 0.050000 0.403222
v -1.615781 0.050000 0.408969
v -1.666018 0.050000 0.414111
v -1.710533 0.050000 0.418503
v -1.748000 0.050000 0.422000
v -1.754331 0.050000 0.422560
v -1.760815 0.050000 0.423231
v -1.767437 0.050000 0.424000
v -1.774185 0.050000 0.424852
v -1.781044 0.050000 0.425773
v -1.788000 0.050000 0.426750
v -1.795039 0.050000 0.427768
v -1.802148 0.050000 0.428815
v -1.809312 0.050000 0.429875
v -1.816518 0.050000 0.430935
v -1.823752 0.050000 0.431981
v -1.831000 0.050000 0.433000
v -1.846000 0.050000 0.340000
v -1.838422 0.050000 0.340209
v -1.830708 0.050000 0.340343
v -1.822891 0.050000 0.340406
v -1.815000 0.050000 0.340407
v -1.807068 0.050000 0.340353
v -1.799125 0.050000 0.340250
v -1.791203 0.050000 0.340105
v -1.783333 0.050000 0.339926
v -1.775547 0.050000 0.339719
v -1.767875 0.050000 0.339491
v -1.760349 0.050000 0.339249
v -1.753000 0.050000 0.339000
v -1.703000 0.050000 0.336000
v -2.654086 0.050000 0.022000
v -2.617852 0.050000 0.022000
v -2.572562 0.050000 0.022000
v -2.520481 0.050000 0.022000
v -2.463872 0.050000 0.022000
v -2.405000 0.050000 0.022000
v -2.346127 0.050000 0.022000
v -2.289518 0.050000 0.022000
v -2.237437 0.050000 0.022000
v -2.192148 0.050000 0.022000
v -2.155914 0.050000 0.022000
v -2.131000 0.050000 0.022000
v -2.118792 0.050000 0.021940
v -2.107167 0.050000 0.021769
v -2.096125 0.050000 0.021500
v -2.085667 0.050000 0.021148
v -2.075791 0.050000 0.020727
v -2.066500 0.050000 0.020250
v -2.057791 0.050000 0.019731
v -2.049666 0.050000 0.019185
v -2.042125 0.050000 0.018625
v -2.035167 0.050000 0.018065
v -2.028791 0.050000 0.017518
v -2.023000 0.050000 0.017000
v -2.023000 0.050000 0.115000
v -2.028447 0.050000 0.114691
v -2.034745 0.050000 0.114282
v -2.041828 0.050000 0.113797
v -2.049630 0.050000 0.113259
v -2.058084 0.050000 0.112694
v -2.067125 0.050000 0.112125
v -2.076687 0.050000 0.111577
v -2.086704 0.050000 0.111074
v -2.097109 0.050000 0.110641
v -2.107838 0.050000 0.110301
v -2.118824 0.050000 0.110079
v -2.130000 0.050000 0.110000
v -2.155125 0.050000 0.110000
v -2.191500 0.050000 0.110000
v -2.236875 0.050000 0.110000
v -2.289000 0.050000 0.110000
v -2.345625 0.050000 0.110000
v -2.404500 0.050000 0.110000
v -2.463375 0.050000 0.110000
v -2.520000 0.050000 0.110000
v -2.572125 0.050000 0.110000
v -2.617500 0.050000 0.110000
v -2.653875 0.050000 0.110000
v -2.679000 0.050000 0.110000
v -2.692697 0.050000 0.110041
v -2.706241 0.050000 0.110162
v -2.719563 0.050000 0.110359
v -2.732593 0.050000 0.110630
v -2.745262 0.050000 0.110969
v -2.757500 0.050000 0.111375
v -2.769238 0.050000 0.111843
v -2.780407 0.050000 0.112370
v -2.790937 0.050000 0.112953
v -2.800759 0.050000 0.113588
v -2.809803 0.050000 0.114271
v -2.818000 0.050000 0.115000
v -2.818000 0.050000 0.017000
v -2.810032 0.050000 0.017518
v -2.801176 0.050000 0.018065
v -2.791500 0.050000 0.018625
v -2.781074 0.050000 0.019185
v -2.769967 0.050000 0.019731
v -2.758250 0.050000 0.020250
v -2.745990 0.050000 0.020727
v -2.733259 0.050000 0.021148
v -2.720125 0.050000 0.021500
v -2.706657 0.050000 0.021768
v -2.692926 0.050000 0.021940
v -2.679000 0.050000 0.022000
v -3.132000 0.050000 -0.179000
v -3.137279 0.050000 -0.189392
v -3.143069 0.050000 -0.200472
v -3.149297 0.050000 -0.212094
v -3.155889 0.050000 -0.224111
v -3.162772 0.050000 -0.236378
v -3.169875 0.050000 -0.248750
v -3.177123 0.050000 -0.261080
v -3.184444 0.050000 -0.273222
v -3.191765 0.050000 -0.285031
v -3.199014 0.050000 -0.296361
v -3.206116 0.050000 -0.307066
v -3.213000 0.050000 -0.317000
v -3.160000 0.050000 -0.340000
v -3.153517 0.050000 -0.330506
v -3.146634 0.050000 -0.320130
v -3.139453 0.050000 -0.309031
v -3.132074 0.050000 -0.297370
v -3.124598 0.050000 -0.285307
v -3.117125 0.050000 -0.273000
v -3.109756 0.050000 -0.260610
v -3.102592 0.050000 -0.248296
v -3.095734 0.050000 -0.236219
v -3.089282 0.050000 -0.224537
v -3.083337 0.050000 -0.213411
v -3.078000 0.050000 -0.203000
v -3.020000 0.050000 -0.220000
v -3.025701 0.050000 -0.231022
v -3.031773 0.050000 -0.242509
v -3.038172 0.050000 -0.254344
v -3.044852 0.050000 -0.266407
v -3.051768 0.050000 -0.278582
v -3.058875 0.050000 -0.290750
v -3.066128 0.050000 -0.302793
v -3.073481 0.050000 -0.314593
v -3.080890 0.050000 -0.326031
v -3.088310 0.050000 -0.336991
v -3.095695 0.050000 -0.347353
v -3.103000 0.050000 -0.357000
v -3.050000 0.050000 -0.380000
v -3.043248 0.050000 -0.370258
v -3.036069 0.050000 -0.359648
v -3.028578 0.050000 -0.348344
v -3.020889 0.050000 -0.336519
v -3.013116 0.050000 -0.324346
v -3.005375 0.050000 -0.312000
v -2.997779 0.050000 -0.299654
v -2.990444 0.050000 -0.287482
v -2.983484 0.050000 -0.275656
v -2.977014 0.050000 -0.264352
v -2.971147 0.050000 -0.253742
v -2.966000 0.050000 -0.244000
v -3.550543 0.050000 -0.225608
v -3.553176 0.050000 -0.217949
v -3.555906 0.050000 -0.210047
v -3.558741 0.050000 -0.201926
v -3.561686 0.050000 -0.193611
v -3.564750 0.050000 -0.185125
v -3.567939 0.050000 -0.176494
v -3.571259 0.050000 -0.167741
v -3.574718 0.050000 -0.158891
v -3.578324 0.050000 -0.149968
v -3.582082 0.050000 -0.140996
v -3.586000 0.050000 -0.132000
v -3.113000 0.050000 -0.132000
v -3.106682 0.050000 -0.132022
v -3.099792 0.050000 -0.132093
v -3.092422 0.050000 -0.132219
v -3.084666 0.050000 -0.132407
v -3.076620 0.050000 -0.132666
v -3.068375 0.050000 -0.133000
v -3.060026 0.050000 -0.133418
v -3.051666 0.050000 -0.133926
v -3.043390 0.050000 -0.134531
v -3.035291 0.050000 -0.135241
v -3.027463 0.050000 -0.136061
v -3.020000 0.050000 -0.137000
v -3.020000 0.050000 -0.051000
v -3.027903 0.050000 -0.051479
v -3.036055 0.050000 -0.051917
v -3.044375 0.050000 -0.052312
v -3.052778 0.050000 -0.052667
v -3.061180 0.050000 -0.052979
v -3.069500 0.050000 -0.053250
v -3.077652 0.050000 -0.053479
v -3.085555 0.050000 -0.053667
v -3.093125 0.050000 -0.053812
v -3.100278 0.050000 -0.053917
v -3.106930 0.050000 -0.053979
v -3.113000 0.050000 -0.054000
v -3.283000 0.050000 -0.054000
v -3.288979 0.050000 0.015057
v -3.298833 0.050000 0.079370
v -3.312437 0.050000 0.139156
v -3.329666 0.050000 0.194630
v -3.350396 0.050000 0.246006
v -3.374500 0.050000 0.293500
v -3.401854 0.050000 0.337328
v -3.432333 0.050000 0.377704
v -3.465812 0.050000 0.414844
v -3.502167 0.050000 0.448963
v -3.541271 0.050000 0.480277
v -3.583000 0.050000 0.509000
v -3.668000 0.050000 0.451000
v -3.660734 0.050000 0.448128
v -3.653458 0.050000 0.445023
v -3.646203 0.050000 0.441703
v -3.639000 0.050000 0.438185
v -3.631880 0.050000 0.434487
v -3.624875 0.050000 0.430625
v -3.618016 0.050000 0.426617
v -3.611333 0.050000 0.422481
v -3.604859 0.050000 0.418234
v -3.598625 0.050000 0.413893
v -3.592661 0.050000 0.409476
v -3.587000 0.050000 0.405000
v -3.562351 0.050000 0.385274
v -3.537643 0.050000 0.362944
v -3.513234 0.050000 0.337781
v -3.489481 0.050000 0.309556
v -3.466742 0.050000 0.278038
v -3.445375 0.050000 0.243000
v -3.425736 0.050000 0.204212
v -3.408185 0.050000 0.161444
v -3.393078 0.050000 0.114469
v -3.380773 0.050000 0.063056
v -3.371628 0.050000 0.006976
v -3.366000 0.050000 -0.054000
v -3.623000 0.050000 -0.054000
v -3.633561 0.050000 -0.034951
v -3.645157 0.050000 -0.015440
v -3.657656 0.050000 0.004328
v -3.670926 0.050000 0.024148
v -3.684834 0.050000 0.043815
v -3.699250 0.050000 0.063125
v -3.714040 0.050000 0.081872
v -3.729074 0.050000 0.099852
v -3.744219 0.050000 0.116859
v -3.759342 0.050000 0.132690
v -3.774313 0.050000 0.147138
v -3.789000 0.050000 0.160000
v -3.868000 0.050000 0.113000
v -3.850041 0.050000 0.099011
v -3.832245 0.050000 0.083255
v -3.814734 0.050000 0.066047
v -3.797629 0.050000 0.047704
v -3.781053 0.050000 0.028541
v -3.765125 0.050000 0.008875
v -3.749968 0.050000 -0.010979
v -3.735703 0.050000 -0.030704
v -3.722453 0.050000 -0.049984
v -3.710338 0.050000 -0.068505
v -3.699480 0.050000 -0.085949
v -3.690000 0.050000 -0.102000
v -3.683436 0.050000 -0.114513
v -3.677241 0.050000 -0.127023
v -3.671406 0.050000 -0.139484
v -3.665926 0.050000 -0.151852
v -3.660793 0.050000 -0.164081
v -3.656000 0.050000 -0.176125
v -3.651540 0.050000 -0.187940
v -3.647407 0.050000 -0.199482
v -3.643594 0.050000 -0.210703
v -3.640092 0.050000 -0.221560
v -3.636897 0.050000 -0.232008
v -3.634000 0.050000 -0.242000
v -3.632062 0.050000 -0.248540
v -3.630250 0.050000 -0.255148
v -3.628562 0.050000 -0.261813
v -3.627000 0.050000 -0.268519
v -3.625562 0.050000 -0.275252
v -3.624250 0.050000 -0.282000
v -3.623062 0.050000 -0.288748
v -3.622000 0.050000 -0.295482
v -3.621062 0.050000 -0.302188
v -3.620250 0.050000 -0.308852
v -3.619562 0.050000 -0.315461
v -3.619000 0.050000 -0.322000
v -3.522000 0.050000 -0.303000
v -3.524268 0.050000 -0.297173
v -3.526565 0.050000 -0.291218
v -3.528875 0.050000 -0.285172
v -3.531185 0.050000 -0.279074
v -3.533481 0.050000 -0.272962
v -3.535750 0.050000 -0.266875
v -3.537977 0.050000 -0.260850
v -3.540148 0.050000 -0.254926
v -3.542250 0.050000 -0.249141
v -3.544268 0.050000 -0.243532
v -3.546190 0.050000 -0.238140
v -3.548000 0.050000 -0.233000
v 4.266591 -0.050000 0.379279
v 4.268311 -0.050000 0.370148
v 4.271078 -0.050000 0.361656
v 4.274815 -0.050000 0.353852
v 4.279440 -0.050000 0.346784
v 4.284875 -0.050000 0.340500
v 4.291039 -0.050000 0.335050
v 4.297852 -0.050000 0.330481
v 4.305234 -0.050000 0.326844
v 4.313107 -0.050000 0.324185
v 4.321388 -0.050000 0.322554
v 4.330000 -0.050000 0.322000
v 4.338612 -0.050000 0.322554
v 4.346893 -0.050000 0.324185
v 4.354766 -0.050000 0.326844
v 4.362148 -0.050000 0.330481
v 4.368961 -0.050000 0.335050
v 4.375125 -0.050000 0.340500
v 4.380560 -0.050000 0.346784
v 4.385185 -0.050000 0.353852
v 4.388922 -0.050000 0.361656
v 4.391689 -0.050000 0.370148
v 4.393409 -0.050000 0.379279
v 4.394000 -0.050000 0.389000
v 4.393409 -0.050000 0.398701
v 4.391689 -0.050000 0.407778
v 4.388922 -0.050000 0.416187
v 4.385185 -0.050000 0.423889
v 4.380560 -0.050000 0.430840
v 4.375125 -0.050000 0.437000
v 4.368961 -0.050000 0.442326
v 4.362148 -0.050000 0.446778
v 4.354766 -0.050000 0.450312
v 4.346893 -0.050000 0.452889
v 4.338612 -0.050000 0.454465
v 4.330000 -0.050000 0.455000
v 4.321179 -0.050000 0.454465
v 4.312760 -0.050000 0.452889
v 4.304813 -0.050000 0.450312
v 4.297408 -0.050000 0.446778
v 4.290614 -0.050000 0.442326
v 4.284501 -0.050000 0.437000
v 4.279138 -0.050000 0.430840
v 4.274593 -0.050000 0.423889
v 4.270938 -0.050000 0.416187
v 4.268241 -0.050000 0.407778
v 4.266572 -0.050000 0.398701
v 4.266000 -0.050000 0.389000
v 4.275000 -0.050000 -0.298000
v 4.385000 -0.050000 -0.298000
v 4.383000 -0.050000 -0.180000
v 4.363000 -0.050000 0.208000
v 4.297000 -0.050000 0.208000
v 4.276999 -0.050000 -0.180000
v 3.266591 -0.050000 0.379279
v 3.268311 -0.050000 0.370148
v 3.271079 -0.050000 0.361656
v 3.274815 -0.050000 0.353852
v 3.279441 -0.050000 0.346784
v 3.284876 -0.050000 0.340500
v 3.291039 -0.050000 0.335050
v 3.297852 -0.050000 0.330481
v 3.305235 -0.050000 0.326844
v 3.313107 -0.050000 0.324185
v 3.321388 -0.050000 0.322554
v 3.330000 -0.050000 0.322000
v 3.338612 -0.050000 0.322554
v 3.346894 -0.050000 0.324185
v 3.354766 -0.050000 0.326844
v 3.362149 -0.050000 0.330481
v 3.368962 -0.050000 0.335050
v 3.375125 -0.050000 0.340500
v 3.380560 -0.050000 0.346784
v 3.385185 -0.050000 0.353852
v 3.388922 -0.050000 0.361656
v 3.391690 -0.050000 0.370148
v 3.393409 -0.050000 0.379279
v 3.394000 -0.050000 0.389000
v 3.393409 -0.050000 0.398701
v 3.391690 -0.050000 0.407778
v 3.388921 -0.050000 0.416187
v 3.385185 -0.050000 0.423889
v 3.380559 -0.050000 0.430840
v 3.375125 -0.050000 0.437000
v 3.368961 -0.050000 0.442326
v 3.362148 -0.050000 0.446778
v 3.354766 -0.050000 0.450312
v 3.346894 -0.050000 0.452889
v 3.338612 -0.050000 0.454465
v 3.330000 -0.050000 0.455000
v 3.321179 -0.050000 0.454465
v 3.312760 -0.050000 0.452889
v 3.304813 -0.050000 0.450312
v 3.297407 -0.050000 0.446778
v 3.290613 -0.050000 0.442326
v 3.284500 -0.050000 0.437000
v 3.279136 -0.050000 0.430840
v 3.274593 -0.050000 0.423889
v 3.270938 -0.050000 0.416187
v 3.268241 -0.050000 0.407778
v 3.266572 -0.050000 0.398701
v 3.266000 -0.050000 0.389000
v 3.275000 -0.050000 -0.298000
v 3.385000 -0.050000 -0.298000
v 3.383000 -0.050000 -0.180000
v 3.363000 -0.050000 0.208000
v 3.297000 -0.050000 0.208000
v 3.277000 -0.050000 -0.180000
v 2.345914 -0.050000 0.022000
v 2.382148 -0.050000 0.022000
v 2.427438 -0.050000 0.022000
v 2.479519 -0.050000 0.022000
v 2.536127 -0.050000 0.022000
v 2.595000 -0.050000 0.022000
v 2.653873 -0.050000 0.022000
v 2.710481 -0.050000 0.022000
v 2.762563 -0.050000 0.022000
v 2.807852 -0.050000 0.022000
v 2.844086 -0.050000 0.022000
v 2.869000 -0.050000 0.022000
v 2.881209 -0.050000 0.021940
v 2.892833 -0.050000 0.021769
v 2.903875 -0.050000 0.021500
v 2.914334 -0.050000 0.021148
v 2.924208 -0.050000 0.020727
v 2.933500 -0.050000 0.020250
v 2.942209 -0.050000 0.019731
v 2.950333 -0.050000 0.019185
v 2.957875 -0.050000 0.018625
v 2.964833 -0.050000 0.018065
v 2.971208 -0.050000 0.017518
v 2.977000 -0.050000 0.017000
v 2.977000 -0.050000 0.115000
v 2.971553 -0.050000 0.114691
v 2.965255 -0.050000 0.114282
v 2.958172 -0.050000 0.113797
v 2.950370 -0.050000 0.113259
v 2.941916 -0.050000 0.112694
v 2.932875 -0.050000 0.112125
v 2.923313 -0.050000 0.111577
v 2.913296 -0.050000 0.111074
v 2.902890 -0.050000 0.110641
v 2.892162 -0.050000 0.110301
v 2.881177 -0.050000 0.110079
v 2.870000 -0.050000 0.110000
v 2.844875 -0.050000 0.110000
v 2.808500 -0.050000 0.110000
v 2.763125 -0.050000 0.110000
v 2.711000 -0.050000 0.110000
v 2.654375 -0.050000 0.110000
v 2.595500 -0.050000 0.110000
v 2.536625 -0.050000 0.110000
v 2.480000 -0.050000 0.110000
v 2.427875 -0.050000 0.110000
v 2.382500 -0.050000 0.110000
v 2.346125 -0.050000 0.110000
v 2.321000 -0.050000 0.110000
v 2.307304 -0.050000 0.110041
v 2.293760 -0.050000 0.110162
v 2.280438 -0.050000 0.110359
v 2.267408 -0.050000 0.110630
v 2.254739 -0.050000 0.110969
v 2.242500 -0.050000 0.111375
v 2.230762 -0.050000 0.111843
v 2.219593 -0.050000 0.112370
v 2.209063 -0.050000 0.112953
v 2.199241 -0.050000 0.113588
v 2.190197 -0.050000 0.114271
v 2.182000 -0.050000 0.115000
v 2.182000 -0.050000 0.017000
v 2.189967 -0.050000 0.017518
v 2.198823 -0.050000 0.018065
v 2.208499 -0.050000 0.018625
v 2.218925 -0.050000 0.019185
v 2.230032 -0.050000 0.019731
v 2.241750 -0.050000 0.020250
v 2.254009 -0.050000 0.020727
v 2.266741 -0.050000 0.021148
v 2.279875 -0.050000 0.021500
v 2.293343 -0.050000 0.021768
v 2.307074 -0.050000 0.021940
v 2.321000 -0.050000 0.022000
v 1.972876 -0.050000 -0.171793
v 1.959584 -0.050000 -0.151431
v 1.944251 -0.050000 -0.129297
v 1.927001 -0.050000 -0.105778
v 1.907959 -0.050000 -0.081259
v 1.887251 -0.050000 -0.056125
v 1.865000 -0.050000 -0.030762
v 1.841334 -0.050000 -0.005556
v 1.816375 -0.050000 0.019109
v 1.790251 -0.050000 0.042847
v 1.763084 -0.050000 0.065273
v 1.735000 -0.050000 0.086000
v 1.669000 -0.050000 0.033000
v 1.692006 -0.050000 0.018643
v 1.714875 -0.050000 0.002310
v 1.737391 -0.050000 -0.015641
v 1.759334 -0.050000 -0.034852
v 1.780485 -0.050000 -0.054966
v 1.800626 -0.050000 -0.075625
v 1.819537 -0.050000 -0.096472
v 1.837001 -0.050000 -0.117148
v 1.852797 -0.050000 -0.137297
v 1.866709 -0.050000 -0.156560
v 1.878516 -0.050000 -0.174581
v 1.888000 -0.050000 -0.191000
v 1.862977 -0.050000 -0.191000
v 1.824736 -0.050000 -0.191000
v 1.776016 -0.050000 -0.191000
v 1.719556 -0.050000 -0.191000
v 1.658096 -0.050000 -0.191000
v 1.594375 -0.050000 -0.191000
v 1.531133 -0.050000 -0.191000
v 1.471111 -0.050000 -0.191000
v 1.417047 -0.050000 -0.191000
v 1.371680 -0.050000 -0.191000
v 1.337752 -0.050000 -0.191000
v 1.318000 -0.050000 -0.191000
v 1.308729 -0.050000 -0.190958
v 1.299417 -0.050000 -0.190833
v 1.290063 -0.050000 -0.190625
v 1.280667 -0.050000 -0.190333
v 1.271230 -0.050000 -0.189958
v 1.261750 -0.050000 -0.189500
v 1.252229 -0.050000 -0.188958
v 1.242667 -0.050000 -0.188333
v 1.233063 -0.050000 -0.187625
v 1.223417 -0.050000 -0.186833
v 1.213730 -0.050000 -0.185958
v 1.204000 -0.050000 -0.185000
v 1.204000 -0.050000 -0.276000
v 1.212889 -0.050000 -0.274773
v 1.222028 -0.050000 -0.273597
v 1.231376 -0.050000 -0.272484
v 1.240890 -0.050000 -0.271444
v 1.250529 -0.050000 -0.270488
v 1.260251 -0.050000 -0.269625
v 1.270015 -0.050000 -0.268866
v 1.279778 -0.050000 -0.268222
v 1.289500 -0.050000 -0.267703
v 1.299139 -0.050000 -0.267319
v 1.308653 -0.050000 -0.267082
v 1.318000 -0.050000 -0.267000
v 1.338231 -0.050000 -0.267000
v 1.373019 -0.050000 -0.267000
v 1.419500 -0.050000 -0.267000
v 1.474815 -0.050000 -0.267000
v 1.536102 -0.050000 -0.267000
v 1.600500 -0.050000 -0.267000
v 1.665148 -0.050000 -0.267000
v 1.727185 -0.050000 -0.267000
v 1.783750 -0.050000 -0.267000
v 1.831982 -0.050000 -0.267000
v 1.869019 -0.050000 -0.267000
v 1.892000 -0.050000 -0.267000
v 1.897082 -0.050000 -0.267061
v 1.902741 -0.050000 -0.267236
v 1.908844 -0.050000 -0.267516
v 1.915259 -0.050000 -0.267889
v 1.921855 -0.050000 -0.268346
v 1.928500 -0.050000 -0.268875
v 1.935061 -0.050000 -0.269467
v 1.941407 -0.050000 -0.270111
v 1.947406 -0.050000 -0.270797
v 1.952926 -0.050000 -0.271514
v 1.957834 -0.050000 -0.272252
v 1.962000 -0.050000 -0.273000
v 2.011000 -0.050000 -0.226000
v 2.009132 -0.050000 -0.223401
v 2.007056 -0.050000 -0.220625
v 2.004812 -0.050000 -0.217703
v 2.002445 -0.050000 -0.214667
v 1.999993 -0.050000 -0.211547
v 1.997500 -0.050000 -0.208375
v 1.995007 -0.050000 -0.205182
v 1.992556 -0.050000 -0.202000
v 1.990188 -0.050000 -0.198859
v 1.987945 -0.050000 -0.195792
v 1.985869 -0.050000 -0.192828
v 1.984000 -0.050000 -0.190000
v 1.259000 -0.050000 0.427000
v 1.266118 -0.050000 0.424606
v 1.273445 -0.050000 0.421931
v 1.280938 -0.050000 0.418984
v 1.288556 -0.050000 0.415778
v 1.296257 -0.050000 0.412321
v 1.304000 -0.050000 0.408625
v 1.311743 -0.050000 0.404700
v 1.319444 -0.050000 0.400556
v 1.327062 -0.050000 0.396203
v 1.334555 -0.050000 0.391653
v 1.341882 -0.050000 0.386915
v 1.349000 -0.050000 0.382000
v 1.385043 -0.050000 0.357494
v 1.415931 -0.050000 0.331032
v 1.442047 -0.050000 0.302703
v 1.463778 -0.050000 0.272593
v 1.481508 -0.050000 0.240788
v 1.495625 -0.050000 0.207375
v 1.506512 -0.050000 0.172442
v 1.514555 -0.050000 0.136074
v 1.520140 -0.050000 0.098359
v 1.523653 -0.050000 0.059384
v 1.525478 -0.050000 0.019235
v 1.526000 -0.050000 -0.022000
v 1.525979 -0.050000 -0.027962
v 1.525912 -0.050000 -0.033861
v 1.525797 -0.050000 -0.039719
v 1.525629 -0.050000 -0.045556
v 1.525407 -0.050000 -0.051392
v 1.525125 -0.050000 -0.057250
v 1.524781 -0.050000 -0.063149
v 1.524370 -0.050000 -0.069111
v 1.523891 -0.050000 -0.075156
v 1.523338 -0.050000 -0.081306
v 1.522709 -0.050000 -0.087580
v 1.522000 -0.050000 -0.094000
v 1.612000 -0.050000 -0.094000
v 1.611380 -0.050000 -0.028065
v 1.609042 -0.050000 0.034315
v 1.604266 -0.050000 0.093250
v 1.596334 -0.050000 0.148852
v 1.584526 -0.050000 0.201231
v 1.568125 -0.050000 0.250500
v 1.546412 -0.050000 0.296768
v 1.518667 -0.050000 0.340148
v 1.484172 -0.050000 0.380750
v 1.442209 -0.050000 0.418685
v 1.392058 -0.050000 0.454065
v 1.333000 -0.050000 0.487000
v 0.388000 -0.050000 -0.216928
v 0.388000 -0.050000 -0.196759
v 0.388000 -0.050000 -0.170063
v 0.388000 -0.050000 -0.138407
v 0.388000 -0.050000 -0.103364
v 0.388000 -0.050000 -0.066500
v 0.388000 -0.050000 -0.029387
v 0.388000 -0.050000 0.006407
v 0.388000 -0.050000 0.039312
v 0.388000 -0.050000 0.067759
v 0.388000 -0.050000 0.090178
v 0.388000 -0.050000 0.105000
v 0.388041 -0.050000 0.111403
v 0.388158 -0.050000 0.118060
v 0.388344 -0.050000 0.124891
v 0.388593 -0.050000 0.131815
v 0.388897 -0.050000 0.138753
v 0.389250 -0.050000 0.145625
v 0.389645 -0.050000 0.152351
v 0.390074 -0.050000 0.158852
v 0.390531 -0.050000 0.165047
v 0.391009 -0.050000 0.170856
v 0.391501 -0.050000 0.176201
v 0.392000 -0.050000 0.181000
v 0.300000 -0.050000 0.181000
v 0.300519 -0.050000 0.176907
v 0.301065 -0.050000 0.172171
v 0.301625 -0.050000 0.166859
v 0.302186 -0.050000 0.161037
v 0.302732 -0.050000 0.154770
v 0.303251 -0.050000 0.148125
v 0.303727 -0.050000 0.141167
v 0.304148 -0.050000 0.133963
v 0.304500 -0.050000 0.126578
v 0.304769 -0.050000 0.119079
v 0.304940 -0.050000 0.111531
v 0.305000 -0.050000 0.104000
v 0.305000 -0.050000 0.089198
v 0.305000 -0.050000 0.066833
v 0.305000 -0.050000 0.038469
v 0.305000 -0.050000 0.005667
v 0.305000 -0.050000 -0.030010
v 0.305000 -0.050000 -0.067000
v 0.305000 -0.050000 -0.103740
v 0.305000 -0.050000 -0.138667
v 0.305000 -0.050000 -0.170219
v 0.305000 -0.050000 -0.196833
v 0.305000 -0.050000 -0.216948
v 0.305000 -0.050000 -0.229000
v 0.304960 -0.050000 -0.233835
v 0.304843 -0.050000 -0.239264
v 0.304656 -0.050000 -0.245172
v 0.304407 -0.050000 -0.251444
v 0.304103 -0.050000 -0.257967
v 0.303750 -0.050000 -0.264625
v 0.303355 -0.050000 -0.271304
v 0.302926 -0.050000 -0.277889
v 0.302469 -0.050000 -0.284266
v 0.301991 -0.050000 -0.290320
v 0.301499 -0.050000 -0.295936
v 0.301000 -0.050000 -0.301000
v 0.392000 -0.050000 -0.301000
v 0.391501 -0.050000 -0.296050
v 0.391009 -0.050000 -0.290736
v 0.390531 -0.050000 -0.285109
v 0.390074 -0.050000 -0.279222
v 0.389645 -0.050000 -0.273127
v 0.389250 -0.050000 -0.266875
v 0.388897 -0.050000 -0.260519
v 0.388593 -0.050000 -0.254111
v 0.388344 -0.050000 -0.247703
v 0.388158 -0.050000 -0.241347
v 0.388041 -0.050000 -0.235096
v 0.388000 -0.050000 -0.229000
v 0.853000 -0.050000 -0.211135
v 0.853000 -0.050000 -0.198750
v 0.853000 -0.050000 -0.185156
v 0.853000 -0.050000 -0.170667
v 0.853000 -0.050000 -0.155594
v 0.853000 -0.050000 -0.140250
v 0.853000 -0.050000 -0.124948
v 0.853000 -0.050000 -0.110000
v 0.853000 -0.050000 -0.095719
v 0.853000 -0.050000 -0.082417
v 0.853000 -0.050000 -0.070406
v 0.853000 -0.050000 -0.060000
v 0.852309 -0.050000 -0.003257
v 0.850222 -0.050000 0.047361
v 0.846719 -0.050000 0.092437
v 0.841778 -0.050000 0.132556
v 0.835379 -0.050000 0.168299
v 0.827501 -0.050000 0.200250
v 0.818122 -0.050000 0.228993
v 0.807223 -0.050000 0.255111
v 0.794781 -0.050000 0.279188
v 0.780778 -0.050000 0.301806
v 0.765191 -0.050000 0.323549
v 0.748000 -0.050000 0.345000
v 0.731057 -0.050000 0.363781
v 0.712871 -0.050000 0.381162
v 0.693657 -0.050000 0.397203
v 0.673630 -0.050000 0.411963
v 0.653006 -0.050000 0.425501
v 0.632001 -0.050000 0.437875
v 0.610828 -0.050000 0.449145
v 0.589704 -0.050000 0.459370
v 0.568844 -0.050000 0.468609
v 0.548463 -0.050000 0.476921
v 0.528777 -0.050000 0.484365
v 0.510000 -0.050000 0.491000
v 0.445000 -0.050000 0.422000
v 0.467845 -0.050000 0.415888
v 0.490343 -0.050000 0.409023
v 0.512438 -0.050000 0.401359
v 0.534074 -0.050000 0.392852
v 0.555197 -0.050000 0.383455
v 0.575750 -0.050000 0.373125
v 0.595679 -0.050000 0.361815
v 0.614926 -0.050000 0.349481
v 0.633438 -0.050000 0.336078
v 0.651158 -0.050000 0.321560
v 0.668031 -0.050000 0.305883
v 0.684000 -0.050000 0.289000
v 0.700548 -0.050000 0.268228
v 0.714801 -0.050000 0.247157
v 0.726922 -0.050000 0.225406
v 0.737075 -0.050000 0.202593
v 0.745421 -0.050000 0.178334
v 0.752126 -0.050000 0.152250
v 0.757351 -0.050000 0.123957
v 0.761260 -0.050000 0.093074
v 0.764016 -0.050000 0.059219
v 0.765783 -0.050000 0.022009
v 0.766723 -0.050000 -0.018936
v 0.767000 -0.050000 -0.064000
v 0.767000 -0.050000 -0.074423
v 0.767000 -0.050000 -0.086468
v 0.767000 -0.050000 -0.099797
v 0.767000 -0.050000 -0.114074
v 0.767000 -0.050000 -0.128962
v 0.767000 -0.050000 -0.144125
v 0.767000 -0.050000 -0.159225
v 0.767000 -0.050000 -0.173926
v 0.767000 -0.050000 -0.187891
v 0.767000 -0.050000 -0.200782
v 0.767000 -0.050000 -0.212265
v 0.767000 -0.050000 -0.222000
v 0.766959 -0.050000 -0.230377
v 0.766838 -0.050000 -0.238514
v 0.766641 -0.050000 -0.246422
v 0.766371 -0.050000 -0.254111
v 0.766031 -0.050000 -0.261592
v 0.765625 -0.050000 -0.268875
v 0.765157 -0.050000 -0.275971
v 0.764630 -0.050000 -0.282889
v 0.764047 -0.050000 -0.289641
v 0.763412 -0.050000 -0.296236
v 0.762729 -0.050000 -0.302686
v 0.762000 -0.050000 -0.309000
v 0.856000 -0.050000 -0.309000
v 0.855521 -0.050000 -0.302686
v 0.855084 -0.050000 -0.296236
v 0.854688 -0.050000 -0.289641
v 0.854334 -0.050000 -0.282889
v 0.854021 -0.050000 -0.275971
v 0.853750 -0.050000 -0.268875
v 0.853521 -0.050000 -0.261592
v 0.853334 -0.050000 -0.254111
v 0.853188 -0.050000 -0.246422
v 0.853084 -0.050000 -0.238514
v 0.853021 -0.050000 -0.230377
v 0.853000 -0.050000 -0.222000
v -0.452000 -0.050000 -0.206000
v -0.180000 -0.050000 -0.206000
v -0.173355 -0.050000 -0.206063
v -0.166921 -0.050000 -0.206255
v -0.160703 -0.050000 -0.206578
v -0.154704 -0.050000 -0.207037
v -0.148926 -0.050000 -0.207635
v -0.143375 -0.050000 -0.208375
v -0.138052 -0.050000 -0.209261
v -0.132963 -0.050000 -0.210296
v -0.128109 -0.050000 -0.211484
v -0.123495 -0.050000 -0.212829
v -0.119124 -0.050000 -0.214333
v -0.115000 -0.050000 -0.216000
v -0.048000 -0.050000 -0.175000
v -0.050037 -0.050000 -0.171322
v -0.052134 -0.050000 -0.167324
v -0.054265 -0.050000 -0.163063
v -0.056407 -0.050000 -0.158593
v -0.058535 -0.050000 -0.153970
v -0.060624 -0.050000 -0.149250
v -0.062652 -0.050000 -0.144488
v -0.064592 -0.050000 -0.139741
v -0.066422 -0.050000 -0.135063
v -0.068115 -0.050000 -0.130509
v -0.069650 -0.050000 -0.126137
v -0.071000 -0.050000 -0.122000
v -0.078474 -0.050000 -0.096077
v -0.087379 -0.050000 -0.068949
v -0.097687 -0.050000 -0.040828
v -0.109370 -0.050000 -0.011926
v -0.122400 -0.050000 0.017546
v -0.136750 -0.050000 0.047375
v -0.152391 -0.050000 0.077350
v -0.169296 -0.050000 0.107259
v -0.187437 -0.050000 0.136891
v -0.206787 -0.050000 0.166032
v -0.227317 -0.050000 0.194473
v -0.249000 -0.050000 0.222000
v -0.272357 -0.050000 0.249352
v -0.297023 -0.050000 0.275898
v -0.323141 -0.050000 0.301625
v -0.350852 -0.050000 0.326518
v -0.380299 -0.050000 0.350565
v -0.411625 -0.050000 0.373750
v -0.444972 -0.050000 0.396060
v -0.480481 -0.050000 0.417481
v -0.518297 -0.050000 0.438000
v -0.558560 -0.050000 0.457602
v -0.601414 -0.050000 0.476273
v -0.647000 -0.050000 0.494000
v -0.719000 -0.050000 0.429000
v -0.674444 -0.050000 0.414742
v -0.632222 -0.050000 0.399019
v -0.592250 -0.050000 0.381906
v -0.554444 -0.050000 0.363481
v -0.518722 -0.050000 0.343821
v -0.485000 -0.050000 0.323000
v -0.453194 -0.050000 0.301096
v -0.423222 -0.050000 0.278185
v -0.395000 -0.050000 0.254344
v -0.368444 -0.050000 0.229648
v -0.343472 -0.050000 0.204175
v -0.320000 -0.050000 0.178000
v -0.300867 -0.050000 0.154273
v -0.282523 -0.050000 0.129264
v -0.265047 -0.050000 0.103234
v -0.248518 -0.050000 0.076444
v -0.233018 -0.050000 0.049154
v -0.218625 -0.050000 0.021625
v -0.205419 -0.050000 -0.005884
v -0.193481 -0.050000 -0.033111
v -0.182890 -0.050000 -0.059797
v -0.173727 -0.050000 -0.085681
v -0.166070 -0.050000 -0.110502
v -0.160000 -0.050000 -0.134000
v -0.499000 -0.050000 -0.134000
v -0.514501 -0.050000 -0.112908
v -0.531005 -0.050000 -0.091681
v -0.548516 -0.050000 -0.070391
v -0.567037 -0.050000 -0.049111
v -0.586572 -0.050000 -0.027915
v -0.607125 -0.050000 -0.006875
v -0.628698 -0.050000 0.013936
v -0.651296 -0.050000 0.034444
v -0.674922 -0.050000 0.054578
v -0.699579 -0.050000 0.074264
v -0.725270 -0.050000 0.093429
v -0.752000 -0.050000 0.112000
v -0.821000 -0.050000 0.060000
v -0.779511 -0.050000 0.033431
v -0.741005 -0.050000 0.005449
v -0.705422 -0.050000 -0.023609
v -0.672704 -0.050000 -0.053407
v -0.642791 -0.050000 -0.083608
v -0.615625 -0.050000 -0.113875
v -0.591146 -0.050000 -0.143871
v -0.569296 -0.050000 -0.173259
v -0.550016 -0.050000 -0.201703
v -0.533245 -0.050000 -0.228866
v -0.518926 -0.050000 -0.254410
v -0.507000 -0.050000 -0.278000
v -0.504404 -0.050000 -0.282629
v -0.501648 -0.050000 -0.287949
v -0.498781 -0.050000 -0.293859
v -0.495852 -0.050000 -0.300259
v -0.492908 -0.050000 -0.307048
v -0.490000 -0.050000 -0.314125
v -0.487175 -0.050000 -0.321389
v -0.484481 -0.050000 -0.328741
v -0.481969 -0.050000 -0.336078
v -0.479685 -0.050000 -0.343301
v -0.477679 -0.050000 -0.350308
v -0.476000 -0.050000 -0.357000
v -0.383000 -0.050000 -0.327000
v -0.387265 -0.050000 -0.320347
v -0.391541 -0.050000 -0.313440
v -0.395797 -0.050000 -0.306359
v -0.400000 -0.050000 -0.299185
v -0.404119 -0.050000 -0.291997
v -0.408125 -0.050000 -0.284875
v -0.411984 -0.050000 -0.277899
v -0.415666 -0.050000 -0.271148
v -0.419140 -0.050000 -0.264703
v -0.422375 -0.050000 -0.258644
v -0.425338 -0.050000 -0.253049
v -0.428000 -0.050000 -0.248000
v -1.688111 -0.050000 0.297942
v -1.671722 -0.050000 0.253704
v -1.654250 -0.050000 0.204688
v -1.636111 -0.050000 0.152296
v -1.617722 -0.050000 0.097933
v -1.599500 -0.050000 0.043000
v -1.581861 -0.050000 -0.011100
v -1.565222 -0.050000 -0.062963
v -1.550000 -0.050000 -0.111188
v -1.536611 -0.050000 -0.154370
v -1.525472 -0.050000 -0.191109
v -1.517000 -0.050000 -0.220000
v -1.514163 -0.050000 -0.231056
v -1.511634 -0.050000 -0.241278
v -1.509391 -0.050000 -0.250750
v -1.507407 -0.050000 -0.259556
v -1.505660 -0.050000 -0.267778
v -1.504125 -0.050000 -0.275500
v -1.502777 -0.050000 -0.282806
v -1.501592 -0.050000 -0.289778
v -1.500547 -0.050000 -0.296500
v -1.499616 -0.050000 -0.303056
v -1.498775 -0.050000 -0.309528
v -1.498000 -0.050000 -0.316000
v -1.398000 -0.050000 -0.296000
v -1.400521 -0.050000 -0.289721
v -1.403088 -0.050000 -0.283347
v -1.405703 -0.050000 -0.276828
v -1.408370 -0.050000 -0.270111
v -1.411093 -0.050000 -0.263144
v -1.413875 -0.050000 -0.255875
v -1.416719 -0.050000 -0.248252
v -1.419630 -0.050000 -0.240222
v -1.422609 -0.050000 -0.231734
v -1.425662 -0.050000 -0.222736
v -1.428791 -0.050000 -0.213175
v -1.432000 -0.050000 -0.203000
v -1.440639 -0.050000 -0.175288
v -1.451782 -0.050000 -0.140056
v -1.465015 -0.050000 -0.098656
v -1.479926 -0.050000 -0.052444
v -1.496100 -0.050000 -0.002774
v -1.513125 -0.050000 0.049000
v -1.530587 -0.050000 0.101524
v -1.548074 -0.050000 0.153444
v -1.565172 -0.050000 0.203406
v -1.581467 -0.050000 0.250056
v -1.596548 -0.050000 0.292038
v -1.610000 -0.050000 0.328000
v -1.572386 -0.050000 0.324362
v -1.533338 -0.050000 0.320477
v -1.493297 -0.050000 0.316391
v -1.452704 -0.050000 0.312148
v -1.411999 -0.050000 0.307795
v -1.371625 -0.050000 0.303375
v -1.332021 -0.050000 0.298935
v -1.293629 -0.050000 0.294519
v -1.256890 -0.050000 0.290172
v -1.222245 -0.050000 0.285940
v -1.190135 -0.050000 0.281867
v -1.161000 -0.050000 0.278000
v -1.171096 -0.050000 0.258288
v -1.181356 -0.050000 0.238718
v -1.191734 -0.050000 0.219391
v -1.202185 -0.050000 0.200407
v -1.212663 -0.050000 0.181869
v -1.223125 -0.050000 0.163875
v -1.233523 -0.050000 0.146527
v -1.243814 -0.050000 0.129926
v -1.253953 -0.050000 0.114172
v -1.263893 -0.050000 0.099366
v -1.273591 -0.050000 0.085608
v -1.283000 -0.050000 0.073000
v -1.208000 -0.050000 0.039000
v -1.189519 -0.050000 0.066678
v -1.169820 -0.050000 0.097759
v -1.149266 -0.050000 0.131562
v -1.128222 -0.050000 0.167407
v -1.107054 -0.050000 0.204613
v -1.086125 -0.050000 0.242500
v -1.065800 -0.050000 0.280387
v -1.046444 -0.050000 0.317593
v -1.028422 -0.050000 0.353437
v -1.012097 -0.050000 0.387241
v -0.997835 -0.050000 0.418322
v -0.986000 -0.050000 0.446000
v -1.070000 -0.050000 0.484000
v -1.073374 -0.050000 0.474796
v -1.076990 -0.050000 0.465199
v -1.080843 -0.050000 0.455234
v -1.084926 -0.050000 0.444926
v -1.089230 -0.050000 0.434298
v -1.093750 -0.050000 0.423375
v -1.098478 -0.050000 0.412181
v -1.103407 -0.050000 0.400741
v -1.108531 -0.050000 0.389078
v -1.113842 -0.050000 0.377218
v -1.119334 -0.050000 0.365183
v -1.125000 -0.050000 0.353000
v -1.167049 -0.050000 0.358330
v -1.215314 -0.050000 0.364222
v -1.268468 -0.050000 0.370531
v -1.325185 -0.050000 0.377111
v -1.384137 -0.050000 0.383816
v -1.444000 -0.050000 0.390500
v -1.503445 -0.050000 0.397017
v -1.561148 -0.050000 0.403222
v -1.615781 -0.050000 0.408969
v -1.666018 -0.050000 0.414111
v -1.710533 -0.050000 0.418503
v -1.748000 -0.050000 0.422000
v -1.754331 -0.050000 0.422560
v -1.760815 -0.050000 0.423231
v -1.767437 -0.050000 0.424000
v -1.774185 -0.050000 0.424852
v -1.781044 -0.050000 0.425773
v -1.788000 -0.050000 0.426750
v -1.795039 -0.050000 0.427768
v -1.802148 -0.050000 0.428815
v -1.809312 -0.050000 0.429875
v -1.816518 -0.050000 0.430935
v -1.823752 -0.050000 0.431981
v -1.831000 -0.050000 0.433000
v -1.846000 -0.050000 0.340000
v -1.838422 -0.050000 0.340209
v -1.830708 -0.050000 0.340343
v -1.822891 -0.050000 0.340406
v -1.815000 -0.050000 0.340407
v -1.807068 -0.050000 0.340353
v -1.799125 -0.050000 0.340250
v -1.791203 -0.050000 0.340105
v -1.783333 -0.050000 0.339926
v -1.775547 -0.050000 0.339719
v -1.767875 -0.050000 0.339491
v -1.760349 -0.050000 0.339249
v -1.753000 -0.050000 0.339000
v -1.703000 -0.050000 0.336000
v -2.654086 -0.050000 0.022000
v -2.617852 -0.050000 0.022000
v -2.572562 -0.050000 0.022000
v -2.520481 -0.050000 0.022000
v -2.463872 -0.050000 0.022000
v -2.405000 -0.050000 0.022000
v -2.346127 -0.050000 0.022000
v -2.289518 -0.050000 0.022000
v -2.237437 -0.050000 0.022000
v -2.192148 -0.050000 0.022000
v -2.155914 -0.050000 0.022000
v -2.131000 -0.050000 0.022000
v -2.118792 -0.050000 0.021940
v -2.107167 -0.050000 0.021769
v -2.096125 -0.050000 0.021500
v -2.085667 -0.050000 0.021148
v -2.075791 -0.050000 0.020727
v -2.066500 -0.050000 0.020250
v -2.057791 -0.050000 0.019731
v -2.049666 -0.050000 0.019185
v -2.042125 -0.050000 0.018625
v -2.035167 -0.050000 0.018065
v -2.028791 -0.050000 0.017518
v -2.023000 -0.050000 0.017000
v -2.023000 -0.050000 0.115000
v -2.028447 -0.050000 0.114691
v -2.034745 -0.050000 0.114282
v -2.041828 -0.050000 0.113797
v -2.049630 -0.050000 0.113259
v -2.058084 -0.050000 0.112694
v -2.067125 -0.050000 0.112125
v -2.076687 -0.050000 0.111577
v -2.086704 -0.050000 0.111074
v -2.097109 -0.050000 0.110641
v -2.107838 -0.050000 0.110301
v -2.118824 -0.050000 0.110079
v -2.130000 -0.050000 0.110000
v -2.155125 -0.050000 0.110000
v -2.191500 -0.050000 0.110000
v -2.236875 -0.050000 0.110000
v -2.289000 -0.050000 0.110000
v -2.345625 -0.050000 0.110000
v -2.404500 -0.050000 0.110000
v -2.463375 -0.050000 0.110000
v -2.520000 -0.050000 0.110000
v -2.572125 -0.050000 0.110000
v -2.617500 -0.050000 0.110000
v -2.653875 -0.050000 0.110000
v -2.679000 -0.050000 0.110000
v -2.692697 -0.050000 0.110041
v -2.706241 -0.050000 0.110162
v -2.719563 -0.050000 0.110359
v -2.732593 -0.050000 0.110630
v -2.745262 -0.050000 0.110969
v -2.757500 -0.050000 0.111375
v -2.769238 -0.050000 0.111843
v -2.780407 -0.050000 0.112370
v -2.790937 -0.050000 0.112953
v -2.800759 -0.050000 0.113588
v -2.809803 -0.050000 0.114271
v -2.818000 -0.050000 0.115000
v -2.818000 -0.050000 0.017000
v -2.810032 -0.050000 0.017518
v -2.801176 -0.050000 0.018065
v -2.791500 -0.050000 0.018625
v -2.781074 -0.050000 0.019185
v -2.769967 -0.050000 0.019731
v -2.758250 -0.050000 0.020250
v -2.745990 -0.050000 0.020727
v -2.733259 -0.050000 0.021148
v -2.720125 -0.050000 0.021500
v -2.706657 -0.050000 0.021768
v -2.692926 -0.050000 0.021940
v -2.679000 -0.050000 0.022000
v -3.132000 -0.050000 -0.179000
v -3.137279 -0.050000 -0.189392
v -3.143069 -0.050000 -0.200472
v -3.149297 -0.050000 -0.212094
v -3.155889 -0.050000 -0.224111
v -3.162772 -0.050000 -0.236378
v -3.169875 -0.050000 -0.248750
v -3.177123 -0.050000 -0.261080
v -3.184444 -0.050000 -0.273222
v -3.191765 -0.050000 -0.285031
v -3.199014 -0.050000 -0.296361
v -3.206116 -0.050000 -0.307066
v -3.213000 -0.050000 -0.317000
v -3.160000 -0.050000 -0.340000
v -3.153517 -0.050000 -0.330506
v -3.146634 -0.050000 -0.320130
v -3.139453 -0.050000 -0.309031
v -3.132074 -0.050000 -0.297370
v -3.124598 -0.050000 -0.285307
v -3.117125 -0.050000 -0.273000
v -3.109756 -0.050000 -0.260610
v -3.102592 -0.050000 -0.248296
v -3.095734 -0.050000 -0.236219
v -3.089282 -0.050000 -0.224537
v -3.083337 -0.050000 -0.213411
v -3.078000 -0.050000 -0.203000
v -3.020000 -0.050000 -0.220000
v -3.025701 -0.050000 -0.231022
v -3.031773 -0.050000 -0.242509
v -3.038172 -0.050000 -0.254344
v -3.044852 -0.050000 -0.266407
v -3.051768 -0.050000 -0.278582
v -3.058875 -0.050000 -0.290750
v -3.066128 -0.050000 -0.302793
v -3.073481 -0.050000 -0.314593
v -3.080890 -0.050000 -0.326031
v -3.088310 -0.050000 -0.336991
v -3.095695 -0.050000 -0.347353
v -3.103000 -0.050000 -0.357000
v -3.050000 -0.050000 -0.380000
v -3.043248 -0.050000 -0.370258
v -3.036069 -0.050000 -0.359648
v -3.028578 -0.050000 -0.348344
v -3.020889 -0.050000 -0.336519
v -3.013116 -0.050000 -0.324346
v -3.005375 -0.050000 -0.312000
v -2.997779 -0.050000 -0.299654
v -2.990444 -0.050000 -0.287482
v -2.983484 -0.050000 -0.275656
v -2.977014 -0.050000 -0.264352
v -2.971147 -0.050000 -0.253742
v -2.966000 -0.050000 -0.244000
v -3.550543 -0.050000 -0.225608
v -3.553176 -0.050000 -0.217949
v -3.555906 -0.050000 -0.210047
v -3.558741 -0.050000 -0.201926
v -3.561686 -0.050000 -0.193611
v -3.564750 -0.050000 -0.185125
v -3.567939 -0.050000 -0.176494
v -3.571259 -0.050000 -0.167741
v -3.574718 -0.050000 -0.158891
v -3.578324 -0.050000 -0.149968
v -3.582082 -0.050000 -0.140996
v -3.586000 -0.050000 -0.132000
v -3.113000 -0.050000 -0.132000
v -3.106682 -0.050000 -0.132022
v -3.099792 -0.050000 -0.132093
v -3.092422 -0.050000 -0.132219
v -3.084666 -0.050000 -0.132407
v -3.076620 -0.050000 -0.132666
v -3.068375 -0.050000 -0.133000
v -3.060026 -0.050000 -0.133418
v -3.051666 -0.050000 -0.133926
v -3.043390 -0.050000 -0.134531
v -3.035291 -0.050000 -0.135241
v -3.027463 -0.050000 -0.136061
v -3.020000 -0.050000 -0.137000
v -3.020000 -0.050000 -0.051000
v -3.027903 -0.050000 -0.051479
v -3.036055 -0.050000 -0.051917
v -3.044375 -0.050000 -0.052312
v -3.052778 -0.050000 -0.052667
v -3.061180 -0.050000 -0.052979
v -3.069500 -0.050000 -0.053250
v -3.077652 -0.050000 -0.053479
v -3.085555 -0.050000 -0.053667
v -3.093125 -0.050000 -0.053812
v -3.100278 -0.050000 -0.053917
v -3.106930 -0.050000 -0.053979
v -3.113000 -0.050000 -0.054000
v -3.283000 -0.050000 -0.054000
v -3.288979 -0.050000 0.015057
v -3.298833 -0.050000 0.079370
v -3.312437 -0.050000 0.139156
v -3.329666 -0.050000 0.194630
v -3.350396 -0.050000 0.246006
v -3.374500 -0.050000 0.293500
v -3.401854 -0.050000 0.337328
v -3.432333 -0.050000 0.377704
v -3.465812 -0.050000 0.414844
v -3.502167 -0.050000 0.448963
v -3.541271 -0.050000 0.480277
v -3.583000 -0.050000 0.509000
v -3.668000 -0.050000 0.451000
v -3.660734 -0.050000 0.448128
v -3.653458 -0.050000 0.445023
v -3.646203 -0.050000 0.441703
v -3.639000 -0.050000 0.438185
v -3.631880 -0.050000 0.434487
v -3.624875 -0.050000 0.430625
v -3.618016 -0.050000 0.426617
v -3.611333 -0.050000 0.422481
v -3.604859 -0.050000 0.418234
v -3.598625 -0.050000 0.413893
v -3.592661 -0.050000 0.409476
v -3.587000 -0.050000 0.405000
v -3.562351 -0.050000 0.385274
v -3.537643 -0.050000 0.362944
v -3.513234 -0.050000 0.337781
v -3.489481 -0.050000 0.309556
v -3.466742 -0.050000 0.278038
v -3.445375 -0.050000 0.243000
v -3.425736 -0.050000 0.204212
v -3.408185 -0.050000 0.161444
v -3.393078 -0.050000 0.114469
v -3.380773 -0.050000 0.063056
v -3.371628 -0.050000 0.006976
v -3.366000 -0.050000 -0.054000
v -3.623000 -0.050000 -0.054000
v -3.633561 -0.050000 -0.034951
v -3.645157 -0.050000 -0.015440
v -3.657656 -0.050000 0.004328
v -3.670926 -0.050000 0.024148
v -3.684834 -0.050000 0.043815
v -3.699250 -0.050000 0.063125
v -3.714040 -0.050000 0.081872
v -3.729074 -0.050000 0.099852
v -3.744219 -0.050000 0.116859
v -3.759342 -0.050000 0.132690
v -3.774313 -0.050000 0.147138
v -3.789000 -0.050000 0.160000
v -3.868000 -0.050000 0.113000
v -3.850041 -0.050000 0.099011
v -3.832245 -0.050000 0.083255
v -3.814734 -0.050000 0.066047
v -3.797629 -0.050000 0.047704
v -3.781053 -0.050000 0.028541
v -3.765125 -0.050000 0.008875
v -3.749968 -0.050000 -0.010979
v -3.735703 -0.050000 -0.030704
v -3.722453 -0.050000 -0.049984
v -3.710338 -0.050000 -0.068505
v -3.699480 -0.050000 -0.085949
v -3.690000 -0.050000 -0.102000
v -3.683436 -0.050000 -0.114513
v -3.677241 -0.050000 -0.127023
v -3.671406 -0.050000 -0.139484
v -3.665926 -0.050000 -0.151852
v -3.660793 -0.050000 -0.164081
v -3.656000 -0.050000 -0.176125
v -3.651540 -0.050000 -0.187940
v -3.647407 -0.050000 -0.199482
v -3.643594 -0.050000 -0.210703
v -3.640092 -0.050000 -0.221560
v -3.636897 -0.050000 -0.232008
v -3.634000 -0.050000 -0.242000
v -3.632062 -0.050000 -0.248540
v -3.630250 -0.050000 -0.255148
v -3.628562 -0.050000 -0.261813
v -3.627000 -0.050000 -0.268519
v -3.625562 -0.050000 -0.275252
v -3.624250 -0.050000 -0.282000
v -3.623062 -0.050000 -0.288748
v -3.622000 -0.050000 -0.295482
v -3.621062 -0.050000 -0.302188
v -3.620250 -0.050000 -0.308852
v -3.619562 -0.050000 -0.315461
v -3.619000 -0.050000 -0.322000
v -3.522000 -0.050000 -0.303000
v -3.524268 -0.050000 -0.297173
v -3.526565 -0.050000 -0.291218
v -3.528875 -0.050000 -0.285172
v -3.531185 -0.050000 -0.279074
v -3.533481 -0.050000 -0.272962
v -3.535750 -0.050000 -0.266875
v -3.537977 -0.050000 -0.260850
v -3.540148 -0.050000 -0.254926
v -3.542250 -0.050000 -0.249141
v -3.544268 -0.050000 -0.243532
v -3.546190 -0.050000 -0.238140
v -3.548000 -0.050000 -0.233000
v -3.132000 -0.050000 -0.179000
v -3.132000 0.050000 -0.179000
v -3.137279 -0.050000 -0.189392
v -3.137279 0.050000 -0.189392
v -3.143069 -0.050000 -0.200472
v -3.143069 0.050000 -0.200472
v -3.149297 -0.050000 -0.212094
v -3.149297 0.050000 -0.212094
v -3.155889 -0.050000 -0.224111
v -3.155889 0.050000 -0.224111
v -3.162772 -0.050000 -0.236378
v -3.162772 0.050000 -0.236378
v -3.169875 -0.050000 -0.248750
v -3.169875 0.050000 -0.248750
v -3.177123 -0.050000 -0.261080
v -3.177123 0.050000 -0.261080
v -3.184444 -0.050000 -0.273222
v -3.184444 0.050000 -0.273222
v -3.191765 -0.050000 -0.285031
v -3.191765 0.050000 -0.285031
v -3.199014 -0.050000 -0.296361
v -3.199014 0.050000 -0.296361
v -3.206116 -0.050000 -0.307066
v -3.206116 0.050000 -0.307066
v -3.213000 -0.050000 -0.317000
v -3.213000 0.050000 -0.317000
v -3.160000 -0.050000 -0.340000
v -3.160000 0.050000 -0.340000
v -3.153517 -0.050000 -0.330506
v -3.153517 0.050000 -0.330506
v -3.146634 -0.050000 -0.320130
v -3.146634 0.050000 -0.320130
v -3.139453 -0.050000 -0.309031
v -3.139453 0.050000 -0.309031
v -3.132074 -0.050000 -0.297370
v -3.132074 0.050000 -0.297370
v -3.124598 -0.050000 -0.285307
v -3.124598 0.050000 -0.285307
v -3.117125 -0.050000 -0.273000
v -3.117125 0.050000 -0.273000
v -3.109756 -0.050000 -0.260610
v -3.109756 0.050000 -0.260610
v -3.102592 -0.050000 -0.248296
v -3.102592 0.050000 -0.248296
v -3.095734 -0.050000 -0.236219
v -3.095734 0.050000 -0.236219
v -3.089282 -0.050000 -0.224537
v -3.089282 0.050000 -0.224537
v -3.083337 -0.050000 -0.213411
v -3.083337 0.050000 -0.213411
v -3.078000 -0.050000 -0.203000
v -3.078000 0.050000 -0.203000
v -3.020000 -0.050000 -0.220000
v -3.020000 0.050000 -0.220000
v -3.025701 -0.050000 -0.231022
v -3.025701 0.050000 -0.231022
v -3.031773 -0.050000 -0.242509
v -3.031773 0.050000 -0.242509
v -3.038172 -0.050000 -0.254344
v -3.038172 0.050000 -0.254344
v -3.044852 -0.050000 -0.266407
v -3.044852 0.050000 -0.266407
v -3.051768 -0.050000 -0.278582
v -3.051768 0.050000 -0.278582
v -3.058875 -0.050000 -0.290750
v -3.058875 0.050000 -0.290750
v -3.066128 -0.050000 -0.302793
v -3.066128 0.050000 -0.302793
v -3.073481 -0.050000 -0.314593
v -3.073481 0.050000 -0.314593
v -3.080890 -0.050000 -0.326031
v -3.080890 0.050000 -0.326031
v -3.088310 -0.050000 -0.336991
v -3.088310 0.050000 -0.336991
v -3.095695 -0.050000 -0.347353
v -3.095695 0.050000 -0.347353
v -3.103000 -0.050000 -0.357000
v -3.103000 0.050000 -0.357000
v -3.050000 -0.050000 -0.380000
v -3.050000 0.050000 -0.380000
v -3.043248 -0.050000 -0.370258
v -3.043248 0.050000 -0.370258
v -3.036069 -0.050000 -0.359648
v -3.036069 0.050000 -0.359648
v -3.028578 -0.050000 -0.348344
v -3.028578 0.050000 -0.348344
v -3.020889 -0.050000 -0.336519
v -3.020889 0.050000 -0.336519
v -3.013116 -0.050000 -0.324346
v -3.013116 0.050000 -0.324346
v -3.005375 -0.050000 -0.312000
v -3.005375 0.050000 -0.312000
v -2.997779 -0.050000 -0.299654
v -2.997779 0.050000 -0.299654
v -2.990444 -0.050000 -0.287482
v -2.990444 0.050000 -0.287482
v -2.983484 -0.050000 -0.275656
v -2.983484 0.050000 -0.275656
v -2.977014 -0.050000 -0.264352
v -2.977014 0.050000 -0.264352
v -2.971147 -0.050000 -0.253742
v -2.971147 0.050000 -0.253742
v -2.966000 -0.050000 -0.244000
v -2.966000 0.050000 -0.244000
v -3.550543 -0.050000 -0.225608
v -3.550543 0.050000 -0.225608
v -3.553176 -0.050000 -0.217949
v -3.553176 0.050000 -0.217949
v -3.555906 -0.050000 -0.210047
v -3.555906 0.050000 -0.210047
v -3.558741 -0.050000 -0.201926
v -3.558741 0.050000 -0.201926
v -3.561686 -0.050000 -0.193611
v -3.561686 0.050000 -0.193611
v -3.564750 -0.050000 -0.185125
v -3.564750 0.050000 -0.185125
v -3.567939 -0.050000 -0.176494
v -3.567939 0.050000 -0.176494
v -3.571259 -0.050000 -0.167741
v -3.571259 0.050000 -0.167741
v -3.574718 -0.050000 -0.158891
v -3.574718 0.050000 -0.158891
v -3.578324 -0.050000 -0.149968
v -3.578324 0.050000 -0.149968
v -3.582082 -0.050000 -0.140996
v -3.582082 0.050000 -0.140996
v -3.586000 -0.050000 -0.132000
v -3.586000 0.050000 -0.132000
v -3.113000 -0.050000 -0.132000
v -3.113000 0.050000 -0.132000
v -3.106682 -0.050000 -0.132022
v -3.106682 0.050000 -0.132022
v -3.099792 -0.050000 -0.132093
v -3.099792 0.050000 -0.132093
v -3.092422 -0.050000 -0.132219
v -3.092422 0.050000 -0.132219
v -3.084666 -0.050000 -0.132407
v -3.084666 0.050000 -0.132407
v -3.076620 -0.050000 -0.132666
v -3.076620 0.050000 -0.132666
v -3.068375 -0.050000 -0.133000
v -3.068375 0.050000 -0.133000
v -3.060026 -0.050000 -0.133418
v -3.060026 0.050000 -0.133418
v -3.051666 -0.050000 -0.133926
v -3.051666 0.050000 -0.133926
v -3.043390 -0.050000 -0.134531
v -3.043390 0.050000 -0.134531
v -3.035291 -0.050000 -0.135241
v -3.035291 0.050000 -0.135241
v -3.027463 -0.050000 -0.136061
v -3.027463 0.050000 -0.136061
v -3.020000 -0.050000 -0.137000
v -3.020000 0.050000 -0.137000
v -3.020000 -0.050000 -0.051000
v -3.020000 0.050000 -0.051000
v -3.027903 -0.050000 -0.051479
v -3.027903 0.050000 -0.051479
v -3.036055 -0.050000 -0.051917
v -3.036055 0.050000 -0.051917
v -3.044375 -0.050000 -0.052312
v -3.044375 0.050000 -0.052312
v -3.052778 -0.050000 -0.052667
v -3.052778 0.050000 -0.052667
v -3.061180 -0.050000 -0.052979
v -3.061180 0.050000 -0.052979
v -3.069500 -0.050000 -0.053250
v -3.069500 0.050000 -0.053250
v -3.077652 -0.050000 -0.053479
v -3.077652 0.050000 -0.053479
v -3.085555 -0.050000 -0.053667
v -3.085555 0.050000 -0.053667
v -3.093125 -0.050000 -0.053812
v -3.093125 0.050000 -0.053812
v -3.100278 -0.050000 -0.053917
v -3.100278 0.050000 -0.053917
v -3.106930 -0.050000 -0.053979
v -3.106930 0.050000 -0.053979
v -3.113000 -0.050000 -0.054000
v -3.113000 0.050000 -0.054000
v -3.283000 -0.050000 -0.054000
v -3.283000 0.050000 -0.054000
v -3.288979 -0.050000 0.015057
v -3.288979 0.050000 0.015057
v -3.298833 -0.050000 0.079370
v -3.298833 0.050000 0.079370
v -3.312437 -0.050000 0.139156
v -3.312437 0.050000 0.139156
v -3.329666 -0.050000 0.194630
v -3.329666 0.050000 0.194630
v -3.350396 -0.050000 0.246006
v -3.350396 0.050000 0.246006
v -3.374500 -0.050000 0.293500
v -3.374500 0.050000 0.293500
v -3.401854 -0.050000 0.337328
v -3.401854 0.050000 0.337328
v -3.432333 -0.050000 0.377704
v -3.432333 0.050000 0.377704
v -3.465812 -0.050000 0.414844
v -3.465812 0.050000 0.414844
v -3.502167 -0.050000 0.448963
v -3.502167 0.050000 0.448963
v -3.541271 -0.050000 0.480277
v -3.541271 0.050000 0.480277
v -3.583000 -0.050000 0.509000
v -3.583000 0.050000 0.509000
v -3.668000 -0.050000 0.451000
v -3.668000 0.050000 0.451000
v -3.660734 -0.050000 0.448128
v -3.660734 0.050000 0.448128
v -3.653458 -0.050000 0.445023
v -3.653458 0.050000 0.445023
v -3.646203 -0.050000 0.441703
v -3.646203 0.050000 0.441703
v -3.639000 -0.050000 0.438185
v -3.639000 0.050000 0.438185
v -3.631880 -0.050000 0.434487
v -3.631880 0.050000 0.434487
v -3.624875 -0.050000 0.430625
v -3.624875 0.050000 0.430625
v -3.618016 -0.050000 0.426617
v -3.618016 0.050000 0.426617
v -3.611333 -0.050000 0.422481
v -3.611333 0.050000 0.422481
v -3.604859 -0.050000 0.418234
v -3.604859 0.050000 0.418234
v -3.598625 -0.050000 0.413893
v -3.598625 0.050000 0.413893
v -3.592661 -0.050000 0.409476
v -3.592661 0.050000 0.409476
v -3.587000 -0.050000 0.405000
v -3.587000 0.050000 0.405000
v -3.562351 -0.050000 0.385274
v -3.562351 0.050000 0.385274
v -3.537643 -0.050000 0.362944
v -3.537643 0.050000 0.362944
v -3.513234 -0.050000 0.337781
v -3.513234 0.050000 0.337781
v -3.489481 -0.050000 0.309556
v -3.489481 0.050000 0.309556
v -3.466742 -0.050000 0.278038
v -3.466742 0.050000 0.278038
v -3.445375 -0.050000 0.243000
v -3.445375 0.050000 0.243000
v -3.425736 -0.050000 0.204212
v -3.425736 0.050000 0.204212
v -3.408185 -0.050000 0.161444
v -3.408185 0.050000 0.161444
v -3.393078 -0.050000 0.114469
v -3.393078 0.050000 0.114469
v -3.380773 -0.050000 0.063056
v -3.380773 0.050000 0.063056
v -3.371628 -0.050000 0.006976
v -3.371628 0.050000 0.006976
v -3.366000 -0.050000 -0.054000
v -3.366000 0.050000 -0.054000
v -3.623000 -0.050000 -0.054000
v -3.623000 0.050000 -0.054000
v -3.633561 -0.050000 -0.034951
v -3.633561 0.050000 -0.034951
v -3.645157 -0.050000 -0.015440
v -3.645157 0.050000 -0.015440
v -3.657656 -0.050000 0.004328
v -3.657656 0.050000 0.004328
v -3.670926 -0.050000 0.024148
v -3.670926 0.050000 0.024148
v -3.684834 -0.050000 0.043815
v -3.684834 0.050000 0.043815
v -3.699250 -0.050000 0.063125
v -3.699250 0.050000 0.063125
v -3.714040 -0.050000 0.081872
v -3.714040 0.050000 0.081872
v -3.729074 -0.050000 0.099852
v -3.729074 0.050000 0.099852
v -3.744219 -0.050000 0.116859
v -3.744219 0.050000 0.116859
v -3.759342 -0.050000 0.132690
v -3.759342 0.050000 0.132690
v -3.774313 -0.050000 0.147138
v -3.774313 0.050000 0.147138
v -3.789000 -0.050000 0.160000
v -3.789000 0.050000 0.160000
v -3.868000 -0.050000 0.113000
v -3.868000 0.050000 0.113000
v -3.850041 -0.050000 0.099011
v -3.850041 0.050000 0.099011
v -3.832245 -0.050000 0.083255
v -3.832245 0.050000 0.083255
v -3.814734 -0.050000 0.066047
v -3.814734 0.050000 0.066047
v -3.797629 -0.050000 0.047704
v -3.797629 0.050000 0.047704
v -3.781053 -0.050000 0.028541
v -3.781053 0.050000 0.028541
v -3.765125 -0.050000 0.008875
v -3.765125 0.050000 0.008875
v -3.749968 -0.050000 -0.010979
v -3.749968 0.050000 -0.010979
v -3.735703 -0.050000 -0.030704
v -3.735703 0.050000 -0.030704
v -3.722453 -0.050000 -0.049984
v -3.722453 0.050000 -0.049984
v -3.710338 -0.050000 -0.068505
v -3.710338 0.050000 -0.068505
v -3.699480 -0.050000 -0.085949
v -3.699480 0.050000 -0.085949
v -3.690000 -0.050000 -0.102000
v -3.690000 0.050000 -0.102000
v -3.683436 -0.050000 -0.114513
v -3.683436 0.050000 -0.114513
v -3.677241 -0.050000 -0.127023
v -3.677241 0.050000 -0.127023
v -3.671406 -0.050000 -0.139484
v -3.671406 0.050000 -0.139484
v -3.665926 -0.050000 -0.151852
v -3.665926 0.050000 -0.151852
v -3.660793 -0.050000 -0.164081
v -3.660793 0.050000 -0.164081
v -3.656000 -0.050000 -0.176125
v -3.656000 0.050000 -0.176125
v -3.651540 -0.050000 -0.187940
v -3.651540 0.050000 -0.187940
v -3.647407 -0.050000 -0.199482
v -3.647407 0.050000 -0.199482
v -3.643594 -0.050000 -0.210703
v -3.643594 0.050000 -0.210703
v -3.640092 -0.050000 -0.221560
v -3.640092 0.050000 -0.221560
v -3.636897 -0.050000 -0.232008
v -3.636897 0.050000 -0.232008
v -3.634000 -0.050000 -0.242000
v -3.634000 0.050000 -0.242000
v -3.632062 -0.050000 -0.248540
v -3.632062 0.050000 -0.248540
v -3.630250 -0.050000 -0.255148
v -3.630250 0.050000 -0.255148
v -3.628562 -0.050000 -0.261813
v -3.628562 0.050000 -0.261813
v -3.627000 -0.050000 -0.268519
v -3.627000 0.050000 -0.268519
v -3.625562 -0.050000 -0.275252
v -3.625562 0.050000 -0.275252
v -3.624250 -0.050000 -0.282000
v -3.624250 0.050000 -0.282000
v -3.623062 -0.050000 -0.288748
v -3.623062 0.050000 -0.288748
v -3.622000 -0.050000 -0.295482
v -3.622000 0.050000 -0.295482
v -3.621062 -0.050000 -0.302188
v -3.621062 0.050000 -0.302188
v -3.620250 -0.050000 -0.308852
v -3.620250 0.050000 -0.308852
v -3.619562 -0.050000 -0.315461
v -3.619562 0.050000 -0.315461
v -3.619000 -0.050000 -0.322000
v -3.619000 0.050000 -0.322000
v -3.522000 -0.050000 -0.303000
v -3.522000 0.050000 -0.303000
v -3.524268 -0.050000 -0.297173
v -3.524268 0.050000 -0.297173
v -3.526565 -0.050000 -0.291218
v -3.526565 0.050000 -0.291218
v -3.528875 -0.050000 -0.285172
v -3.528875 0.050000 -0.285172
v -3.531185 -0.050000 -0.279074
v -3.531185 0.050000 -0.279074
v -3.533481 -0.050000 -0.272962
v -3.533481 0.050000 -0.272962
v -3.535750 -0.050000 -0.266875
v -3.535750 0.050000 -0.266875
v -3.537977 -0.050000 -0.260850
v -3.537977 0.050000 -0.260850
v -3.540148 -0.050000 -0.254926
v -3.540148 0.050000 -0.254926
v -3.542250 -0.050000 -0.249141
v -3.542250 0.050000 -0.249141
v -3.544268 -0.050000 -0.243532
v -3.544268 0.050000 -0.243532
v -3.546190 -0.050000 -0.238140
v -3.546190 0.050000 -0.238140
v -3.548000 -0.050000 -0.233000
v -3.548000 0.050000 -0.233000
v -2.654086 -0.050000 0.022000
v -2.654086 0.050000 0.022000
v -2.617852 -0.050000 0.022000
v -2.617852 0.050000 0.022000
v -2.572562 -0.050000 0.022000
v -2.572562 0.050000 0.022000
v -2.520481 -0.050000 0.022000
v -2.520481 0.050000 0.022000
v -2.463872 -0.050000 0.022000
v -2.463872 0.050000 0.022000
v -2.405000 -0.050000 0.022000
v -2.405000 0.050000 0.022000
v -2.346127 -0.050000 0.022000
v -2.346127 0.050000 0.022000
v -2.289518 -0.050000 0.022000
v -2.289518 0.050000 0.022000
v -2.237437 -0.050000 0.022000
v -2.237437 0.050000 0.022000
v -2.192148 -0.050000 0.022000
v -2.192148 0.050000 0.022000
v -2.155914 -0.050000 0.022000
v -2.155914 0.050000 0.022000
v -2.131000 -0.050000 0.022000
v -2.131000 0.050000 0.022000
v -2.118792 -0.050000 0.021940
v -2.118792 0.050000 0.021940
v -2.107167 -0.050000 0.021769
v -2.107167 0.050000 0.021769
v -2.096125 -0.050000 0.021500
v -2.096125 0.050000 0.021500
v -2.085667 -0.050000 0.021148
v -2.085667 0.050000 0.021148
v -2.075791 -0.050000 0.020727
v -2.075791 0.050000 0.020727
v -2.066500 -0.050000 0.020250
v -2.066500 0.050000 0.020250
v -2.057791 -0.050000 0.019731
v -2.057791 0.050000 0.019731
v -2.049666 -0.050000 0.019185
v -2.049666 0.050000 0.019185
v -2.042125 -0.050000 0.018625
v -2.042125 0.050000 0.018625
v -2.035167 -0.050000 0.018065
v -2.035167 0.050000 0.018065
v -2.028791 -0.050000 0.017518
v -2.028791 0.050000 0.017518
v -2.023000 -0.050000 0.017000
v -2.023000 0.050000 0.017000
v -2.023000 -0.050000 0.115000
v -2.023000 0.050000 0.115000
v -2.028447 -0.050000 0.114691
v -2.028447 0.050000 0.114691
v -2.034745 -0.050000 0.114282
v -2.034745 0.050000 0.114282
v -2.041828 -0.050000 0.113797
v -2.041828 0.050000 0.113797
v -2.049630 -0.050000 0.113259
v -2.049630 0.050000 0.113259
v -2.058084 -0.050000 0.112694
v -2.058084 0.050000 0.112694
v -2.067125 -0.050000 0.112125
v -2.067125 0.050000 0.112125
v -2.076687 -0.050000 0.111577
v -2.076687 0.050000 0.111577
v -2.086704 -0.050000 0.111074
v -2.086704 0.050000 0.111074
v -2.097109 -0.050000 0.110641
v -2.097109 0.050000 0.110641
v -2.107838 -0.050000 0.110301
v -2.107838 0.050000 0.110301
v -2.118824 -0.050000 0.110079
v -2.118824 0.050000 0.110079
v -2.130000 -0.050000 0.110000
v -2.130000 0.050000 0.110000
v -2.155125 -0.050000 0.110000
v -2.155125 0.050000 0.110000
v -2.191500 -0.050000 0.110000
v -2.191500 0.050000 0.110000
v -2.236875 -0.050000 0.110000
v -2.236875 0.050000 0.110000
v -2.289000 -0.050000 0.110000
v -2.289000 0.050000 0.110000
v -2.345625 -0.050000 0.110000
v -2.345625 0.050000 0.110000
v -2.404500 -0.050000 0.110000
v -2.404500 0.050000 0.110000
v -2.463375 -0.050000 0.110000
v -2.463375 0.050000 0.110000
v -2.520000 -0.050000 0.110000
v -2.520000 0.050000 0.110000
v -2.572125 -0.050000 0.110000
v -2.572125 0.050000 0.110000
v -2.617500 -0.050000 0.110000
v -2.617500 0.050000 0.110000
v -2.653875 -0.050000 0.110000
v -2.653875 0.050000 0.110000
v -2.679000 -0.050000 0.110000
v -2.679000 0.050000 0.110000
v -2.692697 -0.050000 0.110041
v -2.692697 0.050000 0.110041
v -2.706241 -0.050000 0.110162
v -2.706241 0.050000 0.110162
v -2.719563 -0.050000 0.110359
v -2.719563 0.050000 0.110359
v -2.732593 -0.050000 0.110630
v -2.732593 0.050000 0.110630
v -2.745262 -0.050000 0.110969
v -2.745262 0.050000 0.110969
v -2.757500 -0.050000 0.111375
v -2.757500 0.050000 0.111375
v -2.769238 -0.050000 0.111843
v -2.769238 0.050000 0.111843
v -2.780407 -0.050000 0.112370
v -2.780407 0.050000 0.112370
v -2.790937 -0.050000 0.112953
v -2.790937 0.050000 0.112953
v -2.800759 -0.050000 0.113588
v -2.800759 0.050000 0.113588
v -2.809803 -0.050000 0.114271
v -2.809803 0.050000 0.114271
v -2.818000 -0.050000 0.115000
v -2.818000 0.050000 0.115000
v -2.818000 -0.050000 0.017000
v -2.818000 0.050000 0.017000
v -2.810032 -0.050000 0.017518
v -2.810032 0.050000 0.017518
v -2.801176 -0.050000 0.018065
v -2.801176 0.050000 0.018065
v -2.791500 -0.050000 0.018625
v -2.791500 0.050000 0.018625
v -2.781074 -0.050000 0.019185
v -2.781074 0.050000 0.019185
v -2.769967 -0.050000 0.019731
v -2.769967 0.050000 0.019731
v -2.758250 -0.050000 0.020250
v -2.758250 0.050000 0.020250
v -2.745990 -0.050000 0.020727
v -2.745990 0.050000 0.020727
v -2.733259 -0.050000 0.021148
v -2.733259 0.050000 0.021148
v -2.720125 -0.050000 0.021500
v -2.720125 0.050000 0.021500
v -2.706657 -0.050000 0.021768
v -2.706657 0.050000 0.021768
v -2.692926 -0.050000 0.021940
v -2.692926 0.050000 0.021940
v -2.679000 -0.050000 0.022000
v -2.679000 0.050000 0.022000
v -1.688111 -0.050000 0.297942
v -1.688111 0.050000 0.297942
v -1.671722 -0.050000 0.253704
v -1.671722 0.050000 0.253704
v -1.654250 -0.050000 0.204688
v -1.654250 0.050000 0.204688
v -1.636111 -0.050000 0.152296
v -1.636111 0.050000 0.152296
v -1.617722 -0.050000 0.097933
v -1.617722 0.050000 0.097933
v -1.599500 -0.050000 0.043000
v -1.599500 0.050000 0.043000
v -1.581861 -0.050000 -0.011100
v -1.581861 0.050000 -0.011100
v -1.565222 -0.050000 -0.062963
v -1.565222 0.050000 -0.062963
v -1.550000 -0.050000 -0.111188
v -1.550000 0.050000 -0.111188
v -1.536611 -0.050000 -0.154370
v -1.536611 0.050000 -0.154370
v -1.525472 -0.050000 -0.191109
v -1.525472 0.050000 -0.191109
v -1.517000 -0.050000 -0.220000
v -1.517000 0.050000 -0.220000
v -1.514163 -0.050000 -0.231056
v -1.514163 0.050000 -0.231056
v -1.511634 -0.050000 -0.241278
v -1.511634 0.050000 -0.241278
v -1.509391 -0.050000 -0.250750
v -1.509391 0.050000 -0.250750
v -1.507407 -0.050000 -0.259556
v -1.507407 0.050000 -0.259556
v -1.505660 -0.050000 -0.267778
v -1.505660 0.050000 -0.267778
v -1.504125 -0.050000 -0.275500
v -1.504125 0.050000 -0.275500
v -1.502777 -0.050000 -0.282806
v -1.502777 0.050000 -0.282806
v -1.501592 -0.050000 -0.289778
v -1.501592 0.050000 -0.289778
v -1.500547 -0.050000 -0.296500
v -1.500547 0.050000 -0.296500
v -1.499616 -0.050000 -0.303056
v -1.499616 0.050000 -0.303056
v -1.498775 -0.050000 -0.309528
v -1.498775 0.050000 -0.309528
v -1.498000 -0.050000 -0.316000
v -1.498000 0.050000 -0.316000
v -1.398000 -0.050000 -0.296000
v -1.398000 0.050000 -0.296000
v -1.400521 -0.050000 -0.289721
v -1.400521 0.050000 -0.289721
v -1.403088 -0.050000 -0.283347
v -1.403088 0.050000 -0.283347
v -1.405703 -0.050000 -0.276828
v -1.405703 0.050000 -0.276828
v -1.408370 -0.050000 -0.270111
v -1.408370 0.050000 -0.270111
v -1.411093 -0.050000 -0.263144
v -1.411093 0.050000 -0.263144
v -1.413875 -0.050000 -0.255875
v -1.413875 0.050000 -0.255875
v -1.416719 -0.050000 -0.248252
v -1.416719 0.050000 -0.248252
v -1.419630 -0.050000 -0.240222
v -1.419630 0.050000 -0.240222
v -1.422609 -0.050000 -0.231734
v -1.422609 0.050000 -0.231734
v -1.425662 -0.050000 -0.222736
v -1.425662 0.050000 -0.222736
v -1.428791 -0.050000 -0.213175
v -1.428791 0.050000 -0.213175
v -1.432000 -0.050000 -0.203000
v -1.432000 0.050000 -0.203000
v -1.440639 -0.050000 -0.175288
v -1.440639 0.050000 -0.175288
v -1.451782 -0.050000 -0.140056
v -1.451782 0.050000 -0.140056
v -1.465015 -0.050000 -0.098656
v -1.465015 0.050000 -0.098656
v -1.479926 -0.050000 -0.052444
v -1.479926 0.050000 -0.052444
v -1.496100 -0.050000 -0.002774
v -1.496100 0.050000 -0.002774
v -1.513125 -0.050000 0.049000
v -1.513125 0.050000 0.049000
v -1.530587 -0.050000 0.101524
v -1.530587 0.050000 0.101524
v -1.548074 -0.050000 0.153444
v -1.548074 0.050000 0.153444
v -1.565172 -0.050000 0.203406
v -1.565172 0.050000 0.203406
v -1.581467 -0.050000 0.250056
v -1.581467 0.050000 0.250056
v -1.596548 -0.050000 0.292038
v -1.596548 0.050000 0.292038
v -1.610000 -0.050000 0.328000
v -1.610000 0.050000 0.328000
v -1.572386 -0.050000 0.324362
v -1.572386 0.050000 0.324362
v -1.533338 -0.050000 0.320477
v -1.533338 0.050000 0.320477
v -1.493297 -0.050000 0.316391
v -1.493297 0.050000 0.316391
v -1.452704 -0.050000 0.312148
v -1.452704 0.050000 0.312148
v -1.411999 -0.050000 0.307795
v -1.411999 0.050000 0.307795
v -1.371625 -0.050000 0.303375
v -1.371625 0.050000 0.303375
v -1.332021 -0.050000 0.298935
v -1.332021 0.050000 0.298935
v -1.293629 -0.050000 0.294519
v -1.293629 0.050000 0.294519
v -1.256890 -0.050000 0.290172
v -1.256890 0.050000 0.290172
v -1.222245 -0.050000 0.285940
v -1.222245 0.050000 0.285940
v -1.190135 -0.050000 0.281867
v -1.190135 0.050000 0.281867
v -1.161000 -0.050000 0.278000
v -1.161000 0.050000 0.278000
v -1.171096 -0.050000 0.258288
v -1.171096 0.050000 0.258288
v -1.181356 -0.050000 0.238718
v -1.181356 0.050000 0.238718
v -1.191734 -0.050000 0.219391
v -1.191734 0.050000 0.219391
v -1.202185 -0.050000 0.200407
v -1.202185 0.050000 0.200407
v -1.212663 -0.050000 0.181869
v -1.212663 0.050000 0.181869
v -1.223125 -0.050000 0.163875
v -1.223125 0.050000 0.163875
v -1.233523 -0.050000 0.146527
v -1.233523 0.050000 0.146527
v -1.243814 -0.050000 0.129926
v -1.243814 0.050000 0.129926
v -1.253953 -0.050000 0.114172
v -1.253953 0.050000 0.114172
v -1.263893 -0.050000 0.099366
v -1.263893 0.050000 0.099366
v -1.273591 -0.050000 0.085608
v -1.273591 0.050000 0.085608
v -1.283000 -0.050000 0.073000
v -1.283000 0.050000 0.073000
v -1.208000 -0.050000 0.039000
v -1.208000 0.050000 0.039000
v -1.189519 -0.050000 0.066678
v -1.189519 0.050000 0.066678
v -1.169820 -0.050000 0.097759
v -1.169820 0.050000 0.097759
v -1.149266 -0.050000 0.131562
v -1.149266 0.050000 0.131562
v -1.128222 -0.050000 0.167407
v -1.128222 0.050000 0.167407
v -1.107054 -0.050000 0.204613
v -1.107054 0.050000 0.204613
v -1.086125 -0.050000 0.242500
v -1.086125 0.050000 0.242500
v -1.065800 -0.050000 0.280387
v -1.065800 0.050000 0.280387
v -1.046444 -0.050000 0.317593
v -1.046444 0.050000 0.317593
v -1.028422 -0.050000 0.353437
v -1.028422 0.050000 0.353437
v -1.012097 -0.050000 0.387241
v -1.012097 0.050000 0.387241
v -0.997835 -0.050000 0.418322
v -0.997835 0.050000 0.418322
v -0.986000 -0.050000 0.446000
v -0.986000 0.050000 0.446000
v -1.070000 -0.050000 0.484000
v -1.070000 0.050000 0.484000
v -1.073374 -0.050000 0.474796
v -1.073374 0.050000 0.474796
v -1.076990 -0.050000 0.465199
v -1.076990 0.050000 0.465199
v -1.080843 -0.050000 0.455234
v -1.080843 0.050000 0.455234
v -1.084926 -0.050000 0.444926
v -1.084926 0.050000 0.444926
v -1.089230 -0.050000 0.434298
v -1.089230 0.050000 0.434298
v -1.093750 -0.050000 0.423375
v -1.093750 0.050000 0.423375
v -1.098478 -0.050000 0.412181
v -1.098478 0.050000 0.412181
v -1.103407 -0.050000 0.400741
v -1.103407 0.050000 0.400741
v -1.108531 -0.050000 0.389078
v -1.108531 0.050000 0.389078
v -1.113842 -0.050000 0.377218
v -1.113842 0.050000 0.377218
v -1.119334 -0.050000 0.365183
v -1.119334 0.050000 0.365183
v -1.125000 -0.050000 0.353000
v -1.125000 0.050000 0.353000
v -1.167049 -0.050000 0.358330
v -1.167049 0.050000 0.358330
v -1.215314 -0.050000 0.364222
v -1.215314 0.050000 0.364222
v -1.268468 -0.050000 0.370531
v -1.268468 0.050000 0.370531
v -1.325185 -0.050000 0.377111
v -1.325185 0.050000 0.377111
v -1.384137 -0.050000 0.383816
v -1.384137 0.050000 0.383816
v -1.444000 -0.050000 0.390500
v -1.444000 0.050000 0.390500
v -1.503445 -0.050000 0.397017
v -1.503445 0.050000 0.397017
v -1.561148 -0.050000 0.403222
v -1.561148 0.050000 0.403222
v -1.615781 -0.050000 0.408969
v -1.615781 0.050000 0.408969
v -1.666018 -0.050000 0.414111
v -1.666018 0.050000 0.414111
v -1.710533 -0.050000 0.418503
v -1.710533 0.050000 0.418503
v -1.748000 -0.050000 0.422000
v -1.748000 0.050000 0.422000
v -1.754331 -0.050000 0.422560
v -1.754331 0.050000 0.422560
v -1.760815 -0.050000 0.423231
v -1.760815 0.050000 0.423231
v -1.767437 -0.050000 0.424000
v -1.767437 0.050000 0.424000
v -1.774185 -0.050000 0.424852
v -1.774185 0.050000 0.424852
v -1.781044 -0.050000 0.425773
v -1.781044 0.050000 0.425773
v -1.788000 -0.050000 0.426750
v -1.788000 0.050000 0.426750
v -1.795039 -0.050000 0.427768
v -1.795039 0.050000 0.427768
v -1.802148 -0.050000 0.428815
v -1.802148 0.050000 0.428815
v -1.809312 -0.050000 0.429875
v -1.809312 0.050000 0.429875
v -1.816518 -0.050000 0.430935
v -1.816518 0.050000 0.430935
v -1.823752 -0.050000 0.431981
v -1.823752 0.050000 0.431981
v -1.831000 -0.050000 0.433000
v -1.831000 0.050000 0.433000
v -1.846000 -0.050000 0.340000
v -1.846000 0.050000 0.340000
v -1.838422 -0.050000 0.340209
v -1.838422 0.050000 0.340209
v -1.830708 -0.050000 0.340343
v -1.830708 0.050000 0.340343
v -1.822891 -0.050000 0.340406
v -1.822891 0.050000 0.340406
v -1.815000 -0.050000 0.340407
v -1.815000 0.050000 0.340407
v -1.807068 -0.050000 0.340353
v -1.807068 0.050000 0.340353
v -1.799125 -0.050000 0.340250
v -1.799125 0.050000 0.340250
v -1.791203 -0.050000 0.340105
v -1.791203 0.050000 0.340105
v -1.783333 -0.050000 0.339926
v -1.783333 0.050000 0.339926
v -1.775547 -0.050000 0.339719
v -1.775547 0.050000 0.339719
v -1.767875 -0.050000 0.339491
v -1.767875 0.050000 0.339491
v -1.760349 -0.050000 0.339249
v -1.760349 0.050000 0.339249
v -1.753000 -0.050000 0.339000
v -1.753000 0.050000 0.339000
v -1.703000 -0.050000 0.336000
v -1.703000 0.050000 0.336000
v -0.452000 -0.050000 -0.206000
v -0.452000 0.050000 -0.206000
v -0.180000 -0.050000 -0.206000
v -0.180000 0.050000 -0.206000
v -0.173355 -0.050000 -0.206063
v -0.173355 0.050000 -0.206063
v -0.166921 -0.050000 -0.206255
v -0.166921 0.050000 -0.206255
v -0.160703 -0.050000 -0.206578
v -0.160703 0.050000 -0.206578
v -0.154704 -0.050000 -0.207037
v -0.154704 0.050000 -0.207037
v -0.148926 -0.050000 -0.207635
v -0.148926 0.050000 -0.207635
v -0.143375 -0.050000 -0.208375
v -0.143375 0.050000 -0.208375
v -0.138052 -0.050000 -0.209261
v -0.138052 0.050000 -0.209261
v -0.132963 -0.050000 -0.210296
v -0.132963 0.050000 -0.210296
v -0.128109 -0.050000 -0.211484
v -0.128109 0.050000 -0.211484
v -0.123495 -0.050000 -0.212829
v -0.123495 0.050000 -0.212829
v -0.119124 -0.050000 -0.214333
v -0.119124 0.050000 -0.214333
v -0.115000 -0.050000 -0.216000
v -0.115000 0.050000 -0.216000
v -0.048000 -0.050000 -0.175000
v -0.048000 0.050000 -0.175000
v -0.050037 -0.050000 -0.171322
v -0.050037 0.050000 -0.171322
v -0.052134 -0.050000 -0.167324
v -0.052134 0.050000 -0.167324
v -0.054265 -0.050000 -0.163063
v -0.054265 0.050000 -0.163063
v -0.056407 -0.050000 -0.158593
v -0.056407 0.050000 -0.158593
v -0.058535 -0.050000 -0.153970
v -0.058535 0.050000 -0.153970
v -0.060624 -0.050000 -0.149250
v -0.060624 0.050000 -0.149250
v -0.062652 -0.050000 -0.144488
v -0.062652 0.050000 -0.144488
v -0.064592 -0.050000 -0.139741
v -0.064592 0.050000 -0.139741
v -0.066422 -0.050000 -0.135063
v -0.066422 0.050000 -0.135063
v -0.068115 -0.050000 -0.130509
v -0.068115 0.050000 -0.130509
v -0.069650 -0.050000 -0.126137
v -0.069650 0.050000 -0.126137
v -0.071000 -0.050000 -0.122000
v -0.071000 0.050000 -0.122000
v -0.078474 -0.050000 -0.096077
v -0.078474 0.050000 -0.096077
v -0.087379 -0.050000 -0.068949
v -0.087379 0.050000 -0.068949
v -0.097687 -0.050000 -0.040828
v -0.097687 0.050000 -0.040828
v -0.109370 -0.050000 -0.011926
v -0.109370 0.050000 -0.011926
v -0.122400 -0.050000 0.017546
v -0.122400 0.050000 0.017546
v -0.136750 -0.050000 0.047375
v -0.136750 0.050000 0.047375
v -0.152391 -0.050000 0.077350
v -0.152391 0.050000 0.077350
v -0.169296 -0.050000 0.107259
v -0.169296 0.050000 0.107259
v -0.187437 -0.050000 0.136891
v -0.187437 0.050000 0.136891
v -0.206787 -0.050000 0.166032
v -0.206787 0.050000 0.166032
v -0.227317 -0.050000 0.194473
v -0.227317 0.050000 0.194473
v -0.249000 -0.050000 0.222000
v -0.249000 0.050000 0.222000
v -0.272357 -0.050000 0.249352
v -0.272357 0.050000 0.249352
v -0.297023 -0.050000 0.275898
v -0.297023 0.050000 0.275898
v -0.323141 -0.050000 0.301625
v -0.323141 0.050000 0.301625
v -0.350852 -0.050000 0.326518
v -0.350852 0.050000 0.326518
v -0.380299 -0.050000 0.350565
v -0.380299 0.050000 0.350565
v -0.411625 -0.050000 0.373750
v -0.411625 0.050000 0.373750
v -0.444972 -0.050000 0.396060
v -0.444972 0.050000 0.396060
v -0.480481 -0.050000 0.417481
v -0.480481 0.050000 0.417481
v -0.518297 -0.050000 0.438000
v -0.518297 0.050000 0.438000
v -0.558560 -0.050000 0.457602
v -0.558560 0.050000 0.457602
v -0.601414 -0.050000 0.476273
v -0.601414 0.050000 0.476273
v -0.647000 -0.050000 0.494000
v -0.647000 0.050000 0.494000
v -0.719000 -0.050000 0.429000
v -0.719000 0.050000 0.429000
v -0.674444 -0.050000 0.414742
v -0.674444 0.050000 0.414742
v -0.632222 -0.050000 0.399019
v -0.632222 0.050000 0.399019
v -0.592250 -0.050000 0.381906
v -0.592250 0.050000 0.381906
v -0.554444 -0.050000 0.363481
v -0.554444 0.050000 0.363481
v -0.518722 -0.050000 0.343821
v -0.518722 0.050000 0.343821
v -0.485000 -0.050000 0.323000
v -0.485000 0.050000 0.323000
v -0.453194 -0.050000 0.301096
v -0.453194 0.050000 0.301096
v -0.423222 -0.050000 0.278185
v -0.423222 0.050000 0.278185
v -0.395000 -0.050000 0.254344
v -0.395000 0.050000 0.254344
v -0.368444 -0.050000 0.229648
v -0.368444 0.050000 0.229648
v -0.343472 -0.050000 0.204175
v -0.343472 0.050000 0.204175
v -0.320000 -0.050000 0.178000
v -0.320000 0.050000 0.178000
v -0.300867 -0.050000 0.154273
v -0.300867 0.050000 0.154273
v -0.282523 -0.050000 0.129264
v -0.282523 0.050000 0.129264
v -0.265047 -0.050000 0.103234
v -0.265047 0.050000 0.103234
v -0.248518 -0.050000 0.076444
v -0.248518 0.050000 0.076444
v -0.233018 -0.050000 0.049154
v -0.233018 0.050000 0.049154
v -0.218625 -0.050000 0.021625
v -0.218625 0.050000 0.021625
v -0.205419 -0.050000 -0.005884
v -0.205419 0.050000 -0.005884
v -0.193481 -0.050000 -0.033111
v -0.193481 0.050000 -0.033111
v -0.182890 -0.050000 -0.059797
v -0.182890 0.050000 -0.059797
v -0.173727 -0.050000 -0.085681
v -0.173727 0.050000 -0.085681
v -0.166070 -0.050000 -0.110502
v -0.166070 0.050000 -0.110502
v -0.160000 -0.050000 -0.134000
v -0.160000 0.050000 -0.134000
v -0.499000 -0.050000 -0.134000
v -0.499000 0.050000 -0.134000
v -0.514501 -0.050000 -0.112908
v -0.514501 0.050000 -0.112908
v -0.531005 -0.050000 -0.091681
v -0.531005 0.050000 -0.091681
v -0.548516 -0.050000 -0.070391
v -0.548516 0.050000 -0.070391
v -0.567037 -0.050000 -0.049111
v -0.567037 0.050000 -0.049111
v -0.586572 -0.050000 -0.027915
v -0.586572 0.050000 -0.027915
v -0.607125 -0.050000 -0.006875
v -0.607125 0.050000 -0.006875
v -0.628698 -0.050000 0.013936
v -0.628698 0.050000 0.013936
v -0.651296 -0.050000 0.034444
v -0.651296 0.050000 0.034444
v -0.674922 -0.050000 0.054578
v -0.674922 0.050000 0.054578
v -0.699579 -0.050000 0.074264
v -0.699579 0.050000 0.074264
v -0.725270 -0.050000 0.093429
v -0.725270 0.050000 0.093429
v -0.752000 -0.050000 0.112000
v -0.752000 0.050000 0.112000
v -0.821000 -0.050000 0.060000
v -0.821000 0.050000 0.060000
v -0.779511 -0.050000 0.033431
v -0.779511 0.050000 0.033431
v -0.741005 -0.050000 0.005449
v -0.741005 0.050000 0.005449
v -0.705422 -0.050000 -0.023609
v -0.705422 0.050000 -0.023609
v -0.672704 -0.050000 -0.053407
v -0.672704 0.050000 -0.053407
v -0.642791 -0.050000 -0.083608
v -0.642791 0.050000 -0.083608
v -0.615625 -0.050000 -0.113875
v -0.615625 0.050000 -0.113875
v -0.591146 -0.050000 -0.143871
v -0.591146 0.050000 -0.143871
v -0.569296 -0.050000 -0.173259
v -0.569296 0.050000 -0.173259
v -0.550016 -0.050000 -0.201703
v -0.550016 0.050000 -0.201703
v -0.533245 -0.050000 -0.228866
v -0.533245 0.050000 -0.228866
v -0.518926 -0.050000 -0.254410
v -0.518926 0.050000 -0.254410
v -0.507000 -0.050000 -0.278000
v -0.507000 0.050000 -0.278000
v -0.504404 -0.050000 -0.282629
v -0.504404 0.050000 -0.282629
v -0.501648 -0.050000 -0.287949
v -0.501648 0.050000 -0.287949
v -0.498781 -0.050000 -0.293859
v -0.498781 0.050000 -0.293859
v -0.495852 -0.050000 -0.300259
v -0.495852 0.050000 -0.300259
v -0.492908 -0.050000 -0.307048
v -0.492908 0.050000 -0.307048
v -0.490000 -0.050000 -0.314125
v -0.490000 0.050000 -0.314125
v -0.487175 -0.050000 -0.321389
v -0.487175 0.050000 -0.321389
v -0.484481 -0.050000 -0.328741
v -0.484481 0.050000 -0.328741
v -0.481969 -0.050000 -0.336078
v -0.481969 0.050000 -0.336078
v -0.479685 -0.050000 -0.343301
v -0.479685 0.050000 -0.343301
v -0.477679 -0.050000 -0.350308
v -0.477679 0.050000 -0.350308
v -0.476000 -0.050000 -0.357000
v -0.476000 0.050000 -0.357000
v -0.383000 -0.050000 -0.327000
v -0.383000 0.050000 -0.327000
v -0.387265 -0.050000 -0.320347
v -0.387265 0.050000 -0.320347
v -0.391541 -0.050000 -0.313440
v -0.391541 0.050000 -0.313440
v -0.395797 -0.050000 -0.306359
v -0.395797 0.050000 -0.306359
v -0.400000 -0.050000 -0.299185
v -0.400000 0.050000 -0.299185
v -0.404119 -0.050000 -0.291997
v -0.404119 0.050000 -0.291997
v -0.408125 -0.050000 -0.284875
v -0.408125 0.050000 -0.284875
v -0.411984 -0.050000 -0.277899
v -0.411984 0.050000 -0.277899
v -0.415666 -0.050000 -0.271148
v -0.415666 0.050000 -0.271148
v -0.419140 -0.050000 -0.264703
v -0.419140 0.050000 -0.264703
v -0.422375 -0.050000 -0.258644
v -0.422375 0.050000 -0.258644
v -0.425338 -0.050000 -0.253049
v -0.425338 0.050000 -0.253049
v -0.428000 -0.050000 -0.248000
v -0.428000 0.050000 -0.248000
v 0.853000 -0.050000 -0.211135
v 0.853000 0.050000 -0.211135
v 0.853000 -0.050000 -0.198750
v 0.853000 0.050000 -0.198750
v 0.853000 -0.050000 -0.185156
v 0.853000 0.050000 -0.185156
v 0.853000 -0.050000 -0.170667
v 0.853000 0.050000 -0.170667
v 0.853000 -0.050000 -0.155594
v 0.853000 0.050000 -0.155594
v 0.853000 -0.050000 -0.140250
v 0.853000 0.050000 -0.140250
v 0.853000 -0.050000 -0.124948
v 0.853000 0.050000 -0.124948
v 0.853000 -0.050000 -0.110000
v 0.853000 0.050000 -0.110000
v 0.853000 -0.050000 -0.095719
v 0.853000 0.050000 -0.095719
v 0.853000 -0.050000 -0.082417
v 0.853000 0.050000 -0.082417
v 0.853000 -0.050000 -0.070406
v 0.853000 0.050000 -0.070406
v 0.853000 -0.050000 -0.060000
v 0.853000 0.050000 -0.060000
v 0.852309 -0.050000 -0.003257
v 0.852309 0.050000 -0.003257
v 0.850222 -0.050000 0.047361
v 0.850222 0.050000 0.047361
v 0.846719 -0.050000 0.092437
v 0.846719 0.050000 0.092437
v 0.841778 -0.050000 0.132556
v 0.841778 0.050000 0.132556
v 0.835379 -0.050000 0.168299
v 0.835379 0.050000 0.168299
v 0.827501 -0.050000 0.200250
v 0.827501 0.050000 0.200250
v 0.818122 -0.050000 0.228993
v 0.818122 0.050000 0.228993
v 0.807223 -0.050000 0.255111
v 0.807223 0.050000 0.255111
v 0.794781 -0.050000 0.279188
v 0.794781 0.050000 0.279188
v 0.780778 -0.050000 0.301806
v 0.780778 0.050000 0.301806
v 0.765191 -0.050000 0.323549
v 0.765191 0.050000 0.323549
v 0.748000 -0.050000 0.345000
v 0.748000 0.050000 0.345000
v 0.731057 -0.050000 0.363781
v 0.731057 0.050000 0.363781
v 0.712871 -0.050000 0.381162
v 0.712871 0.050000 0.381162
v 0.693657 -0.050000 0.397203
v 0.693657 0.050000 0.397203
v 0.673630 -0.050000 0.411963
v 0.673630 0.050000 0.411963
v 0.653006 -0.050000 0.425501
v 0.653006 0.050000 0.425501
v 0.632001 -0.050000 0.437875
v 0.632001 0.050000 0.437875
v 0.610828 -0.050000 0.449145
v 0.610828 0.050000 0.449145
v 0.589704 -0.050000 0.459370
v 0.589704 0.050000 0.459370
v 0.568844 -0.050000 0.468609
v 0.568844 0.050000 0.468609
v 0.548463 -0.050000 0.476921
v 0.548463 0.050000 0.476921
v 0.528777 -0.050000 0.484365
v 0.528777 0.050000 0.484365
v 0.510000 -0.050000 0.491000
v 0.510000 0.050000 0.491000
v 0.445000 -0.050000 0.422000
v 0.445000 0.050000 0.422000
v 0.467845 -0.050000 0.415888
v 0.467845 0.050000 0.415888
v 0.490343 -0.050000 0.409023
v 0.490343 0.050000 0.409023
v 0.512438 -0.050000 0.401359
v 0.512438 0.050000 0.401359
v 0.534074 -0.050000 0.392852
v 0.534074 0.050000 0.392852
v 0.555197 -0.050000 0.383455
v 0.555197 0.050000 0.383455
v 0.575750 -0.050000 0.373125
v 0.575750 0.050000 0.373125
v 0.595679 -0.050000 0.361815
v 0.595679 0.050000 0.361815
v 0.614926 -0.050000 0.349481
v 0.614926 0.050000 0.349481
v 0.633438 -0.050000 0.336078
v 0.633438 0.050000 0.336078
v 0.651158 -0.050000 0.321560
v 0.651158 0.050000 0.321560
v 0.668031 -0.050000 0.305883
v 0.668031 0.050000 0.305883
v 0.684000 -0.050000 0.289000
v 0.684000 0.050000 0.289000
v 0.700548 -0.050000 0.268228
v 0.700548 0.050000 0.268228
v 0.714801 -0.050000 0.247157
v 0.714801 0.050000 0.247157
v 0.726922 -0.050000 0.225406
v 0.726922 0.050000 0.225406
v 0.737075 -0.050000 0.202593
v 0.737075 0.050000 0.202593
v 0.745421 -0.050000 0.178334
v 0.745421 0.050000 0.178334
v 0.752126 -0.050000 0.152250
v 0.752126 0.050000 0.152250
v 0.757351 -0.050000 0.123957
v 0.757351 0.050000 0.123957
v 0.761260 -0.050000 0.093074
v 0.761260 0.050000 0.093074
v 0.764016 -0.050000 0.059219
v 0.764016 0.050000 0.059219
v 0.765783 -0.050000 0.022009
v 0.765783 0.050000 0.022009
v 0.766723 -0.050000 -0.018936
v 0.766723 0.050000 -0.018936
v 0.767000 -0.050000 -0.064000
v 0.767000 0.050000 -0.064000
v 0.767000 -0.050000 -0.074423
v 0.767000 0.050000 -0.074423
v 0.767000 -0.050000 -0.086468
v 0.767000 0.050000 -0.086468
v 0.767000 -0.050000 -0.099797
v 0.767000 0.050000 -0.099797
v 0.767000 -0.050000 -0.114074
v 0.767000 0.050000 -0.114074
v 0.767000 -0.050000 -0.128962
v 0.767000 0.050000 -0.128962
v 0.767000 -0.050000 -0.144125
v 0.767000 0.050000 -0.144125
v 0.767000 -0.050000 -0.159225
v 0.767000 0.050000 -0.159225
v 0.767000 -0.050000 -0.173926
v 0.767000 0.050000 -0.173926
v 0.767000 -0.050000 -0.187891
v 0.767000 0.050000 -0.187891
v 0.767000 -0.050000 -0.200782
v 0.767000 0.050000 -0.200782
v 0.767000 -0.050000 -0.212265
v 0.767000 0.050000 -0.212265
v 0.767000 -0.050000 -0.222000
v 0.767000 0.050000 -0.222000
v 0.766959 -0.050000 -0.230377
v 0.766959 0.050000 -0.230377
v 0.766838 -0.050000 -0.238514
v 0.766838 0.050000 -0.238514
v 0.766641 -0.050000 -0.246422
v 0.766641 0.050000 -0.246422
v 0.766371 -0.050000 -0.254111
v 0.766371 0.050000 -0.254111
v 0.766031 -0.050000 -0.261592
v 0.766031 0.050000 -0.261592
v 0.765625 -0.050000 -0.268875
v 0.765625 0.050000 -0.268875
v 0.765157 -0.050000 -0.275971
v 0.765157 0.050000 -0.275971
v 0.764630 -0.050000 -0.282889
v 0.764630 0.050000 -0.282889
v 0.764047 -0.050000 -0.289641
v 0.764047 0.050000 -0.289641
v 0.763412 -0.050000 -0.296236
v 0.763412 0.050000 -0.296236
v 0.762729 -0.050000 -0.302686
v 0.762729 0.050000 -0.302686
v 0.762000 -0.050000 -0.309000
v 0.762000 0.050000 -0.309000
v 0.856000 -0.050000 -0.309000
v 0.856000 0.050000 -0.309000
v 0.855521 -0.050000 -0.302686
v 0.855521 0.050000 -0.302686
v 0.855084 -0.050000 -0.296236
v 0.855084 0.050000 -0.296236
v 0.854688 -0.050000 -0.289641
v 0.854688 0.050000 -0.289641
v 0.854334 -0.050000 -0.282889
v 0.854334 0.050000 -0.282889
v 0.854021 -0.050000 -0.275971
v 0.854021 0.050000 -0.275971
v 0.853750 -0.050000 -0.268875
v 0.853750 0.050000 -0.268875
v 0.853521 -0.050000 -0.261592
v 0.853521 0.050000 -0.261592
v 0.853334 -0.050000 -0.254111
v 0.853334 0.050000 -0.254111
v 0.853188 -0.050000 -0.246422
v 0.853188 0.050000 -0.246422
v 0.853084 -0.050000 -0.238514
v 0.853084 0.050000 -0.238514
v 0.853021 -0.050000 -0.230377
v 0.853021 0.050000 -0.230377
v 0.853000 -0.050000 -0.222000
v 0.853000 0.050000 -0.222000
v 0.388000 -0.050000 -0.216928
v 0.388000 0.050000 -0.216928
v 0.388000 -0.050000 -0.196759
v 0.388000 0.050000 -0.196759
v 0.388000 -0.050000 -0.170063
v 0.388000 0.050000 -0.170063
v 0.388000 -0.050000 -0.138407
v 0.388000 0.050000 -0.138407
v 0.388000 -0.050000 -0.103364
v 0.388000 0.050000 -0.103364
v 0.388000 -0.050000 -0.066500
v 0.388000 0.050000 -0.066500
v 0.388000 -0.050000 -0.029387
v 0.388000 0.050000 -0.029387
v 0.388000 -0.050000 0.006407
v 0.388000 0.050000 0.006407
v 0.388000 -0.050000 0.039312
v 0.388000 0.050000 0.039312
v 0.388000 -0.050000 0.067759
v 0.388000 0.050000 0.067759
v 0.388000 -0.050000 0.090178
v 0.388000 0.050000 0.090178
v 0.388000 -0.050000 0.105000
v 0.388000 0.050000 0.105000
v 0.388041 -0.050000 0.111403
v 0.388041 0.050000 0.111403
v 0.388158 -0.050000 0.118060
v 0.388158 0.050000 0.118060
v 0.388344 -0.050000 0.124891
v 0.388344 0.050000 0.124891
v 0.388593 -0.050000 0.131815
v 0.388593 0.050000 0.131815
v 0.388897 -0.050000 0.138753
v 0.388897 0.050000 0.138753
v 0.389250 -0.050000 0.145625
v 0.389250 0.050000 0.145625
v 0.389645 -0.050000 0.152351
v 0.389645 0.050000 0.152351
v 0.390074 -0.050000 0.158852
v 0.390074 0.050000 0.158852
v 0.390531 -0.050000 0.165047
v 0.390531 0.050000 0.165047
v 0.391009 -0.050000 0.170856
v 0.391009 0.050000 0.170856
v 0.391501 -0.050000 0.176201
v 0.391501 0.050000 0.176201
v 0.392000 -0.050000 0.181000
v 0.392000 0.050000 0.181000
v 0.300000 -0.050000 0.181000
v 0.300000 0.050000 0.181000
v 0.300519 -0.050000 0.176907
v 0.300519 0.050000 0.176907
v 0.301065 -0.050000 0.172171
v 0.301065 0.050000 0.172171
v 0.301625 -0.050000 0.166859
v 0.301625 0.050000 0.166859
v 0.302186 -0.050000 0.161037
v 0.302186 0.050000 0.161037
v 0.302732 -0.050000 0.154770
v 0.302732 0.050000 0.154770
v 0.303251 -0.050000 0.148125
v 0.303251 0.050000 0.148125
v 0.303727 -0.050000 0.141167
v 0.303727 0.050000 0.141167
v 0.304148 -0.050000 0.133963
v 0.304148 0.050000 0.133963
v 0.304500 -0.050000 0.126578
v 0.304500 0.050000 0.126578
v 0.304769 -0.050000 0.119079
v 0.304769 0.050000 0.119079
v 0.304940 -0.050000 0.111531
v 0.304940 0.050000 0.111531
v 0.305000 -0.050000 0.104000
v 0.305000 0.050000 0.104000
v 0.305000 -0.050000 0.089198
v 0.305000 0.050000 0.089198
v 0.305000 -0.050000 0.066833
v 0.305000 0.050000 0.066833
v 0.305000 -0.050000 0.038469
v 0.305000 0.050000 0.038469
v 0.305000 -0.050000 0.005667
v 0.305000 0.050000 0.005667
v 0.305000 -0.050000 -0.030010
v 0.305000 0.050000 -0.030010
v 0.305000 -0.050000 -0.067000
v 0.305000 0.050000 -0.067000
v 0.305000 -0.050000 -0.103740
v 0.305000 0.050000 -0.103740
v 0.305000 -0.050000 -0.138667
v 0.305000 0.050000 -0.138667
v 0.305000 -0.050000 -0.170219
v 0.305000 0.050000 -0.170219
v 0.305000 -0.050000 -0.196833
v 0.305000 0.050000 -0.196833
v 0.305000 -0.050000 -0.216948
v 0.305000 0.050000 -0.216948
v 0.305000 -0.050000 -0.229000
v 0.305000 0.050000 -0.229000
v 0.304960 -0.050000 -0.233835
v 0.304960 0.050000 -0.233835
v 0.304843 -0.050000 -0.239264
v 0.304843 0.050000 -0.239264
v 0.304656 -0.050000 -0.245172
v 0.304656 0.050000 -0.245172
v 0.304407 -0.050000 -0.251444
v 0.304407 0.050000 -0.251444
v 0.304103 -0.050000 -0.257967
v 0.304103 0.050000 -0.257967
v 0.303750 -0.050000 -0.264625
v 0.303750 0.050000 -0.264625
v 0.303355 -0.050000 -0.271304
v 0.303355 0.050000 -0.271304
v 0.302926 -0.050000 -0.277889
v 0.302926 0.050000 -0.277889
v 0.302469 -0.050000 -0.284266
v 0.302469 0.050000 -0.284266
v 0.301991 -0.050000 -0.290320
v 0.301991 0.050000 -0.290320
v 0.301499 -0.050000 -0.295936
v 0.301499 0.050000 -0.295936
v 0.301000 -0.050000 -0.301000
v 0.301000 0.050000 -0.301000
v 0.392000 -0.050000 -0.301000
v 0.392000 0.050000 -0.301000
v 0.391501 -0.050000 -0.296050
v 0.391501 0.050000 -0.296050
v 0.391009 -0.050000 -0.290736
v 0.391009 0.050000 -0.290736
v 0.390531 -0.050000 -0.285109
v 0.390531 0.050000 -0.285109
v 0.390074 -0.050000 -0.279222
v 0.390074 0.050000 -0.279222
v 0.389645 -0.050000 -0.273127
v 0.389645 0.050000 -0.273127
v 0.389250 -0.050000 -0.266875
v 0.389250 0.050000 -0.266875
v 0.388897 -0.050000 -0.260519
v 0.388897 0.050000 -0.260519
v 0.388593 -0.050000 -0.254111
v 0.388593 0.050000 -0.254111
v 0.388344 -0.050000 -0.247703
v 0.388344 0.050000 -0.247703
v 0.388158 -0.050000 -0.241347
v 0.388158 0.050000 -0.241347
v 0.388041 -0.050000 -0.235096
v 0.388041 0.050000 -0.235096
v 0.388000 -0.050000 -0.229000
v 0.388000 0.050000 -0.229000
v 1.972876 -0.050000 -0.171793
v 1.972876 0.050000 -0.171793
v 1.959584 -0.050000 -0.151431
v 1.959584 0.050000 -0.151431
v 1.944251 -0.050000 -0.129297
v 1.944251 0.050000 -0.129297
v 1.927001 -0.050000 -0.105778
v 1.927001 0.050000 -0.105778
v 1.907959 -0.050000 -0.081259
v 1.907959 0.050000 -0.081259
v 1.887251 -0.050000 -0.056125
v 1.887251 0.050000 -0.056125
v 1.865000 -0.050000 -0.030762
v 1.865000 0.050000 -0.030762
v 1.841334 -0.050000 -0.005556
v 1.841334 0.050000 -0.005556
v 1.816375 -0.050000 0.019109
v 1.816375 0.050000 0.019109
v 1.790251 -0.050000 0.042847
v 1.790251 0.050000 0.042847
v 1.763084 -0.050000 0.065273
v 1.763084 0.050000 0.065273
v 1.735000 -0.050000 0.086000
v 1.735000 0.050000 0.086000
v 1.669000 -0.050000 0.033000
v 1.669000 0.050000 0.033000
v 1.692006 -0.050000 0.018643
v 1.692006 0.050000 0.018643
v 1.714875 -0.050000 0.002310
v 1.714875 0.050000 0.002310
v 1.737391 -0.050000 -0.015641
v 1.737391 0.050000 -0.015641
v 1.759334 -0.050000 -0.034852
v 1.759334 0.050000 -0.034852
v 1.780485 -0.050000 -0.054966
v 1.780485 0.050000 -0.054966
v 1.800626 -0.050000 -0.075625
v 1.800626 0.050000 -0.075625
v 1.819537 -0.050000 -0.096472
v 1.819537 0.050000 -0.096472
v 1.837001 -0.050000 -0.117148
v 1.837001 0.050000 -0.117148
v 1.852797 -0.050000 -0.137297
v 1.852797 0.050000 -0.137297
v 1.866709 -0.050000 -0.156560
v 1.866709 0.050000 -0.156560
v 1.878516 -0.050000 -0.174581
v 1.878516 0.050000 -0.174581
v 1.888000 -0.050000 -0.191000
v 1.888000 0.050000 -0.191000
v 1.862977 -0.050000 -0.191000
v 1.862977 0.050000 -0.191000
v 1.824736 -0.050000 -0.191000
v 1.824736 0.050000 -0.191000
v 1.776016 -0.050000 -0.191000
v 1.776016 0.050000 -0.191000
v 1.719556 -0.050000 -0.191000
v 1.719556 0.050000 -0.191000
v 1.658096 -0.050000 -0.191000
v 1.658096 0.050000 -0.191000
v 1.594375 -0.050000 -0.191000
v 1.594375 0.050000 -0.191000
v 1.531133 -0.050000 -0.191000
v 1.531133 0.050000 -0.191000
v 1.471111 -0.050000 -0.191000
v 1.471111 0.050000 -0.191000
v 1.417047 -0.050000 -0.191000
v 1.417047 0.050000 -0.191000
v 1.371680 -0.050000 -0.191000
v 1.371680 0.050000 -0.191000
v 1.337752 -0.050000 -0.191000
v 1.337752 0.050000 -0.191000
v 1.318000 -0.050000 -0.191000
v 1.318000 0.050000 -0.191000
v 1.308729 -0.050000 -0.190958
v 1.308729 0.050000 -0.190958
v 1.299417 -0.050000 -0.190833
v 1.299417 0.050000 -0.190833
v 1.290063 -0.050000 -0.190625
v 1.290063 0.050000 -0.190625
v 1.280667 -0.050000 -0.190333
v 1.280667 0.050000 -0.190333
v 1.271230 -0.050000 -0.189958
v 1.271230 0.050000 -0.189958
v 1.261750 -0.050000 -0.189500
v 1.261750 0.050000 -0.189500
v 1.252229 -0.050000 -0.188958
v 1.252229 0.050000 -0.188958
v 1.242667 -0.050000 -0.188333
v 1.242667 0.050000 -0.188333
v 1.233063 -0.050000 -0.187625
v 1.233063 0.050000 -0.187625
v 1.223417 -0.050000 -0.186833
v 1.223417 0.050000 -0.186833
v 1.213730 -0.050000 -0.185958
v 1.213730 0.050000 -0.185958
v 1.204000 -0.050000 -0.185000
v 1.204000 0.050000 -0.185000
v 1.204000 -0.050000 -0.276000
v 1.204000 0.050000 -0.276000
v 1.212889 -0.050000 -0.274773
v 1.212889 0.050000 -0.274773
v 1.222028 -0.050000 -0.273597
v 1.222028 0.050000 -0.273597
v 1.231376 -0.050000 -0.272484
v 1.231376 0.050000 -0.272484
v 1.240890 -0.050000 -0.271444
v 1.240890 0.050000 -0.271444
v 1.250529 -0.050000 -0.270488
v 1.250529 0.050000 -0.270488
v 1.260251 -0.050000 -0.269625
v 1.260251 0.050000 -0.269625
v 1.270015 -0.050000 -0.268866
v 1.270015 0.050000 -0.268866
v 1.279778 -0.050000 -0.268222
v 1.279778 0.050000 -0.268222
v 1.289500 -0.050000 -0.267703
v 1.289500 0.050000 -0.267703
v 1.299139 -0.050000 -0.267319
v 1.299139 0.050000 -0.267319
v 1.308653 -0.050000 -0.267082
v 1.308653 0.050000 -0.267082
v 1.318000 -0.050000 -0.267000
v 1.318000 0.050000 -0.267000
v 1.338231 -0.050000 -0.267000
v 1.338231 0.050000 -0.267000
v 1.373019 -0.050000 -0.267000
v 1.373019 0.050000 -0.267000
v 1.419500 -0.050000 -0.267000
v 1.419500 0.050000 -0.267000
v 1.474815 -0.050000 -0.267000
v 1.474815 0.050000 -0.267000
v 1.536102 -0.050000 -0.267000
v 1.536102 0.050000 -0.267000
v 1.600500 -0.050000 -0.267000
v 1.600500 0.050000 -0.267000
v 1.665148 -0.050000 -0.267000
v 1.665148 0.050000 -0.267000
v 1.727185 -0.050000 -0.267000
v 1.727185 0.050000 -0.267000
v 1.783750 -0.050000 -0.267000
v 1.783750 0.050000 -0.267000
v 1.831982 -0.050000 -0.267000
v 1.831982 0.050000 -0.267000
v 1.869019 -0.050000 -0.267000
v 1.869019 0.050000 -0.267000
v 1.892000 -0.050000 -0.267000
v 1.892000 0.050000 -0.267000
v 1.897082 -0.050000 -0.267061
v 1.897082 0.050000 -0.267061
v 1.902741 -0.050000 -0.267236
v 1.902741 0.050000 -0.267236
v 1.908844 -0.050000 -0.267516
v 1.908844 0.050000 -0.267516
v 1.915259 -0.050000 -0.267889
v 1.915259 0.050000 -0.267889
v 1.921855 -0.050000 -0.268346
v 1.921855 0.050000 -0.268346
v 1.928500 -0.050000 -0.268875
v 1.928500 0.050000 -0.268875
v 1.935061 -0.050000 -0.269467
v 1.935061 0.050000 -0.269467
v 1.941407 -0.050000 -0.270111
v 1.941407 0.050000 -0.270111
v 1.947406 -0.050000 -0.270797
v 1.947406 0.050000 -0.270797
v 1.952926 -0.050000 -0.271514
v 1.952926 0.050000 -0.271514
v 1.957834 -0.050000 -0.272252
v 1.957834 0.050000 -0.272252
v 1.962000 -0.050000 -0.273000
v 1.962000 0.050000 -0.273000
v 2.011000 -0.050000 -0.226000
v 2.011000 0.050000 -0.226000
v 2.009132 -0.050000 -0.223401
v 2.009132 0.050000 -0.223401
v 2.007056 -0.050000 -0.220625
v 2.007056 0.050000 -0.220625
v 2.004812 -0.050000 -0.217703
v 2.004812 0.050000 -0.217703
v 2.002445 -0.050000 -0.214667
v 2.002445 0.050000 -0.214667
v 1.999993 -0.050000 -0.211547
v 1.999993 0.050000 -0.211547
v 1.997500 -0.050000 -0.208375
v 1.997500 0.050000 -0.208375
v 1.995007 -0.050000 -0.205182
v 1.995007 0.050000 -0.205182
v 1.992556 -0.050000 -0.202000
v 1.992556 0.050000 -0.202000
v 1.990188 -0.050000 -0.198859
v 1.990188 0.050000 -0.198859
v 1.987945 -0.050000 -0.195792
v 1.987945 0.050000 -0.195792
v 1.985869 -0.050000 -0.192828
v 1.985869 0.050000 -0.192828
v 1.984000 -0.050000 -0.190000
v 1.984000 0.050000 -0.190000
v 1.259000 -0.050000 0.427000
v 1.259000 0.050000 0.427000
v 1.266118 -0.050000 0.424606
v 1.266118 0.050000 0.424606
v 1.273445 -0.050000 0.421931
v 1.273445 0.050000 0.421931
v 1.280938 -0.050000 0.418984
v 1.280938 0.050000 0.418984
v 1.288556 -0.050000 0.415778
v 1.288556 0.050000 0.415778
v 1.296257 -0.050000 0.412321
v 1.296257 0.050000 0.412321
v 1.304000 -0.050000 0.408625
v 1.304000 0.050000 0.408625
v 1.311743 -0.050000 0.404700
v 1.311743 0.050000 0.404700
v 1.319444 -0.050000 0.400556
v 1.319444 0.050000 0.400556
v 1.327062 -0.050000 0.396203
v 1.327062 0.050000 0.396203
v 1.334555 -0.050000 0.391653
v 1.334555 0.050000 0.391653
v 1.341882 -0.050000 0.386915
v 1.341882 0.050000 0.386915
v 1.349000 -0.050000 0.382000
v 1.349000 0.050000 0.382000
v 1.385043 -0.050000 0.357494
v 1.385043 0.050000 0.357494
v 1.415931 -0.050000 0.331032
v 1.415931 0.050000 0.331032
v 1.442047 -0.050000 0.302703
v 1.442047 0.050000 0.302703
v 1.463778 -0.050000 0.272593
v 1.463778 0.050000 0.272593
v 1.481508 -0.050000 0.240788
v 1.481508 0.050000 0.240788
v 1.495625 -0.050000 0.207375
v 1.495625 0.050000 0.207375
v 1.506512 -0.050000 0.172442
v 1.506512 0.050000 0.172442
v 1.514555 -0.050000 0.136074
v 1.514555 0.050000 0.136074
v 1.520140 -0.050000 0.098359
v 1.520140 0.050000 0.098359
v 1.523653 -0.050000 0.059384
v 1.523653 0.050000 0.059384
v 1.525478 -0.050000 0.019235
v 1.525478 0.050000 0.019235
v 1.526000 -0.050000 -0.022000
v 1.526000 0.050000 -0.022000
v 1.525979 -0.050000 -0.027962
v 1.525979 0.050000 -0.027962
v 1.525912 -0.050000 -0.033861
v 1.525912 0.050000 -0.033861
v 1.525797 -0.050000 -0.039719
v 1.525797 0.050000 -0.039719
v 1.525629 -0.050000 -0.045556
v 1.525629 0.050000 -0.045556
v 1.525407 -0.050000 -0.051392
v 1.525407 0.050000 -0.051392
v 1.525125 -0.050000 -0.057250
v 1.525125 0.050000 -0.057250
v 1.524781 -0.050000 -0.063149
v 1.524781 0.050000 -0.063149
v 1.524370 -0.050000 -0.069111
v 1.524370 0.050000 -0.069111
v 1.523891 -0.050000 -0.075156
v 1.523891 0.050000 -0.075156
v 1.523338 -0.050000 -0.081306
v 1.523338 0.050000 -0.081306
v 1.522709 -0.050000 -0.087580
v 1.522709 0.050000 -0.087580
v 1.522000 -0.050000 -0.094000
v 1.522000 0.050000 -0.094000
v 1.612000 -0.050000 -0.094000
v 1.612000 0.050000 -0.094000
v 1.611380 -0.050000 -0.028065
v 1.611380 0.050000 -0.028065
v 1.609042 -0.050000 0.034315
v 1.609042 0.050000 0.034315
v 1.604266 -0.050000 0.093250
v 1.604266 0.050000 0.093250
v 1.596334 -0.050000 0.148852
v 1.596334 0.050000 0.148852
v 1.584526 -0.050000 0.201231
v 1.584526 0.050000 0.201231
v 1.568125 -0.050000 0.250500
v 1.568125 0.050000 0.250500
v 1.546412 -0.050000 0.296768
v 1.546412 0.050000 0.296768
v 1.518667 -0.050000 0.340148
v 1.518667 0.050000 0.340148
v 1.484172 -0.050000 0.380750
v 1.484172 0.050000 0.380750
v 1.442209 -0.050000 0.418685
v 1.442209 0.050000 0.418685
v 1.392058 -0.050000 0.454065
v 1.392058 0.050000 0.454065
v 1.333000 -0.050000 0.487000
v 1.333000 0.050000 0.487000
v 2.345914 -0.050000 0.022000
v 2.345914 0.050000 0.022000
v 2.382148 -0.050000 0.022000
v 2.382148 0.050000 0.022000
v 2.427438 -0.050000 0.022000
v 2.427438 0.050000 0.022000
v 2.479519 -0.050000 0.022000
v 2.479519 0.050000 0.022000
v 2.536127 -0.050000 0.022000
v 2.536127 0.050000 0.022000
v 2.595000 -0.050000 0.022000
v 2.595000 0.050000 0.022000
v 2.653873 -0.050000 0.022000
v 2.653873 0.050000 0.022000
v 2.710481 -0.050000 0.022000
v 2.710481 0.050000 0.022000
v 2.762563 -0.050000 0.022000
v 2.762563 0.050000 0.022000
v 2.807852 -0.050000 0.022000
v 2.807852 0.050000 0.022000
v 2.844086 -0.050000 0.022000
v 2.844086 0.050000 0.022000
v 2.869000 -0.050000 0.022000
v 2.869000 0.050000 0.022000
v 2.881209 -0.050000 0.021940
v 2.881209 0.050000 0.021940
v 2.892833 -0.050000 0.021769
v 2.892833 0.050000 0.021769
v 2.903875 -0.050000 0.021500
v 2.903875 0.050000 0.021500
v 2.914334 -0.050000 0.021148
v 2.914334 0.050000 0.021148
v 2.924208 -0.050000 0.020727
v 2.924208 0.050000 0.020727
v 2.933500 -0.050000 0.020250
v 2.933500 0.050000 0.020250
v 2.942209 -0.050000 0.019731
v 2.942209 0.050000 0.019731
v 2.950333 -0.050000 0.019185
v 2.950333 0.050000 0.019185
v 2.957875 -0.050000 0.018625
v 2.957875 0.050000 0.018625
v 2.964833 -0.050000 0.018065
v 2.964833 0.050000 0.018065
v 2.971208 -0.050000 0.017518
v 2.971208 0.050000 0.017518
v 2.977000 -0.050000 0.017000
v 2.977000 0.050000 0.017000
v 2.977000 -0.050000 0.115000
v 2.977000 0.050000 0.115000
v 2.971553 -0.050000 0.114691
v 2.971553 0.050000 0.114691
v 2.965255 -0.050000 0.114282
v 2.965255 0.050000 0.114282
v 2.958172 -0.050000 0.113797
v 2.958172 0.050000 0.113797
v 2.950370 -0.050000 0.113259
v 2.950370 0.050000 0.113259
v 2.941916 -0.050000 0.112694
v 2.941916 0.050000 0.112694
v 2.932875 -0.050000 0.112125
v 2.932875 0.050000 0.112125
v 2.923313 -0.050000 0.111577
v 2.923313 0.050000 0.111577
v 2.913296 -0.050000 0.111074
v 2.913296 0.050000 0.111074
v 2.902890 -0.050000 0.110641
v 2.902890 0.050000 0.110641
v 2.892162 -0.050000 0.110301
v 2.892162 0.050000 0.110301
v 2.881177 -0.050000 0.110079
v 2.881177 0.050000 0.110079
v 2.870000 -0.050000 0.110000
v 2.870000 0.050000 0.110000
v 2.844875 -0.050000 0.110000
v 2.844875 0.050000 0.110000
v 2.808500 -0.050000 0.110000
v 2.808500 0.050000 0.110000
v 2.763125 -0.050000 0.110000
v 2.763125 0.050000 0.110000
v 2.711000 -0.050000 0.110000
v 2.711000 0.050000 0.110000
v 2.654375 -0.050000 0.110000
v 2.654375 0.050000 0.110000
v 2.595500 -0.050000 0.110000
v 2.595500 0.050000 0.110000
v 2.536625 -0.050000 0.110000
v 2.536625 0.050000 0.110000
v 2.480000 -0.050000 0.110000
v 2.480000 0.050000 0.110000
v 2.427875 -0.050000 0.110000
v 2.427875 0.050000 0.110000
v 2.382500 -0.050000 0.110000
v 2.382500 0.050000 0.110000
v 2.346125 -0.050000 0.110000
v 2.346125 0.050000 0.110000
v 2.321000 -0.050000 0.110000
v 2.321000 0.050000 0.110000
v 2.307304 -0.050000 0.110041
v 2.307304 0.050000 0.110041
v 2.293760 -0.050000 0.110162
v 2.293760 0.050000 0.110162
v 2.280438 -0.050000 0.110359
v 2.280438 0.050000 0.110359
v 2.267408 -0.050000 0.110630
v 2.267408 0.050000 0.110630
v 2.254739 -0.050000 0.110969
v 2.254739 0.050000 0.110969
v 2.242500 -0.050000 0.111375
v 2.242500 0.050000 0.111375
v 2.230762 -0.050000 0.111843
v 2.230762 0.050000 0.111843
v 2.219593 -0.050000 0.112370
v 2.219593 0.050000 0.112370
v 2.209063 -0.050000 0.112953
v 2.209063 0.050000 0.112953
v 2.199241 -0.050000 0.113588
v 2.199241 0.050000 0.113588
v 2.190197 -0.050000 0.114271
v 2.190197 0.050000 0.114271
v 2.182000 -0.050000 0.115000
v 2.182000 0.050000 0.115000
v 2.182000 -0.050000 0.017000
v 2.182000 0.050000 0.017000
v 2.189967 -0.050000 0.017518
v 2.189967 0.050000 0.017518
v 2.198823 -0.050000 0.018065
v 2.198823 0.050000 0.018065
v 2.208499 -0.050000 0.018625
v 2.208499 0.050000 0.018625
v 2.218925 -0.050000 0.019185
v 2.218925 0.050000 0.019185
v 2.230032 -0.050000 0.019731
v 2.230032 0.050000 0.019731
v 2.241750 -0.050000 0.020250
v 2.241750 0.050000 0.020250
v 2.254009 -0.050000 0.020727
v 2.254009 0.050000 0.020727
v 2.266741 -0.050000 0.021148
v 2.266741 0.050000 0.021148
v 2.279875 -0.050000 0.021500
v 2.279875 0.050000 0.021500
v 2.293343 -0.050000 0.021768
v 2.293343 0.050000 0.021768
v 2.307074 -0.050000 0.021940
v 2.307074 0.050000 0.021940
v 2.321000 -0.050000 0.022000
v 2.321000 0.050000 0.022000
v 3.275000 -0.050000 -0.298000
v 3.275000 0.050000 -0.298000
v 3.385000 -0.050000 -0.298000
v 3.385000 0.050000 -0.298000
v 3.383000 -0.050000 -0.180000
v 3.383000 0.050000 -0.180000
v 3.363000 -0.050000 0.208000
v 3.363000 0.050000 0.208000
v 3.297000 -0.050000 0.208000
v 3.297000 0.050000 0.208000
v 3.277000 -0.050000 -0.180000
v 3.277000 0.050000 -0.180000
v 3.266591 -0.050000 0.379279
v 3.266591 0.050000 0.379279
v 3.268311 -0.050000 0.370148
v 3.268311 0.050000 0.370148
v 3.271079 -0.050000 0.361656
v 3.271079 0.050000 0.361656
v 3.274815 -0.050000 0.353852
v 3.274815 0.050000 0.353852
v 3.279441 -0.050000 0.346784
v 3.279441 0.050000 0.346784
v 3.284876 -0.050000 0.340500
v 3.284876 0.050000 0.340500
v 3.291039 -0.050000 0.335050
v 3.291039 0.050000 0.335050
v 3.297852 -0.050000 0.330481
v 3.297852 0.050000 0.330481
v 3.305235 -0.050000 0.326844
v 3.305235 0.050000 0.326844
v 3.313107 -0.050000 0.324185
v 3.313107 0.050000 0.324185
v 3.321388 -0.050000 0.322554
v 3.321388 0.050000 0.322554
v 3.330000 -0.050000 0.322000
v 3.330000 0.050000 0.322000
v 3.338612 -0.050000 0.322554
v 3.338612 0.050000 0.322554
v 3.346894 -0.050000 0.324185
v 3.346894 0.050000 0.324185
v 3.354766 -0.050000 0.326844
v 3.354766 0.050000 0.326844
v 3.362149 -0.050000 0.330481
v 3.362149 0.050000 0.330481
v 3.368962 -0.050000 0.335050
v 3.368962 0.050000 0.335050
v 3.375125 -0.050000 0.340500
v 3.375125 0.050000 0.340500
v 3.380560 -0.050000 0.346784
v 3.380560 0.050000 0.346784
v 3.385185 -0.050000 0.353852
v 3.385185 0.050000 0.353852
v 3.388922 -0.050000 0.361656
v 3.388922 0.050000 0.361656
v 3.391690 -0.050000 0.370148
v 3.391690 0.050000 0.370148
v 3.393409 -0.050000 0.379279
v 3.393409 0.050000 0.379279
v 3.394000 -0.050000 0.389000
v 3.394000 0.050000 0.389000
v 3.393409 -0.050000 0.398701
v 3.393409 0.050000 0.398701
v 3.391690 -0.050000 0.407778
v 3.391690 0.050000 0.407778
v 3.388921 -0.050000 0.416187
v 3.388921 0.050000 0.416187
v 3.385185 -0.050000 0.423889
v 3.385185 0.050000 0.423889
v 3.380559 -0.050000 0.430840
v 3.380559 0.050000 0.430840
v 3.375125 -0.050000 0.437000
v 3.375125 0.050000 0.437000
v 3.368961 -0.050000 0.442326
v 3.368961 0.050000 0.442326
v 3.362148 -0.050000 0.446778
v 3.362148 0.050000 0.446778
v 3.354766 -0.050000 0.450312
v 3.354766 0.050000 0.450312
v 3.346894 -0.050000 0.452889
v 3.346894 0.050000 0.452889
v 3.338612 -0.050000 0.454465
v 3.338612 0.050000 0.454465
v 3.330000 -0.050000 0.455000
v 3.330000 0.050000 0.455000
v 3.321179 -0.050000 0.454465
v 3.321179 0.050000 0.454465
v 3.312760 -0.050000 0.452889
v 3.312760 0.050000 0.452889
v 3.304813 -0.050000 0.450312
v 3.304813 0.050000 0.450312
v 3.297407 -0.050000 0.446778
v 3.297407 0.050000 0.446778
v 3.290613 -0.050000 0.442326
v 3.290613 0.050000 0.442326
v 3.284500 -0.050000 0.437000
v 3.284500 0.050000 0.437000
v 3.279136 -0.050000 0.430840
v 3.279136 0.050000 0.430840
v 3.274593 -0.050000 0.423889
v 3.274593 0.050000 0.423889
v 3.270938 -0.050000 0.416187
v 3.270938 0.050000 0.416187
v 3.268241 -0.050000 0.407778
v 3.268241 0.050000 0.407778
v 3.266572 -0.050000 0.398701
v 3.266572 0.050000 0.398701
v 3.266000 -0.050000 0.389000
v 3.266000 0.050000 0.389000
v 4.275000 -0.050000 -0.298000
v 4.275000 0.050000 -0.298000
v 4.385000 -0.050000 -0.298000
v 4.385000 0.050000 -0.298000
v 4.383000 -0.050000 -0.180000
v 4.383000 0.050000 -0.180000
v 4.363000 -0.050000 0.208000
v 4.363000 0.050000 0.208000
v 4.297000 -0.050000 0.208000
v 4.297000 0.050000 0.208000
v 4.276999 -0.050000 -0.180000
v 4.276999 0.050000 -0.180000
v 4.266591 -0.050000 0.379279
v 4.266591 0.050000 0.379279
v 4.268311 -0.050000 0.370148
v 4.268311 0.050000 0.370148
v 4.271078 -0.050000 0.361656
v 4.271078 0.050000 0.361656
v 4.274815 -0.050000 0.353852
v 4.274815 0.050000 0.353852
v 4.279440 -0.050000 0.346784
v 4.279440 0.050000 0.346784
v 4.284875 -0.050000 0.340500
v 4.284875 0.050000 0.340500
v 4.291039 -0.050000 0.335050
v 4.291039 0.050000 0.335050
v 4.297852 -0.050000 0.330481
v 4.297852 0.050000 0.330481
v 4.305234 -0.050000 0.326844
v 4.305234 0.050000 0.326844
v 4.313107 -0.050000 0.324185
v 4.313107 0.050000 0.324185
v 4.321388 -0.050000 0.322554
v 4.321388 0.050000 0.322554
v 4.330000 -0.050000 0.322000
v 4.330000 0.050000 0.322000
v 4.338612 -0.050000 0.322554
v 4.338612 0.050000 0.322554
v 4.346893 -0.050000 0.324185
v 4.346893 0.050000 0.324185
v 4.354766 -0.050000 0.326844
v 4.354766 0.050000 0.326844
v 4.362148 -0.050000 0.330481
v 4.362148 0.050000 0.330481
v 4.368961 -0.050000 0.335050
v 4.368961 0.050000 0.335050
v 4.375125 -0.050000 0.340500
v 4.375125 0.050000 0.340500
v 4.380560 -0.050000 0.346784
v 4.380560 0.050000 0.346784
v 4.385185 -0.050000 0.353852
v 4.385185 0.050000 0.353852
v 4.388922 -0.050000 0.361656
v 4.388922 0.050000 0.361656
v 4.391689 -0.050000 0.370148
v 4.391689 0.050000 0.370148
v 4.393409 -0.050000 0.379279
v 4.393409 0.050000 0.379279
v 4.394000 -0.050000 0.389000
v 4.394000 0.050000 0.389000
v 4.393409 -0.050000 0.398701
v 4.393409 0.050000 0.398701
v 4.391689 -0.050000 0.407778
v 4.391689 0.050000 0.407778
v 4.388922 -0.050000 0.416187
v 4.388922 0.050000 0.416187
v 4.385185 -0.050000 0.423889
v 4.385185 0.050000 0.423889
v 4.380560 -0.050000 0.430840
v 4.380560 0.050000 0.430840
v 4.375125 -0.050000 0.437000
v 4.375125 0.050000 0.437000
v 4.368961 -0.050000 0.442326
v 4.368961 0.050000 0.442326
v 4.362148 -0.050000 0.446778
v 4.362148 0.050000 0.446778
v 4.354766 -0.050000 0.450312
v 4.354766 0.050000 0.450312
v 4.346893 -0.050000 0.452889
v 4.346893 0.050000 0.452889
v 4.338612 -0.050000 0.454465
v 4.338612 0.050000 0.454465
v 4.330000 -0.050000 0.455000
v 4.330000 0.050000 0.455000
v 4.321179 -0.050000 0.454465
v 4.321179 0.050000 0.454465
v 4.312760 -0.050000 0.452889
v 4.312760 0.050000 0.452889
v 4.304813 -0.050000 0.450312
v 4.304813 0.050000 0.450312
v 4.297408 -0.050000 0.446778
v 4.297408 0.050000 0.446778
v 4.290614 -0.050000 0.442326
v 4.290614 0.050000 0.442326
v 4.284501 -0.050000 0.437000
v 4.284501 0.050000 0.437000
v 4.279138 -0.050000 0.430840
v 4.279138 0.050000 0.430840
v 4.274593 -0.050000 0.423889
v 4.274593 0.050000 0.423889
v 4.270938 -0.050000 0.416187
v 4.270938 0.050000 0.416187
v 4.268241 -0.050000 0.407778
v 4.268241 0.050000 0.407778
v 4.266572 -0.050000 0.398701
v 4.266572 0.050000 0.398701
v 4.266000 -0.050000 0.389000
v 4.266000 0.050000 0.389000
vn -0.0000 1.0000 -0.0000
vn -0.0000 -1.0000 -0.0000
vn -0.0020 1.0000 -0.0000
vn -0.0020 -1.0000 -0.0000
vn -0.8889 -0.0000 0.4580
vn -0.3347 -0.0000 0.9423
vn -0.8839 -0.0000 0.4677
vn -0.8791 -0.0000 0.4766
vn -0.8744 -0.0000 0.4852
vn -0.8697 -0.0000 0.4936
vn -0.8647 -0.0000 0.5023
vn -0.8592 -0.0000 0.5116
vn -0.8532 -0.0000 0.5216
vn -0.8462 -0.0000 0.5329
vn -0.8379 -0.0000 0.5459
vn -0.8277 -0.0000 0.5612
vn -0.9617 -0.0000 -0.2741
vn 0.2774 -0.0000 -0.9607
vn 0.8296 -0.0000 -0.5584
vn 0.8365 -0.0000 -0.5480
vn 0.8423 -0.0000 -0.5390
vn 0.8475 -0.0000 -0.5308
vn 0.8524 -0.0000 -0.5229
vn 0.8571 -0.0000 -0.5151
vn 0.8619 -0.0000 -0.5070
vn 0.8670 -0.0000 -0.4983
vn 0.8725 -0.0000 -0.4886
vn 0.8787 -0.0000 -0.4774
vn 0.8860 -0.0000 -0.4638
vn 0.9430 -0.0000 0.3329
vn -0.8862 -0.0000 0.4634
vn -0.3312 -0.0000 0.9435
vn -0.8819 -0.0000 0.4715
vn -0.8773 -0.0000 0.4800
vn -0.8722 -0.0000 0.4892
vn -0.8665 -0.0000 0.4992
vn -0.8601 -0.0000 0.5101
vn -0.8527 -0.0000 0.5224
vn -0.8440 -0.0000 0.5363
vn -0.8337 -0.0000 0.5522
vn -0.8213 -0.0000 0.5705
vn -0.8059 -0.0000 0.5921
vn -0.9673 -0.0000 -0.2538
vn 0.2741 -0.0000 -0.9617
vn 0.8251 -0.0000 -0.5650
vn 0.8309 -0.0000 -0.5564
vn 0.8360 -0.0000 -0.5488
vn 0.8406 -0.0000 -0.5417
vn 0.8450 -0.0000 -0.5347
vn 0.8495 -0.0000 -0.5276
vn 0.8541 -0.0000 -0.5201
vn 0.8592 -0.0000 -0.5117
vn 0.8649 -0.0000 -0.5020
vn 0.8715 -0.0000 -0.4903
vn 0.8797 -0.0000 -0.4755
vn 0.9450 -0.0000 0.3271
vn 0.8797 -0.0000 -0.4756
vn 0.9454 -0.0000 0.3258
vn 0.9456 -0.0000 0.3252
vn 0.9447 -0.0000 0.3281
vn 0.9434 -0.0000 0.3317
vn 0.9416 -0.0000 0.3367
vn 0.9393 -0.0000 0.3431
vn 0.9365 -0.0000 0.3506
vn 0.9332 -0.0000 0.3594
vn 0.9293 -0.0000 0.3694
vn 0.9248 -0.0000 0.3805
vn 0.9196 -0.0000 0.3928
vn -0.0017 -0.0000 -1.0000
vn -0.0069 -0.0000 -1.0000
vn -0.0137 -0.0000 -0.9999
vn -0.0207 -0.0000 -0.9998
vn -0.0282 -0.0000 -0.9996
vn -0.0363 -0.0000 -0.9993
vn -0.0453 -0.0000 -0.9990
vn -0.0553 -0.0000 -0.9985
vn -0.0668 -0.0000 -0.9978
vn -0.0801 -0.0000 -0.9968
vn -0.0958 -0.0000 -0.9954
vn -0.1145 -0.0000 -0.9934
vn 0.6615 -0.0000 -0.7499
vn 0.6854 -0.0000 0.7282
vn -0.0570 -0.0000 0.9984
vn -0.0506 -0.0000 0.9987
vn -0.0448 -0.0000 0.9990
vn -0.0396 -0.0000 0.9992
vn -0.0349 -0.0000 0.9994
vn -0.0303 -0.0000 0.9995
vn -0.0259 -0.0000 0.9997
vn -0.0215 -0.0000 0.9998
vn -0.0169 -0.0000 0.9999
vn -0.0120 -0.0000 0.9999
vn -0.0064 -0.0000 1.0000
vn -0.0017 -0.0000 1.0000
vn 0.6759 -0.0000 0.7370
vn 0.9929 -0.0000 0.1189
vn 0.9824 -0.0000 0.1868
vn 0.9658 -0.0000 0.2594
vn 0.9420 -0.0000 0.3357
vn 0.9104 -0.0000 0.4138
vn 0.8709 -0.0000 0.4915
vn 0.8240 -0.0000 0.5665
vn 0.7712 -0.0000 0.6366
vn 0.7142 -0.0000 0.7000
vn 0.6552 -0.0000 0.7555
vn 0.5964 -0.0000 0.8027
vn 0.0020 -0.0000 1.0000
vn -0.9938 -0.0000 -0.1109
vn -0.3801 -0.0000 -0.9250
vn -0.9938 -0.0000 -0.1110
vn -0.4043 -0.0000 -0.9146
vn -0.4275 -0.0000 -0.9040
vn -0.4499 -0.0000 -0.8931
vn -0.4719 -0.0000 -0.8816
vn -0.4936 -0.0000 -0.8697
vn -0.5154 -0.0000 -0.8569
vn -0.5375 -0.0000 -0.8433
vn -0.5600 -0.0000 -0.8285
vn -0.5834 -0.0000 -0.8122
vn -0.6078 -0.0000 -0.7941
vn -0.6225 -0.0000 -0.7826
vn -0.6480 -0.0000 -0.7617
vn -0.6945 -0.0000 -0.7195
vn -0.7419 -0.0000 -0.6705
vn -0.7886 -0.0000 -0.6149
vn -0.8330 -0.0000 -0.5533
vn -0.8736 -0.0000 -0.4866
vn -0.9094 -0.0000 -0.4160
vn -0.9393 -0.0000 -0.3432
vn -0.9630 -0.0000 -0.2697
vn -0.9804 -0.0000 -0.1970
vn -0.9920 -0.0000 -0.1265
vn -0.7389 -0.0000 0.6738
vn 0.5075 -0.0000 0.8616
vn 0.8672 -0.0000 0.4980
vn 0.5075 -0.0000 0.8617
vn 0.8525 -0.0000 0.5227
vn 0.8382 -0.0000 0.5454
vn 0.8238 -0.0000 0.5669
vn 0.8090 -0.0000 0.5879
vn 0.7933 -0.0000 0.6089
vn 0.7762 -0.0000 0.6305
vn 0.7571 -0.0000 0.6533
vn 0.7351 -0.0000 0.6780
vn 0.7089 -0.0000 0.7053
vn 0.6768 -0.0000 0.7361
vn 0.0912 -0.0000 0.9958
vn -0.9980 -0.0000 0.0625
vn 0.0911 -0.0000 0.9958
vn -0.6390 -0.0000 -0.7692
vn -0.6821 -0.0000 -0.7312
vn -0.7163 -0.0000 -0.6978
vn -0.7440 -0.0000 -0.6682
vn -0.7668 -0.0000 -0.6419
vn -0.7861 -0.0000 -0.6182
vn -0.8027 -0.0000 -0.5965
vn -0.8173 -0.0000 -0.5762
vn -0.8026 -0.0000 -0.5965
vn -0.8305 -0.0000 -0.5569
vn -0.8430 -0.0000 -0.5380
vn -0.8551 -0.0000 -0.5185
vn -0.8736 -0.0000 -0.4867
vn -0.8909 -0.0000 -0.4542
vn -0.9009 -0.0000 -0.4339
vn -0.9100 -0.0000 -0.4146
vn -0.9182 -0.0000 -0.3961
vn -0.9256 -0.0000 -0.3784
vn -0.9324 -0.0000 -0.3614
vn -0.9385 -0.0000 -0.3451
vn -0.9442 -0.0000 -0.3295
vn -0.9493 -0.0000 -0.3144
vn -0.9540 -0.0000 -0.2997
vn -0.9584 -0.0000 -0.2855
vn -0.9596 -0.0000 -0.2813
vn -0.9616 -0.0000 -0.2743
vn -0.9669 -0.0000 -0.2550
vn -0.9717 -0.0000 -0.2362
vn -0.9760 -0.0000 -0.2179
vn -0.9798 -0.0000 -0.1999
vn -0.9833 -0.0000 -0.1821
vn -0.9864 -0.0000 -0.1646
vn -0.9891 -0.0000 -0.1472
vn -0.9915 -0.0000 -0.1297
vn -0.9937 -0.0000 -0.1122
vn -0.9955 -0.0000 -0.0946
vn -0.9937 -0.0000 -0.1123
vn -0.6018 -0.0000 -0.7986
vn 0.8761 -0.0000 -0.4821
vn 0.9325 -0.0000 0.3613
vn 0.9336 -0.0000 0.3583
vn 0.9346 -0.0000 0.3556
vn 0.9336 -0.0000 0.3584
vn 0.9356 -0.0000 0.3530
vn 0.9366 -0.0000 0.3505
vn 0.9375 -0.0000 0.3479
vn 0.9385 -0.0000 0.3454
vn 0.9394 -0.0000 0.3428
vn 0.9404 -0.0000 0.3401
vn 0.9415 -0.0000 0.3371
vn 0.9426 -0.0000 0.3339
vn 0.9444 -0.0000 0.3288
vn -0.0000 -0.0000 -1.0000
vn -0.0025 -0.0000 -1.0000
vn -0.0098 -0.0000 -1.0000
vn -0.0195 -0.0000 -0.9998
vn -0.0290 -0.0000 -0.9996
vn -0.0381 -0.0000 -0.9993
vn -0.0469 -0.0000 -0.9989
vn -0.0633 -0.0000 -0.9980
vn -0.0706 -0.0000 -0.9975
vn -0.0772 -0.0000 -0.9970
vn -0.0828 -0.0000 -0.9966
vn -0.0873 -0.0000 -0.9962
vn 0.6748 -0.0000 -0.7380
vn 0.6868 -0.0000 0.7268
vn 0.6749 -0.0000 -0.7379
vn -0.0607 -0.0000 0.9982
vn -0.0666 -0.0000 0.9978
vn -0.0686 -0.0000 0.9976
vn -0.0677 -0.0000 0.9977
vn -0.0648 -0.0000 0.9979
vn -0.0600 -0.0000 0.9982
vn -0.0537 -0.0000 0.9986
vn -0.0459 -0.0000 0.9989
vn -0.0366 -0.0000 0.9993
vn -0.0136 -0.0000 0.9999
vn -0.0035 -0.0000 1.0000
vn -0.0000 -0.0000 1.0000
vn 0.0015 -0.0000 1.0000
vn 0.0060 -0.0000 1.0000
vn 0.0119 -0.0000 0.9999
vn 0.0178 -0.0000 0.9998
vn 0.0238 -0.0000 0.9997
vn 0.0300 -0.0000 0.9996
vn 0.0365 -0.0000 0.9993
vn 0.0435 -0.0000 0.9991
vn 0.0512 -0.0000 0.9987
vn 0.0599 -0.0000 0.9982
vn 0.0699 -0.0000 0.9976
vn 0.0819 -0.0000 0.9966
vn -0.6751 -0.0000 0.7378
vn -0.6838 -0.0000 -0.7297
vn -0.6751 -0.0000 0.7377
vn 0.0633 -0.0000 -0.9980
vn 0.0597 -0.0000 -0.9982
vn 0.0557 -0.0000 -0.9984
vn 0.0514 -0.0000 -0.9987
vn 0.0467 -0.0000 -0.9989
vn 0.0415 -0.0000 -0.9991
vn 0.0360 -0.0000 -0.9994
vn 0.0299 -0.0000 -0.9996
vn 0.0234 -0.0000 -0.9997
vn 0.0162 -0.0000 -0.9999
vn 0.0084 -0.0000 -1.0000
vn 0.0022 -0.0000 -1.0000
vn -0.9399 -0.0000 -0.3416
vn -0.9345 -0.0000 -0.3559
vn -0.9435 -0.0000 -0.3315
vn -0.9461 -0.0000 -0.3238
vn -0.9482 -0.0000 -0.3176
vn -0.9499 -0.0000 -0.3124
vn -0.9515 -0.0000 -0.3077
vn -0.9529 -0.0000 -0.3033
vn -0.9544 -0.0000 -0.2986
vn -0.9561 -0.0000 -0.2931
vn -0.9583 -0.0000 -0.2858
vn -0.9642 -0.0000 -0.2650
vn -0.9697 -0.0000 -0.2444
vn -0.9719 -0.0000 -0.2353
vn -0.9697 -0.0000 -0.2443
vn -0.9743 -0.0000 -0.2251
vn -0.9769 -0.0000 -0.2138
vn -0.9795 -0.0000 -0.2014
vn -0.9821 -0.0000 -0.1882
vn -0.9847 -0.0000 -0.1745
vn -0.9870 -0.0000 -0.1606
vn -0.9909 -0.0000 -0.1347
vn -0.9891 -0.0000 -0.1471
vn -0.9923 -0.0000 -0.1238
vn -0.9909 -0.0000 -0.1348
vn -0.5868 -0.0000 -0.8097
vn -0.9923 -0.0000 -0.1239
vn 0.8796 -0.0000 -0.4758
vn 0.9278 -0.0000 0.3731
vn 0.8796 -0.0000 -0.4757
vn 0.9279 -0.0000 0.3729
vn 0.9288 -0.0000 0.3706
vn 0.9279 -0.0000 0.3730
vn 0.9304 -0.0000 0.3665
vn 0.9288 -0.0000 0.3707
vn 0.9327 -0.0000 0.3607
vn 0.9354 -0.0000 0.3535
vn 0.9385 -0.0000 0.3452
vn 0.9419 -0.0000 0.3360
vn 0.9453 -0.0000 0.3263
vn 0.9487 -0.0000 0.3162
vn 0.9521 -0.0000 0.3059
vn 0.9542 -0.0000 0.2992
vn 0.9541 -0.0000 0.2996
vn 0.9530 -0.0000 0.3030
vn 0.9521 -0.0000 0.3058
vn 0.9513 -0.0000 0.3083
vn 0.9504 -0.0000 0.3110
vn 0.9494 -0.0000 0.3139
vn 0.9483 -0.0000 0.3173
vn 0.9469 -0.0000 0.3215
vn 0.9451 -0.0000 0.3268
vn 0.9389 -0.0000 0.3442
vn 0.7932 -0.0000 -0.6089
vn -0.0976 -0.0000 -0.9952
vn 0.7933 -0.0000 -0.6088
vn -0.1003 -0.0000 -0.9950
vn -0.1027 -0.0000 -0.9947
vn -0.1051 -0.0000 -0.9945
vn -0.1076 -0.0000 -0.9942
vn -0.1101 -0.0000 -0.9939
vn -0.1128 -0.0000 -0.9936
vn -0.1159 -0.0000 -0.9933
vn -0.1194 -0.0000 -0.9928
vn -0.1235 -0.0000 -0.9923
vn -0.1287 -0.0000 -0.9917
vn -0.8857 -0.0000 -0.4642
vn -0.8879 -0.0000 0.4601
vn -0.8834 -0.0000 0.4687
vn -0.8785 -0.0000 0.4777
vn -0.8733 -0.0000 0.4872
vn -0.8676 -0.0000 0.4973
vn -0.8611 -0.0000 0.5084
vn -0.8675 -0.0000 0.4974
vn -0.8539 -0.0000 0.5205
vn -0.8455 -0.0000 0.5340
vn -0.8538 -0.0000 0.5205
vn -0.8356 -0.0000 0.5493
vn -0.8239 -0.0000 0.5668
vn -0.8095 -0.0000 0.5872
vn -0.8238 -0.0000 0.5668
vn -0.9684 -0.0000 -0.2494
vn 0.2746 -0.0000 -0.9615
vn 0.8382 -0.0000 -0.5454
vn 0.2746 -0.0000 -0.9616
vn 0.8496 -0.0000 -0.5275
vn 0.8584 -0.0000 -0.5129
vn 0.8658 -0.0000 -0.5004
vn 0.8723 -0.0000 -0.4890
vn 0.8783 -0.0000 -0.4781
vn 0.8842 -0.0000 -0.4671
vn 0.8903 -0.0000 -0.4554
vn 0.8970 -0.0000 -0.4421
vn 0.9047 -0.0000 -0.4260
vn 0.9143 -0.0000 -0.4051
vn 0.9320 -0.0000 0.3625
vn -0.3869 -0.0000 0.9221
vn -0.9373 -0.0000 0.3484
vn -0.3870 -0.0000 0.9221
vn -0.9342 -0.0000 0.3567
vn -0.9312 -0.0000 0.3644
vn -0.9283 -0.0000 0.3718
vn -0.9254 -0.0000 0.3789
vn -0.9226 -0.0000 0.3857
vn -0.9255 -0.0000 0.3789
vn -0.9198 -0.0000 0.3924
vn -0.9170 -0.0000 0.3990
vn -0.9141 -0.0000 0.4055
vn -0.9112 -0.0000 0.4120
vn -0.9141 -0.0000 0.4054
vn -0.9082 -0.0000 0.4184
vn -0.9112 -0.0000 0.4119
vn -0.4836 -0.0000 0.8753
vn -0.9083 -0.0000 0.4184
vn 0.1235 -0.0000 0.9923
vn 0.1195 -0.0000 0.9928
vn 0.1166 -0.0000 0.9932
vn 0.1141 -0.0000 0.9935
vn 0.1120 -0.0000 0.9937
vn 0.1100 -0.0000 0.9939
vn 0.1079 -0.0000 0.9942
vn 0.1058 -0.0000 0.9944
vn 0.1032 -0.0000 0.9947
vn 0.1000 -0.0000 0.9950
vn 0.0956 -0.0000 0.9954
vn 0.0905 -0.0000 0.9959
vn 0.1091 -0.0000 0.9940
vn 0.1203 -0.0000 0.9927
vn 0.1292 -0.0000 0.9916
vn 0.1361 -0.0000 0.9907
vn 0.1411 -0.0000 0.9900
vn 0.1444 -0.0000 0.9895
vn 0.1460 -0.0000 0.9893
vn 0.1412 -0.0000 0.9900
vn -0.5937 -0.0000 0.8047
vn -0.7523 -0.0000 -0.6588
vn 0.0224 -0.0000 -0.9997
vn 0.0127 -0.0000 -0.9999
vn 0.0041 -0.0000 -1.0000
vn -0.0034 -0.0000 -1.0000
vn -0.0099 -0.0000 -1.0000
vn -0.0156 -0.0000 -0.9999
vn -0.0205 -0.0000 -0.9998
vn -0.0247 -0.0000 -0.9997
vn -0.0309 -0.0000 -0.9995
vn -0.0330 -0.0000 -0.9995
vn -0.5883 -0.0000 -0.8087
vn -0.0047 -0.0000 -1.0000
vn 0.8649 -0.0000 -0.5019
vn -0.0196 -0.0000 -0.9998
vn -0.0409 -0.0000 -0.9992
vn -0.0641 -0.0000 -0.9979
vn -0.0896 -0.0000 -0.9960
vn -0.1176 -0.0000 -0.9931
vn -0.1482 -0.0000 -0.9890
vn -0.1175 -0.0000 -0.9931
vn -0.1818 -0.0000 -0.9833
vn -0.2186 -0.0000 -0.9758
vn -0.2588 -0.0000 -0.9659
vn -0.3026 -0.0000 -0.9531
vn -0.3502 -0.0000 -0.9367
vn 0.0824 -0.0000 -0.9966
vn 0.9669 -0.0000 -0.2551
vn 0.8803 -0.0000 0.4745
vn 0.8900 -0.0000 0.4559
vn 0.8981 -0.0000 0.4397
vn 0.9052 -0.0000 0.4251
vn 0.8981 -0.0000 0.4398
vn 0.9114 -0.0000 0.4115
vn 0.9051 -0.0000 0.4252
vn 0.9173 -0.0000 0.3983
vn 0.9114 -0.0000 0.4116
vn 0.9229 -0.0000 0.3850
vn 0.9285 -0.0000 0.3712
vn 0.9229 -0.0000 0.3851
vn 0.9343 -0.0000 0.3564
vn 0.9285 -0.0000 0.3713
vn 0.9405 -0.0000 0.3399
vn 0.9343 -0.0000 0.3565
vn 0.9472 -0.0000 0.3206
vn 0.9559 -0.0000 0.2936
vn 0.9472 -0.0000 0.3207
vn 0.9556 -0.0000 0.2945
vn 0.9559 -0.0000 0.2938
vn 0.9331 -0.0000 0.3595
vn 0.9210 -0.0000 0.3896
vn 0.9080 -0.0000 0.4190
vn 0.8940 -0.0000 0.4481
vn 0.8787 -0.0000 0.4774
vn 0.8618 -0.0000 0.5072
vn 0.8431 -0.0000 0.5377
vn 0.8221 -0.0000 0.5693
vn 0.7984 -0.0000 0.6022
vn 0.7732 -0.0000 0.6342
vn 0.7467 -0.0000 0.6652
vn 0.7173 -0.0000 0.6967
vn 0.6852 -0.0000 0.7284
vn 0.6506 -0.0000 0.7595
vn 0.6139 -0.0000 0.7894
vn 0.6506 -0.0000 0.7594
vn 0.5757 -0.0000 0.8177
vn 0.5365 -0.0000 0.8439
vn 0.5756 -0.0000 0.8177
vn 0.4969 -0.0000 0.8678
vn 0.5364 -0.0000 0.8439
vn 0.4574 -0.0000 0.8892
vn 0.4187 -0.0000 0.9081
vn 0.3810 -0.0000 0.9246
vn -0.1807 -0.0000 0.9835
vn -0.9776 -0.0000 -0.2107
vn -0.1808 -0.0000 0.9835
vn -0.3270 -0.0000 -0.9450
vn -0.3714 -0.0000 -0.9285
vn -0.4160 -0.0000 -0.9094
vn -0.4603 -0.0000 -0.8878
vn -0.5039 -0.0000 -0.8637
vn -0.5464 -0.0000 -0.8375
vn -0.5874 -0.0000 -0.8093
vn -0.6265 -0.0000 -0.7794
vn -0.6633 -0.0000 -0.7483
vn -0.6977 -0.0000 -0.7164
vn -0.6634 -0.0000 -0.7483
vn -0.7295 -0.0000 -0.6840
vn -0.7617 -0.0000 -0.6479
vn -0.7926 -0.0000 -0.6097
vn -0.8185 -0.0000 -0.5746
vn -0.8408 -0.0000 -0.5414
vn -0.8604 -0.0000 -0.5096
vn -0.8408 -0.0000 -0.5413
vn -0.8780 -0.0000 -0.4787
vn -0.8940 -0.0000 -0.4481
vn -0.9088 -0.0000 -0.4172
vn -0.9228 -0.0000 -0.3853
vn -0.9362 -0.0000 -0.3514
vn -0.9493 -0.0000 -0.3143
vn -0.9622 -0.0000 -0.2725
vn -0.7906 -0.0000 0.6123
vn 0.4516 -0.0000 0.8922
vn 0.7977 -0.0000 0.6030
vn 0.4515 -0.0000 0.8922
vn 0.7810 -0.0000 0.6246
vn 0.7977 -0.0000 0.6031
vn 0.7634 -0.0000 0.6459
vn 0.7449 -0.0000 0.6672
vn 0.7254 -0.0000 0.6883
vn 0.7049 -0.0000 0.7093
vn 0.6832 -0.0000 0.7302
vn 0.6604 -0.0000 0.7509
vn 0.6364 -0.0000 0.7714
vn 0.6110 -0.0000 0.7916
vn 0.5843 -0.0000 0.8115
vn -0.0193 -0.0000 0.9998
vn -0.9993 -0.0000 -0.0381
vn -0.5638 -0.0000 -0.8259
vn -0.6104 -0.0000 -0.7921
vn -0.6532 -0.0000 -0.7572
vn -0.6921 -0.0000 -0.7218
vn -0.7276 -0.0000 -0.6860
vn -0.7597 -0.0000 -0.6503
vn -0.7888 -0.0000 -0.6146
vn -0.8153 -0.0000 -0.5790
vn -0.8395 -0.0000 -0.5433
vn -0.8618 -0.0000 -0.5073
vn -0.8826 -0.0000 -0.4702
vn -0.8825 -0.0000 -0.4703
vn -0.8802 -0.0000 -0.4746
vn -0.8939 -0.0000 -0.4483
vn -0.9046 -0.0000 -0.4264
vn -0.8939 -0.0000 -0.4482
vn -0.9134 -0.0000 -0.4071
vn -0.9046 -0.0000 -0.4263
vn -0.9212 -0.0000 -0.3890
vn -0.9134 -0.0000 -0.4070
vn -0.9285 -0.0000 -0.3713
vn -0.9213 -0.0000 -0.3889
vn -0.9355 -0.0000 -0.3532
vn -0.9426 -0.0000 -0.3340
vn -0.9498 -0.0000 -0.3127
vn -0.9575 -0.0000 -0.2883
vn -0.9658 -0.0000 -0.2593
vn -0.4851 -0.0000 -0.8745
vn 0.9413 -0.0000 -0.3376
vn -0.4850 -0.0000 -0.8745
vn 0.8461 -0.0000 0.5331
vn 0.8537 -0.0000 0.5208
vn 0.8600 -0.0000 0.5103
vn 0.8652 -0.0000 0.5014
vn 0.8696 -0.0000 0.4937
vn 0.8733 -0.0000 0.4871
vn 0.8765 -0.0000 0.4815
vn 0.8791 -0.0000 0.4767
vn 0.8812 -0.0000 0.4727
vn 0.8829 -0.0000 0.4695
vn 0.8842 -0.0000 0.4672
vn 0.8766 -0.0000 0.4813
vn 0.8841 -0.0000 0.4672
vn 0.8765 -0.0000 0.4813
vn 1.0000 -0.0000 -0.0000
vn 1.0000 -0.0000 0.0061
vn 0.9996 -0.0000 0.0267
vn 0.9982 -0.0000 0.0593
vn 0.9950 -0.0000 0.0999
vn 0.9888 -0.0000 0.1493
vn 0.9781 -0.0000 0.2079
vn 0.9615 -0.0000 0.2750
vn 0.9614 -0.0000 0.2750
vn 0.9064 -0.0000 0.4225
vn 0.8700 -0.0000 0.4931
vn 0.9064 -0.0000 0.4224
vn 0.8320 -0.0000 0.5548
vn 0.7968 -0.0000 0.6042
vn 0.7617 -0.0000 0.6479
vn 0.7172 -0.0000 0.6969
vn 0.7618 -0.0000 0.6479
vn 0.6663 -0.0000 0.7457
vn 0.6174 -0.0000 0.7867
vn 0.5712 -0.0000 0.8208
vn 0.5283 -0.0000 0.8490
vn 0.4888 -0.0000 0.8724
vn 0.4529 -0.0000 0.8916
vn 0.4204 -0.0000 0.9073
vn 0.3913 -0.0000 0.9202
vn 0.3657 -0.0000 0.9307
vn 0.3434 -0.0000 0.9392
vn -0.2356 -0.0000 0.9719
vn -0.9619 -0.0000 -0.2733
vn -0.2752 -0.0000 -0.9614
vn -0.9619 -0.0000 -0.2734
vn -0.3098 -0.0000 -0.9508
vn -0.3469 -0.0000 -0.9379
vn -0.3863 -0.0000 -0.9224
vn -0.4279 -0.0000 -0.9038
vn -0.4715 -0.0000 -0.8819
vn -0.5167 -0.0000 -0.8561
vn -0.5632 -0.0000 -0.8263
vn -0.6575 -0.0000 -0.7534
vn -0.7039 -0.0000 -0.7102
vn -0.7550 -0.0000 -0.6557
vn -0.7039 -0.0000 -0.7103
vn -0.8058 -0.0000 -0.5921
vn -0.8517 -0.0000 -0.5240
vn -0.8945 -0.0000 -0.4471
vn -0.9305 -0.0000 -0.3663
vn -0.9578 -0.0000 -0.2874
vn -0.9765 -0.0000 -0.2154
vn -0.9881 -0.0000 -0.1537
vn -0.9946 -0.0000 -0.1034
vn -0.9881 -0.0000 -0.1536
vn -0.9979 -0.0000 -0.0643
vn -0.9994 -0.0000 -0.0352
vn -0.9999 -0.0000 -0.0146
vn -1.0000 -0.0000 -0.0031
vn -1.0000 -0.0000 -0.0000
vn -1.0000 -0.0000 0.0024
vn -1.0000 -0.0000 0.0099
vn -1.0000 -0.0000 0.0025
vn -0.9998 -0.0000 0.0199
vn -0.9995 -0.0000 0.0301
vn -0.9992 -0.0000 0.0403
vn -0.9995 -0.0000 0.0300
vn -0.9987 -0.0000 0.0505
vn -0.9992 -0.0000 0.0402
vn -0.9982 -0.0000 0.0607
vn -0.9975 -0.0000 0.0710
vn -0.9982 -0.0000 0.0608
vn -0.9967 -0.0000 0.0810
vn -0.9975 -0.0000 0.0709
vn -0.9959 -0.0000 0.0909
vn -0.9949 -0.0000 0.1006
vn -0.9939 -0.0000 0.1100
vn -0.9949 -0.0000 0.1005
vn -0.7466 -0.0000 -0.6653
vn -0.9939 -0.0000 0.1099
vn 0.7333 -0.0000 -0.6799
vn -0.7465 -0.0000 -0.6654
vn 0.9974 -0.0000 0.0716
vn 0.7334 -0.0000 -0.6798
vn 0.9980 -0.0000 0.0638
vn 0.9974 -0.0000 0.0717
vn 0.9984 -0.0000 0.0562
vn 0.9980 -0.0000 0.0637
vn 0.9988 -0.0000 0.0487
vn 0.9984 -0.0000 0.0561
vn 0.9991 -0.0000 0.0416
vn 0.9988 -0.0000 0.0488
vn 0.9994 -0.0000 0.0348
vn 0.9991 -0.0000 0.0417
vn 0.9996 -0.0000 0.0283
vn 0.9998 -0.0000 0.0221
vn 0.9996 -0.0000 0.0282
vn 0.9999 -0.0000 0.0161
vn 0.9998 -0.0000 0.0220
vn 0.9999 -0.0000 0.0104
vn 1.0000 -0.0000 0.0051
vn 1.0000 -0.0000 0.0012
vn 1.0000 -0.0000 0.0013
vn 1.0000 -0.0000 -0.0032
vn 0.9999 -0.0000 -0.0119
vn 1.0000 -0.0000 -0.0031
vn 0.9998 -0.0000 -0.0223
vn 0.9995 -0.0000 -0.0316
vn 0.9997 -0.0000 -0.0225
vn 0.9992 -0.0000 -0.0399
vn 0.9989 -0.0000 -0.0475
vn 0.9985 -0.0000 -0.0550
vn 0.9981 -0.0000 -0.0623
vn 0.9985 -0.0000 -0.0549
vn 0.9976 -0.0000 -0.0698
vn 0.9981 -0.0000 -0.0622
vn 0.9970 -0.0000 -0.0778
vn 0.9976 -0.0000 -0.0697
vn 0.9962 -0.0000 -0.0868
vn 0.9952 -0.0000 -0.0975
vn 0.9962 -0.0000 -0.0869
vn 0.7428 -0.0000 0.6695
vn 0.9952 -0.0000 -0.0976
vn -0.7502 -0.0000 0.6612
vn 0.7427 -0.0000 0.6696
vn -0.9928 -0.0000 -0.1201
vn -0.7503 -0.0000 0.6611
vn -0.9940 -0.0000 -0.1097
vn -0.9927 -0.0000 -0.1202
vn -0.9950 -0.0000 -0.1003
vn -0.9940 -0.0000 -0.1098
vn -0.9958 -0.0000 -0.0914
vn -0.9950 -0.0000 -0.1004
vn -0.9966 -0.0000 -0.0823
vn -0.9958 -0.0000 -0.0913
vn -0.9973 -0.0000 -0.0730
vn -0.9980 -0.0000 -0.0634
vn -0.9973 -0.0000 -0.0731
vn -0.9986 -0.0000 -0.0530
vn -0.9980 -0.0000 -0.0633
vn -0.9991 -0.0000 -0.0416
vn -0.9996 -0.0000 -0.0292
vn -0.9991 -0.0000 -0.0417
vn -0.9999 -0.0000 -0.0154
vn -1.0000 -0.0000 -0.0040
vn -0.9999 -0.0000 -0.0153
vn -1.0000 -0.0000 0.0042
vn -0.9999 -0.0000 0.0149
vn -0.9997 -0.0000 0.0264
vn -0.9999 -0.0000 0.0150
vn -0.9994 -0.0000 0.0356
vn -0.9996 -0.0000 0.0266
vn -0.9991 -0.0000 0.0432
vn -0.9988 -0.0000 0.0498
vn -0.9991 -0.0000 0.0431
vn -0.9984 -0.0000 0.0560
vn -0.9988 -0.0000 0.0497
vn -0.9981 -0.0000 0.0620
vn -0.9977 -0.0000 0.0683
vn -0.9972 -0.0000 0.0752
vn -0.9977 -0.0000 0.0682
vn -0.9966 -0.0000 0.0830
vn -0.9972 -0.0000 0.0751
vn -0.9957 -0.0000 0.0926
vn -0.9965 -0.0000 0.0830
vn -0.7410 -0.0000 -0.6715
vn 0.7417 -0.0000 -0.6707
vn -0.7409 -0.0000 -0.6716
vn 0.9954 -0.0000 0.0963
vn 0.9961 -0.0000 0.0884
vn 0.9954 -0.0000 0.0962
vn 0.9967 -0.0000 0.0810
vn 0.9961 -0.0000 0.0883
vn 0.9973 -0.0000 0.0738
vn 0.9978 -0.0000 0.0666
vn 0.9973 -0.0000 0.0739
vn 0.9982 -0.0000 0.0592
vn 0.9978 -0.0000 0.0667
vn 0.9987 -0.0000 0.0514
vn 0.9991 -0.0000 0.0431
vn 0.9994 -0.0000 0.0341
vn 0.9997 -0.0000 0.0241
vn 0.9999 -0.0000 0.0127
vn 0.9997 -0.0000 0.0239
vn 1.0000 -0.0000 0.0033
vn 1.0000 -0.0000 0.0034
vn 0.8298 -0.0000 0.5581
vn 0.8454 -0.0000 0.5341
vn 0.8143 -0.0000 0.5805
vn 0.7982 -0.0000 0.6024
vn 0.7809 -0.0000 0.6247
vn 0.7982 -0.0000 0.6025
vn 0.7618 -0.0000 0.6478
vn 0.7405 -0.0000 0.6721
vn 0.7161 -0.0000 0.6980
vn 0.6879 -0.0000 0.7258
vn 0.6547 -0.0000 0.7559
vn 0.6878 -0.0000 0.7259
vn 0.6154 -0.0000 0.7882
vn -0.0204 -0.0000 0.9998
vn -0.9982 -0.0000 -0.0593
vn -0.5556 -0.0000 -0.8315
vn -0.6025 -0.0000 -0.7981
vn -0.6412 -0.0000 -0.7674
vn -0.6741 -0.0000 -0.7387
vn -0.6412 -0.0000 -0.7673
vn -0.7027 -0.0000 -0.7115
vn -0.7285 -0.0000 -0.6851
vn -0.7524 -0.0000 -0.6587
vn -0.7756 -0.0000 -0.6312
vn -0.7990 -0.0000 -0.6013
vn -0.8238 -0.0000 -0.5669
vn -0.7990 -0.0000 -0.6014
vn -0.8515 -0.0000 -0.5243
vn -0.8661 -0.0000 0.4999
vn 0.0022 -0.0000 1.0000
vn 0.0090 -0.0000 1.0000
vn 0.0266 -0.0000 0.9996
vn 0.0354 -0.0000 0.9994
vn 0.0440 -0.0000 0.9990
vn 0.0525 -0.0000 0.9986
vn 0.0610 -0.0000 0.9981
vn 0.0526 -0.0000 0.9986
vn 0.0694 -0.0000 0.9976
vn 0.0777 -0.0000 0.9970
vn 0.0859 -0.0000 0.9963
vn 0.0940 -0.0000 0.9956
vn -0.6716 -0.0000 0.7410
vn -0.6570 -0.0000 -0.7539
vn -0.6716 -0.0000 0.7409
vn 0.1322 -0.0000 -0.9912
vn 0.1229 -0.0000 -0.9924
vn 0.1134 -0.0000 -0.9935
vn 0.1037 -0.0000 -0.9946
vn 0.0936 -0.0000 -0.9956
vn 0.0829 -0.0000 -0.9966
vn 0.0716 -0.0000 -0.9974
vn 0.0596 -0.0000 -0.9982
vn 0.0717 -0.0000 -0.9974
vn 0.0465 -0.0000 -0.9989
vn 0.0324 -0.0000 -0.9995
vn 0.0169 -0.0000 -0.9999
vn 0.0044 -0.0000 -1.0000
vn -0.0060 -0.0000 -1.0000
vn -0.0215 -0.0000 -0.9998
vn -0.0384 -0.0000 -0.9993
vn -0.0519 -0.0000 -0.9987
vn -0.0636 -0.0000 -0.9980
vn -0.0742 -0.0000 -0.9972
vn -0.0847 -0.0000 -0.9964
vn -0.0954 -0.0000 -0.9954
vn -0.1073 -0.0000 -0.9942
vn -0.1212 -0.0000 -0.9926
vn -0.1388 -0.0000 -0.9903
vn -0.1628 -0.0000 -0.9867
vn -0.1387 -0.0000 -0.9903
vn 0.2892 -0.0000 -0.9573
vn -0.1627 -0.0000 -0.9867
vn 0.9958 -0.0000 -0.0914
vn 0.8064 -0.0000 0.5913
vn 0.7970 -0.0000 0.6040
vn 0.7908 -0.0000 0.6120
vn 0.7970 -0.0000 0.6039
vn 0.7874 -0.0000 0.6164
vn 0.7910 -0.0000 0.6119
vn 0.7863 -0.0000 0.6178
vn 0.7872 -0.0000 0.6166
vn 0.7862 -0.0000 0.6179
vn 0.7902 -0.0000 0.6128
vn 0.7872 -0.0000 0.6167
vn 0.7953 -0.0000 0.6062
vn 0.7902 -0.0000 0.6129
vn 0.8028 -0.0000 0.5962
vn 0.7954 -0.0000 0.6061
vn 0.8131 -0.0000 0.5821
vn 0.8029 -0.0000 0.5960
vn 0.8268 -0.0000 0.5626
vn 0.8132 -0.0000 0.5820
vn 0.8440 -0.0000 0.5363
vn -0.3309 -0.0000 -0.9436
vn -0.9841 -0.0000 -0.1775
vn -0.9841 -0.0000 -0.1774
vn -0.3545 -0.0000 -0.9350
vn -0.3309 -0.0000 -0.9437
vn -0.3770 -0.0000 -0.9262
vn -0.3545 -0.0000 -0.9351
vn -0.3988 -0.0000 -0.9171
vn -0.3769 -0.0000 -0.9262
vn -0.4202 -0.0000 -0.9075
vn -0.3987 -0.0000 -0.9171
vn -0.4415 -0.0000 -0.8973
vn -0.4202 -0.0000 -0.9074
vn -0.4630 -0.0000 -0.8863
vn -0.4415 -0.0000 -0.8972
vn -0.4631 -0.0000 -0.8863
vn -0.5076 -0.0000 -0.8616
vn -0.5311 -0.0000 -0.8473
vn -0.5557 -0.0000 -0.8314
vn -0.5652 -0.0000 -0.8249
vn -0.6074 -0.0000 -0.7944
vn -0.6941 -0.0000 -0.7199
vn -0.7744 -0.0000 -0.6326
vn -0.8436 -0.0000 -0.5370
vn -0.8986 -0.0000 -0.4387
vn -0.9391 -0.0000 -0.3438
vn -0.9664 -0.0000 -0.2570
vn -0.9834 -0.0000 -0.1813
vn -0.9930 -0.0000 -0.1182
vn -0.9834 -0.0000 -0.1814
vn -0.9977 -0.0000 -0.0676
vn -0.9996 -0.0000 -0.0290
vn -1.0000 -0.0000 -0.0046
vn -1.0000 -0.0000 0.0074
vn -1.0000 -0.0000 -0.0044
vn -0.9999 -0.0000 0.0155
vn -1.0000 -0.0000 0.0076
vn -0.9997 -0.0000 0.0242
vn -0.9999 -0.0000 0.0154
vn -0.9994 -0.0000 0.0334
vn -0.9994 -0.0000 0.0335
vn -0.9986 -0.0000 0.0530
vn -0.9980 -0.0000 0.0634
vn -0.9986 -0.0000 0.0532
vn -0.9973 -0.0000 0.0739
vn -0.9980 -0.0000 0.0635
vn -0.9964 -0.0000 0.0844
vn -0.9973 -0.0000 0.0738
vn -0.9955 -0.0000 0.0946
vn -0.9964 -0.0000 0.0842
vn -0.9945 -0.0000 0.1048
vn -0.7450 -0.0000 -0.6671
vn -0.9945 -0.0000 0.1047
vn 0.7104 -0.0000 -0.7038
vn -0.7448 -0.0000 -0.6672
vn 0.9997 -0.0000 0.0234
vn 0.9983 -0.0000 0.0591
vn 0.9938 -0.0000 0.1110
vn 0.9982 -0.0000 0.0591
vn 0.9835 -0.0000 0.1807
vn 0.9938 -0.0000 0.1111
vn 0.9634 -0.0000 0.2682
vn 0.9286 -0.0000 0.3710
vn 0.8757 -0.0000 0.4829
vn 0.8041 -0.0000 0.5945
vn 0.8757 -0.0000 0.4828
vn 0.7179 -0.0000 0.6961
vn 0.6247 -0.0000 0.7809
vn 0.5325 -0.0000 0.8464
vn -0.0862 -0.0000 0.9963
vn 0.0820 -0.0000 0.9966
vn 0.7131 -0.0000 -0.7011
vn -0.7131 -0.0000 -0.7011
vn 0.9994 -0.0000 0.0342
vn 0.6887 -0.0000 0.7251
vn -0.6887 -0.0000 0.7251
vn -0.9994 -0.0000 0.0342
vn -0.9688 -0.0000 -0.2480
vn -0.9924 -0.0000 -0.1231
vn -0.9924 -0.0000 -0.1232
vn -0.9284 -0.0000 -0.3717
vn -0.8712 -0.0000 -0.4909
vn -0.7983 -0.0000 -0.6022
vn -0.8713 -0.0000 -0.4908
vn -0.7110 -0.0000 -0.7032
vn -0.6110 -0.0000 -0.7916
vn -0.5006 -0.0000 -0.8657
vn -0.3818 -0.0000 -0.9242
vn -0.5005 -0.0000 -0.8657
vn -0.2571 -0.0000 -0.9664
vn -0.1290 -0.0000 -0.9916
vn -0.2572 -0.0000 -0.9664
vn 0.1290 -0.0000 -0.9916
vn 0.2571 -0.0000 -0.9664
vn 0.3818 -0.0000 -0.9242
vn 0.2572 -0.0000 -0.9664
vn 0.5006 -0.0000 -0.8657
vn 0.6110 -0.0000 -0.7916
vn 0.7110 -0.0000 -0.7032
vn 0.7984 -0.0000 -0.6022
vn 0.8713 -0.0000 -0.4908
vn 0.7983 -0.0000 -0.6023
vn 0.9284 -0.0000 -0.3717
vn 0.9687 -0.0000 -0.2480
vn 0.9284 -0.0000 -0.3716
vn 0.9924 -0.0000 -0.1231
vn 0.9688 -0.0000 -0.2480
vn 1.0000 -0.0000 0.0001
vn 0.9923 -0.0000 0.1237
vn 0.9683 -0.0000 0.2498
vn 0.9923 -0.0000 0.1238
vn 0.9269 -0.0000 0.3753
vn 0.9682 -0.0000 0.2500
vn 0.8681 -0.0000 0.4964
vn 0.9268 -0.0000 0.3755
vn 0.7930 -0.0000 0.6092
vn 0.7035 -0.0000 0.7107
vn 0.6018 -0.0000 0.7987
vn 0.7034 -0.0000 0.7108
vn 0.4905 -0.0000 0.8715
vn 0.6017 -0.0000 0.7987
vn 0.3722 -0.0000 0.9281
vn 0.2495 -0.0000 0.9684
vn 0.1247 -0.0000 0.9922
vn 0.0007 -0.0000 1.0000
vn -0.1225 -0.0000 0.9925
vn -0.2467 -0.0000 0.9691
vn -0.3704 -0.0000 0.9289
vn -0.4905 -0.0000 0.8714
vn -0.6039 -0.0000 0.7971
vn -0.7072 -0.0000 0.7070
vn -0.7975 -0.0000 0.6033
vn -0.8723 -0.0000 0.4890
vn -0.9299 -0.0000 0.3678
vn -0.8722 -0.0000 0.4891
vn -0.9699 -0.0000 0.2436
vn -0.9299 -0.0000 0.3679
vn -0.9928 -0.0000 0.1201
vn -1.0000 -0.0000 -0.0009
vn -0.9688 -0.0000 -0.2479
vn -0.9284 -0.0000 -0.3716
vn -0.7983 -0.0000 -0.6023
vn -0.7984 -0.0000 -0.6022
vn -0.3819 -0.0000 -0.9242
vn -0.3818 -0.0000 -0.9243
vn 0.3818 -0.0000 -0.9243
vn 0.5005 -0.0000 -0.8657
vn 0.3819 -0.0000 -0.9242
vn 0.9924 -0.0000 -0.1232
vn 0.9683 -0.0000 0.2499
vn 0.9268 -0.0000 0.3754
vn 0.8681 -0.0000 0.4963
vn 0.7931 -0.0000 0.6091
vn 0.4905 -0.0000 0.8714
vn 0.3723 -0.0000 0.9281
vn 0.4904 -0.0000 0.8715
vn -0.7974 -0.0000 0.6034
vt 1.000000 0.000000
vt 0.924528 0.000000
vt 0.905660 0.000000
vt 0.943396 0.000000
vt 0.981132 0.000000
vt 0.962264 0.000000
vt 0.188679 0.000000
vt 0.226415 0.000000
vt 0.207547 0.000000
vt 0.169811 0.000000
vt 0.245283 0.000000
vt 0.150943 0.000000
vt 0.264151 0.000000
vt 0.132075 0.000000
vt 0.283019 0.000000
vt 0.113208 0.000000
vt 0.301887 0.000000
vt 0.094340 0.000000
vt 0.320755 0.000000
vt 0.075472 0.000000
vt 0.339623 0.000000
vt 0.056604 0.000000
vt 0.358491 0.000000
vt 0.037736 0.000000
vt 0.377358 0.000000
vt 0.018868 0.000000
vt 0.396226 0.000000
vt 0.000000 0.000000
vt 0.415094 0.000000
vt 0.433962 0.000000
vt 0.886792 0.000000
vt 0.867925 0.000000
vt 0.452830 0.000000
vt 0.471698 0.000000
vt 0.849057 0.000000
vt 0.490566 0.000000
vt 0.830189 0.000000
vt 0.509434 0.000000
vt 0.811321 0.000000
vt 0.528302 0.000000
vt 0.792453 0.000000
vt 0.547170 0.000000
vt 0.773585 0.000000
vt 0.566038 0.000000
vt 0.754717 0.000000
vt 0.735849 0.000000
vt 0.584906 0.000000
vt 0.716981 0.000000
vt 0.603774 0.000000
vt 0.698113 0.000000
vt 0.622642 0.000000
vt 0.679245 0.000000
vt 0.641509 0.000000
vt 0.660377 0.000000
vt 0.821918 0.000000
vt 0.849315 0.000000
vt 0.835616 0.000000
vt 0.301370 0.000000
vt 0.328767 0.000000
vt 0.315068 0.000000
vt 0.863014 0.000000
vt 0.287671 0.000000
vt 0.876712 0.000000
vt 0.273973 0.000000
vt 0.890411 0.000000
vt 0.260274 0.000000
vt 0.904110 0.000000
vt 0.246575 0.000000
vt 0.917808 0.000000
vt 0.232877 0.000000
vt 0.931507 0.000000
vt 0.219178 0.000000
vt 0.945205 0.000000
vt 0.205479 0.000000
vt 0.958904 0.000000
vt 0.191781 0.000000
vt 0.972603 0.000000
vt 0.178082 0.000000
vt 0.986301 0.000000
vt 0.164384 0.000000
vt 0.150685 0.000000
vt 0.013699 0.000000
vt 0.027397 0.000000
vt 0.041096 0.000000
vt 0.054795 0.000000
vt 0.068493 0.000000
vt 0.082192 0.000000
vt 0.095890 0.000000
vt 0.109589 0.000000
vt 0.123288 0.000000
vt 0.136986 0.000000
vt 0.808219 0.000000
vt 0.794521 0.000000
vt 0.780822 0.000000
vt 0.767123 0.000000
vt 0.753425 0.000000
vt 0.739726 0.000000
vt 0.726027 0.000000
vt 0.712329 0.000000
vt 0.698630 0.000000
vt 0.684932 0.000000
vt 0.671233 0.000000
vt 0.657534 0.000000
vt 0.643836 0.000000
vt 0.630137 0.000000
vt 0.616438 0.000000
vt 0.589041 0.000000
vt 0.547945 0.000000
vt 0.506849 0.000000
vt 0.493151 0.000000
vt 0.479452 0.000000
vt 0.465753 0.000000
vt 0.452055 0.000000
vt 0.438356 0.000000
vt 0.424658 0.000000
vt 0.410959 0.000000
vt 0.397260 0.000000
vt 0.602740 0.000000
vt 0.575342 0.000000
vt 0.561644 0.000000
vt 0.534247 0.000000
vt 0.520548 0.000000
vt 0.383562 0.000000
vt 0.369863 0.000000
vt 0.356164 0.000000
vt 0.342466 0.000000
vt 0.324324 0.000000
vt 0.337838 0.000000
vt 0.331081 0.000000
vt 0.344595 0.000000
vt 0.351351 0.000000
vt 0.567568 0.000000
vt 0.581081 0.000000
vt 0.574324 0.000000
vt 0.358108 0.000000
vt 0.560811 0.000000
vt 0.554054 0.000000
vt 0.364865 0.000000
vt 0.547297 0.000000
vt 0.371622 0.000000
vt 0.540541 0.000000
vt 0.378378 0.000000
vt 0.533784 0.000000
vt 0.527027 0.000000
vt 0.385135 0.000000
vt 0.520270 0.000000
vt 0.391892 0.000000
vt 0.513514 0.000000
vt 0.398649 0.000000
vt 0.506757 0.000000
vt 0.405405 0.000000
vt 0.500000 0.000000
vt 0.412162 0.000000
vt 0.493243 0.000000
vt 0.418919 0.000000
vt 0.425676 0.000000
vt 0.432432 0.000000
vt 0.439189 0.000000
vt 0.445946 0.000000
vt 0.452703 0.000000
vt 0.459459 0.000000
vt 0.466216 0.000000
vt 0.472973 0.000000
vt 0.479730 0.000000
vt 0.486486 0.000000
vt 0.317568 0.000000
vt 0.310811 0.000000
vt 0.304054 0.000000
vt 0.297297 0.000000
vt 0.290541 0.000000
vt 0.283784 0.000000
vt 0.277027 0.000000
vt 0.587838 0.000000
vt 0.594595 0.000000
vt 0.270270 0.000000
vt 0.601351 0.000000
vt 0.608108 0.000000
vt 0.263514 0.000000
vt 0.614865 0.000000
vt 0.621622 0.000000
vt 0.256757 0.000000
vt 0.628378 0.000000
vt 0.635135 0.000000
vt 0.250000 0.000000
vt 0.641892 0.000000
vt 0.648649 0.000000
vt 0.243243 0.000000
vt 0.655405 0.000000
vt 0.236486 0.000000
vt 0.229730 0.000000
vt 0.222973 0.000000
vt 0.216216 0.000000
vt 0.209459 0.000000
vt 0.202703 0.000000
vt 0.195946 0.000000
vt 0.189189 0.000000
vt 0.182432 0.000000
vt 0.168919 0.000000
vt 0.162162 0.000000
vt 0.662162 0.000000
vt 0.175676 0.000000
vt 0.155405 0.000000
vt 0.148649 0.000000
vt 0.006757 0.000000
vt 0.141892 0.000000
vt 0.013514 0.000000
vt 0.135135 0.000000
vt 0.020270 0.000000
vt 0.128378 0.000000
vt 0.027027 0.000000
vt 0.121622 0.000000
vt 0.905405 0.000000
vt 0.918919 0.000000
vt 0.912162 0.000000
vt 0.925676 0.000000
vt 0.898649 0.000000
vt 0.891892 0.000000
vt 0.033784 0.000000
vt 0.114865 0.000000
vt 0.885135 0.000000
vt 0.878378 0.000000
vt 0.871622 0.000000
vt 0.864865 0.000000
vt 0.040541 0.000000
vt 0.108108 0.000000
vt 0.858108 0.000000
vt 0.851351 0.000000
vt 0.844595 0.000000
vt 0.101351 0.000000
vt 0.837838 0.000000
vt 0.047297 0.000000
vt 0.932432 0.000000
vt 0.831081 0.000000
vt 0.824324 0.000000
vt 0.094595 0.000000
vt 0.054054 0.000000
vt 0.087838 0.000000
vt 0.081081 0.000000
vt 0.060811 0.000000
vt 0.817568 0.000000
vt 0.074324 0.000000
vt 0.939189 0.000000
vt 0.067568 0.000000
vt 0.810811 0.000000
vt 0.945946 0.000000
vt 0.804054 0.000000
vt 0.797297 0.000000
vt 0.952703 0.000000
vt 0.790541 0.000000
vt 0.959459 0.000000
vt 0.783784 0.000000
vt 0.777027 0.000000
vt 0.966216 0.000000
vt 0.770270 0.000000
vt 0.972973 0.000000
vt 0.763514 0.000000
vt 0.756757 0.000000
vt 0.979730 0.000000
vt 0.750000 0.000000
vt 0.986486 0.000000
vt 0.743243 0.000000
vt 0.736486 0.000000
vt 0.729730 0.000000
vt 0.722973 0.000000
vt 0.716216 0.000000
vt 0.709459 0.000000
vt 0.702703 0.000000
vt 0.695946 0.000000
vt 0.689189 0.000000
vt 0.993243 0.000000
vt 0.682432 0.000000
vt 0.675676 0.000000
vt 0.668919 0.000000
vt 0.918129 0.000000
vt 0.929825 0.000000
vt 0.923977 0.000000
vt 0.935673 0.000000
vt 0.912281 0.000000
vt 0.941520 0.000000
vt 0.906433 0.000000
vt 0.947368 0.000000
vt 0.900585 0.000000
vt 0.953216 0.000000
vt 0.894737 0.000000
vt 0.959064 0.000000
vt 0.888889 0.000000
vt 0.964912 0.000000
vt 0.883041 0.000000
vt 0.970760 0.000000
vt 0.877193 0.000000
vt 0.976608 0.000000
vt 0.871345 0.000000
vt 0.982456 0.000000
vt 0.865497 0.000000
vt 0.988304 0.000000
vt 0.859649 0.000000
vt 0.994152 0.000000
vt 0.853801 0.000000
vt 0.847953 0.000000
vt 0.432749 0.000000
vt 0.842105 0.000000
vt 0.438596 0.000000
vt 0.836257 0.000000
vt 0.444444 0.000000
vt 0.830409 0.000000
vt 0.450292 0.000000
vt 0.824561 0.000000
vt 0.456140 0.000000
vt 0.818713 0.000000
vt 0.461988 0.000000
vt 0.812865 0.000000
vt 0.467836 0.000000
vt 0.807018 0.000000
vt 0.473684 0.000000
vt 0.801170 0.000000
vt 0.479532 0.000000
vt 0.795322 0.000000
vt 0.485380 0.000000
vt 0.789474 0.000000
vt 0.491228 0.000000
vt 0.783626 0.000000
vt 0.497076 0.000000
vt 0.777778 0.000000
vt 0.502924 0.000000
vt 0.771930 0.000000
vt 0.508772 0.000000
vt 0.766082 0.000000
vt 0.514620 0.000000
vt 0.760234 0.000000
vt 0.520468 0.000000
vt 0.754386 0.000000
vt 0.748538 0.000000
vt 0.526316 0.000000
vt 0.742690 0.000000
vt 0.532164 0.000000
vt 0.736842 0.000000
vt 0.538012 0.000000
vt 0.730994 0.000000
vt 0.725146 0.000000
vt 0.543860 0.000000
vt 0.719298 0.000000
vt 0.549708 0.000000
vt 0.713450 0.000000
vt 0.555556 0.000000
vt 0.707602 0.000000
vt 0.561404 0.000000
vt 0.701754 0.000000
vt 0.695906 0.000000
vt 0.567251 0.000000
vt 0.690058 0.000000
vt 0.573099 0.000000
vt 0.684211 0.000000
vt 0.678363 0.000000
vt 0.578947 0.000000
vt 0.672515 0.000000
vt 0.584795 0.000000
vt 0.666667 0.000000
vt 0.660819 0.000000
vt 0.590643 0.000000
vt 0.654971 0.000000
vt 0.649123 0.000000
vt 0.596491 0.000000
vt 0.643275 0.000000
vt 0.637427 0.000000
vt 0.602339 0.000000
vt 0.608187 0.000000
vt 0.614035 0.000000
vt 0.619883 0.000000
vt 0.625731 0.000000
vt 0.631579 0.000000
vt 0.345029 0.000000
vt 0.356725 0.000000
vt 0.350877 0.000000
vt 0.362573 0.000000
vt 0.368421 0.000000
vt 0.339181 0.000000
vt 0.374269 0.000000
vt 0.333333 0.000000
vt 0.380117 0.000000
vt 0.327485 0.000000
vt 0.385965 0.000000
vt 0.321637 0.000000
vt 0.391813 0.000000
vt 0.315789 0.000000
vt 0.397661 0.000000
vt 0.309942 0.000000
vt 0.403509 0.000000
vt 0.304094 0.000000
vt 0.409357 0.000000
vt 0.298246 0.000000
vt 0.415205 0.000000
vt 0.292398 0.000000
vt 0.421053 0.000000
vt 0.286550 0.000000
vt 0.426901 0.000000
vt 0.280702 0.000000
vt 0.274854 0.000000
vt 0.269006 0.000000
vt 0.005848 0.000000
vt 0.263158 0.000000
vt 0.011696 0.000000
vt 0.257310 0.000000
vt 0.017544 0.000000
vt 0.251462 0.000000
vt 0.023392 0.000000
vt 0.245614 0.000000
vt 0.029240 0.000000
vt 0.239766 0.000000
vt 0.035088 0.000000
vt 0.233918 0.000000
vt 0.040936 0.000000
vt 0.228070 0.000000
vt 0.046784 0.000000
vt 0.222222 0.000000
vt 0.052632 0.000000
vt 0.216374 0.000000
vt 0.058480 0.000000
vt 0.210526 0.000000
vt 0.064327 0.000000
vt 0.204678 0.000000
vt 0.070175 0.000000
vt 0.076023 0.000000
vt 0.198830 0.000000
vt 0.081871 0.000000
vt 0.192982 0.000000
vt 0.087719 0.000000
vt 0.187135 0.000000
vt 0.093567 0.000000
vt 0.181287 0.000000
vt 0.099415 0.000000
vt 0.175439 0.000000
vt 0.105263 0.000000
vt 0.169591 0.000000
vt 0.111111 0.000000
vt 0.163743 0.000000
vt 0.116959 0.000000
vt 0.157895 0.000000
vt 0.122807 0.000000
vt 0.152047 0.000000
vt 0.128655 0.000000
vt 0.146199 0.000000
vt 0.134503 0.000000
vt 0.140351 0.000000
vt 0.904762 0.000000
vt 0.896825 0.000000
vt 0.880952 0.000000
vt 0.873016 0.000000
vt 0.865079 0.000000
vt 0.857143 0.000000
vt 0.912698 0.000000
vt 0.849206 0.000000
vt 0.920635 0.000000
vt 0.841270 0.000000
vt 0.928571 0.000000
vt 0.833333 0.000000
vt 0.936508 0.000000
vt 0.825397 0.000000
vt 0.944444 0.000000
vt 0.817460 0.000000
vt 0.952381 0.000000
vt 0.809524 0.000000
vt 0.960317 0.000000
vt 0.801587 0.000000
vt 0.793651 0.000000
vt 0.968254 0.000000
vt 0.976190 0.000000
vt 0.984127 0.000000
vt 0.992063 0.000000
vt 0.785714 0.000000
vt 0.095238 0.000000
vt 0.103175 0.000000
vt 0.087302 0.000000
vt 0.079365 0.000000
vt 0.071429 0.000000
vt 0.063492 0.000000
vt 0.055556 0.000000
vt 0.047619 0.000000
vt 0.039683 0.000000
vt 0.031746 0.000000
vt 0.023810 0.000000
vt 0.015873 0.000000
vt 0.007937 0.000000
vt 0.769841 0.000000
vt 0.119048 0.000000
vt 0.761905 0.000000
vt 0.126984 0.000000
vt 0.134921 0.000000
vt 0.142857 0.000000
vt 0.150794 0.000000
vt 0.158730 0.000000
vt 0.166667 0.000000
vt 0.174603 0.000000
vt 0.753968 0.000000
vt 0.603175 0.000000
vt 0.182540 0.000000
vt 0.595238 0.000000
vt 0.190476 0.000000
vt 0.611111 0.000000
vt 0.587302 0.000000
vt 0.198413 0.000000
vt 0.206349 0.000000
vt 0.214286 0.000000
vt 0.746032 0.000000
vt 0.619048 0.000000
vt 0.579365 0.000000
vt 0.626984 0.000000
vt 0.571429 0.000000
vt 0.738095 0.000000
vt 0.634921 0.000000
vt 0.230159 0.000000
vt 0.563492 0.000000
vt 0.730159 0.000000
vt 0.642857 0.000000
vt 0.238095 0.000000
vt 0.650794 0.000000
vt 0.722222 0.000000
vt 0.246032 0.000000
vt 0.658730 0.000000
vt 0.547619 0.000000
vt 0.714286 0.000000
vt 0.253968 0.000000
vt 0.539683 0.000000
vt 0.706349 0.000000
vt 0.674603 0.000000
vt 0.261905 0.000000
vt 0.531746 0.000000
vt 0.682540 0.000000
vt 0.698413 0.000000
vt 0.690476 0.000000
vt 0.523810 0.000000
vt 0.269841 0.000000
vt 0.515873 0.000000
vt 0.277778 0.000000
vt 0.507937 0.000000
vt 0.285714 0.000000
vt 0.293651 0.000000
vt 0.492063 0.000000
vt 0.301587 0.000000
vt 0.484127 0.000000
vt 0.309524 0.000000
vt 0.476190 0.000000
vt 0.317460 0.000000
vt 0.468254 0.000000
vt 0.325397 0.000000
vt 0.460317 0.000000
vt 0.452381 0.000000
vt 0.341270 0.000000
vt 0.436508 0.000000
vt 0.349206 0.000000
vt 0.428571 0.000000
vt 0.357143 0.000000
vt 0.420635 0.000000
vt 0.365079 0.000000
vt 0.412698 0.000000
vt 0.404762 0.000000
vt 0.373016 0.000000
vt 0.396825 0.000000
vt 0.380952 0.000000
vt 0.388889 0.000000
vt 0.161765 0.000000
vt 0.176471 0.000000
vt 0.169118 0.000000
vt 0.154412 0.000000
vt 0.147059 0.000000
vt 0.139706 0.000000
vt 0.183824 0.000000
vt 0.132353 0.000000
vt 0.191176 0.000000
vt 0.198529 0.000000
vt 0.125000 0.000000
vt 0.205882 0.000000
vt 0.117647 0.000000
vt 0.213235 0.000000
vt 0.110294 0.000000
vt 0.220588 0.000000
vt 0.102941 0.000000
vt 0.227941 0.000000
vt 0.095588 0.000000
vt 0.235294 0.000000
vt 0.088235 0.000000
vt 0.242647 0.000000
vt 0.080882 0.000000
vt 0.257353 0.000000
vt 0.073529 0.000000
vt 0.264706 0.000000
vt 0.272059 0.000000
vt 0.066176 0.000000
vt 0.279412 0.000000
vt 0.058824 0.000000
vt 0.286765 0.000000
vt 0.051471 0.000000
vt 0.294118 0.000000
vt 0.044118 0.000000
vt 0.301471 0.000000
vt 0.036765 0.000000
vt 0.308824 0.000000
vt 0.529412 0.000000
vt 0.544118 0.000000
vt 0.536765 0.000000
vt 0.029412 0.000000
vt 0.316176 0.000000
vt 0.551471 0.000000
vt 0.522059 0.000000
vt 0.514706 0.000000
vt 0.558824 0.000000
vt 0.022059 0.000000
vt 0.507353 0.000000
vt 0.323529 0.000000
vt 0.492647 0.000000
vt 0.566176 0.000000
vt 0.485294 0.000000
vt 0.014706 0.000000
vt 0.330882 0.000000
vt 0.477941 0.000000
vt 0.573529 0.000000
vt 0.470588 0.000000
vt 0.463235 0.000000
vt 0.338235 0.000000
vt 0.580882 0.000000
vt 0.007353 0.000000
vt 0.455882 0.000000
vt 0.448529 0.000000
vt 0.588235 0.000000
vt 0.345588 0.000000
vt 0.441176 0.000000
vt 0.433824 0.000000
vt 0.595588 0.000000
vt 0.426471 0.000000
vt 0.419118 0.000000
vt 0.411765 0.000000
vt 0.352941 0.000000
vt 0.404412 0.000000
vt 0.397059 0.000000
vt 0.389706 0.000000
vt 0.382353 0.000000
vt 0.375000 0.000000
vt 0.367647 0.000000
vt 0.602941 0.000000
vt 0.360294 0.000000
vt 0.992647 0.000000
vt 0.985294 0.000000
vt 0.977941 0.000000
vt 0.970588 0.000000
vt 0.963235 0.000000
vt 0.955882 0.000000
vt 0.897059 0.000000
vt 0.911765 0.000000
vt 0.904412 0.000000
vt 0.948529 0.000000
vt 0.919118 0.000000
vt 0.941176 0.000000
vt 0.926471 0.000000
vt 0.933824 0.000000
vt 0.860294 0.000000
vt 0.852941 0.000000
vt 0.845588 0.000000
vt 0.838235 0.000000
vt 0.830882 0.000000
vt 0.823529 0.000000
vt 0.720588 0.000000
vt 0.727941 0.000000
vt 0.713235 0.000000
vt 0.610294 0.000000
vt 0.735294 0.000000
vt 0.742647 0.000000
vt 0.705882 0.000000
vt 0.757353 0.000000
vt 0.698529 0.000000
vt 0.816176 0.000000
vt 0.764706 0.000000
vt 0.617647 0.000000
vt 0.691176 0.000000
vt 0.772059 0.000000
vt 0.779412 0.000000
vt 0.683824 0.000000
vt 0.786765 0.000000
vt 0.794118 0.000000
vt 0.676471 0.000000
vt 0.801471 0.000000
vt 0.625000 0.000000
vt 0.808824 0.000000
vt 0.669118 0.000000
vt 0.867647 0.000000
vt 0.875000 0.000000
vt 0.882353 0.000000
vt 0.889706 0.000000
vt 0.661765 0.000000
vt 0.654412 0.000000
vt 0.647059 0.000000
vt 0.639706 0.000000
vt 0.632353 0.000000
vt 0.200000 0.000000
vt 0.205263 0.000000
vt 0.215789 0.000000
vt 0.221053 0.000000
vt 0.194737 0.000000
vt 0.226316 0.000000
vt 0.189474 0.000000
vt 0.063158 0.000000
vt 0.073684 0.000000
vt 0.068421 0.000000
vt 0.184211 0.000000
vt 0.231579 0.000000
vt 0.078947 0.000000
vt 0.178947 0.000000
vt 0.236842 0.000000
vt 0.926316 0.000000
vt 0.936842 0.000000
vt 0.931579 0.000000
vt 0.084211 0.000000
vt 0.057895 0.000000
vt 0.921053 0.000000
vt 0.173684 0.000000
vt 0.242105 0.000000
vt 0.089474 0.000000
vt 0.915789 0.000000
vt 0.942105 0.000000
vt 0.168421 0.000000
vt 0.910526 0.000000
vt 0.247368 0.000000
vt 0.094737 0.000000
vt 0.047368 0.000000
vt 0.905263 0.000000
vt 0.952632 0.000000
vt 0.163158 0.000000
vt 0.900000 0.000000
vt 0.252632 0.000000
vt 0.100000 0.000000
vt 0.957895 0.000000
vt 0.042105 0.000000
vt 0.963158 0.000000
vt 0.257895 0.000000
vt 0.889474 0.000000
vt 0.036842 0.000000
vt 0.968421 0.000000
vt 0.884211 0.000000
vt 0.973684 0.000000
vt 0.152632 0.000000
vt 0.878947 0.000000
vt 0.031579 0.000000
vt 0.978947 0.000000
vt 0.110526 0.000000
vt 0.873684 0.000000
vt 0.984211 0.000000
vt 0.147368 0.000000
vt 0.268421 0.000000
vt 0.989474 0.000000
vt 0.026316 0.000000
vt 0.868421 0.000000
vt 0.115789 0.000000
vt 0.142105 0.000000
vt 0.136842 0.000000
vt 0.994737 0.000000
vt 0.863158 0.000000
vt 0.021053 0.000000
vt 0.121053 0.000000
vt 0.273684 0.000000
vt 0.857895 0.000000
vt 0.278947 0.000000
vt 0.126316 0.000000
vt 0.015789 0.000000
vt 0.852632 0.000000
vt 0.284211 0.000000
vt 0.131579 0.000000
vt 0.010526 0.000000
vt 0.847368 0.000000
vt 0.289474 0.000000
vt 0.005263 0.000000
vt 0.294737 0.000000
vt 0.300000 0.000000
vt 0.836842 0.000000
vt 0.305263 0.000000
vt 0.310526 0.000000
vt 0.831579 0.000000
vt 0.826316 0.000000
vt 0.321053 0.000000
vt 0.821053 0.000000
vt 0.326316 0.000000
vt 0.331579 0.000000
vt 0.815789 0.000000
vt 0.394737 0.000000
vt 0.405263 0.000000
vt 0.400000 0.000000
vt 0.389474 0.000000
vt 0.384211 0.000000
vt 0.378947 0.000000
vt 0.373684 0.000000
vt 0.363158 0.000000
vt 0.357895 0.000000
vt 0.352632 0.000000
vt 0.347368 0.000000
vt 0.342105 0.000000
vt 0.336842 0.000000
vt 0.810526 0.000000
vt 0.805263 0.000000
vt 0.800000 0.000000
vt 0.415789 0.000000
vt 0.410526 0.000000
vt 0.794737 0.000000
vt 0.442105 0.000000
vt 0.436842 0.000000
vt 0.431579 0.000000
vt 0.426316 0.000000
vt 0.673684 0.000000
vt 0.668421 0.000000
vt 0.468421 0.000000
vt 0.463158 0.000000
vt 0.457895 0.000000
vt 0.452632 0.000000
vt 0.447368 0.000000
vt 0.678947 0.000000
vt 0.663158 0.000000
vt 0.478947 0.000000
vt 0.784211 0.000000
vt 0.778947 0.000000
vt 0.689474 0.000000
vt 0.773684 0.000000
vt 0.694737 0.000000
vt 0.657895 0.000000
vt 0.768421 0.000000
vt 0.484211 0.000000
vt 0.700000 0.000000
vt 0.763158 0.000000
vt 0.705263 0.000000
vt 0.757895 0.000000
vt 0.652632 0.000000
vt 0.710526 0.000000
vt 0.752632 0.000000
vt 0.489474 0.000000
vt 0.715789 0.000000
vt 0.747368 0.000000
vt 0.742105 0.000000
vt 0.721053 0.000000
vt 0.647368 0.000000
vt 0.726316 0.000000
vt 0.731579 0.000000
vt 0.494737 0.000000
vt 0.642105 0.000000
vt 0.636842 0.000000
vt 0.505263 0.000000
vt 0.626316 0.000000
vt 0.510526 0.000000
vt 0.621053 0.000000
vt 0.515789 0.000000
vt 0.615789 0.000000
vt 0.610526 0.000000
vt 0.521053 0.000000
vt 0.605263 0.000000
vt 0.600000 0.000000
vt 0.594737 0.000000
vt 0.589474 0.000000
vt 0.584211 0.000000
vt 0.573684 0.000000
vt 0.568421 0.000000
vt 0.563158 0.000000
vt 0.557895 0.000000
vt 0.552632 0.000000
vt 0.547368 0.000000
vt 0.542105 0.000000
vt 0.531579 0.000000
vt 0.536842 0.000000
vt 0.038462 1.000000
vt 0.000000 1.000000
vt 0.076923 1.000000
vt 0.038462 0.000000
vt 0.115385 1.000000
vt 0.076923 0.000000
vt 0.153846 1.000000
vt 0.115385 0.000000
vt 0.192308 1.000000
vt 0.153846 0.000000
vt 0.230769 1.000000
vt 0.192308 0.000000
vt 0.269231 1.000000
vt 0.230769 0.000000
vt 0.307692 1.000000
vt 0.269231 0.000000
vt 0.346154 1.000000
vt 0.307692 0.000000
vt 0.384615 1.000000
vt 0.346154 0.000000
vt 0.423077 1.000000
vt 0.384615 0.000000
vt 0.461538 1.000000
vt 0.423077 0.000000
vt 0.500000 1.000000
vt 0.461538 0.000000
vt 0.538462 1.000000
vt 0.576923 1.000000
vt 0.538462 0.000000
vt 0.615385 1.000000
vt 0.576923 0.000000
vt 0.653846 1.000000
vt 0.615385 0.000000
vt 0.692308 1.000000
vt 0.653846 0.000000
vt 0.730769 1.000000
vt 0.692308 0.000000
vt 0.769231 1.000000
vt 0.730769 0.000000
vt 0.807692 1.000000
vt 0.769231 0.000000
vt 0.846154 1.000000
vt 0.807692 0.000000
vt 0.884615 1.000000
vt 0.846154 0.000000
vt 0.923077 1.000000
vt 0.884615 0.000000
vt 0.961538 1.000000
vt 0.923077 0.000000
vt 1.000000 1.000000
vt 0.961538 0.000000
vt 0.007194 1.000000
vt 0.014388 1.000000
vt 0.007194 0.000000
vt 0.021583 1.000000
vt 0.014388 0.000000
vt 0.028777 1.000000
vt 0.021583 0.000000
vt 0.035971 1.000000
vt 0.028777 0.000000
vt 0.043165 1.000000
vt 0.035971 0.000000
vt 0.050360 1.000000
vt 0.043165 0.000000
vt 0.057554 1.000000
vt 0.050360 0.000000
vt 0.064748 1.000000
vt 0.057554 0.000000
vt 0.071942 1.000000
vt 0.064748 0.000000
vt 0.079137 1.000000
vt 0.071942 0.000000
vt 0.086331 1.000000
vt 0.079137 0.000000
vt 0.093525 1.000000
vt 0.086331 0.000000
vt 0.100719 1.000000
vt 0.093525 0.000000
vt 0.107914 1.000000
vt 0.100719 0.000000
vt 0.115108 1.000000
vt 0.107914 0.000000
vt 0.122302 1.000000
vt 0.115108 0.000000
vt 0.129496 1.000000
vt 0.122302 0.000000
vt 0.136691 1.000000
vt 0.129496 0.000000
vt 0.143885 1.000000
vt 0.136691 0.000000
vt 0.151079 1.000000
vt 0.143885 0.000000
vt 0.158273 1.000000
vt 0.151079 0.000000
vt 0.165468 1.000000
vt 0.158273 0.000000
vt 0.172662 1.000000
vt 0.165468 0.000000
vt 0.179856 1.000000
vt 0.172662 0.000000
vt 0.187050 1.000000
vt 0.179856 0.000000
vt 0.194245 1.000000
vt 0.187050 0.000000
vt 0.201439 1.000000
vt 0.194245 0.000000
vt 0.208633 1.000000
vt 0.201439 0.000000
vt 0.215827 1.000000
vt 0.208633 0.000000
vt 0.223022 1.000000
vt 0.215827 0.000000
vt 0.230216 1.000000
vt 0.223022 0.000000
vt 0.237410 1.000000
vt 0.230216 0.000000
vt 0.244604 1.000000
vt 0.237410 0.000000
vt 0.251799 1.000000
vt 0.244604 0.000000
vt 0.258993 1.000000
vt 0.251799 0.000000
vt 0.266187 1.000000
vt 0.258993 0.000000
vt 0.273381 1.000000
vt 0.266187 0.000000
vt 0.280576 1.000000
vt 0.273381 0.000000
vt 0.287770 1.000000
vt 0.280576 0.000000
vt 0.294964 1.000000
vt 0.287770 0.000000
vt 0.302158 1.000000
vt 0.294964 0.000000
vt 0.309353 1.000000
vt 0.302158 0.000000
vt 0.316547 1.000000
vt 0.309353 0.000000
vt 0.323741 1.000000
vt 0.316547 0.000000
vt 0.330935 1.000000
vt 0.323741 0.000000
vt 0.338129 1.000000
vt 0.330935 0.000000
vt 0.345324 1.000000
vt 0.338129 0.000000
vt 0.352518 1.000000
vt 0.345324 0.000000
vt 0.359712 1.000000
vt 0.352518 0.000000
vt 0.366906 1.000000
vt 0.359712 0.000000
vt 0.374101 1.000000
vt 0.366906 0.000000
vt 0.381295 1.000000
vt 0.374101 0.000000
vt 0.388489 1.000000
vt 0.381295 0.000000
vt 0.395683 1.000000
vt 0.388489 0.000000
vt 0.402878 1.000000
vt 0.395683 0.000000
vt 0.410072 1.000000
vt 0.402878 0.000000
vt 0.417266 1.000000
vt 0.410072 0.000000
vt 0.424460 1.000000
vt 0.417266 0.000000
vt 0.431655 1.000000
vt 0.424460 0.000000
vt 0.438849 1.000000
vt 0.431655 0.000000
vt 0.446043 1.000000
vt 0.438849 0.000000
vt 0.453237 1.000000
vt 0.446043 0.000000
vt 0.460432 1.000000
vt 0.453237 0.000000
vt 0.467626 1.000000
vt 0.460432 0.000000
vt 0.474820 1.000000
vt 0.467626 0.000000
vt 0.482014 1.000000
vt 0.474820 0.000000
vt 0.489209 1.000000
vt 0.482014 0.000000
vt 0.496403 1.000000
vt 0.489209 0.000000
vt 0.503597 1.000000
vt 0.496403 0.000000
vt 0.510791 1.000000
vt 0.503597 0.000000
vt 0.517986 1.000000
vt 0.510791 0.000000
vt 0.525180 1.000000
vt 0.517986 0.000000
vt 0.532374 1.000000
vt 0.525180 0.000000
vt 0.539568 1.000000
vt 0.532374 0.000000
vt 0.546763 1.000000
vt 0.539568 0.000000
vt 0.553957 1.000000
vt 0.546763 0.000000
vt 0.561151 1.000000
vt 0.553957 0.000000
vt 0.568345 1.000000
vt 0.561151 0.000000
vt 0.575540 1.000000
vt 0.568345 0.000000
vt 0.582734 1.000000
vt 0.575540 0.000000
vt 0.589928 1.000000
vt 0.582734 0.000000
vt 0.597122 1.000000
vt 0.589928 0.000000
vt 0.604317 1.000000
vt 0.597122 0.000000
vt 0.611511 1.000000
vt 0.604317 0.000000
vt 0.618705 1.000000
vt 0.611511 0.000000
vt 0.625899 1.000000
vt 0.618705 0.000000
vt 0.633094 1.000000
vt 0.625899 0.000000
vt 0.640288 1.000000
vt 0.633094 0.000000
vt 0.647482 1.000000
vt 0.640288 0.000000
vt 0.654676 1.000000
vt 0.647482 0.000000
vt 0.661870 1.000000
vt 0.654676 0.000000
vt 0.669065 1.000000
vt 0.661870 0.000000
vt 0.676259 1.000000
vt 0.669065 0.000000
vt 0.683453 1.000000
vt 0.676259 0.000000
vt 0.690647 1.000000
vt 0.683453 0.000000
vt 0.697842 1.000000
vt 0.690647 0.000000
vt 0.705036 1.000000
vt 0.697842 0.000000
vt 0.712230 1.000000
vt 0.705036 0.000000
vt 0.719424 1.000000
vt 0.712230 0.000000
vt 0.726619 1.000000
vt 0.719424 0.000000
vt 0.733813 1.000000
vt 0.726619 0.000000
vt 0.741007 1.000000
vt 0.733813 0.000000
vt 0.748201 1.000000
vt 0.741007 0.000000
vt 0.755396 1.000000
vt 0.748201 0.000000
vt 0.762590 1.000000
vt 0.755396 0.000000
vt 0.769784 1.000000
vt 0.762590 0.000000
vt 0.776978 1.000000
vt 0.769784 0.000000
vt 0.784173 1.000000
vt 0.776978 0.000000
vt 0.791367 1.000000
vt 0.784173 0.000000
vt 0.798561 1.000000
vt 0.791367 0.000000
vt 0.805755 1.000000
vt 0.798561 0.000000
vt 0.812950 1.000000
vt 0.805755 0.000000
vt 0.820144 1.000000
vt 0.812950 0.000000
vt 0.827338 1.000000
vt 0.820144 0.000000
vt 0.834532 1.000000
vt 0.827338 0.000000
vt 0.841727 1.000000
vt 0.834532 0.000000
vt 0.848921 1.000000
vt 0.841727 0.000000
vt 0.856115 1.000000
vt 0.848921 0.000000
vt 0.863309 1.000000
vt 0.856115 0.000000
vt 0.870504 1.000000
vt 0.863309 0.000000
vt 0.877698 1.000000
vt 0.870504 0.000000
vt 0.884892 1.000000
vt 0.877698 0.000000
vt 0.892086 1.000000
vt 0.884892 0.000000
vt 0.899281 1.000000
vt 0.892086 0.000000
vt 0.906475 1.000000
vt 0.899281 0.000000
vt 0.913669 1.000000
vt 0.906475 0.000000
vt 0.920863 1.000000
vt 0.913669 0.000000
vt 0.928058 1.000000
vt 0.920863 0.000000
vt 0.935252 1.000000
vt 0.928058 0.000000
vt 0.942446 1.000000
vt 0.935252 0.000000
vt 0.949640 1.000000
vt 0.942446 0.000000
vt 0.956835 1.000000
vt 0.949640 0.000000
vt 0.964029 1.000000
vt 0.956835 0.000000
vt 0.971223 1.000000
vt 0.964029 0.000000
vt 0.978417 1.000000
vt 0.971223 0.000000
vt 0.985611 1.000000
vt 0.978417 0.000000
vt 0.992806 1.000000
vt 0.985611 0.000000
vt 0.992806 0.000000
vt 0.013514 1.000000
vt 0.027027 1.000000
vt 0.040541 1.000000
vt 0.054054 1.000000
vt 0.067568 1.000000
vt 0.081081 1.000000
vt 0.094595 1.000000
vt 0.108108 1.000000
vt 0.121622 1.000000
vt 0.135135 1.000000
vt 0.148649 1.000000
vt 0.162162 1.000000
vt 0.175676 1.000000
vt 0.189189 1.000000
vt 0.202703 1.000000
vt 0.216216 1.000000
vt 0.229730 1.000000
vt 0.243243 1.000000
vt 0.256757 1.000000
vt 0.270270 1.000000
vt 0.283784 1.000000
vt 0.297297 1.000000
vt 0.310811 1.000000
vt 0.324324 1.000000
vt 0.337838 1.000000
vt 0.351351 1.000000
vt 0.364865 1.000000
vt 0.378378 1.000000
vt 0.391892 1.000000
vt 0.405405 1.000000
vt 0.418919 1.000000
vt 0.432432 1.000000
vt 0.445946 1.000000
vt 0.459459 1.000000
vt 0.472973 1.000000
vt 0.486486 1.000000
vt 0.513514 1.000000
vt 0.527027 1.000000
vt 0.540541 1.000000
vt 0.554054 1.000000
vt 0.567568 1.000000
vt 0.581081 1.000000
vt 0.594595 1.000000
vt 0.608108 1.000000
vt 0.621622 1.000000
vt 0.635135 1.000000
vt 0.648649 1.000000
vt 0.662162 1.000000
vt 0.675676 1.000000
vt 0.689189 1.000000
vt 0.702703 1.000000
vt 0.716216 1.000000
vt 0.729730 1.000000
vt 0.743243 1.000000
vt 0.756757 1.000000
vt 0.770270 1.000000
vt 0.783784 1.000000
vt 0.797297 1.000000
vt 0.810811 1.000000
vt 0.824324 1.000000
vt 0.837838 1.000000
vt 0.851351 1.000000
vt 0.864865 1.000000
vt 0.878378 1.000000
vt 0.891892 1.000000
vt 0.905405 1.000000
vt 0.918919 1.000000
vt 0.932432 1.000000
vt 0.945946 1.000000
vt 0.959459 1.000000
vt 0.972973 1.000000
vt 0.986486 1.000000
vt 0.007299 1.000000
vt 0.014599 1.000000
vt 0.007299 0.000000
vt 0.021898 1.000000
vt 0.014599 0.000000
vt 0.029197 1.000000
vt 0.021898 0.000000
vt 0.036496 1.000000
vt 0.029197 0.000000
vt 0.043796 1.000000
vt 0.036496 0.000000
vt 0.051095 1.000000
vt 0.043796 0.000000
vt 0.058394 1.000000
vt 0.051095 0.000000
vt 0.065693 1.000000
vt 0.058394 0.000000
vt 0.072993 1.000000
vt 0.065693 0.000000
vt 0.080292 1.000000
vt 0.072993 0.000000
vt 0.087591 1.000000
vt 0.080292 0.000000
vt 0.094891 1.000000
vt 0.087591 0.000000
vt 0.102190 1.000000
vt 0.094891 0.000000
vt 0.109489 1.000000
vt 0.102190 0.000000
vt 0.116788 1.000000
vt 0.109489 0.000000
vt 0.124088 1.000000
vt 0.116788 0.000000
vt 0.131387 1.000000
vt 0.124088 0.000000
vt 0.138686 1.000000
vt 0.131387 0.000000
vt 0.145985 1.000000
vt 0.138686 0.000000
vt 0.153285 1.000000
vt 0.145985 0.000000
vt 0.160584 1.000000
vt 0.153285 0.000000
vt 0.167883 1.000000
vt 0.160584 0.000000
vt 0.175182 1.000000
vt 0.167883 0.000000
vt 0.182482 1.000000
vt 0.175182 0.000000
vt 0.189781 1.000000
vt 0.182482 0.000000
vt 0.197080 1.000000
vt 0.189781 0.000000
vt 0.204380 1.000000
vt 0.197080 0.000000
vt 0.211679 1.000000
vt 0.204380 0.000000
vt 0.218978 1.000000
vt 0.211679 0.000000
vt 0.226277 1.000000
vt 0.218978 0.000000
vt 0.233577 1.000000
vt 0.226277 0.000000
vt 0.240876 1.000000
vt 0.233577 0.000000
vt 0.248175 1.000000
vt 0.240876 0.000000
vt 0.255474 1.000000
vt 0.248175 0.000000
vt 0.262774 1.000000
vt 0.255474 0.000000
vt 0.270073 1.000000
vt 0.262774 0.000000
vt 0.277372 1.000000
vt 0.270073 0.000000
vt 0.284672 1.000000
vt 0.277372 0.000000
vt 0.291971 1.000000
vt 0.284672 0.000000
vt 0.299270 1.000000
vt 0.291971 0.000000
vt 0.306569 1.000000
vt 0.299270 0.000000
vt 0.313869 1.000000
vt 0.306569 0.000000
vt 0.321168 1.000000
vt 0.313869 0.000000
vt 0.328467 1.000000
vt 0.321168 0.000000
vt 0.335766 1.000000
vt 0.328467 0.000000
vt 0.343066 1.000000
vt 0.335766 0.000000
vt 0.350365 1.000000
vt 0.343066 0.000000
vt 0.357664 1.000000
vt 0.350365 0.000000
vt 0.364964 1.000000
vt 0.357664 0.000000
vt 0.372263 1.000000
vt 0.364964 0.000000
vt 0.379562 1.000000
vt 0.372263 0.000000
vt 0.386861 1.000000
vt 0.379562 0.000000
vt 0.394161 1.000000
vt 0.386861 0.000000
vt 0.401460 1.000000
vt 0.394161 0.000000
vt 0.408759 1.000000
vt 0.401460 0.000000
vt 0.416058 1.000000
vt 0.408759 0.000000
vt 0.423358 1.000000
vt 0.416058 0.000000
vt 0.430657 1.000000
vt 0.423358 0.000000
vt 0.437956 1.000000
vt 0.430657 0.000000
vt 0.445255 1.000000
vt 0.437956 0.000000
vt 0.452555 1.000000
vt 0.445255 0.000000
vt 0.459854 1.000000
vt 0.452555 0.000000
vt 0.467153 1.000000
vt 0.459854 0.000000
vt 0.474453 1.000000
vt 0.467153 0.000000
vt 0.481752 1.000000
vt 0.474453 0.000000
vt 0.489051 1.000000
vt 0.481752 0.000000
vt 0.496350 1.000000
vt 0.489051 0.000000
vt 0.503650 1.000000
vt 0.496350 0.000000
vt 0.510949 1.000000
vt 0.503650 0.000000
vt 0.518248 1.000000
vt 0.510949 0.000000
vt 0.525547 1.000000
vt 0.518248 0.000000
vt 0.532847 1.000000
vt 0.525547 0.000000
vt 0.540146 1.000000
vt 0.532847 0.000000
vt 0.547445 1.000000
vt 0.540146 0.000000
vt 0.554745 1.000000
vt 0.547445 0.000000
vt 0.562044 1.000000
vt 0.554745 0.000000
vt 0.569343 1.000000
vt 0.562044 0.000000
vt 0.576642 1.000000
vt 0.569343 0.000000
vt 0.583942 1.000000
vt 0.576642 0.000000
vt 0.591241 1.000000
vt 0.583942 0.000000
vt 0.598540 1.000000
vt 0.591241 0.000000
vt 0.605839 1.000000
vt 0.598540 0.000000
vt 0.613139 1.000000
vt 0.605839 0.000000
vt 0.620438 1.000000
vt 0.613139 0.000000
vt 0.627737 1.000000
vt 0.620438 0.000000
vt 0.635036 1.000000
vt 0.627737 0.000000
vt 0.642336 1.000000
vt 0.635036 0.000000
vt 0.649635 1.000000
vt 0.642336 0.000000
vt 0.656934 1.000000
vt 0.649635 0.000000
vt 0.664234 1.000000
vt 0.656934 0.000000
vt 0.671533 1.000000
vt 0.664234 0.000000
vt 0.678832 1.000000
vt 0.671533 0.000000
vt 0.686131 1.000000
vt 0.678832 0.000000
vt 0.693431 1.000000
vt 0.686131 0.000000
vt 0.700730 1.000000
vt 0.693431 0.000000
vt 0.708029 1.000000
vt 0.700730 0.000000
vt 0.715328 1.000000
vt 0.708029 0.000000
vt 0.722628 1.000000
vt 0.715328 0.000000
vt 0.729927 1.000000
vt 0.722628 0.000000
vt 0.737226 1.000000
vt 0.729927 0.000000
vt 0.744526 1.000000
vt 0.737226 0.000000
vt 0.751825 1.000000
vt 0.744526 0.000000
vt 0.759124 1.000000
vt 0.751825 0.000000
vt 0.766423 1.000000
vt 0.759124 0.000000
vt 0.773723 1.000000
vt 0.766423 0.000000
vt 0.781022 1.000000
vt 0.773723 0.000000
vt 0.788321 1.000000
vt 0.781022 0.000000
vt 0.795620 1.000000
vt 0.788321 0.000000
vt 0.802920 1.000000
vt 0.795620 0.000000
vt 0.810219 1.000000
vt 0.802920 0.000000
vt 0.817518 1.000000
vt 0.810219 0.000000
vt 0.824818 1.000000
vt 0.817518 0.000000
vt 0.832117 1.000000
vt 0.824818 0.000000
vt 0.839416 1.000000
vt 0.832117 0.000000
vt 0.846715 1.000000
vt 0.839416 0.000000
vt 0.854015 1.000000
vt 0.846715 0.000000
vt 0.861314 1.000000
vt 0.854015 0.000000
vt 0.868613 1.000000
vt 0.861314 0.000000
vt 0.875912 1.000000
vt 0.868613 0.000000
vt 0.883212 1.000000
vt 0.875912 0.000000
vt 0.890511 1.000000
vt 0.883212 0.000000
vt 0.897810 1.000000
vt 0.890511 0.000000
vt 0.905109 1.000000
vt 0.897810 0.000000
vt 0.912409 1.000000
vt 0.905109 0.000000
vt 0.919708 1.000000
vt 0.912409 0.000000
vt 0.927007 1.000000
vt 0.919708 0.000000
vt 0.934307 1.000000
vt 0.927007 0.000000
vt 0.941606 1.000000
vt 0.934307 0.000000
vt 0.948905 1.000000
vt 0.941606 0.000000
vt 0.956204 1.000000
vt 0.948905 0.000000
vt 0.963504 1.000000
vt 0.956204 0.000000
vt 0.970803 1.000000
vt 0.963504 0.000000
vt 0.978102 1.000000
vt 0.970803 0.000000
vt 0.985401 1.000000
vt 0.978102 0.000000
vt 0.992701 1.000000
vt 0.985401 0.000000
vt 0.992701 0.000000
vt 0.007874 1.000000
vt 0.015748 1.000000
vt 0.007874 0.000000
vt 0.023622 1.000000
vt 0.015748 0.000000
vt 0.031496 1.000000
vt 0.023622 0.000000
vt 0.039370 1.000000
vt 0.031496 0.000000
vt 0.047244 1.000000
vt 0.039370 0.000000
vt 0.055118 1.000000
vt 0.047244 0.000000
vt 0.062992 1.000000
vt 0.055118 0.000000
vt 0.070866 1.000000
vt 0.062992 0.000000
vt 0.078740 1.000000
vt 0.070866 0.000000
vt 0.086614 1.000000
vt 0.078740 0.000000
vt 0.094488 1.000000
vt 0.086614 0.000000
vt 0.102362 1.000000
vt 0.094488 0.000000
vt 0.110236 1.000000
vt 0.102362 0.000000
vt 0.118110 1.000000
vt 0.110236 0.000000
vt 0.125984 1.000000
vt 0.118110 0.000000
vt 0.133858 1.000000
vt 0.125984 0.000000
vt 0.141732 1.000000
vt 0.133858 0.000000
vt 0.149606 1.000000
vt 0.141732 0.000000
vt 0.157480 1.000000
vt 0.149606 0.000000
vt 0.165354 1.000000
vt 0.157480 0.000000
vt 0.173228 1.000000
vt 0.165354 0.000000
vt 0.181102 1.000000
vt 0.173228 0.000000
vt 0.188976 1.000000
vt 0.181102 0.000000
vt 0.196850 1.000000
vt 0.188976 0.000000
vt 0.204724 1.000000
vt 0.196850 0.000000
vt 0.212598 1.000000
vt 0.204724 0.000000
vt 0.220472 1.000000
vt 0.212598 0.000000
vt 0.228346 1.000000
vt 0.220472 0.000000
vt 0.236220 1.000000
vt 0.228346 0.000000
vt 0.244094 1.000000
vt 0.236220 0.000000
vt 0.251969 1.000000
vt 0.244094 0.000000
vt 0.259843 1.000000
vt 0.251969 0.000000
vt 0.267717 1.000000
vt 0.259843 0.000000
vt 0.275591 1.000000
vt 0.267717 0.000000
vt 0.283465 1.000000
vt 0.275591 0.000000
vt 0.291339 1.000000
vt 0.283465 0.000000
vt 0.299213 1.000000
vt 0.291339 0.000000
vt 0.307087 1.000000
vt 0.299213 0.000000
vt 0.314961 1.000000
vt 0.307087 0.000000
vt 0.322835 1.000000
vt 0.314961 0.000000
vt 0.330709 1.000000
vt 0.322835 0.000000
vt 0.338583 1.000000
vt 0.330709 0.000000
vt 0.346457 1.000000
vt 0.338583 0.000000
vt 0.354331 1.000000
vt 0.346457 0.000000
vt 0.362205 1.000000
vt 0.354331 0.000000
vt 0.370079 1.000000
vt 0.362205 0.000000
vt 0.377953 1.000000
vt 0.370079 0.000000
vt 0.385827 1.000000
vt 0.377953 0.000000
vt 0.393701 1.000000
vt 0.385827 0.000000
vt 0.401575 1.000000
vt 0.393701 0.000000
vt 0.409449 1.000000
vt 0.401575 0.000000
vt 0.417323 1.000000
vt 0.409449 0.000000
vt 0.425197 1.000000
vt 0.417323 0.000000
vt 0.433071 1.000000
vt 0.425197 0.000000
vt 0.440945 1.000000
vt 0.433071 0.000000
vt 0.448819 1.000000
vt 0.440945 0.000000
vt 0.456693 1.000000
vt 0.448819 0.000000
vt 0.464567 1.000000
vt 0.456693 0.000000
vt 0.472441 1.000000
vt 0.464567 0.000000
vt 0.480315 1.000000
vt 0.472441 0.000000
vt 0.488189 1.000000
vt 0.480315 0.000000
vt 0.496063 1.000000
vt 0.488189 0.000000
vt 0.503937 1.000000
vt 0.496063 0.000000
vt 0.511811 1.000000
vt 0.503937 0.000000
vt 0.519685 1.000000
vt 0.511811 0.000000
vt 0.527559 1.000000
vt 0.519685 0.000000
vt 0.535433 1.000000
vt 0.527559 0.000000
vt 0.543307 1.000000
vt 0.535433 0.000000
vt 0.551181 1.000000
vt 0.543307 0.000000
vt 0.559055 1.000000
vt 0.551181 0.000000
vt 0.566929 1.000000
vt 0.559055 0.000000
vt 0.574803 1.000000
vt 0.566929 0.000000
vt 0.582677 1.000000
vt 0.574803 0.000000
vt 0.590551 1.000000
vt 0.582677 0.000000
vt 0.598425 1.000000
vt 0.590551 0.000000
vt 0.606299 1.000000
vt 0.598425 0.000000
vt 0.614173 1.000000
vt 0.606299 0.000000
vt 0.622047 1.000000
vt 0.614173 0.000000
vt 0.629921 1.000000
vt 0.622047 0.000000
vt 0.637795 1.000000
vt 0.629921 0.000000
vt 0.645669 1.000000
vt 0.637795 0.000000
vt 0.653543 1.000000
vt 0.645669 0.000000
vt 0.661417 1.000000
vt 0.653543 0.000000
vt 0.669291 1.000000
vt 0.661417 0.000000
vt 0.677165 1.000000
vt 0.669291 0.000000
vt 0.685039 1.000000
vt 0.677165 0.000000
vt 0.692913 1.000000
vt 0.685039 0.000000
vt 0.700787 1.000000
vt 0.692913 0.000000
vt 0.708661 1.000000
vt 0.700787 0.000000
vt 0.716535 1.000000
vt 0.708661 0.000000
vt 0.724409 1.000000
vt 0.716535 0.000000
vt 0.732283 1.000000
vt 0.724409 0.000000
vt 0.740157 1.000000
vt 0.732283 0.000000
vt 0.748031 1.000000
vt 0.740157 0.000000
vt 0.755906 1.000000
vt 0.748031 0.000000
vt 0.763780 1.000000
vt 0.755906 0.000000
vt 0.771654 1.000000
vt 0.763780 0.000000
vt 0.779528 1.000000
vt 0.771654 0.000000
vt 0.787402 1.000000
vt 0.779528 0.000000
vt 0.795276 1.000000
vt 0.787402 0.000000
vt 0.803150 1.000000
vt 0.795276 0.000000
vt 0.811024 1.000000
vt 0.803150 0.000000
vt 0.818898 1.000000
vt 0.811024 0.000000
vt 0.826772 1.000000
vt 0.818898 0.000000
vt 0.834646 1.000000
vt 0.826772 0.000000
vt 0.842520 1.000000
vt 0.834646 0.000000
vt 0.850394 1.000000
vt 0.842520 0.000000
vt 0.858268 1.000000
vt 0.850394 0.000000
vt 0.866142 1.000000
vt 0.858268 0.000000
vt 0.874016 1.000000
vt 0.866142 0.000000
vt 0.881890 1.000000
vt 0.874016 0.000000
vt 0.889764 1.000000
vt 0.881890 0.000000
vt 0.897638 1.000000
vt 0.889764 0.000000
vt 0.905512 1.000000
vt 0.897638 0.000000
vt 0.913386 1.000000
vt 0.905512 0.000000
vt 0.921260 1.000000
vt 0.913386 0.000000
vt 0.929134 1.000000
vt 0.921260 0.000000
vt 0.937008 1.000000
vt 0.929134 0.000000
vt 0.944882 1.000000
vt 0.937008 0.000000
vt 0.952756 1.000000
vt 0.944882 0.000000
vt 0.960630 1.000000
vt 0.952756 0.000000
vt 0.968504 1.000000
vt 0.960630 0.000000
vt 0.976378 1.000000
vt 0.968504 0.000000
vt 0.984252 1.000000
vt 0.976378 0.000000
vt 0.992126 1.000000
vt 0.984252 0.000000
vt 0.992126 0.000000
vt 0.010204 1.000000
vt 0.020408 1.000000
vt 0.010204 0.000000
vt 0.030612 1.000000
vt 0.020408 0.000000
vt 0.040816 1.000000
vt 0.030612 0.000000
vt 0.051020 1.000000
vt 0.040816 0.000000
vt 0.061224 1.000000
vt 0.051020 0.000000
vt 0.071429 1.000000
vt 0.061224 0.000000
vt 0.081633 1.000000
vt 0.091837 1.000000
vt 0.081633 0.000000
vt 0.102041 1.000000
vt 0.091837 0.000000
vt 0.112245 1.000000
vt 0.102041 0.000000
vt 0.122449 1.000000
vt 0.112245 0.000000
vt 0.132653 1.000000
vt 0.122449 0.000000
vt 0.142857 1.000000
vt 0.132653 0.000000
vt 0.153061 1.000000
vt 0.163265 1.000000
vt 0.153061 0.000000
vt 0.173469 1.000000
vt 0.163265 0.000000
vt 0.183673 1.000000
vt 0.173469 0.000000
vt 0.193878 1.000000
vt 0.183673 0.000000
vt 0.204082 1.000000
vt 0.193878 0.000000
vt 0.214286 1.000000
vt 0.204082 0.000000
vt 0.224490 1.000000
vt 0.234694 1.000000
vt 0.224490 0.000000
vt 0.244898 1.000000
vt 0.234694 0.000000
vt 0.255102 1.000000
vt 0.244898 0.000000
vt 0.265306 1.000000
vt 0.255102 0.000000
vt 0.275510 1.000000
vt 0.265306 0.000000
vt 0.285714 1.000000
vt 0.275510 0.000000
vt 0.295918 1.000000
vt 0.306122 1.000000
vt 0.295918 0.000000
vt 0.316327 1.000000
vt 0.306122 0.000000
vt 0.326531 1.000000
vt 0.316327 0.000000
vt 0.336735 1.000000
vt 0.326531 0.000000
vt 0.346939 1.000000
vt 0.336735 0.000000
vt 0.357143 1.000000
vt 0.346939 0.000000
vt 0.367347 1.000000
vt 0.377551 1.000000
vt 0.367347 0.000000
vt 0.387755 1.000000
vt 0.377551 0.000000
vt 0.397959 1.000000
vt 0.387755 0.000000
vt 0.408163 1.000000
vt 0.397959 0.000000
vt 0.418367 1.000000
vt 0.408163 0.000000
vt 0.428571 1.000000
vt 0.418367 0.000000
vt 0.438776 1.000000
vt 0.448980 1.000000
vt 0.438776 0.000000
vt 0.459184 1.000000
vt 0.448980 0.000000
vt 0.469388 1.000000
vt 0.459184 0.000000
vt 0.479592 1.000000
vt 0.469388 0.000000
vt 0.489796 1.000000
vt 0.479592 0.000000
vt 0.489796 0.000000
vt 0.510204 1.000000
vt 0.520408 1.000000
vt 0.510204 0.000000
vt 0.530612 1.000000
vt 0.520408 0.000000
vt 0.540816 1.000000
vt 0.530612 0.000000
vt 0.551020 1.000000
vt 0.540816 0.000000
vt 0.561224 1.000000
vt 0.551020 0.000000
vt 0.571429 1.000000
vt 0.561224 0.000000
vt 0.581633 1.000000
vt 0.591837 1.000000
vt 0.581633 0.000000
vt 0.602041 1.000000
vt 0.591837 0.000000
vt 0.612245 1.000000
vt 0.602041 0.000000
vt 0.622449 1.000000
vt 0.612245 0.000000
vt 0.632653 1.000000
vt 0.622449 0.000000
vt 0.642857 1.000000
vt 0.632653 0.000000
vt 0.653061 1.000000
vt 0.663265 1.000000
vt 0.653061 0.000000
vt 0.673469 1.000000
vt 0.663265 0.000000
vt 0.683673 1.000000
vt 0.673469 0.000000
vt 0.693878 1.000000
vt 0.683673 0.000000
vt 0.704082 1.000000
vt 0.693878 0.000000
vt 0.714286 1.000000
vt 0.704082 0.000000
vt 0.724490 1.000000
vt 0.734694 1.000000
vt 0.724490 0.000000
vt 0.744898 1.000000
vt 0.734694 0.000000
vt 0.755102 1.000000
vt 0.744898 0.000000
vt 0.765306 1.000000
vt 0.755102 0.000000
vt 0.775510 1.000000
vt 0.765306 0.000000
vt 0.785714 1.000000
vt 0.775510 0.000000
vt 0.795918 1.000000
vt 0.806122 1.000000
vt 0.795918 0.000000
vt 0.816327 1.000000
vt 0.806122 0.000000
vt 0.826531 1.000000
vt 0.816327 0.000000
vt 0.836735 1.000000
vt 0.826531 0.000000
vt 0.846939 1.000000
vt 0.836735 0.000000
vt 0.857143 1.000000
vt 0.846939 0.000000
vt 0.867347 1.000000
vt 0.877551 1.000000
vt 0.867347 0.000000
vt 0.887755 1.000000
vt 0.877551 0.000000
vt 0.897959 1.000000
vt 0.887755 0.000000
vt 0.908163 1.000000
vt 0.897959 0.000000
vt 0.918367 1.000000
vt 0.908163 0.000000
vt 0.928571 1.000000
vt 0.918367 0.000000
vt 0.938776 1.000000
vt 0.948980 1.000000
vt 0.938776 0.000000
vt 0.959184 1.000000
vt 0.948980 0.000000
vt 0.969388 1.000000
vt 0.959184 0.000000
vt 0.979592 1.000000
vt 0.969388 0.000000
vt 0.989796 1.000000
vt 0.979592 0.000000
vt 0.989796 0.000000
vt 0.010101 1.000000
vt 0.020202 1.000000
vt 0.010101 0.000000
vt 0.030303 1.000000
vt 0.020202 0.000000
vt 0.040404 1.000000
vt 0.030303 0.000000
vt 0.050505 1.000000
vt 0.040404 0.000000
vt 0.060606 1.000000
vt 0.050505 0.000000
vt 0.070707 1.000000
vt 0.060606 0.000000
vt 0.080808 1.000000
vt 0.070707 0.000000
vt 0.090909 1.000000
vt 0.080808 0.000000
vt 0.101010 1.000000
vt 0.090909 0.000000
vt 0.111111 1.000000
vt 0.101010 0.000000
vt 0.121212 1.000000
vt 0.131313 1.000000
vt 0.121212 0.000000
vt 0.141414 1.000000
vt 0.131313 0.000000
vt 0.151515 1.000000
vt 0.141414 0.000000
vt 0.161616 1.000000
vt 0.151515 0.000000
vt 0.171717 1.000000
vt 0.161616 0.000000
vt 0.181818 1.000000
vt 0.171717 0.000000
vt 0.191919 1.000000
vt 0.181818 0.000000
vt 0.202020 1.000000
vt 0.191919 0.000000
vt 0.212121 1.000000
vt 0.202020 0.000000
vt 0.222222 1.000000
vt 0.212121 0.000000
vt 0.232323 1.000000
vt 0.242424 1.000000
vt 0.232323 0.000000
vt 0.252525 1.000000
vt 0.242424 0.000000
vt 0.262626 1.000000
vt 0.252525 0.000000
vt 0.272727 1.000000
vt 0.262626 0.000000
vt 0.282828 1.000000
vt 0.272727 0.000000
vt 0.292929 1.000000
vt 0.282828 0.000000
vt 0.303030 1.000000
vt 0.292929 0.000000
vt 0.313131 1.000000
vt 0.303030 0.000000
vt 0.323232 1.000000
vt 0.313131 0.000000
vt 0.333333 1.000000
vt 0.323232 0.000000
vt 0.343434 1.000000
vt 0.353535 1.000000
vt 0.343434 0.000000
vt 0.363636 1.000000
vt 0.353535 0.000000
vt 0.373737 1.000000
vt 0.363636 0.000000
vt 0.383838 1.000000
vt 0.373737 0.000000
vt 0.393939 1.000000
vt 0.383838 0.000000
vt 0.404040 1.000000
vt 0.393939 0.000000
vt 0.414141 1.000000
vt 0.404040 0.000000
vt 0.424242 1.000000
vt 0.414141 0.000000
vt 0.434343 1.000000
vt 0.424242 0.000000
vt 0.444444 1.000000
vt 0.434343 0.000000
vt 0.454545 1.000000
vt 0.464646 1.000000
vt 0.454545 0.000000
vt 0.474747 1.000000
vt 0.464646 0.000000
vt 0.484848 1.000000
vt 0.474747 0.000000
vt 0.494949 1.000000
vt 0.484848 0.000000
vt 0.505050 1.000000
vt 0.494949 0.000000
vt 0.515152 1.000000
vt 0.505050 0.000000
vt 0.525253 1.000000
vt 0.515152 0.000000
vt 0.535354 1.000000
vt 0.525253 0.000000
vt 0.545455 1.000000
vt 0.535354 0.000000
vt 0.555556 1.000000
vt 0.545455 0.000000
vt 0.565657 1.000000
vt 0.575758 1.000000
vt 0.565657 0.000000
vt 0.585859 1.000000
vt 0.575758 0.000000
vt 0.595960 1.000000
vt 0.585859 0.000000
vt 0.606061 1.000000
vt 0.595960 0.000000
vt 0.616162 1.000000
vt 0.606061 0.000000
vt 0.626263 1.000000
vt 0.616162 0.000000
vt 0.636364 1.000000
vt 0.626263 0.000000
vt 0.646465 1.000000
vt 0.636364 0.000000
vt 0.656566 1.000000
vt 0.646465 0.000000
vt 0.666667 1.000000
vt 0.656566 0.000000
vt 0.676768 1.000000
vt 0.686869 1.000000
vt 0.676768 0.000000
vt 0.696970 1.000000
vt 0.686869 0.000000
vt 0.707071 1.000000
vt 0.696970 0.000000
vt 0.717172 1.000000
vt 0.707071 0.000000
vt 0.727273 1.000000
vt 0.717172 0.000000
vt 0.737374 1.000000
vt 0.727273 0.000000
vt 0.747475 1.000000
vt 0.737374 0.000000
vt 0.757576 1.000000
vt 0.747475 0.000000
vt 0.767677 1.000000
vt 0.757576 0.000000
vt 0.777778 1.000000
vt 0.767677 0.000000
vt 0.787879 1.000000
vt 0.797980 1.000000
vt 0.787879 0.000000
vt 0.808081 1.000000
vt 0.797980 0.000000
vt 0.818182 1.000000
vt 0.808081 0.000000
vt 0.828283 1.000000
vt 0.818182 0.000000
vt 0.838384 1.000000
vt 0.828283 0.000000
vt 0.848485 1.000000
vt 0.838384 0.000000
vt 0.858586 1.000000
vt 0.848485 0.000000
vt 0.868687 1.000000
vt 0.858586 0.000000
vt 0.878788 1.000000
vt 0.868687 0.000000
vt 0.888889 1.000000
vt 0.878788 0.000000
vt 0.898990 1.000000
vt 0.909091 1.000000
vt 0.898990 0.000000
vt 0.919192 1.000000
vt 0.909091 0.000000
vt 0.929293 1.000000
vt 0.919192 0.000000
vt 0.939394 1.000000
vt 0.929293 0.000000
vt 0.949495 1.000000
vt 0.939394 0.000000
vt 0.959596 1.000000
vt 0.949495 0.000000
vt 0.969697 1.000000
vt 0.959596 0.000000
vt 0.979798 1.000000
vt 0.969697 0.000000
vt 0.989899 1.000000
vt 0.979798 0.000000
vt 0.989899 0.000000
vt 0.020000 1.000000
vt 0.040000 1.000000
vt 0.020000 0.000000
vt 0.060000 1.000000
vt 0.040000 0.000000
vt 0.080000 1.000000
vt 0.060000 0.000000
vt 0.100000 1.000000
vt 0.080000 0.000000
vt 0.120000 1.000000
vt 0.140000 1.000000
vt 0.120000 0.000000
vt 0.160000 1.000000
vt 0.140000 0.000000
vt 0.180000 1.000000
vt 0.160000 0.000000
vt 0.200000 1.000000
vt 0.180000 0.000000
vt 0.220000 1.000000
vt 0.240000 1.000000
vt 0.220000 0.000000
vt 0.260000 1.000000
vt 0.240000 0.000000
vt 0.280000 1.000000
vt 0.260000 0.000000
vt 0.300000 1.000000
vt 0.280000 0.000000
vt 0.320000 1.000000
vt 0.340000 1.000000
vt 0.320000 0.000000
vt 0.360000 1.000000
vt 0.340000 0.000000
vt 0.380000 1.000000
vt 0.360000 0.000000
vt 0.400000 1.000000
vt 0.380000 0.000000
vt 0.420000 1.000000
vt 0.440000 1.000000
vt 0.420000 0.000000
vt 0.460000 1.000000
vt 0.440000 0.000000
vt 0.480000 1.000000
vt 0.460000 0.000000
vt 0.480000 0.000000
vt 0.520000 1.000000
vt 0.540000 1.000000
vt 0.520000 0.000000
vt 0.560000 1.000000
vt 0.540000 0.000000
vt 0.580000 1.000000
vt 0.560000 0.000000
vt 0.600000 1.000000
vt 0.580000 0.000000
vt 0.620000 1.000000
vt 0.640000 1.000000
vt 0.620000 0.000000
vt 0.660000 1.000000
vt 0.640000 0.000000
vt 0.680000 1.000000
vt 0.660000 0.000000
vt 0.700000 1.000000
vt 0.680000 0.000000
vt 0.720000 1.000000
vt 0.740000 1.000000
vt 0.720000 0.000000
vt 0.760000 1.000000
vt 0.740000 0.000000
vt 0.780000 1.000000
vt 0.760000 0.000000
vt 0.800000 1.000000
vt 0.780000 0.000000
vt 0.820000 1.000000
vt 0.840000 1.000000
vt 0.820000 0.000000
vt 0.860000 1.000000
vt 0.840000 0.000000
vt 0.880000 1.000000
vt 0.860000 0.000000
vt 0.900000 1.000000
vt 0.880000 0.000000
vt 0.920000 1.000000
vt 0.940000 1.000000
vt 0.920000 0.000000
vt 0.960000 1.000000
vt 0.940000 0.000000
vt 0.980000 1.000000
vt 0.960000 0.000000
vt 0.980000 0.000000
vt 0.166667 1.000000
vt 0.833333 1.000000
vt 0.020833 1.000000
vt 0.041667 1.000000
vt 0.020833 0.000000
vt 0.062500 1.000000
vt 0.041667 0.000000
vt 0.083333 1.000000
vt 0.062500 0.000000
vt 0.104167 1.000000
vt 0.083333 0.000000
vt 0.125000 1.000000
vt 0.104167 0.000000
vt 0.145833 1.000000
vt 0.145833 0.000000
vt 0.187500 1.000000
vt 0.208333 1.000000
vt 0.187500 0.000000
vt 0.229167 1.000000
vt 0.208333 0.000000
vt 0.250000 1.000000
vt 0.229167 0.000000
vt 0.270833 1.000000
vt 0.291667 1.000000
vt 0.270833 0.000000
vt 0.312500 1.000000
vt 0.291667 0.000000
vt 0.312500 0.000000
vt 0.354167 1.000000
vt 0.375000 1.000000
vt 0.354167 0.000000
vt 0.395833 1.000000
vt 0.416667 1.000000
vt 0.395833 0.000000
vt 0.437500 1.000000
vt 0.416667 0.000000
vt 0.458333 1.000000
vt 0.437500 0.000000
vt 0.479167 1.000000
vt 0.458333 0.000000
vt 0.479167 0.000000
vt 0.520833 1.000000
vt 0.541667 1.000000
vt 0.520833 0.000000
vt 0.562500 1.000000
vt 0.541667 0.000000
vt 0.583333 1.000000
vt 0.562500 0.000000
vt 0.604167 1.000000
vt 0.583333 0.000000
vt 0.625000 1.000000
vt 0.604167 0.000000
vt 0.645833 1.000000
vt 0.645833 0.000000
vt 0.687500 1.000000
vt 0.708333 1.000000
vt 0.687500 0.000000
vt 0.729167 1.000000
vt 0.708333 0.000000
vt 0.750000 1.000000
vt 0.729167 0.000000
vt 0.770833 1.000000
vt 0.791667 1.000000
vt 0.770833 0.000000
vt 0.812500 1.000000
vt 0.791667 0.000000
vt 0.812500 0.000000
vt 0.854167 1.000000
vt 0.875000 1.000000
vt 0.854167 0.000000
vt 0.895833 1.000000
vt 0.916667 1.000000
vt 0.895833 0.000000
vt 0.937500 1.000000
vt 0.916667 0.000000
vt 0.958333 1.000000
vt 0.937500 0.000000
vt 0.979167 1.000000
vt 0.958333 0.000000
vt 0.979167 0.000000
s 0
usemtl マテリアル
f 54/1/1 50/2/1 49/3/1
f 54/1/1 51/4/1 50/2/1
f 53/5/1 51/4/1 54/1/1
f 53/5/1 52/6/1 51/4/1
f 11/7/1 13/8/1 12/9/1
f 10/10/1 13/8/1 11/7/1
f 10/10/1 14/11/1 13/8/1
f 9/12/1 14/11/1 10/10/1
f 9/12/1 15/13/1 14/11/1
f 8/14/1 15/13/1 9/12/1
f 8/14/1 16/15/1 15/13/1
f 7/16/1 16/15/1 8/14/1
f 7/16/1 17/17/1 16/15/1
f 6/18/1 17/17/1 7/16/1
f 6/18/1 18/19/1 17/17/1
f 5/20/1 18/19/1 6/18/1
f 5/20/1 19/21/1 18/19/1
f 4/22/1 19/21/1 5/20/1
f 4/22/1 20/23/1 19/21/1
f 3/24/1 20/23/1 4/22/1
f 3/24/1 21/25/1 20/23/1
f 2/26/1 21/25/1 3/24/1
f 2/26/1 22/27/1 21/25/1
f 1/28/1 22/27/1 2/26/1
f 1/28/1 23/29/1 22/27/1
f 1/28/1 24/30/1 23/29/1
f 48/31/1 24/30/1 1/28/1
f 47/32/1 24/30/1 48/31/1
f 47/32/1 25/33/1 24/30/1
f 47/32/1 26/34/1 25/33/1
f 46/35/1 26/34/1 47/32/1
f 46/35/1 27/36/1 26/34/1
f 45/37/1 27/36/1 46/35/1
f 45/37/1 28/38/1 27/36/1
f 44/39/1 28/38/1 45/37/1
f 44/39/1 29/40/1 28/38/1
f 43/41/1 29/40/1 44/39/1
f 43/41/1 30/42/1 29/40/1
f 42/43/1 30/42/1 43/41/1
f 42/43/1 31/44/1 30/42/1
f 41/45/1 31/44/1 42/43/1
f 40/46/1 31/44/1 41/45/1
f 40/46/1 32/47/1 31/44/1
f 39/48/1 32/47/1 40/46/1
f 39/48/1 33/49/1 32/47/1
f 38/50/1 33/49/1 39/48/1
f 38/50/1 34/51/1 33/49/1
f 37/52/1 34/51/1 38/50/1
f 37/52/1 35/53/1 34/51/1
f 36/54/1 35/53/1 37/52/1
f 108/1/1 104/2/1 103/3/1
f 108/1/1 105/4/1 104/2/1
f 107/5/1 105/4/1 108/1/1
f 107/5/1 106/6/1 105/4/1
f 65/7/1 67/8/1 66/9/1
f 64/10/1 67/8/1 65/7/1
f 64/10/1 68/11/1 67/8/1
f 63/12/1 68/11/1 64/10/1
f 63/12/1 69/13/1 68/11/1
f 62/14/1 69/13/1 63/12/1
f 62/14/1 70/15/1 69/13/1
f 61/16/1 70/15/1 62/14/1
f 61/16/1 71/17/1 70/15/1
f 60/18/1 71/17/1 61/16/1
f 60/18/1 72/19/1 71/17/1
f 59/20/1 72/19/1 60/18/1
f 59/20/1 73/21/1 72/19/1
f 58/22/1 73/21/1 59/20/1
f 58/22/1 74/23/1 73/21/1
f 57/24/1 74/23/1 58/22/1
f 57/24/1 75/25/1 74/23/1
f 56/26/1 75/25/1 57/24/1
f 56/26/1 76/27/1 75/25/1
f 55/28/1 76/27/1 56/26/1
f 55/28/1 77/29/1 76/27/1
f 55/28/1 78/30/1 77/29/1
f 102/31/1 78/30/1 55/28/1
f 101/32/1 78/30/1 102/31/1
f 101/32/1 79/33/1 78/30/1
f 101/32/1 80/34/1 79/33/1
f 100/35/1 80/34/1 101/32/1
f 100/35/1 81/36/1 80/34/1
f 99/37/1 81/36/1 100/35/1
f 99/37/1 82/38/1 81/36/1
f 98/39/1 82/38/1 99/37/1
f 98/39/1 83/40/1 82/38/1
f 97/41/1 83/40/1 98/39/1
f 97/41/1 84/42/1 83/40/1
f 96/43/1 84/42/1 97/41/1
f 96/43/1 85/44/1 84/42/1
f 95/45/1 85/44/1 96/43/1
f 94/46/1 85/44/1 95/45/1
f 94/46/1 86/47/1 85/44/1
f 93/48/1 86/47/1 94/46/1
f 93/48/1 87/49/1 86/47/1
f 92/50/1 87/49/1 93/48/1
f 92/50/1 88/51/1 87/49/1
f 91/52/1 88/51/1 92/50/1
f 91/52/1 89/53/1 88/51/1
f 90/54/1 89/53/1 91/52/1
f 169/55/1 171/56/1 170/57/1
f 131/58/1 133/59/1 132/60/1
f 169/55/1 172/61/1 171/56/1
f 130/62/1 133/59/1 131/58/1
f 169/55/1 173/63/1 172/61/1
f 129/64/1 133/59/1 130/62/1
f 169/55/1 174/65/1 173/63/1
f 128/66/1 133/59/1 129/64/1
f 169/55/1 175/67/1 174/65/1
f 127/68/1 133/59/1 128/66/1
f 169/55/1 176/69/1 175/67/1
f 126/70/1 133/59/1 127/68/1
f 169/55/1 177/71/1 176/69/1
f 125/72/1 133/59/1 126/70/1
f 169/55/1 178/73/1 177/71/1
f 124/74/1 133/59/1 125/72/1
f 169/55/1 179/75/1 178/73/1
f 123/76/1 133/59/1 124/74/1
f 169/55/1 180/77/1 179/75/1
f 122/78/1 133/59/1 123/76/1
f 169/55/1 181/79/1 180/77/1
f 121/80/1 133/59/1 122/78/1
f 169/55/1 182/1/1 181/79/1
f 120/81/1 133/59/1 121/80/1
f 169/55/1 109/28/1 182/1/1
f 169/55/1 110/82/1 109/28/1
f 169/55/1 111/83/1 110/82/1
f 169/55/1 112/84/1 111/83/1
f 169/55/1 113/85/1 112/84/1
f 169/55/1 114/86/1 113/85/1
f 169/55/1 115/87/1 114/86/1
f 169/55/1 116/88/1 115/87/1
f 169/55/1 117/89/1 116/88/1
f 169/55/1 118/90/1 117/89/1
f 169/55/1 119/91/1 118/90/1
f 169/55/1 120/81/1 119/91/1
f 169/55/1 168/92/1 120/81/1
f 168/92/1 167/93/1 120/81/1
f 167/93/1 166/94/1 120/81/1
f 166/94/1 165/95/1 120/81/1
f 165/95/1 164/96/1 120/81/1
f 164/96/1 163/97/1 120/81/1
f 163/97/1 162/98/1 120/81/1
f 162/98/1 161/99/1 120/81/1
f 161/99/1 160/100/1 120/81/1
f 160/100/1 159/101/1 120/81/1
f 159/101/1 158/102/1 120/81/1
f 158/102/1 157/103/1 120/81/1
f 157/103/1 156/104/1 120/81/1
f 156/104/1 155/105/1 120/81/1
f 155/105/1 154/106/1 120/81/1
f 154/106/1 152/107/1 120/81/1
f 152/107/1 149/108/1 120/81/1
f 149/108/1 146/109/1 120/81/1
f 146/109/1 145/110/1 120/81/1
f 145/110/1 144/111/1 120/81/1
f 144/111/1 143/112/1 120/81/1
f 143/112/1 142/113/1 120/81/1
f 142/113/1 141/114/1 120/81/1
f 141/114/1 140/115/1 120/81/1
f 140/115/1 139/116/1 120/81/1
f 139/116/1 138/117/1 120/81/1
f 138/117/1 133/59/1 120/81/1
f 153/118/1 152/107/1 154/106/1
f 151/119/1 149/108/1 152/107/1
f 150/120/1 149/108/1 151/119/1
f 148/121/2 146/109/2 149/108/2
f 147/122/1 146/109/1 148/121/1
f 137/123/1 133/59/1 138/117/1
f 136/124/1 133/59/1 137/123/1
f 135/125/1 133/59/1 136/124/1
f 134/126/1 133/59/1 135/125/1
f 231/127/1 233/128/1 232/129/1
f 231/127/1 234/130/1 233/128/1
f 231/127/1 235/131/1 234/130/1
f 267/132/1 269/133/1 268/134/1
f 231/127/1 236/135/1 235/131/1
f 266/136/1 269/133/1 267/132/1
f 265/137/1 269/133/1 266/136/1
f 231/127/1 237/138/1 236/135/1
f 264/139/1 269/133/1 265/137/1
f 231/127/1 238/140/1 237/138/1
f 263/141/1 269/133/1 264/139/1
f 231/127/1 239/142/1 238/140/1
f 262/143/1 269/133/1 263/141/1
f 261/144/1 269/133/1 262/143/1
f 231/127/1 240/145/1 239/142/1
f 260/146/1 269/133/1 261/144/1
f 231/127/1 241/147/1 240/145/1
f 259/148/1 269/133/1 260/146/1
f 231/127/1 242/149/1 241/147/1
f 258/150/1 269/133/1 259/148/1
f 231/127/1 243/151/1 242/149/1
f 257/152/1 269/133/1 258/150/1
f 231/127/1 244/153/1 243/151/1
f 256/154/1 269/133/1 257/152/1
f 231/127/1 245/155/1 244/153/1
f 231/127/1 246/156/1 245/155/1
f 231/127/1 247/157/1 246/156/1
f 231/127/1 248/158/1 247/157/1
f 231/127/1 249/159/1 248/158/1
f 231/127/1 250/160/1 249/159/1
f 231/127/1 251/161/1 250/160/1
f 231/127/1 252/162/1 251/161/1
f 231/127/1 253/163/1 252/162/1
f 231/127/1 254/164/1 253/163/1
f 231/127/1 255/165/1 254/164/1
f 231/127/1 256/154/1 255/165/1
f 231/127/1 230/166/1 256/154/1
f 230/166/1 229/167/1 256/154/1
f 229/167/1 228/168/1 256/154/1
f 228/168/1 227/169/1 256/154/1
f 227/169/1 226/170/1 256/154/1
f 226/170/1 225/171/1 256/154/1
f 225/171/1 269/133/1 256/154/1
f 225/171/1 224/172/1 269/133/1
f 224/172/1 270/173/1 269/133/1
f 224/172/1 271/174/1 270/173/1
f 224/172/1 223/175/1 271/174/1
f 223/175/1 272/176/1 271/174/1
f 223/175/1 273/177/1 272/176/1
f 223/175/1 222/178/1 273/177/1
f 222/178/1 274/179/1 273/177/1
f 222/178/1 275/180/1 274/179/1
f 222/178/1 221/181/1 275/180/1
f 221/181/1 276/182/1 275/180/1
f 221/181/1 277/183/1 276/182/1
f 221/181/1 220/184/1 277/183/1
f 220/184/1 278/185/1 277/183/1
f 220/184/1 279/186/1 278/185/1
f 220/184/1 219/187/1 279/186/1
f 219/187/1 280/188/1 279/186/1
f 219/187/1 218/189/1 280/188/1
f 218/189/1 217/190/1 280/188/1
f 217/190/1 216/191/1 280/188/1
f 216/191/1 215/192/1 280/188/1
f 215/192/1 214/193/1 280/188/1
f 214/193/1 213/194/1 280/188/1
f 213/194/1 212/195/1 280/188/1
f 212/195/1 211/196/1 280/188/1
f 211/196/1 210/197/1 280/188/1
f 210/197/1 208/198/1 280/188/1
f 208/198/1 207/199/1 280/188/1
f 207/199/1 281/200/1 280/188/1
f 209/201/1 208/198/1 210/197/1
f 206/202/1 281/200/1 207/199/1
f 206/202/1 183/28/1 281/200/1
f 205/203/1 183/28/1 206/202/1
f 205/203/1 184/204/1 183/28/1
f 204/205/1 184/204/1 205/203/1
f 204/205/1 185/206/1 184/204/1
f 203/207/1 185/206/1 204/205/1
f 203/207/1 186/208/1 185/206/1
f 202/209/1 186/208/1 203/207/1
f 202/209/1 187/210/1 186/208/1
f 201/211/1 187/210/1 202/209/1
f 317/212/1 319/213/1 318/214/1
f 317/212/1 320/215/1 319/213/1
f 316/216/1 320/215/1 317/212/1
f 315/217/1 320/215/1 316/216/1
f 201/211/1 188/218/1 187/210/1
f 200/219/1 188/218/1 201/211/1
f 314/220/1 320/215/1 315/217/1
f 313/221/1 320/215/1 314/220/1
f 312/222/1 320/215/1 313/221/1
f 311/223/1 320/215/1 312/222/1
f 200/219/1 189/224/1 188/218/1
f 199/225/1 189/224/1 200/219/1
f 310/226/1 320/215/1 311/223/1
f 309/227/1 320/215/1 310/226/1
f 308/228/1 320/215/1 309/227/1
f 198/229/1 189/224/1 199/225/1
f 307/230/1 320/215/1 308/228/1
f 198/229/1 190/231/1 189/224/1
f 307/230/1 321/232/1 320/215/1
f 306/233/1 321/232/1 307/230/1
f 305/234/1 321/232/1 306/233/1
f 197/235/1 190/231/1 198/229/1
f 197/235/1 191/236/1 190/231/1
f 196/237/1 191/236/1 197/235/1
f 195/238/1 191/236/1 196/237/1
f 195/238/1 192/239/1 191/236/1
f 304/240/1 321/232/1 305/234/1
f 194/241/1 192/239/1 195/238/1
f 304/240/1 322/242/1 321/232/1
f 194/241/1 193/243/1 192/239/1
f 303/244/1 322/242/1 304/240/1
f 303/244/1 323/245/1 322/242/1
f 302/246/1 323/245/1 303/244/1
f 301/247/1 323/245/1 302/246/1
f 301/247/1 324/248/1 323/245/1
f 300/249/1 324/248/1 301/247/1
f 300/249/1 325/250/1 324/248/1
f 299/251/1 325/250/1 300/249/1
f 298/252/1 325/250/1 299/251/1
f 298/252/1 326/253/1 325/250/1
f 297/254/1 326/253/1 298/252/1
f 297/254/1 327/255/1 326/253/1
f 296/256/1 327/255/1 297/254/1
f 295/257/1 327/255/1 296/256/1
f 295/257/1 328/258/1 327/255/1
f 294/259/1 328/258/1 295/257/1
f 294/259/1 329/260/1 328/258/1
f 293/261/1 329/260/1 294/259/1
f 292/262/1 329/260/1 293/261/1
f 291/263/1 329/260/1 292/262/1
f 290/264/1 329/260/1 291/263/1
f 289/265/1 329/260/1 290/264/1
f 288/266/1 329/260/1 289/265/1
f 287/267/1 329/260/1 288/266/1
f 286/268/1 329/260/1 287/267/1
f 285/269/1 329/260/1 286/268/1
f 285/269/1 330/270/1 329/260/1
f 284/271/1 330/270/1 285/269/1
f 283/272/1 330/270/1 284/271/1
f 282/273/1 330/270/1 283/272/1
f 331/1/1 330/270/1 282/273/1
f 489/274/1 491/275/1 490/276/1
f 489/274/1 492/277/1 491/275/1
f 488/278/1 492/277/1 489/274/1
f 488/278/1 493/279/1 492/277/1
f 487/280/1 493/279/1 488/278/1
f 487/280/1 494/281/1 493/279/1
f 486/282/1 494/281/1 487/280/1
f 486/282/1 495/283/1 494/281/1
f 485/284/1 495/283/1 486/282/1
f 485/284/1 496/285/1 495/283/1
f 484/286/1 496/285/1 485/284/1
f 484/286/1 497/287/1 496/285/1
f 483/288/1 497/287/1 484/286/1
f 483/288/1 498/289/1 497/287/1
f 482/290/1 498/289/1 483/288/1
f 482/290/1 499/291/1 498/289/1
f 481/292/1 499/291/1 482/290/1
f 481/292/1 500/293/1 499/291/1
f 480/294/1 500/293/1 481/292/1
f 480/294/1 501/295/1 500/293/1
f 479/296/1 501/295/1 480/294/1
f 479/296/1 502/297/1 501/295/1
f 478/298/1 502/297/1 479/296/1
f 478/298/1 503/1/1 502/297/1
f 477/299/1 503/1/1 478/298/1
f 477/299/1 406/300/1 503/1/1
f 476/301/1 406/300/1 477/299/1
f 476/301/1 407/302/1 406/300/1
f 475/303/1 407/302/1 476/301/1
f 475/303/1 408/304/1 407/302/1
f 474/305/1 408/304/1 475/303/1
f 474/305/1 409/306/1 408/304/1
f 473/307/1 409/306/1 474/305/1
f 473/307/1 410/308/1 409/306/1
f 472/309/1 410/308/1 473/307/1
f 472/309/1 411/310/1 410/308/1
f 471/311/1 411/310/1 472/309/1
f 471/311/1 412/312/1 411/310/1
f 470/313/1 412/312/1 471/311/1
f 470/313/1 413/314/1 412/312/1
f 469/315/1 413/314/1 470/313/1
f 469/315/1 414/316/1 413/314/1
f 468/317/1 414/316/1 469/315/1
f 468/317/1 415/318/1 414/316/1
f 467/319/1 415/318/1 468/317/1
f 467/319/1 416/320/1 415/318/1
f 466/321/1 416/320/1 467/319/1
f 466/321/1 417/322/1 416/320/1
f 465/323/1 417/322/1 466/321/1
f 465/323/1 418/324/1 417/322/1
f 464/325/1 418/324/1 465/323/1
f 464/325/1 419/326/1 418/324/1
f 463/327/1 419/326/1 464/325/1
f 463/327/1 420/328/1 419/326/1
f 462/329/1 420/328/1 463/327/1
f 462/329/1 421/330/1 420/328/1
f 461/331/1 421/330/1 462/329/1
f 460/332/1 421/330/1 461/331/1
f 460/332/1 422/333/1 421/330/1
f 459/334/1 422/333/1 460/332/1
f 459/334/1 423/335/1 422/333/1
f 458/336/1 423/335/1 459/334/1
f 458/336/1 424/337/1 423/335/1
f 457/338/1 424/337/1 458/336/1
f 456/339/1 424/337/1 457/338/1
f 456/339/1 425/340/1 424/337/1
f 455/341/1 425/340/1 456/339/1
f 455/341/1 426/342/1 425/340/1
f 454/343/1 426/342/1 455/341/1
f 454/343/1 427/344/1 426/342/1
f 453/345/1 427/344/1 454/343/1
f 453/345/1 428/346/1 427/344/1
f 452/347/1 428/346/1 453/345/1
f 451/348/1 428/346/1 452/347/1
f 451/348/1 429/349/1 428/346/1
f 450/350/1 429/349/1 451/348/1
f 450/350/1 430/351/1 429/349/1
f 449/352/1 430/351/1 450/350/1
f 448/353/1 430/351/1 449/352/1
f 448/353/1 431/354/1 430/351/1
f 447/355/1 431/354/1 448/353/1
f 447/355/1 432/356/1 431/354/1
f 446/357/1 432/356/1 447/355/1
f 445/358/1 432/356/1 446/357/1
f 445/358/1 433/359/1 432/356/1
f 444/360/1 433/359/1 445/358/1
f 443/361/1 433/359/1 444/360/1
f 443/361/1 434/362/1 433/359/1
f 442/363/1 434/362/1 443/361/1
f 441/364/1 434/362/1 442/363/1
f 441/364/1 435/365/1 434/362/1
f 441/364/1 436/366/1 435/365/1
f 441/364/1 437/367/1 436/366/1
f 441/364/1 438/368/1 437/367/1
f 441/364/1 439/369/1 438/368/1
f 441/364/1 440/370/1 439/369/1
f 391/371/1 393/372/1 392/373/1
f 391/371/1 394/374/1 393/372/1
f 391/371/1 395/375/1 394/374/1
f 390/376/1 395/375/1 391/371/1
f 390/376/1 396/377/1 395/375/1
f 389/378/1 396/377/1 390/376/1
f 389/378/1 397/379/1 396/377/1
f 388/380/1 397/379/1 389/378/1
f 388/380/1 398/381/1 397/379/1
f 387/382/1 398/381/1 388/380/1
f 387/382/1 399/383/1 398/381/1
f 386/384/1 399/383/1 387/382/1
f 386/384/1 400/385/1 399/383/1
f 385/386/1 400/385/1 386/384/1
f 385/386/1 401/387/1 400/385/1
f 384/388/1 401/387/1 385/386/1
f 384/388/1 402/389/1 401/387/1
f 383/390/1 402/389/1 384/388/1
f 383/390/1 403/391/1 402/389/1
f 382/392/1 403/391/1 383/390/1
f 382/392/1 404/393/1 403/391/1
f 381/394/1 404/393/1 382/392/1
f 381/394/1 405/395/1 404/393/1
f 380/396/1 405/395/1 381/394/1
f 379/397/1 405/395/1 380/396/1
f 379/397/1 332/28/1 405/395/1
f 378/398/1 332/28/1 379/397/1
f 378/398/1 333/399/1 332/28/1
f 377/400/1 333/399/1 378/398/1
f 377/400/1 334/401/1 333/399/1
f 376/402/1 334/401/1 377/400/1
f 376/402/1 335/403/1 334/401/1
f 375/404/1 335/403/1 376/402/1
f 375/404/1 336/405/1 335/403/1
f 374/406/1 336/405/1 375/404/1
f 374/406/1 337/407/1 336/405/1
f 373/408/1 337/407/1 374/406/1
f 373/408/1 338/409/1 337/407/1
f 372/410/1 338/409/1 373/408/1
f 372/410/1 339/411/1 338/409/1
f 371/412/1 339/411/1 372/410/1
f 371/412/1 340/413/1 339/411/1
f 370/414/1 340/413/1 371/412/1
f 370/414/1 341/415/1 340/413/1
f 369/416/1 341/415/1 370/414/1
f 369/416/1 342/417/1 341/415/1
f 368/418/1 342/417/1 369/416/1
f 368/418/1 343/419/1 342/417/1
f 367/420/1 343/419/1 368/418/1
f 367/420/1 344/421/1 343/419/1
f 367/420/1 345/422/1 344/421/1
f 366/423/1 345/422/1 367/420/1
f 366/423/1 346/424/1 345/422/1
f 365/425/1 346/424/1 366/423/1
f 365/425/1 347/426/1 346/424/1
f 364/427/1 347/426/1 365/425/1
f 364/427/1 348/428/1 347/426/1
f 363/429/1 348/428/1 364/427/1
f 363/429/1 349/430/1 348/428/1
f 362/431/1 349/430/1 363/429/1
f 362/431/1 350/432/1 349/430/1
f 361/433/1 350/432/1 362/431/1
f 361/433/1 351/434/1 350/432/1
f 360/435/1 351/434/1 361/433/1
f 360/435/1 352/436/1 351/434/1
f 359/437/1 352/436/1 360/435/1
f 359/437/1 353/438/1 352/436/1
f 358/439/1 353/438/1 359/437/1
f 358/439/1 354/440/1 353/438/1
f 357/441/1 354/440/1 358/439/1
f 357/441/1 355/442/1 354/440/1
f 356/443/1 355/442/1 357/441/1
f 616/286/1 618/444/1 617/445/1
f 615/446/1 618/444/1 616/286/1
f 614/447/1 618/444/1 615/446/1
f 613/448/1 618/444/1 614/447/1
f 612/449/1 618/444/1 613/448/1
f 612/449/1 619/450/1 618/444/1
f 611/451/1 619/450/1 612/449/1
f 611/451/1 620/452/1 619/450/1
f 610/453/1 620/452/1 611/451/1
f 610/453/1 621/454/1 620/452/1
f 609/455/1 621/454/1 610/453/1
f 609/455/1 622/456/1 621/454/1
f 608/457/1 622/456/1 609/455/1
f 608/457/1 623/458/1 622/456/1
f 607/459/1 623/458/1 608/457/1
f 607/459/1 624/460/1 623/458/1
f 606/461/1 624/460/1 607/459/1
f 606/461/1 625/462/1 624/460/1
f 605/463/1 625/462/1 606/461/1
f 604/464/1 625/462/1 605/463/1
f 604/464/1 626/465/1 625/462/1
f 604/464/1 627/466/1 626/465/1
f 604/464/1 628/467/1 627/466/1
f 604/464/1 629/468/1 628/467/1
f 603/469/1 629/468/1 604/464/1
f 603/469/1 630/1/1 629/468/1
f 603/469/1 504/28/1 630/1/1
f 602/323/1 504/28/1 603/469/1
f 516/470/1 518/434/1 517/471/1
f 515/472/1 518/434/1 516/470/1
f 514/473/1 518/434/1 515/472/1
f 513/474/1 518/434/1 514/473/1
f 512/475/1 518/434/1 513/474/1
f 511/476/1 518/434/1 512/475/1
f 510/477/1 518/434/1 511/476/1
f 509/478/1 518/434/1 510/477/1
f 508/479/1 518/434/1 509/478/1
f 507/480/1 518/434/1 508/479/1
f 506/481/1 518/434/1 507/480/1
f 505/482/1 518/434/1 506/481/1
f 602/323/1 505/482/1 504/28/1
f 602/323/1 518/434/1 505/482/1
f 601/483/1 518/434/1 602/323/1
f 601/483/1 519/484/1 518/434/1
f 600/485/1 519/484/1 601/483/1
f 600/485/1 520/486/1 519/484/1
f 600/485/1 521/487/1 520/486/1
f 600/485/1 522/488/1 521/487/1
f 600/485/1 523/489/1 522/488/1
f 600/485/1 524/490/1 523/489/1
f 600/485/1 525/491/1 524/490/1
f 600/485/1 526/492/1 525/491/1
f 599/493/1 580/494/1 600/485/1
f 580/494/1 526/492/1 600/485/1
f 580/494/1 527/495/1 526/492/1
f 580/494/1 579/496/1 527/495/1
f 579/496/1 528/497/1 527/495/1
f 599/493/1 581/498/1 580/494/1
f 578/499/1 528/497/1 579/496/1
f 578/499/1 529/500/1 528/497/1
f 578/499/1 530/501/1 529/500/1
f 578/499/1 531/502/1 530/501/1
f 598/503/1 581/498/1 599/493/1
f 598/503/1 582/504/1 581/498/1
f 577/505/1 531/502/1 578/499/1
f 577/505/1 532/414/1 531/502/1
f 598/503/1 583/506/1 582/504/1
f 576/507/1 532/414/1 577/505/1
f 597/508/1 583/506/1 598/503/1
f 597/508/1 584/509/1 583/506/1
f 576/507/1 533/510/1 532/414/1
f 575/511/1 533/510/1 576/507/1
f 596/512/1 584/509/1 597/508/1
f 596/512/1 585/513/1 584/509/1
f 575/511/1 534/514/1 533/510/1
f 574/344/1 534/514/1 575/511/1
f 596/512/1 586/515/1 585/513/1
f 595/516/1 586/515/1 596/512/1
f 574/344/1 535/517/1 534/514/1
f 595/516/1 587/518/1 586/515/1
f 573/519/1 535/517/1 574/344/1
f 594/520/1 587/518/1 595/516/1
f 594/520/1 588/357/1 587/518/1
f 573/519/1 536/521/1 535/517/1
f 572/522/1 536/521/1 573/519/1
f 593/523/1 588/357/1 594/520/1
f 593/523/1 589/524/1 588/357/1
f 572/522/1 537/525/1 536/521/1
f 571/526/1 537/525/1 572/522/1
f 593/523/1 590/527/1 589/524/1
f 592/528/1 590/527/1 593/523/1
f 592/528/1 591/529/1 590/527/1
f 570/530/1 537/525/1 571/526/1
f 570/530/1 538/531/1 537/525/1
f 569/532/1 538/531/1 570/530/1
f 569/532/1 539/533/1 538/531/1
f 568/534/1 539/533/1 569/532/1
f 568/534/1 540/535/1 539/533/1
f 567/152/1 540/535/1 568/534/1
f 567/152/1 541/536/1 540/535/1
f 566/537/1 541/536/1 567/152/1
f 566/537/1 542/538/1 541/536/1
f 565/539/1 542/538/1 566/537/1
f 565/539/1 543/540/1 542/538/1
f 564/541/1 543/540/1 565/539/1
f 564/541/1 544/542/1 543/540/1
f 563/543/1 544/542/1 564/541/1
f 563/543/1 545/544/1 544/542/1
f 562/545/1 545/544/1 563/543/1
f 561/546/1 545/544/1 562/545/1
f 561/546/1 546/378/1 545/544/1
f 560/304/1 546/378/1 561/546/1
f 560/304/1 547/547/1 546/378/1
f 559/548/1 547/547/1 560/304/1
f 559/548/1 548/549/1 547/547/1
f 558/550/1 548/549/1 559/548/1
f 558/550/1 549/551/1 548/549/1
f 557/552/1 549/551/1 558/550/1
f 557/552/1 550/553/1 549/551/1
f 556/554/1 550/553/1 557/552/1
f 555/555/1 550/553/1 556/554/1
f 555/555/1 551/556/1 550/553/1
f 554/557/1 551/556/1 555/555/1
f 554/557/1 552/558/1 551/556/1
f 554/557/1 553/559/1 552/558/1
f 653/560/1 655/561/1 654/562/1
f 652/563/1 655/561/1 653/560/1
f 651/564/1 655/561/1 652/563/1
f 650/565/1 655/561/1 651/564/1
f 650/565/1 656/566/1 655/561/1
f 649/567/1 656/566/1 650/565/1
f 649/567/1 657/568/1 656/566/1
f 649/567/1 658/569/1 657/568/1
f 648/570/1 658/569/1 649/567/1
f 648/570/1 659/571/1 658/569/1
f 647/572/1 659/571/1 648/570/1
f 647/572/1 660/573/1 659/571/1
f 646/574/1 660/573/1 647/572/1
f 646/574/1 661/575/1 660/573/1
f 645/576/1 661/575/1 646/574/1
f 645/576/1 662/577/1 661/575/1
f 644/578/1 662/577/1 645/576/1
f 644/578/1 663/579/1 662/577/1
f 643/580/1 663/579/1 644/578/1
f 643/580/1 664/581/1 663/579/1
f 643/580/1 665/184/1 664/581/1
f 642/582/1 665/184/1 643/580/1
f 642/582/1 666/583/1 665/184/1
f 641/584/1 666/583/1 642/582/1
f 641/584/1 667/585/1 666/583/1
f 641/584/1 668/586/1 667/585/1
f 640/587/1 668/586/1 641/584/1
f 640/587/1 669/588/1 668/586/1
f 639/589/1 669/588/1 640/587/1
f 639/589/1 670/590/1 669/588/1
f 638/591/1 670/590/1 639/589/1
f 638/591/1 671/592/1 670/590/1
f 637/593/1 671/592/1 638/591/1
f 637/593/1 672/594/1 671/592/1
f 636/595/1 672/594/1 637/593/1
f 636/595/1 673/596/1 672/594/1
f 703/597/1 705/598/1 704/599/1
f 635/600/1 673/596/1 636/595/1
f 635/600/1 674/601/1 673/596/1
f 703/597/1 706/602/1 705/598/1
f 702/603/1 706/602/1 703/597/1
f 701/604/1 706/602/1 702/603/1
f 701/604/1 707/605/1 706/602/1
f 634/606/1 674/601/1 635/600/1
f 700/607/1 707/605/1 701/604/1
f 634/606/1 675/608/1 674/601/1
f 699/152/1 707/605/1 700/607/1
f 698/609/1 707/605/1 699/152/1
f 698/609/1 708/610/1 707/605/1
f 697/611/1 708/610/1 698/609/1
f 633/612/1 675/608/1 634/606/1
f 633/612/1 676/613/1 675/608/1
f 696/614/1 708/610/1 697/611/1
f 696/614/1 709/615/1 708/610/1
f 695/616/1 709/615/1 696/614/1
f 694/617/1 709/615/1 695/616/1
f 633/612/1 677/618/1 676/613/1
f 694/617/1 710/619/1 709/615/1
f 632/620/1 677/618/1 633/612/1
f 693/621/1 710/619/1 694/617/1
f 692/622/1 710/619/1 693/621/1
f 692/622/1 711/623/1 710/619/1
f 632/620/1 678/624/1 677/618/1
f 631/28/1 678/624/1 632/620/1
f 691/625/1 711/623/1 692/622/1
f 690/626/1 711/623/1 691/625/1
f 690/626/1 712/627/1 711/623/1
f 689/628/1 712/627/1 690/626/1
f 688/629/1 712/627/1 689/628/1
f 687/630/1 712/627/1 688/629/1
f 631/28/1 679/631/1 678/624/1
f 686/632/1 712/627/1 687/630/1
f 767/1/1 679/631/1 631/28/1
f 685/633/1 712/627/1 686/632/1
f 684/634/1 712/627/1 685/633/1
f 683/635/1 712/627/1 684/634/1
f 682/636/1 712/627/1 683/635/1
f 681/637/1 712/627/1 682/636/1
f 681/637/1 713/638/1 712/627/1
f 680/639/1 713/638/1 681/637/1
f 679/631/1 713/638/1 680/639/1
f 767/1/1 713/638/1 679/631/1
f 766/640/1 713/638/1 767/1/1
f 765/641/1 713/638/1 766/640/1
f 764/642/1 713/638/1 765/641/1
f 763/643/1 713/638/1 764/642/1
f 762/644/1 713/638/1 763/643/1
f 761/645/1 713/638/1 762/644/1
f 753/646/1 755/647/1 754/648/1
f 760/649/1 713/638/1 761/645/1
f 753/646/1 756/650/1 755/647/1
f 759/651/1 713/638/1 760/649/1
f 753/646/1 757/652/1 756/650/1
f 758/653/1 713/638/1 759/651/1
f 753/646/1 758/653/1 757/652/1
f 753/646/1 748/654/1 758/653/1
f 748/654/1 747/655/1 758/653/1
f 747/655/1 746/656/1 758/653/1
f 746/656/1 745/657/1 758/653/1
f 745/657/1 744/658/1 758/653/1
f 744/658/1 743/659/1 758/653/1
f 743/659/1 729/660/1 758/653/1
f 729/660/1 713/638/1 758/653/1
f 743/659/1 730/661/1 729/660/1
f 728/662/1 713/638/1 729/660/1
f 728/662/1 714/663/1 713/638/1
f 743/659/1 731/664/1 730/661/1
f 743/659/1 732/665/1 731/664/1
f 727/666/1 714/663/1 728/662/1
f 743/659/1 733/259/1 732/665/1
f 743/659/1 734/667/1 733/259/1
f 726/668/1 714/663/1 727/666/1
f 743/659/1 742/669/1 734/667/1
f 742/669/1 735/670/1 734/667/1
f 726/668/1 715/671/1 714/663/1
f 725/672/1 715/671/1 726/668/1
f 742/669/1 736/673/1 735/670/1
f 742/669/1 737/674/1 736/673/1
f 724/675/1 715/671/1 725/672/1
f 742/669/1 738/676/1 737/674/1
f 742/669/1 739/677/1 738/676/1
f 723/678/1 715/671/1 724/675/1
f 742/669/1 740/679/1 739/677/1
f 723/678/1 716/680/1 715/671/1
f 742/669/1 741/681/1 740/679/1
f 722/682/1 716/680/1 723/678/1
f 753/646/1 749/683/1 748/654/1
f 753/646/1 750/684/1 749/683/1
f 753/646/1 751/685/1 750/684/1
f 753/646/1 752/686/1 751/685/1
f 721/687/1 716/680/1 722/682/1
f 720/688/1 716/680/1 721/687/1
f 720/688/1 719/689/1 716/680/1
f 719/689/1 718/690/1 716/680/1
f 718/690/1 717/691/1 716/680/1
f 828/55/1 830/56/1 829/57/1
f 790/58/1 792/59/1 791/60/1
f 828/55/1 831/61/1 830/56/1
f 789/62/1 792/59/1 790/58/1
f 828/55/1 832/63/1 831/61/1
f 788/64/1 792/59/1 789/62/1
f 828/55/1 833/65/1 832/63/1
f 787/66/1 792/59/1 788/64/1
f 828/55/1 834/67/1 833/65/1
f 786/68/1 792/59/1 787/66/1
f 828/55/1 835/69/1 834/67/1
f 785/70/1 792/59/1 786/68/1
f 828/55/1 836/71/1 835/69/1
f 784/72/1 792/59/1 785/70/1
f 828/55/1 837/73/1 836/71/1
f 783/74/1 792/59/1 784/72/1
f 828/55/1 838/75/1 837/73/1
f 782/76/1 792/59/1 783/74/1
f 828/55/1 839/77/1 838/75/1
f 781/78/1 792/59/1 782/76/1
f 828/55/1 840/79/1 839/77/1
f 780/80/1 792/59/1 781/78/1
f 828/55/1 841/1/1 840/79/1
f 779/81/1 792/59/1 780/80/1
f 828/55/1 768/28/1 841/1/1
f 828/55/1 769/82/1 768/28/1
f 828/55/1 770/83/1 769/82/1
f 828/55/1 771/84/1 770/83/1
f 828/55/1 772/85/1 771/84/1
f 828/55/1 773/86/1 772/85/1
f 828/55/1 774/87/1 773/86/1
f 828/55/1 775/88/1 774/87/1
f 828/55/1 776/89/1 775/88/1
f 828/55/1 777/90/1 776/89/1
f 828/55/1 778/91/1 777/90/1
f 828/55/1 779/81/1 778/91/1
f 828/55/1 827/92/1 779/81/1
f 827/92/1 826/93/1 779/81/1
f 826/93/1 825/94/1 779/81/1
f 825/94/1 824/95/1 779/81/1
f 824/95/1 823/96/1 779/81/1
f 823/96/1 822/97/1 779/81/1
f 822/97/1 821/98/1 779/81/1
f 821/98/1 820/99/1 779/81/1
f 820/99/1 819/100/1 779/81/1
f 819/100/1 818/101/1 779/81/1
f 818/101/1 817/102/1 779/81/1
f 817/102/1 816/103/1 779/81/1
f 816/103/1 815/104/1 779/81/1
f 815/104/1 814/105/1 779/81/1
f 814/105/1 813/106/1 779/81/1
f 813/106/1 810/119/1 779/81/1
f 810/119/1 808/108/1 779/81/1
f 808/108/1 804/110/1 779/81/1
f 804/110/1 803/111/1 779/81/1
f 803/111/1 802/112/1 779/81/1
f 802/112/1 801/113/1 779/81/1
f 801/113/1 800/114/1 779/81/1
f 800/114/1 799/115/1 779/81/1
f 799/115/1 798/116/1 779/81/1
f 798/116/1 797/117/1 779/81/1
f 797/117/1 792/59/1 779/81/1
f 812/118/2 810/119/2 813/106/2
f 811/107/1 810/119/1 812/118/1
f 809/120/1 808/108/1 810/119/1
f 807/121/1 804/110/1 808/108/1
f 806/122/1 804/110/1 807/121/1
f 805/109/1 804/110/1 806/122/1
f 796/123/1 792/59/1 797/117/1
f 795/124/1 792/59/1 796/123/1
f 794/125/1 792/59/1 795/124/1
f 793/126/1 792/59/1 794/125/1
f 880/692/1 882/418/1 881/693/1
f 880/692/1 883/694/1 882/418/1
f 880/692/1 884/695/1 883/694/1
f 879/696/1 884/695/1 880/692/1
f 879/696/1 885/697/1 884/695/1
f 878/698/1 885/697/1 879/696/1
f 854/699/1 856/700/1 855/701/1
f 877/702/1 885/697/1 878/698/1
f 877/702/1 886/703/1 885/697/1
f 854/699/1 857/704/1 856/700/1
f 876/705/1 886/703/1 877/702/1
f 876/705/1 887/706/1 886/703/1
f 1018/707/1 1020/708/1 1019/709/1
f 854/699/1 858/710/1 857/704/1
f 853/711/1 858/710/1 854/699/1
f 1017/712/1 1020/708/1 1018/707/1
f 875/713/1 887/706/1 876/705/1
f 875/713/1 888/714/1 887/706/1
f 853/711/1 859/715/1 858/710/1
f 1016/716/1 1020/708/1 1017/712/1
f 852/415/1 859/715/1 853/711/1
f 1016/716/1 1021/717/1 1020/708/1
f 874/718/1 888/714/1 875/713/1
f 1015/719/1 1021/717/1 1016/716/1
f 874/718/1 889/720/1 888/714/1
f 852/415/1 860/721/1 859/715/1
f 1015/719/1 1022/281/1 1021/717/1
f 851/722/1 860/721/1 852/415/1
f 1014/723/1 1022/281/1 1015/719/1
f 1014/723/1 1023/724/1 1022/281/1
f 873/725/1 889/720/1 874/718/1
f 1013/726/1 1023/724/1 1014/723/1
f 873/725/1 890/727/1 889/720/1
f 851/722/1 861/728/1 860/721/1
f 1013/726/1 1024/729/1 1023/724/1
f 850/730/1 861/728/1 851/722/1
f 1012/284/1 1024/729/1 1013/726/1
f 1012/284/1 1025/731/1 1024/729/1
f 872/437/1 890/727/1 873/725/1
f 872/437/1 891/732/1 890/727/1
f 1011/733/1 1025/731/1 1012/284/1
f 849/734/1 861/728/1 850/730/1
f 849/734/1 862/432/1 861/728/1
f 1011/733/1 1026/735/1 1025/731/1
f 1010/736/1 1026/735/1 1011/733/1
f 1010/736/1 1027/737/1 1026/735/1
f 871/738/1 891/732/1 872/437/1
f 871/738/1 892/400/1 891/732/1
f 1009/739/1 1027/737/1 1010/736/1
f 848/740/1 862/432/1 849/734/1
f 1009/739/1 1028/741/1 1027/737/1
f 848/740/1 863/742/1 862/432/1
f 1008/743/1 1028/741/1 1009/739/1
f 1008/743/1 1029/744/1 1028/741/1
f 870/745/1 892/400/1 871/738/1
f 870/745/1 893/746/1 892/400/1
f 1008/743/1 1030/747/1 1029/744/1
f 847/748/1 863/742/1 848/740/1
f 1007/749/1 1030/747/1 1008/743/1
f 847/748/1 864/750/1 863/742/1
f 870/745/1 869/751/1 893/746/1
f 869/751/1 868/752/1 893/746/1
f 1007/749/1 1031/753/1 1030/747/1
f 1006/754/1 1031/753/1 1007/749/1
f 1006/754/1 1032/1/1 1031/753/1
f 846/755/1 864/750/1 847/748/1
f 846/755/1 865/756/1 864/750/1
f 1006/754/1 894/757/1 1032/1/1
f 1005/758/1 894/757/1 1006/754/1
f 1005/758/1 895/759/1 894/757/1
f 846/755/1 866/760/1 865/756/1
f 845/761/1 866/760/1 846/755/1
f 1004/762/1 895/759/1 1005/758/1
f 1004/762/1 896/763/1 895/759/1
f 845/761/1 867/764/1 866/760/1
f 844/765/1 867/764/1 845/761/1
f 1003/766/1 896/763/1 1004/762/1
f 1003/766/1 897/767/1 896/763/1
f 844/765/1 843/768/1 867/764/1
f 843/768/1 842/28/1 867/764/1
f 1003/766/1 898/769/1 897/767/1
f 1002/301/1 898/769/1 1003/766/1
f 1002/301/1 899/770/1 898/769/1
f 1001/771/1 899/770/1 1002/301/1
f 1001/771/1 900/772/1 899/770/1
f 1001/771/1 901/773/1 900/772/1
f 1000/774/1 901/773/1 1001/771/1
f 1000/774/1 902/384/1 901/773/1
f 999/775/1 902/384/1 1000/774/1
f 999/775/1 903/776/1 902/384/1
f 998/777/1 903/776/1 999/775/1
f 998/777/1 904/778/1 903/776/1
f 998/777/1 905/779/1 904/778/1
f 997/780/1 905/779/1 998/777/1
f 917/781/1 919/782/1 918/783/1
f 916/784/1 919/782/1 917/781/1
f 915/785/1 919/782/1 916/784/1
f 914/786/1 919/782/1 915/785/1
f 913/787/1 919/782/1 914/786/1
f 912/375/1 919/782/1 913/787/1
f 911/788/1 919/782/1 912/375/1
f 910/789/1 919/782/1 911/788/1
f 909/790/1 919/782/1 910/789/1
f 908/791/1 919/782/1 909/790/1
f 907/792/1 919/782/1 908/791/1
f 906/793/1 919/782/1 907/792/1
f 997/780/1 906/793/1 905/779/1
f 997/780/1 919/782/1 906/793/1
f 996/794/1 919/782/1 997/780/1
f 995/795/1 919/782/1 996/794/1
f 994/796/1 921/797/1 995/795/1
f 921/797/1 920/798/1 995/795/1
f 920/798/1 919/782/1 995/795/1
f 993/799/1 926/800/1 994/796/1
f 926/800/1 925/801/1 994/796/1
f 925/801/1 924/802/1 994/796/1
f 924/802/1 923/803/1 994/796/1
f 923/803/1 922/393/1 994/796/1
f 922/393/1 921/797/1 994/796/1
f 992/319/1 970/804/1 993/799/1
f 970/804/1 969/805/1 993/799/1
f 969/805/1 932/314/1 993/799/1
f 932/314/1 931/806/1 993/799/1
f 931/806/1 930/807/1 993/799/1
f 930/807/1 929/808/1 993/799/1
f 929/808/1 928/809/1 993/799/1
f 928/809/1 927/810/1 993/799/1
f 927/810/3 926/800/3 993/799/3
f 992/319/1 971/811/1 970/804/1
f 968/812/1 932/314/1 969/805/1
f 968/812/1 933/813/1 932/314/1
f 991/814/1 971/811/1 992/319/1
f 991/814/1 972/352/1 971/811/1
f 990/815/1 972/352/1 991/814/1
f 990/815/1 973/816/1 972/352/1
f 989/817/1 973/816/1 990/815/1
f 989/817/1 974/818/1 973/816/1
f 967/819/1 933/813/1 968/812/1
f 988/820/1 974/818/1 989/817/1
f 967/819/1 934/821/1 933/813/1
f 988/820/1 975/822/1 974/818/1
f 987/823/1 975/822/1 988/820/1
f 987/823/1 976/824/1 975/822/1
f 986/825/1 976/824/1 987/823/1
f 966/826/1 934/821/1 967/819/1
f 986/825/1 977/827/1 976/824/1
f 985/828/1 977/827/1 986/825/1
f 966/826/1 935/829/1 934/821/1
f 985/828/1 978/830/1 977/827/1
f 984/831/1 978/830/1 985/828/1
f 983/832/1 978/830/1 984/831/1
f 983/832/1 979/833/1 978/830/1
f 982/336/1 979/833/1 983/832/1
f 965/834/1 935/829/1 966/826/1
f 982/336/1 980/835/1 979/833/1
f 982/336/1 981/836/1 980/835/1
f 965/834/1 936/837/1 935/829/1
f 964/838/1 936/837/1 965/834/1
f 964/838/1 937/152/1 936/837/1
f 963/839/1 937/152/1 964/838/1
f 962/370/1 937/152/1 963/839/1
f 962/370/1 938/840/1 937/152/1
f 961/841/1 938/840/1 962/370/1
f 961/841/1 939/842/1 938/840/1
f 960/843/1 939/842/1 961/841/1
f 960/843/1 940/844/1 939/842/1
f 959/845/1 940/844/1 960/843/1
f 958/846/1 940/844/1 959/845/1
f 958/846/1 941/847/1 940/844/1
f 957/848/1 941/847/1 958/846/1
f 956/849/1 941/847/1 957/848/1
f 955/850/1 941/847/1 956/849/1
f 954/851/1 941/847/1 955/850/1
f 954/851/1 942/333/1 941/847/1
f 953/852/1 942/333/1 954/851/1
f 952/354/1 942/333/1 953/852/1
f 951/853/1 942/333/1 952/354/1
f 950/854/1 942/333/1 951/853/1
f 949/855/1 942/333/1 950/854/1
f 948/856/1 942/333/1 949/855/1
f 947/857/1 942/333/1 948/856/1
f 946/858/1 942/333/1 947/857/1
f 945/859/1 942/333/1 946/858/1
f 945/859/1 943/860/1 942/333/1
f 944/861/1 943/860/1 945/859/1
f 1086/1/2 1081/3/2 1082/2/2
f 1086/1/2 1082/2/2 1083/4/2
f 1085/5/2 1086/1/2 1083/4/2
f 1085/5/2 1083/4/2 1084/6/2
f 1043/7/2 1044/9/2 1045/8/2
f 1042/10/2 1043/7/2 1045/8/2
f 1042/10/2 1045/8/2 1046/11/2
f 1041/12/2 1042/10/2 1046/11/2
f 1041/12/2 1046/11/2 1047/13/2
f 1040/14/2 1041/12/2 1047/13/2
f 1040/14/2 1047/13/2 1048/15/2
f 1039/16/2 1040/14/2 1048/15/2
f 1039/16/2 1048/15/2 1049/17/2
f 1038/18/2 1039/16/2 1049/17/2
f 1038/18/2 1049/17/2 1050/19/2
f 1037/20/2 1038/18/2 1050/19/2
f 1037/20/2 1050/19/2 1051/21/2
f 1036/22/2 1037/20/2 1051/21/2
f 1036/22/2 1051/21/2 1052/23/2
f 1035/24/2 1036/22/2 1052/23/2
f 1035/24/2 1052/23/2 1053/25/2
f 1034/26/2 1035/24/2 1053/25/2
f 1034/26/2 1053/25/2 1054/27/2
f 1033/28/2 1034/26/2 1054/27/2
f 1033/28/2 1054/27/2 1055/29/2
f 1033/28/2 1055/29/2 1056/30/2
f 1080/31/2 1033/28/2 1056/30/2
f 1079/32/2 1080/31/2 1056/30/2
f 1079/32/2 1056/30/2 1057/33/2
f 1079/32/2 1057/33/2 1058/34/2
f 1078/35/2 1079/32/2 1058/34/2
f 1078/35/2 1058/34/2 1059/36/2
f 1077/37/2 1078/35/2 1059/36/2
f 1077/37/2 1059/36/2 1060/38/2
f 1076/39/2 1077/37/2 1060/38/2
f 1076/39/2 1060/38/2 1061/40/2
f 1075/41/2 1076/39/2 1061/40/2
f 1075/41/2 1061/40/2 1062/42/2
f 1074/43/2 1075/41/2 1062/42/2
f 1074/43/2 1062/42/2 1063/44/2
f 1073/45/2 1074/43/2 1063/44/2
f 1072/46/2 1073/45/2 1063/44/2
f 1072/46/2 1063/44/2 1064/47/2
f 1071/48/2 1072/46/2 1064/47/2
f 1071/48/2 1064/47/2 1065/49/2
f 1070/50/2 1071/48/2 1065/49/2
f 1070/50/2 1065/49/2 1066/51/2
f 1069/52/2 1070/50/2 1066/51/2
f 1069/52/2 1066/51/2 1067/53/2
f 1068/54/2 1069/52/2 1067/53/2
f 1140/1/2 1135/3/2 1136/2/2
f 1140/1/2 1136/2/2 1137/4/2
f 1139/5/2 1140/1/2 1137/4/2
f 1139/5/2 1137/4/2 1138/6/2
f 1097/7/2 1098/9/2 1099/8/2
f 1096/10/2 1097/7/2 1099/8/2
f 1096/10/2 1099/8/2 1100/11/2
f 1095/12/2 1096/10/2 1100/11/2
f 1095/12/2 1100/11/2 1101/13/2
f 1094/14/2 1095/12/2 1101/13/2
f 1094/14/2 1101/13/2 1102/15/2
f 1093/16/2 1094/14/2 1102/15/2
f 1093/16/2 1102/15/2 1103/17/2
f 1092/18/2 1093/16/2 1103/17/2
f 1092/18/2 1103/17/2 1104/19/2
f 1091/20/2 1092/18/2 1104/19/2
f 1091/20/2 1104/19/2 1105/21/2
f 1090/22/2 1091/20/2 1105/21/2
f 1090/22/2 1105/21/2 1106/23/2
f 1089/24/2 1090/22/2 1106/23/2
f 1089/24/2 1106/23/2 1107/25/2
f 1088/26/2 1089/24/2 1107/25/2
f 1088/26/2 1107/25/2 1108/27/2
f 1087/28/2 1088/26/2 1108/27/2
f 1087/28/2 1108/27/2 1109/29/2
f 1087/28/2 1109/29/2 1110/30/2
f 1134/31/2 1087/28/2 1110/30/2
f 1133/32/2 1134/31/2 1110/30/2
f 1133/32/2 1110/30/2 1111/33/2
f 1133/32/2 1111/33/2 1112/34/2
f 1132/35/2 1133/32/2 1112/34/2
f 1132/35/2 1112/34/2 1113/36/2
f 1131/37/2 1132/35/2 1113/36/2
f 1131/37/2 1113/36/2 1114/38/2
f 1130/39/2 1131/37/2 1114/38/2
f 1130/39/2 1114/38/2 1115/40/2
f 1129/41/2 1130/39/2 1115/40/2
f 1129/41/2 1115/40/2 1116/42/2
f 1128/43/2 1129/41/2 1116/42/2
f 1128/43/2 1116/42/2 1117/44/2
f 1127/45/2 1128/43/2 1117/44/2
f 1126/46/2 1127/45/2 1117/44/2
f 1126/46/2 1117/44/2 1118/47/2
f 1125/48/2 1126/46/2 1118/47/2
f 1125/48/2 1118/47/2 1119/49/2
f 1124/50/2 1125/48/2 1119/49/2
f 1124/50/2 1119/49/2 1120/51/2
f 1123/52/2 1124/50/2 1120/51/2
f 1123/52/2 1120/51/2 1121/53/2
f 1122/54/2 1123/52/2 1121/53/2
f 1201/55/2 1202/57/2 1203/56/2
f 1163/58/2 1164/60/2 1165/59/2
f 1201/55/2 1203/56/2 1204/61/2
f 1162/62/2 1163/58/2 1165/59/2
f 1201/55/2 1204/61/2 1205/63/2
f 1161/64/2 1162/62/2 1165/59/2
f 1201/55/2 1205/63/2 1206/65/2
f 1160/66/2 1161/64/2 1165/59/2
f 1201/55/2 1206/65/2 1207/67/2
f 1159/68/2 1160/66/2 1165/59/2
f 1201/55/2 1207/67/2 1208/69/2
f 1158/70/2 1159/68/2 1165/59/2
f 1201/55/2 1208/69/2 1209/71/2
f 1157/72/2 1158/70/2 1165/59/2
f 1201/55/2 1209/71/2 1210/73/2
f 1156/74/2 1157/72/2 1165/59/2
f 1201/55/2 1210/73/2 1211/75/2
f 1155/76/2 1156/74/2 1165/59/2
f 1201/55/2 1211/75/2 1212/77/2
f 1154/78/2 1155/76/2 1165/59/2
f 1201/55/2 1212/77/2 1213/79/2
f 1153/80/2 1154/78/2 1165/59/2
f 1201/55/2 1213/79/2 1214/1/2
f 1152/81/2 1153/80/2 1165/59/2
f 1201/55/2 1214/1/2 1141/28/2
f 1201/55/2 1141/28/2 1142/82/2
f 1201/55/2 1142/82/2 1143/83/2
f 1201/55/2 1143/83/2 1144/84/2
f 1201/55/2 1144/84/2 1145/85/2
f 1201/55/2 1145/85/2 1146/86/2
f 1201/55/2 1146/86/2 1147/87/2
f 1201/55/2 1147/87/2 1148/88/2
f 1201/55/2 1148/88/2 1149/89/2
f 1201/55/2 1149/89/2 1150/90/2
f 1201/55/2 1150/90/2 1151/91/2
f 1201/55/2 1151/91/2 1152/81/2
f 1201/55/2 1152/81/2 1200/92/2
f 1200/92/2 1152/81/2 1199/93/2
f 1199/93/2 1152/81/2 1198/94/2
f 1198/94/2 1152/81/2 1197/95/2
f 1197/95/2 1152/81/2 1196/96/2
f 1196/96/2 1152/81/2 1195/97/2
f 1195/97/2 1152/81/2 1194/98/2
f 1194/98/2 1152/81/2 1193/99/2
f 1193/99/2 1152/81/2 1192/100/2
f 1192/100/2 1152/81/2 1191/101/2
f 1191/101/2 1152/81/2 1190/102/2
f 1190/102/2 1152/81/2 1189/103/2
f 1189/103/2 1152/81/2 1188/104/2
f 1188/104/2 1152/81/2 1187/105/2
f 1187/105/2 1152/81/2 1186/106/2
f 1186/106/2 1152/81/2 1184/107/2
f 1184/107/2 1152/81/2 1181/108/2
f 1181/108/2 1152/81/2 1178/109/2
f 1178/109/2 1152/81/2 1177/110/2
f 1177/110/2 1152/81/2 1176/111/2
f 1176/111/2 1152/81/2 1175/112/2
f 1175/112/2 1152/81/2 1174/113/2
f 1174/113/2 1152/81/2 1173/114/2
f 1173/114/2 1152/81/2 1172/115/2
f 1172/115/2 1152/81/2 1171/116/2
f 1171/116/2 1152/81/2 1170/117/2
f 1170/117/2 1152/81/2 1165/59/2
f 1185/118/1 1186/106/1 1184/107/1
f 1183/119/1 1184/107/1 1181/108/1
f 1182/120/1 1183/119/1 1181/108/1
f 1180/121/1 1181/108/1 1178/109/1
f 1179/122/1 1180/121/1 1178/109/1
f 1169/123/2 1170/117/2 1165/59/2
f 1168/124/2 1169/123/2 1165/59/2
f 1167/125/2 1168/124/2 1165/59/2
f 1166/126/2 1167/125/2 1165/59/2
f 1263/127/2 1264/129/2 1265/128/2
f 1263/127/2 1265/128/2 1266/130/2
f 1263/127/2 1266/130/2 1267/131/2
f 1299/132/2 1300/134/2 1301/133/2
f 1263/127/2 1267/131/2 1268/135/2
f 1298/136/2 1299/132/2 1301/133/2
f 1297/137/2 1298/136/2 1301/133/2
f 1263/127/2 1268/135/2 1269/138/2
f 1296/139/2 1297/137/2 1301/133/2
f 1263/127/2 1269/138/2 1270/140/2
f 1295/141/2 1296/139/2 1301/133/2
f 1263/127/2 1270/140/2 1271/142/2
f 1294/143/2 1295/141/2 1301/133/2
f 1293/144/2 1294/143/2 1301/133/2
f 1263/127/2 1271/142/2 1272/145/2
f 1292/146/2 1293/144/2 1301/133/2
f 1263/127/2 1272/145/2 1273/147/2
f 1291/148/2 1292/146/2 1301/133/2
f 1263/127/2 1273/147/2 1274/149/2
f 1290/150/2 1291/148/2 1301/133/2
f 1263/127/2 1274/149/2 1275/151/2
f 1289/152/2 1290/150/2 1301/133/2
f 1263/127/2 1275/151/2 1276/153/2
f 1288/154/2 1289/152/2 1301/133/2
f 1263/127/2 1276/153/2 1277/155/2
f 1263/127/2 1277/155/2 1278/156/2
f 1263/127/2 1278/156/2 1279/157/2
f 1263/127/2 1279/157/2 1280/158/2
f 1263/127/2 1280/158/2 1281/159/2
f 1263/127/2 1281/159/2 1282/160/2
f 1263/127/2 1282/160/2 1283/161/2
f 1263/127/2 1283/161/2 1284/162/2
f 1263/127/2 1284/162/2 1285/163/2
f 1263/127/2 1285/163/2 1286/164/2
f 1263/127/2 1286/164/2 1287/165/2
f 1263/127/2 1287/165/2 1288/154/2
f 1263/127/2 1288/154/2 1262/166/2
f 1262/166/2 1288/154/2 1261/167/2
f 1261/167/2 1288/154/2 1260/168/2
f 1260/168/2 1288/154/2 1259/169/2
f 1259/169/2 1288/154/2 1258/170/2
f 1258/170/2 1288/154/2 1257/171/2
f 1257/171/2 1288/154/2 1301/133/2
f 1257/171/2 1301/133/2 1256/172/2
f 1256/172/2 1301/133/2 1302/173/2
f 1256/172/2 1302/173/2 1303/174/2
f 1256/172/2 1303/174/2 1255/175/2
f 1255/175/2 1303/174/2 1304/176/2
f 1255/175/2 1304/176/2 1305/177/2
f 1255/175/2 1305/177/2 1254/178/2
f 1254/178/2 1305/177/2 1306/179/2
f 1254/178/2 1306/179/2 1307/180/2
f 1254/178/2 1307/180/2 1253/181/2
f 1253/181/2 1307/180/2 1308/182/2
f 1253/181/2 1308/182/2 1309/183/2
f 1253/181/2 1309/183/2 1252/184/2
f 1252/184/2 1309/183/2 1310/185/2
f 1252/184/2 1310/185/2 1311/186/2
f 1252/184/2 1311/186/2 1251/187/2
f 1251/187/2 1311/186/2 1312/188/2
f 1251/187/2 1312/188/2 1250/189/2
f 1250/189/2 1312/188/2 1249/190/2
f 1249/190/2 1312/188/2 1248/191/2
f 1248/191/2 1312/188/2 1247/192/2
f 1247/192/2 1312/188/2 1246/193/2
f 1246/193/2 1312/188/2 1245/194/2
f 1245/194/2 1312/188/2 1244/195/2
f 1244/195/2 1312/188/2 1243/196/2
f 1243/196/2 1312/188/2 1242/197/2
f 1242/197/2 1312/188/2 1240/198/2
f 1240/198/2 1312/188/2 1239/199/2
f 1239/199/2 1312/188/2 1313/200/2
f 1241/201/1 1242/197/1 1240/198/1
f 1238/202/2 1239/199/2 1313/200/2
f 1238/202/2 1313/200/2 1215/28/2
f 1237/203/2 1238/202/2 1215/28/2
f 1237/203/2 1215/28/2 1216/204/2
f 1236/205/2 1237/203/2 1216/204/2
f 1236/205/2 1216/204/2 1217/206/2
f 1235/207/2 1236/205/2 1217/206/2
f 1235/207/2 1217/206/2 1218/208/2
f 1234/209/2 1235/207/2 1218/208/2
f 1234/209/2 1218/208/2 1219/210/2
f 1233/211/2 1234/209/2 1219/210/2
f 1349/212/2 1350/214/2 1351/213/2
f 1349/212/2 1351/213/2 1352/215/2
f 1348/216/2 1349/212/2 1352/215/2
f 1347/217/2 1348/216/2 1352/215/2
f 1233/211/2 1219/210/2 1220/218/2
f 1232/219/2 1233/211/2 1220/218/2
f 1346/220/2 1347/217/2 1352/215/2
f 1345/221/2 1346/220/2 1352/215/2
f 1344/222/2 1345/221/2 1352/215/2
f 1343/223/2 1344/222/2 1352/215/2
f 1232/219/2 1220/218/2 1221/224/2
f 1231/225/2 1232/219/2 1221/224/2
f 1342/226/2 1343/223/2 1352/215/2
f 1341/227/2 1342/226/2 1352/215/2
f 1340/228/2 1341/227/2 1352/215/2
f 1230/229/2 1231/225/2 1221/224/2
f 1339/230/2 1340/228/2 1352/215/2
f 1230/229/2 1221/224/2 1222/231/2
f 1339/230/2 1352/215/2 1353/232/2
f 1338/233/2 1339/230/2 1353/232/2
f 1337/234/2 1338/233/2 1353/232/2
f 1229/235/2 1230/229/2 1222/231/2
f 1229/235/2 1222/231/2 1223/236/2
f 1228/237/2 1229/235/2 1223/236/2
f 1227/238/2 1228/237/2 1223/236/2
f 1227/238/2 1223/236/2 1224/239/2
f 1336/240/2 1337/234/2 1353/232/2
f 1226/241/2 1227/238/2 1224/239/2
f 1336/240/2 1353/232/2 1354/242/2
f 1226/241/2 1224/239/2 1225/243/2
f 1335/244/2 1336/240/2 1354/242/2
f 1335/244/2 1354/242/2 1355/245/2
f 1334/246/2 1335/244/2 1355/245/2
f 1333/247/2 1334/246/2 1355/245/2
f 1333/247/2 1355/245/2 1356/248/2
f 1332/249/2 1333/247/2 1356/248/2
f 1332/249/2 1356/248/2 1357/250/2
f 1331/251/2 1332/249/2 1357/250/2
f 1330/252/2 1331/251/2 1357/250/2
f 1330/252/2 1357/250/2 1358/253/2
f 1329/254/2 1330/252/2 1358/253/2
f 1329/254/2 1358/253/2 1359/255/2
f 1328/256/2 1329/254/2 1359/255/2
f 1327/257/2 1328/256/2 1359/255/2
f 1327/257/2 1359/255/2 1360/258/2
f 1326/259/2 1327/257/2 1360/258/2
f 1326/259/2 1360/258/2 1361/260/2
f 1325/261/2 1326/259/2 1361/260/2
f 1324/262/2 1325/261/2 1361/260/2
f 1323/263/2 1324/262/2 1361/260/2
f 1322/264/2 1323/263/2 1361/260/2
f 1321/265/2 1322/264/2 1361/260/2
f 1320/266/2 1321/265/2 1361/260/2
f 1319/267/2 1320/266/2 1361/260/2
f 1318/268/2 1319/267/2 1361/260/2
f 1317/269/2 1318/268/2 1361/260/2
f 1317/269/2 1361/260/2 1362/270/2
f 1316/271/2 1317/269/2 1362/270/2
f 1315/272/2 1316/271/2 1362/270/2
f 1314/273/2 1315/272/2 1362/270/2
f 1363/1/2 1314/273/2 1362/270/2
f 1521/274/2 1522/276/2 1523/275/2
f 1521/274/2 1523/275/2 1524/277/2
f 1520/278/2 1521/274/2 1524/277/2
f 1520/278/2 1524/277/2 1525/279/2
f 1519/280/2 1520/278/2 1525/279/2
f 1519/280/2 1525/279/2 1526/281/2
f 1518/282/2 1519/280/2 1526/281/2
f 1518/282/2 1526/281/2 1527/283/2
f 1517/284/2 1518/282/2 1527/283/2
f 1517/284/2 1527/283/2 1528/285/2
f 1516/286/2 1517/284/2 1528/285/2
f 1516/286/2 1528/285/2 1529/287/2
f 1515/288/2 1516/286/2 1529/287/2
f 1515/288/2 1529/287/2 1530/289/2
f 1514/290/2 1515/288/2 1530/289/2
f 1514/290/2 1530/289/2 1531/291/2
f 1513/292/2 1514/290/2 1531/291/2
f 1513/292/2 1531/291/2 1532/293/2
f 1512/294/2 1513/292/2 1532/293/2
f 1512/294/2 1532/293/2 1533/295/2
f 1511/296/2 1512/294/2 1533/295/2
f 1511/296/2 1533/295/2 1534/297/2
f 1510/298/2 1511/296/2 1534/297/2
f 1510/298/2 1534/297/2 1535/1/2
f 1509/299/2 1510/298/2 1535/1/2
f 1509/299/2 1535/1/2 1438/300/2
f 1508/301/2 1509/299/2 1438/300/2
f 1508/301/2 1438/300/2 1439/302/2
f 1507/303/2 1508/301/2 1439/302/2
f 1507/303/2 1439/302/2 1440/304/2
f 1506/305/2 1507/303/2 1440/304/2
f 1506/305/2 1440/304/2 1441/306/2
f 1505/307/2 1506/305/2 1441/306/2
f 1505/307/2 1441/306/2 1442/308/2
f 1504/309/2 1505/307/2 1442/308/2
f 1504/309/2 1442/308/2 1443/310/2
f 1503/311/2 1504/309/2 1443/310/2
f 1503/311/2 1443/310/2 1444/312/2
f 1502/313/2 1503/311/2 1444/312/2
f 1502/313/2 1444/312/2 1445/314/2
f 1501/315/2 1502/313/2 1445/314/2
f 1501/315/2 1445/314/2 1446/316/2
f 1500/317/2 1501/315/2 1446/316/2
f 1500/317/2 1446/316/2 1447/318/2
f 1499/319/2 1500/317/2 1447/318/2
f 1499/319/2 1447/318/2 1448/320/2
f 1498/321/2 1499/319/2 1448/320/2
f 1498/321/2 1448/320/2 1449/322/2
f 1497/323/2 1498/321/2 1449/322/2
f 1497/323/2 1449/322/2 1450/324/2
f 1496/325/2 1497/323/2 1450/324/2
f 1496/325/2 1450/324/2 1451/326/2
f 1495/327/2 1496/325/2 1451/326/2
f 1495/327/2 1451/326/2 1452/328/2
f 1494/329/2 1495/327/2 1452/328/2
f 1494/329/2 1452/328/2 1453/330/2
f 1493/331/2 1494/329/2 1453/330/2
f 1492/332/2 1493/331/2 1453/330/2
f 1492/332/2 1453/330/2 1454/333/2
f 1491/334/2 1492/332/2 1454/333/2
f 1491/334/2 1454/333/2 1455/335/2
f 1490/336/2 1491/334/2 1455/335/2
f 1490/336/2 1455/335/2 1456/337/2
f 1489/338/2 1490/336/2 1456/337/2
f 1488/339/2 1489/338/2 1456/337/2
f 1488/339/2 1456/337/2 1457/340/2
f 1487/341/2 1488/339/2 1457/340/2
f 1487/341/2 1457/340/2 1458/342/2
f 1486/343/2 1487/341/2 1458/342/2
f 1486/343/2 1458/342/2 1459/344/2
f 1485/345/2 1486/343/2 1459/344/2
f 1485/345/2 1459/344/2 1460/346/2
f 1484/347/2 1485/345/2 1460/346/2
f 1483/348/2 1484/347/2 1460/346/2
f 1483/348/2 1460/346/2 1461/349/2
f 1482/350/2 1483/348/2 1461/349/2
f 1482/350/2 1461/349/2 1462/351/2
f 1481/352/2 1482/350/2 1462/351/2
f 1480/353/2 1481/352/2 1462/351/2
f 1480/353/2 1462/351/2 1463/354/2
f 1479/355/2 1480/353/2 1463/354/2
f 1479/355/2 1463/354/2 1464/356/2
f 1478/357/2 1479/355/2 1464/356/2
f 1477/358/2 1478/357/2 1464/356/2
f 1477/358/2 1464/356/2 1465/359/2
f 1476/360/2 1477/358/2 1465/359/2
f 1475/361/2 1476/360/2 1465/359/2
f 1475/361/2 1465/359/2 1466/362/2
f 1474/363/2 1475/361/2 1466/362/2
f 1473/364/2 1474/363/2 1466/362/2
f 1473/364/2 1466/362/2 1467/365/2
f 1473/364/2 1467/365/2 1468/366/2
f 1473/364/2 1468/366/2 1469/367/2
f 1473/364/2 1469/367/2 1470/368/2
f 1473/364/2 1470/368/2 1471/369/2
f 1473/364/2 1471/369/2 1472/370/2
f 1423/371/2 1424/373/2 1425/372/2
f 1423/371/2 1425/372/2 1426/374/2
f 1423/371/2 1426/374/2 1427/375/2
f 1422/376/2 1423/371/2 1427/375/2
f 1422/376/2 1427/375/2 1428/377/2
f 1421/378/2 1422/376/2 1428/377/2
f 1421/378/2 1428/377/2 1429/379/2
f 1420/380/2 1421/378/2 1429/379/2
f 1420/380/2 1429/379/2 1430/381/2
f 1419/382/2 1420/380/2 1430/381/2
f 1419/382/2 1430/381/2 1431/383/2
f 1418/384/2 1419/382/2 1431/383/2
f 1418/384/2 1431/383/2 1432/385/2
f 1417/386/2 1418/384/2 1432/385/2
f 1417/386/2 1432/385/2 1433/387/2
f 1416/388/2 1417/386/2 1433/387/2
f 1416/388/2 1433/387/2 1434/389/2
f 1415/390/2 1416/388/2 1434/389/2
f 1415/390/2 1434/389/2 1435/391/2
f 1414/392/2 1415/390/2 1435/391/2
f 1414/392/2 1435/391/2 1436/393/2
f 1413/394/2 1414/392/2 1436/393/2
f 1413/394/2 1436/393/2 1437/395/2
f 1412/396/2 1413/394/2 1437/395/2
f 1411/397/2 1412/396/2 1437/395/2
f 1411/397/2 1437/395/2 1364/28/2
f 1410/398/2 1411/397/2 1364/28/2
f 1410/398/2 1364/28/2 1365/399/2
f 1409/400/2 1410/398/2 1365/399/2
f 1409/400/2 1365/399/2 1366/401/2
f 1408/402/2 1409/400/2 1366/401/2
f 1408/402/2 1366/401/2 1367/403/2
f 1407/404/2 1408/402/2 1367/403/2
f 1407/404/2 1367/403/2 1368/405/2
f 1406/406/2 1407/404/2 1368/405/2
f 1406/406/2 1368/405/2 1369/407/2
f 1405/408/2 1406/406/2 1369/407/2
f 1405/408/2 1369/407/2 1370/409/2
f 1404/410/2 1405/408/2 1370/409/2
f 1404/410/2 1370/409/2 1371/411/2
f 1403/412/2 1404/410/2 1371/411/2
f 1403/412/2 1371/411/2 1372/413/2
f 1402/414/2 1403/412/2 1372/413/2
f 1402/414/2 1372/413/2 1373/415/2
f 1401/416/2 1402/414/2 1373/415/2
f 1401/416/2 1373/415/2 1374/417/2
f 1400/418/2 1401/416/2 1374/417/2
f 1400/418/2 1374/417/2 1375/419/2
f 1399/420/2 1400/418/2 1375/419/2
f 1399/420/2 1375/419/2 1376/421/2
f 1399/420/2 1376/421/2 1377/422/2
f 1398/423/2 1399/420/2 1377/422/2
f 1398/423/2 1377/422/2 1378/424/2
f 1397/425/2 1398/423/2 1378/424/2
f 1397/425/2 1378/424/2 1379/426/2
f 1396/427/2 1397/425/2 1379/426/2
f 1396/427/2 1379/426/2 1380/428/2
f 1395/429/2 1396/427/2 1380/428/2
f 1395/429/2 1380/428/2 1381/430/2
f 1394/431/2 1395/429/2 1381/430/2
f 1394/431/2 1381/430/2 1382/432/2
f 1393/433/2 1394/431/2 1382/432/2
f 1393/433/2 1382/432/2 1383/434/2
f 1392/435/2 1393/433/2 1383/434/2
f 1392/435/2 1383/434/2 1384/436/2
f 1391/437/2 1392/435/2 1384/436/2
f 1391/437/2 1384/436/2 1385/438/2
f 1390/439/2 1391/437/2 1385/438/2
f 1390/439/2 1385/438/2 1386/440/2
f 1389/441/2 1390/439/2 1386/440/2
f 1389/441/2 1386/440/2 1387/442/2
f 1388/443/2 1389/441/2 1387/442/2
f 1648/286/2 1649/445/2 1650/444/2
f 1647/446/2 1648/286/2 1650/444/2
f 1646/447/2 1647/446/2 1650/444/2
f 1645/448/2 1646/447/2 1650/444/2
f 1644/449/2 1645/448/2 1650/444/2
f 1644/449/2 1650/444/2 1651/450/2
f 1643/451/2 1644/449/2 1651/450/2
f 1643/451/2 1651/450/2 1652/452/2
f 1642/453/2 1643/451/2 1652/452/2
f 1642/453/2 1652/452/2 1653/454/2
f 1641/455/2 1642/453/2 1653/454/2
f 1641/455/2 1653/454/2 1654/456/2
f 1640/457/2 1641/455/2 1654/456/2
f 1640/457/2 1654/456/2 1655/458/2
f 1639/459/2 1640/457/2 1655/458/2
f 1639/459/2 1655/458/2 1656/460/2
f 1638/461/2 1639/459/2 1656/460/2
f 1638/461/2 1656/460/2 1657/462/2
f 1637/463/2 1638/461/2 1657/462/2
f 1636/464/2 1637/463/2 1657/462/2
f 1636/464/2 1657/462/2 1658/465/2
f 1636/464/2 1658/465/2 1659/466/2
f 1636/464/2 1659/466/2 1660/467/2
f 1636/464/2 1660/467/2 1661/468/2
f 1635/469/2 1636/464/2 1661/468/2
f 1635/469/2 1661/468/2 1662/1/2
f 1635/469/2 1662/1/2 1536/28/2
f 1634/323/2 1635/469/2 1536/28/2
f 1548/470/2 1549/471/2 1550/434/2
f 1547/472/2 1548/470/2 1550/434/2
f 1546/473/2 1547/472/2 1550/434/2
f 1545/474/2 1546/473/2 1550/434/2
f 1544/475/2 1545/474/2 1550/434/2
f 1543/476/2 1544/475/2 1550/434/2
f 1542/477/2 1543/476/2 1550/434/2
f 1541/478/2 1542/477/2 1550/434/2
f 1540/479/2 1541/478/2 1550/434/2
f 1539/480/2 1540/479/2 1550/434/2
f 1538/481/2 1539/480/2 1550/434/2
f 1537/482/2 1538/481/2 1550/434/2
f 1634/323/2 1536/28/2 1537/482/2
f 1634/323/2 1537/482/2 1550/434/2
f 1633/483/2 1634/323/2 1550/434/2
f 1633/483/2 1550/434/2 1551/484/2
f 1632/485/2 1633/483/2 1551/484/2
f 1632/485/2 1551/484/2 1552/486/2
f 1632/485/2 1552/486/2 1553/487/2
f 1632/485/2 1553/487/2 1554/488/2
f 1632/485/2 1554/488/2 1555/489/2
f 1632/485/2 1555/489/2 1556/490/2
f 1632/485/2 1556/490/2 1557/491/2
f 1632/485/2 1557/491/2 1558/492/2
f 1631/493/2 1632/485/2 1612/494/2
f 1612/494/2 1632/485/2 1558/492/2
f 1612/494/2 1558/492/2 1559/495/2
f 1612/494/2 1559/495/2 1611/496/2
f 1611/496/2 1559/495/2 1560/497/2
f 1631/493/2 1612/494/2 1613/498/2
f 1610/499/2 1611/496/2 1560/497/2
f 1610/499/2 1560/497/2 1561/500/2
f 1610/499/2 1561/500/2 1562/501/2
f 1610/499/2 1562/501/2 1563/502/2
f 1630/503/2 1631/493/2 1613/498/2
f 1630/503/2 1613/498/2 1614/504/2
f 1609/505/2 1610/499/2 1563/502/2
f 1609/505/2 1563/502/2 1564/414/2
f 1630/503/2 1614/504/2 1615/506/2
f 1608/507/2 1609/505/2 1564/414/2
f 1629/508/2 1630/503/2 1615/506/2
f 1629/508/2 1615/506/2 1616/509/2
f 1608/507/2 1564/414/2 1565/510/2
f 1607/511/2 1608/507/2 1565/510/2
f 1628/512/2 1629/508/2 1616/509/2
f 1628/512/2 1616/509/2 1617/513/2
f 1607/511/2 1565/510/2 1566/514/2
f 1606/344/2 1607/511/2 1566/514/2
f 1628/512/2 1617/513/2 1618/515/2
f 1627/516/2 1628/512/2 1618/515/2
f 1606/344/2 1566/514/2 1567/517/2
f 1627/516/2 1618/515/2 1619/518/2
f 1605/519/2 1606/344/2 1567/517/2
f 1626/520/2 1627/516/2 1619/518/2
f 1626/520/2 1619/518/2 1620/357/2
f 1605/519/2 1567/517/2 1568/521/2
f 1604/522/2 1605/519/2 1568/521/2
f 1625/523/2 1626/520/2 1620/357/2
f 1625/523/2 1620/357/2 1621/524/2
f 1604/522/2 1568/521/2 1569/525/2
f 1603/526/2 1604/522/2 1569/525/2
f 1625/523/2 1621/524/2 1622/527/2
f 1624/528/2 1625/523/2 1622/527/2
f 1624/528/2 1622/527/2 1623/529/2
f 1602/530/2 1603/526/2 1569/525/2
f 1602/530/2 1569/525/2 1570/531/2
f 1601/532/2 1602/530/2 1570/531/2
f 1601/532/2 1570/531/2 1571/533/2
f 1600/534/2 1601/532/2 1571/533/2
f 1600/534/2 1571/533/2 1572/535/2
f 1599/152/2 1600/534/2 1572/535/2
f 1599/152/2 1572/535/2 1573/536/2
f 1598/537/2 1599/152/2 1573/536/2
f 1598/537/2 1573/536/2 1574/538/2
f 1597/539/2 1598/537/2 1574/538/2
f 1597/539/2 1574/538/2 1575/540/2
f 1596/541/2 1597/539/2 1575/540/2
f 1596/541/2 1575/540/2 1576/542/2
f 1595/543/2 1596/541/2 1576/542/2
f 1595/543/2 1576/542/2 1577/544/2
f 1594/545/2 1595/543/2 1577/544/2
f 1593/546/2 1594/545/2 1577/544/2
f 1593/546/2 1577/544/2 1578/378/2
f 1592/304/2 1593/546/2 1578/378/2
f 1592/304/2 1578/378/2 1579/547/2
f 1591/548/2 1592/304/2 1579/547/2
f 1591/548/2 1579/547/2 1580/549/2
f 1590/550/2 1591/548/2 1580/549/2
f 1590/550/2 1580/549/2 1581/551/2
f 1589/552/2 1590/550/2 1581/551/2
f 1589/552/2 1581/551/2 1582/553/2
f 1588/554/2 1589/552/2 1582/553/2
f 1587/555/2 1588/554/2 1582/553/2
f 1587/555/2 1582/553/2 1583/556/2
f 1586/557/2 1587/555/2 1583/556/2
f 1586/557/2 1583/556/2 1584/558/2
f 1586/557/2 1584/558/2 1585/559/2
f 1685/560/2 1686/562/2 1687/561/2
f 1684/563/2 1685/560/2 1687/561/2
f 1683/564/2 1684/563/2 1687/561/2
f 1682/565/2 1683/564/2 1687/561/2
f 1682/565/2 1687/561/2 1688/566/2
f 1681/567/2 1682/565/2 1688/566/2
f 1681/567/2 1688/566/2 1689/568/2
f 1681/567/2 1689/568/2 1690/569/2
f 1680/570/2 1681/567/2 1690/569/2
f 1680/570/2 1690/569/2 1691/571/2
f 1679/572/2 1680/570/2 1691/571/2
f 1679/572/2 1691/571/2 1692/573/2
f 1678/574/2 1679/572/2 1692/573/2
f 1678/574/2 1692/573/2 1693/575/2
f 1677/576/2 1678/574/2 1693/575/2
f 1677/576/2 1693/575/2 1694/577/2
f 1676/578/2 1677/576/2 1694/577/2
f 1676/578/2 1694/577/2 1695/579/2
f 1675/580/2 1676/578/2 1695/579/2
f 1675/580/2 1695/579/2 1696/581/2
f 1675/580/2 1696/581/2 1697/184/2
f 1674/582/2 1675/580/2 1697/184/2
f 1674/582/2 1697/184/2 1698/583/2
f 1673/584/2 1674/582/2 1698/583/2
f 1673/584/2 1698/583/2 1699/585/2
f 1673/584/2 1699/585/2 1700/586/2
f 1672/587/2 1673/584/2 1700/586/2
f 1672/587/2 1700/586/2 1701/588/2
f 1671/589/2 1672/587/2 1701/588/2
f 1671/589/2 1701/588/2 1702/590/2
f 1670/591/2 1671/589/2 1702/590/2
f 1670/591/2 1702/590/2 1703/592/2
f 1669/593/2 1670/591/2 1703/592/2
f 1669/593/2 1703/592/2 1704/594/2
f 1668/595/2 1669/593/2 1704/594/2
f 1668/595/2 1704/594/2 1705/596/2
f 1735/597/2 1736/599/2 1737/598/2
f 1667/600/2 1668/595/2 1705/596/2
f 1667/600/2 1705/596/2 1706/601/2
f 1735/597/2 1737/598/2 1738/602/2
f 1734/603/2 1735/597/2 1738/602/2
f 1733/604/2 1734/603/2 1738/602/2
f 1733/604/2 1738/602/2 1739/605/2
f 1666/606/2 1667/600/2 1706/601/2
f 1732/607/2 1733/604/2 1739/605/2
f 1666/606/2 1706/601/2 1707/608/2
f 1731/152/2 1732/607/2 1739/605/2
f 1730/609/2 1731/152/2 1739/605/2
f 1730/609/2 1739/605/2 1740/610/2
f 1729/611/2 1730/609/2 1740/610/2
f 1665/612/2 1666/606/2 1707/608/2
f 1665/612/2 1707/608/2 1708/613/2
f 1728/614/2 1729/611/2 1740/610/2
f 1728/614/2 1740/610/2 1741/615/2
f 1727/616/2 1728/614/2 1741/615/2
f 1726/617/2 1727/616/2 1741/615/2
f 1665/612/2 1708/613/2 1709/618/2
f 1726/617/2 1741/615/2 1742/619/2
f 1664/620/2 1665/612/2 1709/618/2
f 1725/621/2 1726/617/2 1742/619/2
f 1724/622/2 1725/621/2 1742/619/2
f 1724/622/2 1742/619/2 1743/623/2
f 1664/620/2 1709/618/2 1710/624/2
f 1663/28/2 1664/620/2 1710/624/2
f 1723/625/2 1724/622/2 1743/623/2
f 1722/626/2 1723/625/2 1743/623/2
f 1722/626/2 1743/623/2 1744/627/2
f 1721/628/2 1722/626/2 1744/627/2
f 1720/629/2 1721/628/2 1744/627/2
f 1719/630/2 1720/629/2 1744/627/2
f 1663/28/2 1710/624/2 1711/631/2
f 1718/632/2 1719/630/2 1744/627/2
f 1799/1/2 1663/28/2 1711/631/2
f 1717/633/2 1718/632/2 1744/627/2
f 1716/634/2 1717/633/2 1744/627/2
f 1715/635/2 1716/634/2 1744/627/2
f 1714/636/2 1715/635/2 1744/627/2
f 1713/637/2 1714/636/2 1744/627/2
f 1713/637/2 1744/627/2 1745/638/2
f 1712/639/2 1713/637/2 1745/638/2
f 1711/631/2 1712/639/2 1745/638/2
f 1799/1/2 1711/631/2 1745/638/2
f 1798/640/2 1799/1/2 1745/638/2
f 1797/641/2 1798/640/2 1745/638/2
f 1796/642/2 1797/641/2 1745/638/2
f 1795/643/2 1796/642/2 1745/638/2
f 1794/644/2 1795/643/2 1745/638/2
f 1793/645/2 1794/644/2 1745/638/2
f 1785/646/2 1786/648/2 1787/647/2
f 1792/649/2 1793/645/2 1745/638/2
f 1785/646/2 1787/647/2 1788/650/2
f 1791/651/2 1792/649/2 1745/638/2
f 1785/646/2 1788/650/2 1789/652/2
f 1790/653/2 1791/651/2 1745/638/2
f 1785/646/2 1789/652/2 1790/653/2
f 1785/646/2 1790/653/2 1780/654/2
f 1780/654/2 1790/653/2 1779/655/2
f 1779/655/2 1790/653/2 1778/656/2
f 1778/656/2 1790/653/2 1777/657/2
f 1777/657/2 1790/653/2 1776/658/2
f 1776/658/2 1790/653/2 1775/659/2
f 1775/659/2 1790/653/2 1761/660/2
f 1761/660/2 1790/653/2 1745/638/2
f 1775/659/2 1761/660/2 1762/661/2
f 1760/662/2 1761/660/2 1745/638/2
f 1760/662/2 1745/638/2 1746/663/2
f 1775/659/2 1762/661/2 1763/664/2
f 1775/659/2 1763/664/2 1764/665/2
f 1759/666/2 1760/662/2 1746/663/2
f 1775/659/2 1764/665/2 1765/259/2
f 1775/659/2 1765/259/2 1766/667/2
f 1758/668/2 1759/666/2 1746/663/2
f 1775/659/2 1766/667/2 1774/669/2
f 1774/669/2 1766/667/2 1767/670/2
f 1758/668/2 1746/663/2 1747/671/2
f 1757/672/2 1758/668/2 1747/671/2
f 1774/669/2 1767/670/2 1768/673/2
f 1774/669/2 1768/673/2 1769/674/2
f 1756/675/2 1757/672/2 1747/671/2
f 1774/669/2 1769/674/2 1770/676/2
f 1774/669/2 1770/676/2 1771/677/2
f 1755/678/2 1756/675/2 1747/671/2
f 1774/669/2 1771/677/2 1772/679/2
f 1755/678/2 1747/671/2 1748/680/2
f 1774/669/2 1772/679/2 1773/681/2
f 1754/682/2 1755/678/2 1748/680/2
f 1785/646/2 1780/654/2 1781/683/2
f 1785/646/2 1781/683/2 1782/684/2
f 1785/646/2 1782/684/2 1783/685/2
f 1785/646/2 1783/685/2 1784/686/2
f 1753/687/2 1754/682/2 1748/680/2
f 1752/688/2 1753/687/2 1748/680/2
f 1752/688/2 1748/680/2 1751/689/2
f 1751/689/2 1748/680/2 1750/690/2
f 1750/690/2 1748/680/2 1749/691/2
f 1860/55/2 1861/57/2 1862/56/2
f 1822/58/2 1823/60/2 1824/59/2
f 1860/55/2 1862/56/2 1863/61/2
f 1821/62/2 1822/58/2 1824/59/2
f 1860/55/2 1863/61/2 1864/63/2
f 1820/64/2 1821/62/2 1824/59/2
f 1860/55/2 1864/63/2 1865/65/2
f 1819/66/2 1820/64/2 1824/59/2
f 1860/55/2 1865/65/2 1866/67/2
f 1818/68/2 1819/66/2 1824/59/2
f 1860/55/2 1866/67/2 1867/69/2
f 1817/70/2 1818/68/2 1824/59/2
f 1860/55/2 1867/69/2 1868/71/2
f 1816/72/2 1817/70/2 1824/59/2
f 1860/55/2 1868/71/2 1869/73/2
f 1815/74/2 1816/72/2 1824/59/2
f 1860/55/2 1869/73/2 1870/75/2
f 1814/76/2 1815/74/2 1824/59/2
f 1860/55/2 1870/75/2 1871/77/2
f 1813/78/2 1814/76/2 1824/59/2
f 1860/55/2 1871/77/2 1872/79/2
f 1812/80/2 1813/78/2 1824/59/2
f 1860/55/2 1872/79/2 1873/1/2
f 1811/81/2 1812/80/2 1824/59/2
f 1860/55/2 1873/1/2 1800/28/2
f 1860/55/2 1800/28/2 1801/82/2
f 1860/55/2 1801/82/2 1802/83/2
f 1860/55/2 1802/83/2 1803/84/2
f 1860/55/2 1803/84/2 1804/85/2
f 1860/55/2 1804/85/2 1805/86/2
f 1860/55/2 1805/86/2 1806/87/2
f 1860/55/2 1806/87/2 1807/88/2
f 1860/55/2 1807/88/2 1808/89/2
f 1860/55/2 1808/89/2 1809/90/2
f 1860/55/2 1809/90/2 1810/91/2
f 1860/55/2 1810/91/2 1811/81/2
f 1860/55/2 1811/81/2 1859/92/2
f 1859/92/2 1811/81/2 1858/93/2
f 1858/93/2 1811/81/2 1857/94/2
f 1857/94/2 1811/81/2 1856/95/2
f 1856/95/2 1811/81/2 1855/96/2
f 1855/96/2 1811/81/2 1854/97/2
f 1854/97/2 1811/81/2 1853/98/2
f 1853/98/2 1811/81/2 1852/99/2
f 1852/99/2 1811/81/2 1851/100/2
f 1851/100/2 1811/81/2 1850/101/2
f 1850/101/2 1811/81/2 1849/102/2
f 1849/102/2 1811/81/2 1848/103/2
f 1848/103/2 1811/81/2 1847/104/2
f 1847/104/2 1811/81/2 1846/105/2
f 1846/105/2 1811/81/2 1845/106/2
f 1845/106/2 1811/81/2 1842/119/2
f 1842/119/2 1811/81/2 1840/108/2
f 1840/108/2 1811/81/2 1836/110/2
f 1836/110/2 1811/81/2 1835/111/2
f 1835/111/2 1811/81/2 1834/112/2
f 1834/112/2 1811/81/2 1833/113/2
f 1833/113/2 1811/81/2 1832/114/2
f 1832/114/2 1811/81/2 1831/115/2
f 1831/115/2 1811/81/2 1830/116/2
f 1830/116/2 1811/81/2 1829/117/2
f 1829/117/2 1811/81/2 1824/59/2
f 1844/118/1 1845/106/1 1842/119/1
f 1843/107/1 1844/118/1 1842/119/1
f 1841/120/1 1842/119/1 1840/108/1
f 1839/121/1 1840/108/1 1836/110/1
f 1838/122/1 1839/121/1 1836/110/1
f 1837/109/1 1838/122/1 1836/110/1
f 1828/123/2 1829/117/2 1824/59/2
f 1827/124/2 1828/123/2 1824/59/2
f 1826/125/2 1827/124/2 1824/59/2
f 1825/126/2 1826/125/2 1824/59/2
f 1912/692/2 1913/693/2 1914/418/2
f 1912/692/2 1914/418/2 1915/694/2
f 1912/692/2 1915/694/2 1916/695/2
f 1911/696/2 1912/692/2 1916/695/2
f 1911/696/2 1916/695/2 1917/697/2
f 1910/698/2 1911/696/2 1917/697/2
f 1886/699/2 1887/701/2 1888/700/2
f 1909/702/2 1910/698/2 1917/697/2
f 1909/702/2 1917/697/2 1918/703/2
f 1886/699/2 1888/700/2 1889/704/2
f 1908/705/2 1909/702/2 1918/703/2
f 1908/705/2 1918/703/2 1919/706/2
f 2050/707/2 2051/709/2 2052/708/2
f 1886/699/2 1889/704/2 1890/710/2
f 1885/711/2 1886/699/2 1890/710/2
f 2049/712/2 2050/707/2 2052/708/2
f 1907/713/2 1908/705/2 1919/706/2
f 1907/713/2 1919/706/2 1920/714/2
f 1885/711/2 1890/710/2 1891/715/2
f 2048/716/2 2049/712/2 2052/708/2
f 1884/415/2 1885/711/2 1891/715/2
f 2048/716/2 2052/708/2 2053/717/2
f 1906/718/2 1907/713/2 1920/714/2
f 2047/719/2 2048/716/2 2053/717/2
f 1906/718/2 1920/714/2 1921/720/2
f 1884/415/2 1891/715/2 1892/721/2
f 2047/719/2 2053/717/2 2054/281/2
f 1883/722/2 1884/415/2 1892/721/2
f 2046/723/2 2047/719/2 2054/281/2
f 2046/723/2 2054/281/2 2055/724/2
f 1905/725/2 1906/718/2 1921/720/2
f 2045/726/2 2046/723/2 2055/724/2
f 1905/725/2 1921/720/2 1922/727/2
f 1883/722/2 1892/721/2 1893/728/2
f 2045/726/2 2055/724/2 2056/729/2
f 1882/730/2 1883/722/2 1893/728/2
f 2044/284/2 2045/726/2 2056/729/2
f 2044/284/2 2056/729/2 2057/731/2
f 1904/437/2 1905/725/2 1922/727/2
f 1904/437/2 1922/727/2 1923/732/2
f 2043/733/2 2044/284/2 2057/731/2
f 1881/734/2 1882/730/2 1893/728/2
f 1881/734/2 1893/728/2 1894/432/2
f 2043/733/2 2057/731/2 2058/735/2
f 2042/736/2 2043/733/2 2058/735/2
f 2042/736/2 2058/735/2 2059/737/2
f 1903/738/2 1904/437/2 1923/732/2
f 1903/738/2 1923/732/2 1924/400/2
f 2041/739/2 2042/736/2 2059/737/2
f 1880/740/2 1881/734/2 1894/432/2
f 2041/739/2 2059/737/2 2060/741/2
f 1880/740/2 1894/432/2 1895/742/2
f 2040/743/2 2041/739/2 2060/741/2
f 2040/743/2 2060/741/2 2061/744/2
f 1902/745/2 1903/738/2 1924/400/2
f 1902/745/2 1924/400/2 1925/746/2
f 2040/743/2 2061/744/2 2062/747/2
f 1879/748/2 1880/740/2 1895/742/2
f 2039/749/2 2040/743/2 2062/747/2
f 1879/748/2 1895/742/2 1896/750/2
f 1902/745/2 1925/746/2 1901/751/2
f 1901/751/2 1925/746/2 1900/752/2
f 2039/749/2 2062/747/2 2063/753/2
f 2038/754/2 2039/749/2 2063/753/2
f 2038/754/2 2063/753/2 2064/1/2
f 1878/755/2 1879/748/2 1896/750/2
f 1878/755/2 1896/750/2 1897/756/2
f 2038/754/2 2064/1/2 1926/757/2
f 2037/758/2 2038/754/2 1926/757/2
f 2037/758/2 1926/757/2 1927/759/2
f 1878/755/2 1897/756/2 1898/760/2
f 1877/761/2 1878/755/2 1898/760/2
f 2036/762/2 2037/758/2 1927/759/2
f 2036/762/2 1927/759/2 1928/763/2
f 1877/761/2 1898/760/2 1899/764/2
f 1876/765/2 1877/761/2 1899/764/2
f 2035/766/2 2036/762/2 1928/763/2
f 2035/766/2 1928/763/2 1929/767/2
f 1876/765/2 1899/764/2 1875/768/2
f 1875/768/2 1899/764/2 1874/28/2
f 2035/766/2 1929/767/2 1930/769/2
f 2034/301/2 2035/766/2 1930/769/2
f 2034/301/2 1930/769/2 1931/770/2
f 2033/771/2 2034/301/2 1931/770/2
f 2033/771/2 1931/770/2 1932/772/2
f 2033/771/2 1932/772/2 1933/773/2
f 2032/774/2 2033/771/2 1933/773/2
f 2032/774/2 1933/773/2 1934/384/2
f 2031/775/2 2032/774/2 1934/384/2
f 2031/775/2 1934/384/2 1935/776/2
f 2030/777/2 2031/775/2 1935/776/2
f 2030/777/2 1935/776/2 1936/778/2
f 2030/777/2 1936/778/2 1937/779/2
f 2029/780/2 2030/777/2 1937/779/2
f 1949/781/2 1950/783/2 1951/782/2
f 1948/784/2 1949/781/2 1951/782/2
f 1947/785/2 1948/784/2 1951/782/2
f 1946/786/2 1947/785/2 1951/782/2
f 1945/787/2 1946/786/2 1951/782/2
f 1944/375/2 1945/787/2 1951/782/2
f 1943/788/2 1944/375/2 1951/782/2
f 1942/789/2 1943/788/2 1951/782/2
f 1941/790/2 1942/789/2 1951/782/2
f 1940/791/2 1941/790/2 1951/782/2
f 1939/792/2 1940/791/2 1951/782/2
f 1938/793/2 1939/792/2 1951/782/2
f 2029/780/2 1937/779/2 1938/793/2
f 2029/780/2 1938/793/2 1951/782/2
f 2028/794/2 2029/780/2 1951/782/2
f 2027/795/2 2028/794/2 1951/782/2
f 2026/796/2 2027/795/2 1953/797/2
f 1953/797/2 2027/795/2 1952/798/2
f 1952/798/2 2027/795/2 1951/782/2
f 2025/799/2 2026/796/2 1958/800/2
f 1958/800/2 2026/796/2 1957/801/2
f 1957/801/2 2026/796/2 1956/802/2
f 1956/802/2 2026/796/2 1955/803/2
f 1955/803/2 2026/796/2 1954/393/2
f 1954/393/2 2026/796/2 1953/797/2
f 2024/319/2 2025/799/2 2002/804/2
f 2002/804/2 2025/799/2 2001/805/2
f 2001/805/2 2025/799/2 1964/314/2
f 1964/314/2 2025/799/2 1963/806/2
f 1963/806/2 2025/799/2 1962/807/2
f 1962/807/2 2025/799/2 1961/808/2
f 1961/808/2 2025/799/2 1960/809/2
f 1960/809/2 2025/799/2 1959/810/2
f 1959/810/4 2025/799/4 1958/800/4
f 2024/319/2 2002/804/2 2003/811/2
f 2000/812/2 2001/805/2 1964/314/2
f 2000/812/2 1964/314/2 1965/813/2
f 2023/814/2 2024/319/2 2003/811/2
f 2023/814/2 2003/811/2 2004/352/2
f 2022/815/2 2023/814/2 2004/352/2
f 2022/815/2 2004/352/2 2005/816/2
f 2021/817/2 2022/815/2 2005/816/2
f 2021/817/2 2005/816/2 2006/818/2
f 1999/819/2 2000/812/2 1965/813/2
f 2020/820/2 2021/817/2 2006/818/2
f 1999/819/2 1965/813/2 1966/821/2
f 2020/820/2 2006/818/2 2007/822/2
f 2019/823/2 2020/820/2 2007/822/2
f 2019/823/2 2007/822/2 2008/824/2
f 2018/825/2 2019/823/2 2008/824/2
f 1998/826/2 1999/819/2 1966/821/2
f 2018/825/2 2008/824/2 2009/827/2
f 2017/828/2 2018/825/2 2009/827/2
f 1998/826/2 1966/821/2 1967/829/2
f 2017/828/2 2009/827/2 2010/830/2
f 2016/831/2 2017/828/2 2010/830/2
f 2015/832/2 2016/831/2 2010/830/2
f 2015/832/2 2010/830/2 2011/833/2
f 2014/336/2 2015/832/2 2011/833/2
f 1997/834/2 1998/826/2 1967/829/2
f 2014/336/2 2011/833/2 2012/835/2
f 2014/336/2 2012/835/2 2013/836/2
f 1997/834/2 1967/829/2 1968/837/2
f 1996/838/2 1997/834/2 1968/837/2
f 1996/838/2 1968/837/2 1969/152/2
f 1995/839/2 1996/838/2 1969/152/2
f 1994/370/2 1995/839/2 1969/152/2
f 1994/370/2 1969/152/2 1970/840/2
f 1993/841/2 1994/370/2 1970/840/2
f 1993/841/2 1970/840/2 1971/842/2
f 1992/843/2 1993/841/2 1971/842/2
f 1992/843/2 1971/842/2 1972/844/2
f 1991/845/2 1992/843/2 1972/844/2
f 1990/846/2 1991/845/2 1972/844/2
f 1990/846/2 1972/844/2 1973/847/2
f 1989/848/2 1990/846/2 1973/847/2
f 1988/849/2 1989/848/2 1973/847/2
f 1987/850/2 1988/849/2 1973/847/2
f 1986/851/2 1987/850/2 1973/847/2
f 1986/851/2 1973/847/2 1974/333/2
f 1985/852/2 1986/851/2 1974/333/2
f 1984/354/2 1985/852/2 1974/333/2
f 1983/853/2 1984/354/2 1974/333/2
f 1982/854/2 1983/853/2 1974/333/2
f 1981/855/2 1982/854/2 1974/333/2
f 1980/856/2 1981/855/2 1974/333/2
f 1979/857/2 1980/856/2 1974/333/2
f 1978/858/2 1979/857/2 1974/333/2
f 1977/859/2 1978/858/2 1974/333/2
f 1977/859/2 1974/333/2 1975/860/2
f 1976/861/2 1977/859/2 1975/860/2
s 1
f 2068/862/5 2065/28/6 2066/863/6
f 2070/864/7 2067/865/5 2068/862/5
f 2072/866/8 2069/867/7 2070/864/7
f 2074/868/9 2071/869/8 2072/866/8
f 2076/870/10 2073/871/9 2074/868/9
f 2078/872/11 2075/873/10 2076/870/10
f 2080/874/12 2077/875/11 2078/872/11
f 2082/876/13 2079/877/12 2080/874/12
f 2084/878/14 2081/879/13 2082/876/13
f 2086/880/15 2083/881/14 2084/878/14
f 2088/882/16 2085/883/15 2086/880/15
f 2090/884/17 2087/885/16 2088/882/16
f 2092/886/18 2089/887/17 2090/884/17
f 2094/888/19 2091/152/18 2092/886/18
f 2096/889/20 2093/890/19 2094/888/19
f 2098/891/21 2095/892/20 2096/889/20
f 2100/893/22 2097/894/21 2098/891/21
f 2102/895/23 2099/896/22 2100/893/22
f 2104/897/24 2101/898/23 2102/895/23
f 2106/899/25 2103/900/24 2104/897/24
f 2108/901/26 2105/902/25 2106/899/25
f 2110/903/27 2107/904/26 2108/901/26
f 2112/905/28 2109/906/27 2110/903/27
f 2114/907/29 2111/908/28 2112/905/28
f 2116/909/30 2113/910/29 2114/907/29
f 2066/911/6 2115/912/30 2116/909/30
f 2120/862/31 2117/28/32 2118/863/32
f 2122/864/33 2119/865/31 2120/862/31
f 2124/866/34 2121/867/33 2122/864/33
f 2126/868/35 2123/869/34 2124/866/34
f 2128/870/36 2125/871/35 2126/868/35
f 2130/872/37 2127/873/36 2128/870/36
f 2132/874/38 2129/875/37 2130/872/37
f 2134/876/39 2131/877/38 2132/874/38
f 2136/878/40 2133/879/39 2134/876/39
f 2138/880/41 2135/881/40 2136/878/40
f 2140/882/42 2137/883/41 2138/880/41
f 2142/884/43 2139/885/42 2140/882/42
f 2144/886/44 2141/887/43 2142/884/43
f 2146/888/45 2143/152/44 2144/886/44
f 2148/889/46 2145/890/45 2146/888/45
f 2150/891/47 2147/892/46 2148/889/46
f 2152/893/48 2149/894/47 2150/891/47
f 2154/895/49 2151/896/48 2152/893/48
f 2156/897/50 2153/898/49 2154/895/49
f 2158/899/51 2155/900/50 2156/897/50
f 2160/901/52 2157/902/51 2158/899/51
f 2162/903/53 2159/904/52 2160/901/52
f 2164/905/54 2161/906/53 2162/903/53
f 2166/907/55 2163/908/54 2164/905/54
f 2168/909/56 2165/910/57 2166/907/55
f 2118/911/32 2167/912/56 2168/909/56
f 2172/913/58 2169/28/59 2170/863/59
f 2174/914/60 2171/915/58 2172/913/58
f 2176/916/61 2173/917/60 2174/914/60
f 2178/918/62 2175/919/61 2176/916/61
f 2180/920/63 2177/921/62 2178/918/62
f 2182/922/64 2179/923/63 2180/920/63
f 2184/924/65 2181/925/64 2182/922/64
f 2186/926/66 2183/927/65 2184/924/65
f 2188/928/67 2185/929/66 2186/926/66
f 2190/930/68 2187/931/67 2188/928/67
f 2192/932/20 2189/933/68 2190/930/68
f 2194/934/69 2191/935/20 2192/932/20
f 2196/936/70 2193/937/69 2194/934/69
f 2198/938/71 2195/939/70 2196/936/70
f 2200/940/72 2197/941/71 2198/938/71
f 2202/942/73 2199/943/72 2200/940/72
f 2204/944/74 2201/945/73 2202/942/73
f 2206/946/75 2203/947/74 2204/944/74
f 2208/948/76 2205/949/75 2206/946/75
f 2210/950/77 2207/951/76 2208/948/76
f 2212/952/78 2209/953/77 2210/950/77
f 2214/954/79 2211/955/78 2212/952/78
f 2216/956/80 2213/957/79 2214/954/79
f 2218/958/81 2215/959/80 2216/956/80
f 2220/960/82 2217/961/81 2218/958/81
f 2222/962/83 2219/963/82 2220/960/82
f 2224/964/84 2221/965/83 2222/962/83
f 2226/966/85 2223/967/84 2224/964/84
f 2228/968/86 2225/969/85 2226/966/85
f 2230/970/87 2227/971/86 2228/968/86
f 2232/972/88 2229/973/87 2230/970/87
f 2234/974/89 2231/975/88 2232/972/88
f 2236/976/90 2233/977/89 2234/974/89
f 2238/978/91 2235/979/90 2236/976/90
f 2240/980/92 2237/981/91 2238/978/91
f 2242/982/93 2239/983/92 2240/980/92
f 2244/984/94 2241/985/93 2242/982/93
f 2246/986/95 2243/987/94 2244/984/94
f 2248/988/96 2245/989/95 2246/986/95
f 2250/990/97 2247/991/96 2248/988/96
f 2252/992/98 2249/993/97 2250/990/97
f 2254/994/99 2251/995/98 2252/992/98
f 2256/996/100 2253/997/99 2254/994/99
f 2258/998/101 2255/999/100 2256/996/100
f 2260/1000/102 2257/1001/101 2258/998/101
f 2262/1002/103 2259/1003/102 2260/1000/102
f 2264/1004/104 2261/1005/103 2262/1002/103
f 2266/1006/105 2263/1007/104 2264/1004/104
f 2268/1008/106 2265/1009/105 2266/1006/105
f 2270/1010/107 2267/1011/106 2268/1008/106
f 2272/1012/108 2269/1013/107 2270/1010/107
f 2274/1014/109 2271/1015/110 2272/1012/108
f 2276/1016/111 2273/1017/109 2274/1014/109
f 2278/1018/112 2275/1019/111 2276/1016/111
f 2280/1020/113 2277/1021/112 2278/1018/112
f 2282/1022/114 2279/1023/113 2280/1020/113
f 2284/1024/115 2281/1025/114 2282/1022/114
f 2286/1026/116 2283/1027/115 2284/1024/115
f 2288/1028/117 2285/1029/116 2286/1026/116
f 2290/1030/118 2287/1031/117 2288/1028/117
f 2292/1032/119 2289/1033/118 2290/1030/118
f 2294/1034/120 2291/1035/119 2292/1032/119
f 2296/1036/121 2293/1037/120 2294/1034/120
f 2298/1038/122 2295/1039/121 2296/1036/121
f 2300/1040/123 2297/1041/122 2298/1038/122
f 2302/1042/124 2299/1043/123 2300/1040/123
f 2304/1044/125 2301/1045/124 2302/1042/124
f 2306/1046/126 2303/1047/125 2304/1044/125
f 2308/1048/127 2305/1049/126 2306/1046/126
f 2310/1050/128 2307/1051/127 2308/1048/127
f 2312/1052/129 2309/1053/128 2310/1050/128
f 2314/1054/130 2311/1055/129 2312/1052/129
f 2316/1056/131 2313/1057/130 2314/1054/130
f 2318/1058/132 2315/1059/131 2316/1056/131
f 2320/1060/133 2317/1061/132 2318/1058/132
f 2322/1062/134 2319/1063/133 2320/1060/133
f 2324/1064/135 2321/1065/136 2322/1062/134
f 2326/1066/137 2323/1067/135 2324/1064/135
f 2328/1068/138 2325/1069/137 2326/1066/137
f 2330/1070/139 2327/1071/138 2328/1068/138
f 2332/1072/140 2329/1073/139 2330/1070/139
f 2334/1074/141 2331/1075/140 2332/1072/140
f 2336/1076/142 2333/1077/141 2334/1074/141
f 2338/1078/143 2335/1079/142 2336/1076/142
f 2340/1080/144 2337/1081/143 2338/1078/143
f 2342/1082/145 2339/1083/144 2340/1080/144
f 2344/1084/146 2341/1085/145 2342/1082/145
f 2346/1086/147 2343/1087/146 2344/1084/146
f 2348/1088/148 2345/1089/149 2346/1086/147
f 2350/1090/150 2347/1091/148 2348/1088/148
f 2352/1092/151 2349/1093/150 2350/1090/150
f 2354/1094/152 2351/1095/151 2352/1092/151
f 2356/1096/153 2353/1097/152 2354/1094/152
f 2358/1098/154 2355/1099/153 2356/1096/153
f 2360/1100/155 2357/1101/154 2358/1098/154
f 2362/1102/156 2359/1103/155 2360/1100/155
f 2364/1104/157 2361/1105/158 2362/1102/156
f 2366/1106/159 2363/1107/157 2364/1104/157
f 2368/1108/160 2365/1109/159 2366/1106/159
f 2370/1110/161 2367/1111/160 2368/1108/160
f 2372/1112/162 2369/1113/161 2370/1110/161
f 2374/1114/163 2371/1115/162 2372/1112/162
f 2376/1116/164 2373/1117/163 2374/1114/163
f 2378/1118/165 2375/1119/164 2376/1116/164
f 2380/1120/166 2377/1121/165 2378/1118/165
f 2382/1122/167 2379/1123/166 2380/1120/166
f 2384/1124/168 2381/1125/167 2382/1122/167
f 2386/1126/169 2383/1127/168 2384/1124/168
f 2388/1128/170 2385/1129/169 2386/1126/169
f 2390/1130/171 2387/1131/170 2388/1128/170
f 2392/1132/172 2389/1133/171 2390/1130/171
f 2394/1134/173 2391/1135/172 2392/1132/172
f 2396/1136/174 2393/1137/173 2394/1134/173
f 2398/1138/175 2395/1139/174 2396/1136/174
f 2400/1140/176 2397/1141/175 2398/1138/175
f 2402/1142/177 2399/1143/176 2400/1140/176
f 2404/1144/178 2401/1145/177 2402/1142/177
f 2406/1146/179 2403/1147/178 2404/1144/178
f 2408/1148/180 2405/1149/179 2406/1146/179
f 2410/1150/181 2407/1151/180 2408/1148/180
f 2412/1152/182 2409/1153/181 2410/1150/181
f 2414/1154/183 2411/1155/182 2412/1152/182
f 2416/1156/184 2413/1157/183 2414/1154/183
f 2418/1158/185 2415/1159/186 2416/1156/184
f 2420/1160/187 2417/1161/185 2418/1158/185
f 2422/1162/188 2419/1163/187 2420/1160/187
f 2424/1164/189 2421/1165/188 2422/1162/188
f 2426/1166/190 2423/1167/189 2424/1164/189
f 2428/1168/191 2425/1169/192 2426/1166/190
f 2430/1170/193 2427/1171/191 2428/1168/191
f 2432/1172/194 2429/1173/193 2430/1170/193
f 2434/1174/195 2431/1175/194 2432/1172/194
f 2436/1176/196 2433/1177/195 2434/1174/195
f 2438/1178/197 2435/1179/196 2436/1176/196
f 2440/1180/198 2437/1181/197 2438/1178/197
f 2442/1182/199 2439/1183/198 2440/1180/198
f 2444/1184/200 2441/1185/199 2442/1182/199
f 2446/1186/201 2443/1187/200 2444/1184/200
f 2170/911/59 2445/1188/201 2446/1186/201
f 2450/1189/202 2447/28/202 2448/863/202
f 2452/1190/202 2449/206/202 2450/1189/202
f 2454/1191/202 2451/210/202 2452/1190/202
f 2456/1192/202 2453/224/202 2454/1191/202
f 2458/1193/202 2455/236/202 2456/1192/202
f 2460/1194/202 2457/243/202 2458/1193/202
f 2462/1195/202 2459/238/202 2460/1194/202
f 2464/1196/202 2461/235/202 2462/1195/202
f 2466/1197/202 2463/225/202 2464/1196/202
f 2468/1198/202 2465/211/202 2466/1197/202
f 2470/1199/203 2467/207/202 2468/1198/202
f 2472/1200/204 2469/203/203 2470/1199/203
f 2474/1201/205 2471/199/204 2472/1200/204
f 2476/1202/206 2473/201/205 2474/1201/205
f 2478/1203/207 2475/196/206 2476/1202/206
f 2480/1204/208 2477/194/207 2478/1203/207
f 2482/1205/76 2479/192/208 2480/1204/208
f 2484/1206/209 2481/190/76 2482/1205/76
f 2486/1207/210 2483/187/209 2484/1206/209
f 2488/1208/211 2485/181/210 2486/1207/210
f 2490/1209/212 2487/175/211 2488/1208/211
f 2492/1210/213 2489/171/212 2490/1209/212
f 2494/1211/214 2491/169/213 2492/1210/213
f 2496/1212/215 2493/167/216 2494/1211/214
f 2498/1213/217 2495/127/215 2496/1212/215
f 2500/1214/218 2497/128/217 2498/1213/217
f 2502/1215/219 2499/131/218 2500/1214/218
f 2504/1216/220 2501/138/219 2502/1215/219
f 2506/1217/221 2503/142/220 2504/1216/220
f 2508/1218/222 2505/147/221 2506/1217/221
f 2510/1219/223 2507/151/222 2508/1218/222
f 2512/1220/224 2509/155/223 2510/1219/223
f 2514/1221/225 2511/157/224 2512/1220/224
f 2516/1222/89 2513/159/225 2514/1221/225
f 2518/1223/226 2515/161/89 2516/1222/89
f 2520/1224/227 2517/163/226 2518/1223/226
f 2522/886/228 2519/165/227 2520/1224/227
f 2524/1225/228 2521/152/228 2522/886/228
f 2526/1226/228 2523/148/228 2524/1225/228
f 2528/1227/228 2525/144/228 2526/1226/228
f 2530/1228/228 2527/141/228 2528/1227/228
f 2532/1229/228 2529/137/228 2530/1228/228
f 2534/1230/228 2531/132/228 2532/1229/228
f 2536/1231/228 2533/133/228 2534/1230/228
f 2538/1232/228 2535/174/228 2536/1231/228
f 2540/1233/228 2537/177/228 2538/1232/228
f 2542/1234/228 2539/180/228 2540/1233/228
f 2544/1235/229 2541/183/228 2542/1234/228
f 2546/1236/230 2543/186/229 2544/1235/229
f 2548/1237/231 2545/200/230 2546/1236/230
f 2550/1238/232 2547/272/231 2548/1237/231
f 2552/1239/233 2549/269/232 2550/1238/232
f 2554/1240/234 2551/267/233 2552/1239/233
f 2556/1241/235 2553/265/234 2554/1240/234
f 2558/1242/236 2555/263/235 2556/1241/235
f 2560/1243/237 2557/261/236 2558/1242/236
f 2562/1244/238 2559/257/237 2560/1243/237
f 2564/1245/239 2561/254/238 2562/1244/238
f 2566/1246/240 2563/251/239 2564/1245/239
f 2568/1247/241 2565/247/240 2566/1246/240
f 2570/1248/242 2567/244/243 2568/1247/241
f 2572/1249/244 2569/234/242 2570/1248/242
f 2574/1250/245 2571/230/244 2572/1249/244
f 2576/1251/246 2573/227/245 2574/1250/245
f 2578/1252/247 2575/223/246 2576/1251/246
f 2580/1253/248 2577/221/247 2578/1252/247
f 2582/1254/249 2579/217/248 2580/1253/248
f 2584/1255/250 2581/212/249 2582/1254/249
f 2586/1256/251 2583/213/250 2584/1255/250
f 2588/1257/252 2585/232/251 2586/1256/251
f 2590/1258/253 2587/245/252 2588/1257/252
f 2592/1259/254 2589/250/253 2590/1258/253
f 2594/1260/255 2591/255/254 2592/1259/254
f 2448/911/202 2593/260/255 2594/1260/255
f 2598/1261/256 2595/28/257 2596/863/257
f 2600/1262/258 2597/1263/256 2598/1261/256
f 2602/1264/259 2599/1265/258 2600/1262/258
f 2604/1266/260 2601/1267/259 2602/1264/259
f 2606/1268/261 2603/1269/260 2604/1266/260
f 2608/1270/262 2605/1271/261 2606/1268/261
f 2610/1272/263 2607/1273/262 2608/1270/262
f 2612/1274/264 2609/1275/263 2610/1272/263
f 2614/1276/265 2611/1277/264 2612/1274/264
f 2616/1278/266 2613/1279/265 2614/1276/265
f 2618/1280/267 2615/1281/266 2616/1278/266
f 2620/1282/268 2617/1283/267 2618/1280/267
f 2622/1284/269 2619/1285/270 2620/1282/268
f 2624/1286/271 2621/1287/269 2622/1284/269
f 2626/1288/272 2623/1289/271 2624/1286/271
f 2628/1290/273 2625/1291/272 2626/1288/272
f 2630/1292/274 2627/1293/273 2628/1290/273
f 2632/1294/275 2629/1295/274 2630/1292/274
f 2634/1296/276 2631/1297/275 2632/1294/275
f 2636/1298/182 2633/1299/276 2634/1296/276
f 2638/1300/277 2635/1301/278 2636/1298/182
f 2640/1302/279 2637/1303/280 2638/1300/277
f 2642/1304/281 2639/1305/282 2640/1302/279
f 2644/1306/283 2641/1307/281 2642/1304/281
f 2646/1308/284 2643/1309/285 2644/1306/283
f 2648/1310/286 2645/1311/284 2646/1308/284
f 2650/1312/287 2647/1313/288 2648/1310/286
f 2652/1314/289 2649/1315/290 2650/1312/287
f 2654/1316/291 2651/1317/289 2652/1314/289
f 2656/1318/292 2653/1319/291 2654/1316/291
f 2658/1320/293 2655/1321/292 2656/1318/292
f 2660/1322/294 2657/1323/293 2658/1320/293
f 2662/1324/295 2659/1325/294 2660/1322/294
f 2664/1326/296 2661/1327/295 2662/1324/295
f 2666/1328/297 2663/1329/296 2664/1326/296
f 2668/1330/298 2665/1331/297 2666/1328/297
f 2670/1332/299 2667/1333/298 2668/1330/298
f 2672/1334/300 2669/1335/299 2670/1332/299
f 2674/1336/301 2671/1337/300 2672/1334/300
f 2676/1338/302 2673/1339/301 2674/1336/301
f 2678/1340/303 2675/1341/302 2676/1338/302
f 2680/1342/304 2677/1343/303 2678/1340/303
f 2682/1344/305 2679/1345/304 2680/1342/304
f 2684/1346/306 2681/1347/305 2682/1344/305
f 2686/1348/307 2683/1349/306 2684/1346/306
f 2688/1350/200 2685/1351/307 2686/1348/307
f 2690/1352/308 2687/1353/200 2688/1350/200
f 2692/1354/309 2689/1355/308 2690/1352/308
f 2694/1356/310 2691/1357/311 2692/1354/309
f 2696/1358/312 2693/1359/310 2694/1356/310
f 2698/1360/313 2695/1361/312 2696/1358/312
f 2700/1362/314 2697/1363/313 2698/1360/313
f 2702/1364/315 2699/1365/314 2700/1362/314
f 2704/1366/316 2701/1367/315 2702/1364/315
f 2706/1368/317 2703/1369/316 2704/1366/316
f 2708/1370/318 2705/1371/317 2706/1368/317
f 2710/1372/319 2707/1373/318 2708/1370/318
f 2712/1374/320 2709/1375/319 2710/1372/319
f 2714/1376/321 2711/1377/320 2712/1374/320
f 2716/1378/322 2713/1379/321 2714/1376/321
f 2718/1380/323 2715/1381/322 2716/1378/322
f 2720/1382/324 2717/1383/323 2718/1380/323
f 2722/1384/325 2719/1385/324 2720/1382/324
f 2724/1386/326 2721/1387/325 2722/1384/325
f 2726/1388/327 2723/1389/326 2724/1386/326
f 2728/1390/328 2725/1391/329 2726/1388/327
f 2730/1392/330 2727/1393/328 2728/1390/328
f 2732/1394/331 2729/1395/332 2730/1392/330
f 2734/1396/333 2731/1397/331 2732/1394/331
f 2736/1398/334 2733/1399/333 2734/1396/333
f 2738/1400/335 2735/1401/336 2736/1398/334
f 2740/1402/337 2737/1403/335 2738/1400/335
f 2742/1404/338 2739/1405/337 2740/1402/337
f 2744/1406/339 2741/1407/340 2742/1404/338
f 2746/1408/341 2743/1409/339 2744/1406/339
f 2748/1410/342 2745/1411/341 2746/1408/341
f 2750/1412/343 2747/1413/342 2748/1410/342
f 2752/1414/344 2749/1415/343 2750/1412/343
f 2754/1416/345 2751/1417/344 2752/1414/344
f 2756/1418/346 2753/1419/345 2754/1416/345
f 2758/1420/347 2755/1421/346 2756/1418/346
f 2760/1422/348 2757/1423/347 2758/1420/347
f 2762/1424/349 2759/1425/348 2760/1422/348
f 2764/1426/350 2761/1427/349 2762/1424/349
f 2766/1428/351 2763/1429/350 2764/1426/350
f 2768/1430/352 2765/1431/351 2766/1428/351
f 2770/1432/353 2767/1433/354 2768/1430/352
f 2772/1434/355 2769/1435/353 2770/1432/353
f 2774/1436/356 2771/1437/355 2772/1434/355
f 2776/1438/357 2773/1439/356 2774/1436/356
f 2778/1440/358 2775/1441/357 2776/1438/357
f 2780/1442/359 2777/1443/360 2778/1440/358
f 2782/1444/361 2779/1445/359 2780/1442/359
f 2784/1446/362 2781/1447/361 2782/1444/361
f 2786/1448/363 2783/1449/362 2784/1446/362
f 2788/1450/364 2785/1451/365 2786/1448/363
f 2790/1452/366 2787/1453/367 2788/1450/364
f 2792/1454/368 2789/1455/369 2790/1452/366
f 2794/1456/370 2791/1457/368 2792/1454/368
f 2796/1458/371 2793/1459/370 2794/1456/370
f 2798/1460/372 2795/1461/371 2796/1458/371
f 2800/1462/373 2797/1463/372 2798/1460/372
f 2802/1464/374 2799/1465/373 2800/1462/373
f 2804/1466/375 2801/1467/374 2802/1464/374
f 2806/1468/376 2803/1469/375 2804/1466/375
f 2808/1470/377 2805/1471/376 2806/1468/376
f 2810/1472/378 2807/1473/377 2808/1470/377
f 2812/1474/379 2809/1475/378 2810/1472/378
f 2814/1476/380 2811/1477/379 2812/1474/379
f 2816/1478/381 2813/1479/380 2814/1476/380
f 2818/1480/380 2815/1481/381 2816/1478/381
f 2820/1482/382 2817/1483/380 2818/1480/380
f 2822/1484/383 2819/1485/382 2820/1482/382
f 2824/1486/384 2821/1487/383 2822/1484/383
f 2826/1488/385 2823/1489/384 2824/1486/384
f 2828/1490/386 2825/1491/385 2826/1488/385
f 2830/1492/387 2827/1493/386 2828/1490/386
f 2832/1494/388 2829/1495/387 2830/1492/387
f 2834/1496/388 2831/1497/388 2832/1494/388
f 2836/1498/387 2833/1499/388 2834/1496/388
f 2838/1500/389 2835/1501/387 2836/1498/387
f 2840/1502/390 2837/1503/389 2838/1500/389
f 2842/1504/391 2839/1505/390 2840/1502/390
f 2844/1506/392 2841/1507/391 2842/1504/391
f 2846/1508/393 2843/1509/392 2844/1506/392
f 2848/1510/394 2845/1511/393 2846/1508/393
f 2850/1512/395 2847/1513/394 2848/1510/394
f 2852/1514/396 2849/1515/395 2850/1512/395
f 2854/1516/397 2851/1517/396 2852/1514/396
f 2856/1518/398 2853/1519/397 2854/1516/397
f 2858/1520/399 2855/1521/398 2856/1518/398
f 2860/1522/73 2857/1523/399 2858/1520/399
f 2862/1524/400 2859/1525/73 2860/1522/73
f 2864/1526/401 2861/1527/400 2862/1524/400
f 2866/1528/208 2863/1529/401 2864/1526/401
f 2868/1530/402 2865/1531/208 2866/1528/208
f 2596/911/257 2867/1532/402 2868/1530/402
f 2872/1533/403 2869/28/404 2870/863/53
f 2874/1534/405 2871/1535/403 2872/1533/403
f 2876/1536/406 2873/1537/405 2874/1534/405
f 2878/1538/407 2875/1539/406 2876/1536/406
f 2880/1540/408 2877/1541/407 2878/1538/407
f 2882/1542/409 2879/1543/408 2880/1540/408
f 2884/1544/410 2881/1545/411 2882/1542/409
f 2886/1546/412 2883/1547/410 2884/1544/410
f 2888/1548/413 2885/1549/412 2886/1546/412
f 2890/1550/414 2887/1551/413 2888/1548/413
f 2892/1552/415 2889/1553/414 2890/1550/414
f 2894/1554/416 2891/1555/415 2892/1552/415
f 2896/1556/417 2893/1557/416 2894/1554/416
f 2898/1558/418 2895/1559/417 2896/1556/417
f 2900/1560/419 2897/1561/418 2898/1558/418
f 2902/1562/420 2899/1563/419 2900/1560/419
f 2904/1564/421 2901/1565/420 2902/1562/420
f 2906/1566/422 2903/1567/423 2904/1564/421
f 2908/1568/424 2905/1569/425 2906/1566/422
f 2910/1570/426 2907/1571/427 2908/1568/424
f 2912/1572/428 2909/1573/426 2910/1570/426
f 2914/1574/429 2911/1575/430 2912/1572/428
f 2916/1576/431 2913/1577/432 2914/1574/429
f 2918/1578/433 2915/1579/434 2916/1576/431
f 2920/1580/435 2917/1581/433 2918/1578/433
f 2922/1582/436 2919/1583/437 2920/1580/435
f 2924/1584/438 2921/1585/439 2922/1582/436
f 2926/1586/60 2923/1587/438 2924/1584/438
f 2928/1588/440 2925/1589/60 2926/1586/60
f 2930/1590/441 2927/1591/440 2928/1588/440
f 2932/1592/442 2929/1593/441 2930/1590/441
f 2934/1594/443 2931/1595/442 2932/1592/442
f 2936/1596/444 2933/1597/443 2934/1594/443
f 2938/1598/445 2935/1599/444 2936/1596/444
f 2940/1600/446 2937/1601/445 2938/1598/445
f 2942/1602/447 2939/1603/446 2940/1600/446
f 2944/1604/448 2941/1605/447 2942/1602/447
f 2946/1606/449 2943/1607/448 2944/1604/448
f 2948/1608/450 2945/1609/449 2946/1606/449
f 2950/1610/451 2947/1611/450 2948/1608/450
f 2952/1612/452 2949/1613/451 2950/1610/451
f 2954/1614/453 2951/1615/452 2952/1612/452
f 2956/1616/454 2953/1617/455 2954/1614/453
f 2958/1618/456 2955/1619/454 2956/1616/454
f 2960/1620/457 2957/1621/458 2958/1618/456
f 2962/1622/459 2959/1623/460 2960/1620/457
f 2964/1624/461 2961/1625/459 2962/1622/459
f 2966/1626/462 2963/1627/461 2964/1624/461
f 2968/1628/463 2965/1629/462 2966/1626/462
f 2970/1630/464 2967/1631/463 2968/1628/463
f 2972/1632/465 2969/1633/466 2970/1630/464
f 2974/1634/467 2971/1635/465 2972/1632/465
f 2976/1636/468 2973/1637/467 2974/1634/467
f 2978/1638/469 2975/1639/468 2976/1636/468
f 2980/1640/470 2977/1641/469 2978/1638/469
f 2982/1642/471 2979/1643/470 2980/1640/470
f 2984/1644/472 2981/1645/471 2982/1642/471
f 2986/1646/473 2983/1647/472 2984/1644/472
f 2988/1648/474 2985/1649/473 2986/1646/473
f 2990/1650/475 2987/1651/474 2988/1648/474
f 2992/1652/476 2989/1653/477 2990/1650/475
f 2994/1654/478 2991/1655/476 2992/1652/476
f 2996/1656/479 2993/1657/478 2994/1654/478
f 2998/1658/480 2995/1659/479 2996/1656/479
f 3000/1660/481 2997/1661/480 2998/1658/480
f 3002/1662/482 2999/1663/481 3000/1660/481
f 3004/1664/483 3001/1665/484 3002/1662/482
f 3006/1666/485 3003/1667/483 3004/1664/483
f 3008/1668/486 3005/1669/485 3006/1666/485
f 3010/1670/487 3007/1671/486 3008/1668/486
f 3012/1672/488 3009/1673/487 3010/1670/487
f 3014/1674/489 3011/1675/488 3012/1672/488
f 3016/1676/490 3013/1677/489 3014/1674/489
f 3018/1678/491 3015/1679/490 3016/1676/490
f 3020/1680/492 3017/1681/491 3018/1678/491
f 3022/1682/493 3019/1683/492 3020/1680/492
f 3024/1684/494 3021/1685/495 3022/1682/493
f 3026/1686/496 3023/1687/497 3024/1684/494
f 3028/1688/498 3025/1689/496 3026/1686/496
f 3030/1690/499 3027/1691/498 3028/1688/498
f 3032/1692/500 3029/1693/499 3030/1690/499
f 3034/1694/501 3031/1695/500 3032/1692/500
f 3036/1696/502 3033/1697/501 3034/1694/501
f 3038/1698/503 3035/1699/502 3036/1696/502
f 3040/1700/504 3037/1701/503 3038/1698/503
f 3042/1702/505 3039/1703/504 3040/1700/504
f 3044/1704/506 3041/1705/505 3042/1702/505
f 3046/1706/507 3043/1707/506 3044/1704/506
f 3048/1708/508 3045/1709/507 3046/1706/507
f 3050/1710/509 3047/1711/508 3048/1708/508
f 3052/1712/510 3049/1713/509 3050/1710/509
f 3054/1714/511 3051/1715/510 3052/1712/510
f 3056/1716/512 3053/1717/511 3054/1714/511
f 3058/1718/513 3055/1719/512 3056/1716/512
f 3060/1720/514 3057/1721/513 3058/1718/513
f 3062/1722/515 3059/1723/514 3060/1720/514
f 3064/1724/516 3061/1725/515 3062/1722/515
f 3066/1726/517 3063/1727/516 3064/1724/516
f 3068/1728/518 3065/1729/517 3066/1726/517
f 3070/1730/519 3067/1731/518 3068/1728/518
f 3072/1732/520 3069/1733/519 3070/1730/519
f 3074/1734/521 3071/1735/520 3072/1732/520
f 3076/1736/522 3073/1737/521 3074/1734/521
f 3078/1738/523 3075/1739/524 3076/1736/522
f 3080/1740/525 3077/1741/526 3078/1738/523
f 3082/1742/527 3079/1743/528 3080/1740/525
f 3084/1744/529 3081/1745/530 3082/1742/527
f 3086/1746/531 3083/1747/529 3084/1744/529
f 3088/1748/532 3085/1749/531 3086/1746/531
f 3090/1750/533 3087/1751/532 3088/1748/532
f 3092/1752/534 3089/1753/533 3090/1750/533
f 3094/1754/535 3091/1755/534 3092/1752/534
f 3096/1756/536 3093/1757/535 3094/1754/535
f 3098/1758/537 3095/1759/538 3096/1756/536
f 3100/1760/539 3097/1761/537 3098/1758/537
f 3102/1762/540 3099/1763/539 3100/1760/539
f 3104/1764/541 3101/1765/540 3102/1762/540
f 3106/1766/542 3103/1767/541 3104/1764/541
f 3108/1768/543 3105/1769/542 3106/1766/542
f 3110/1770/544 3107/1771/543 3108/1768/543
f 3112/1772/545 3109/1773/544 3110/1770/544
f 3114/1774/546 3111/1775/545 3112/1772/545
f 3116/1776/547 3113/1777/546 3114/1774/546
f 3118/1778/548 3115/1779/547 3116/1776/547
f 3120/1780/549 3117/1781/548 3118/1778/548
f 3122/1782/550 3119/1783/551 3120/1780/549
f 2870/911/53 3121/1784/552 3122/1782/550
f 3126/1785/553 3123/28/553 3124/863/553
f 3128/1786/553 3125/1787/553 3126/1785/553
f 3130/1788/553 3127/1789/553 3128/1786/553
f 3132/1790/553 3129/1791/553 3130/1788/553
f 3134/1792/553 3131/1793/553 3132/1790/553
f 3136/1794/553 3133/1795/553 3134/1792/553
f 3138/1796/553 3135/1797/553 3136/1794/553
f 3140/1798/553 3137/474/553 3138/1796/553
f 3142/1799/553 3139/1800/553 3140/1798/553
f 3144/1801/553 3141/1802/553 3142/1799/553
f 3146/1803/554 3143/1804/553 3144/1801/553
f 3148/1805/555 3145/1806/554 3146/1803/554
f 3150/1807/556 3147/1808/555 3148/1805/555
f 3152/1809/557 3149/1810/556 3150/1807/556
f 3154/1811/558 3151/488/557 3152/1809/557
f 3156/1812/559 3153/1813/558 3154/1811/558
f 3158/1814/560 3155/1815/559 3156/1812/559
f 3160/1816/195 3157/1817/561 3158/1814/560
f 3162/1818/562 3159/1819/195 3160/1816/195
f 3164/1820/563 3161/1821/564 3162/1818/562
f 3166/1822/565 3163/1823/563 3164/1820/563
f 3168/1824/566 3165/502/565 3166/1822/565
f 3170/1825/567 3167/1826/566 3168/1824/566
f 3172/1827/568 3169/1828/569 3170/1825/567
f 3174/1829/570 3171/1830/568 3172/1827/568
f 3176/1831/571 3173/1832/570 3174/1829/570
f 3178/1833/572 3175/1834/571 3176/1831/571
f 3180/1835/573 3177/1836/572 3178/1833/572
f 3182/1837/574 3179/535/573 3180/1835/573
f 3184/1838/575 3181/1839/574 3182/1837/574
f 3186/1840/576 3183/1841/575 3184/1838/575
f 3188/1842/577 3185/1843/576 3186/1840/576
f 3190/1844/578 3187/1845/577 3188/1842/577
f 3192/1846/579 3189/1847/578 3190/1844/578
f 3194/1848/580 3191/1849/579 3192/1846/579
f 3196/1850/581 3193/551/580 3194/1848/580
f 3198/1851/582 3195/1852/583 3196/1850/581
f 3200/1853/584 3197/1854/582 3198/1851/582
f 3202/1855/585 3199/1856/584 3200/1853/584
f 3204/1857/586 3201/1858/585 3202/1855/585
f 3206/1859/587 3203/1860/586 3204/1857/586
f 3208/1861/588 3205/1862/587 3206/1859/587
f 3210/1863/589 3207/550/588 3208/1861/588
f 3212/1864/590 3209/1865/589 3210/1863/589
f 3214/1866/510 3211/1867/590 3212/1864/590
f 3216/1868/591 3213/1869/510 3214/1866/510
f 3218/1870/592 3215/1871/591 3216/1868/591
f 3220/1872/593 3217/1873/594 3218/1870/592
f 3222/886/595 3219/1874/593 3220/1872/593
f 3224/1875/596 3221/152/595 3222/886/595
f 3226/1876/597 3223/1877/596 3224/1875/596
f 3228/1878/598 3225/1879/597 3226/1876/597
f 3230/1880/599 3227/1881/598 3228/1878/598
f 3232/1882/600 3229/1883/599 3230/1880/599
f 3234/1884/601 3231/1885/600 3232/1882/600
f 3236/1886/602 3233/1887/603 3234/1884/601
f 3238/1888/604 3235/507/602 3236/1886/602
f 3240/1889/605 3237/1890/604 3238/1888/604
f 3242/1891/606 3239/1892/605 3240/1889/605
f 3244/1893/607 3241/1894/606 3242/1891/606
f 3246/1895/608 3243/1896/607 3244/1893/607
f 3248/1897/608 3245/1898/608 3246/1895/608
f 3250/1899/608 3247/1900/608 3248/1897/608
f 3252/1901/608 3249/513/608 3250/1899/608
f 3254/1902/608 3251/1903/608 3252/1901/608
f 3256/1904/608 3253/1905/608 3254/1902/608
f 3258/1906/608 3255/1907/608 3256/1904/608
f 3260/1908/608 3257/1909/608 3258/1906/608
f 3262/1910/608 3259/1911/608 3260/1908/608
f 3264/1912/608 3261/1913/608 3262/1910/608
f 3266/1914/608 3263/520/608 3264/1912/608
f 3268/1915/609 3265/1916/608 3266/1914/608
f 3270/1917/610 3267/1918/611 3268/1915/609
f 3272/1919/612 3269/1920/610 3270/1917/610
f 3274/1921/613 3271/1922/612 3272/1919/612
f 3276/1923/614 3273/1924/615 3274/1921/613
f 3278/1925/616 3275/1926/617 3276/1923/614
f 3280/1927/618 3277/469/616 3278/1925/616
f 3282/1928/619 3279/1929/620 3280/1927/618
f 3284/1930/621 3281/1931/622 3282/1928/619
f 3286/1932/623 3283/1933/621 3284/1930/621
f 3288/1934/624 3285/1935/623 3286/1932/623
f 3290/1936/625 3287/1937/626 3288/1934/624
f 3292/1938/627 3289/1939/628 3290/1936/625
f 3294/1940/629 3291/449/630 3292/1938/627
f 3296/1941/631 3293/1942/632 3294/1940/629
f 3298/1943/633 3295/1944/634 3296/1941/631
f 3300/1945/635 3297/1946/636 3298/1943/633
f 3302/1947/637 3299/1948/638 3300/1945/635
f 3304/1949/639 3301/1950/640 3302/1947/637
f 3306/1951/641 3303/1952/642 3304/1949/639
f 3308/1953/643 3305/454/641 3306/1951/641
f 3310/1954/644 3307/1955/645 3308/1953/643
f 3312/1956/646 3309/1957/647 3310/1954/644
f 3314/1958/648 3311/1959/646 3312/1956/646
f 3316/1960/649 3313/1961/648 3314/1958/648
f 3318/1962/650 3315/1963/649 3316/1960/649
f 3124/911/553 3317/1964/651 3318/1962/650
f 3322/1189/553 3319/28/553 3320/863/553
f 3324/1190/553 3321/206/553 3322/1189/553
f 3326/1191/553 3323/210/553 3324/1190/553
f 3328/1192/553 3325/224/553 3326/1191/553
f 3330/1193/553 3327/236/553 3328/1192/553
f 3332/1194/553 3329/243/553 3330/1193/553
f 3334/1195/553 3331/238/553 3332/1194/553
f 3336/1196/553 3333/235/553 3334/1195/553
f 3338/1197/553 3335/225/553 3336/1196/553
f 3340/1198/553 3337/211/553 3338/1197/553
f 3342/1199/652 3339/207/553 3340/1198/553
f 3344/1200/653 3341/203/654 3342/1199/652
f 3346/1201/655 3343/199/653 3344/1200/653
f 3348/1202/656 3345/201/657 3346/1201/655
f 3350/1203/658 3347/196/656 3348/1202/656
f 3352/1204/659 3349/194/658 3350/1203/658
f 3354/1205/660 3351/192/659 3352/1204/659
f 3356/1206/661 3353/190/662 3354/1205/660
f 3358/1207/663 3355/187/664 3356/1206/661
f 3360/1208/665 3357/181/666 3358/1207/663
f 3362/1209/667 3359/175/665 3360/1208/665
f 3364/1210/668 3361/171/669 3362/1209/667
f 3366/1211/670 3363/169/671 3364/1210/668
f 3368/1212/672 3365/167/673 3366/1211/670
f 3370/1213/674 3367/127/675 3368/1212/672
f 3372/1214/676 3369/128/677 3370/1213/674
f 3374/1215/678 3371/131/679 3372/1214/676
f 3376/1216/680 3373/138/681 3374/1215/678
f 3378/1217/682 3375/142/683 3376/1216/680
f 3380/1218/684 3377/147/682 3378/1217/682
f 3382/1219/685 3379/151/686 3380/1218/684
f 3384/1220/687 3381/155/688 3382/1219/685
f 3386/1221/689 3383/157/687 3384/1220/687
f 3388/1222/690 3385/159/691 3386/1221/689
f 3390/1223/692 3387/161/690 3388/1222/690
f 3392/1224/693 3389/163/694 3390/1223/692
f 3394/886/608 3391/165/693 3392/1224/693
f 3396/1225/608 3393/152/608 3394/886/608
f 3398/1226/608 3395/148/608 3396/1225/608
f 3400/1227/608 3397/144/608 3398/1226/608
f 3402/1228/608 3399/141/608 3400/1227/608
f 3404/1229/608 3401/137/608 3402/1228/608
f 3406/1230/608 3403/132/608 3404/1229/608
f 3408/1231/608 3405/133/608 3406/1230/608
f 3410/1232/608 3407/174/608 3408/1231/608
f 3412/1233/608 3409/177/608 3410/1232/608
f 3414/1234/608 3411/180/608 3412/1233/608
f 3416/1235/695 3413/183/608 3414/1234/608
f 3418/1236/696 3415/186/695 3416/1235/695
f 3420/1237/697 3417/200/698 3418/1236/696
f 3422/1238/699 3419/272/700 3420/1237/697
f 3424/1239/701 3421/269/699 3422/1238/699
f 3426/1240/702 3423/267/703 3424/1239/701
f 3428/1241/704 3425/265/705 3426/1240/702
f 3430/1242/706 3427/263/704 3428/1241/704
f 3432/1243/707 3429/261/706 3430/1242/706
f 3434/1244/708 3431/257/709 3432/1243/707
f 3436/1245/710 3433/254/711 3434/1244/708
f 3438/1246/712 3435/251/713 3436/1245/710
f 3440/1247/714 3437/247/712 3438/1246/712
f 3442/1248/715 3439/244/716 3440/1247/714
f 3444/1249/717 3441/234/715 3442/1248/715
f 3446/1250/718 3443/230/719 3444/1249/717
f 3448/1251/720 3445/227/721 3446/1250/718
f 3450/1252/722 3447/223/720 3448/1251/720
f 3452/1253/723 3449/221/724 3450/1252/722
f 3454/1254/725 3451/217/726 3452/1253/723
f 3456/1255/727 3453/212/556 3454/1254/725
f 3458/1256/728 3455/213/727 3456/1255/727
f 3460/1257/729 3457/232/728 3458/1256/728
f 3462/1258/730 3459/245/729 3460/1257/729
f 3464/1259/731 3461/250/732 3462/1258/730
f 3466/1260/733 3463/255/731 3464/1259/731
f 3320/911/553 3465/260/734 3466/1260/733
f 3470/1965/735 3467/28/736 3468/863/736
f 3472/1966/737 3469/1967/735 3470/1965/735
f 3474/1968/738 3471/1969/737 3472/1966/737
f 3476/1970/739 3473/1971/740 3474/1968/738
f 3478/1972/741 3475/1973/739 3476/1970/739
f 3480/1974/742 3477/1975/741 3478/1972/741
f 3482/1976/743 3479/1977/742 3480/1974/742
f 3484/1978/744 3481/1979/743 3482/1976/743
f 3486/1980/745 3483/1981/746 3484/1978/744
f 3488/1982/747 3485/1983/745 3486/1980/745
f 3490/1984/748 3487/1985/747 3488/1982/747
f 3492/1986/749 3489/434/748 3490/1984/748
f 3494/1987/750 3491/1988/749 3492/1986/749
f 3496/1989/751 3493/1990/750 3494/1987/750
f 3498/1991/752 3495/1992/751 3496/1989/751
f 3500/1993/753 3497/1994/754 3498/1991/752
f 3502/1995/755 3499/1996/753 3500/1993/753
f 3504/1997/756 3501/1998/755 3502/1995/755
f 3506/1999/757 3503/2000/756 3504/1997/756
f 3508/2001/758 3505/2002/757 3506/1999/757
f 3510/2003/759 3507/2004/758 3508/2001/758
f 3512/2005/760 3509/2006/761 3510/2003/759
f 3514/2007/762 3511/414/760 3512/2005/760
f 3516/2008/763 3513/2009/762 3514/2007/762
f 3518/2010/228 3515/2011/763 3516/2008/763
f 3520/2012/228 3517/2013/228 3518/2010/228
f 3522/2014/228 3519/2015/228 3520/2012/228
f 3524/2016/228 3521/2017/228 3522/2014/228
f 3526/2018/228 3523/2019/228 3524/2016/228
f 3528/2020/228 3525/2021/228 3526/2018/228
f 3530/2022/228 3527/2023/228 3528/2020/228
f 3532/2024/228 3529/2025/228 3530/2022/228
f 3534/2026/228 3531/2027/228 3532/2024/228
f 3536/2028/228 3533/378/228 3534/2026/228
f 3538/2029/228 3535/2030/228 3536/2028/228
f 3540/2031/764 3537/2032/228 3538/2029/228
f 3542/2033/765 3539/2034/764 3540/2031/764
f 3544/2035/232 3541/2036/765 3542/2033/765
f 3546/2037/766 3543/2038/232 3544/2035/232
f 3548/2039/767 3545/2040/766 3546/2037/766
f 3550/2041/768 3547/2042/767 3548/2039/767
f 3552/2043/769 3549/2044/768 3550/2041/768
f 3554/2045/770 3551/2046/771 3552/2043/769
f 3556/2047/772 3553/2048/770 3554/2045/770
f 3558/2049/773 3555/304/772 3556/2047/772
f 3560/2050/774 3557/2051/773 3558/2049/773
f 3562/2052/775 3559/2053/774 3560/2050/774
f 3564/2054/776 3561/2055/775 3562/2052/775
f 3566/2056/777 3563/2057/778 3564/2054/776
f 3568/2058/779 3565/2059/777 3566/2056/777
f 3570/2060/780 3567/2061/779 3568/2058/779
f 3572/2062/781 3569/2063/780 3570/2060/780
f 3574/2064/782 3571/2065/781 3572/2062/781
f 3576/2066/783 3573/2067/782 3574/2064/782
f 3578/2068/784 3575/2069/783 3576/2066/783
f 3580/2070/785 3577/344/784 3578/2068/784
f 3582/2071/786 3579/2072/787 3580/2070/785
f 3584/2073/788 3581/2074/786 3582/2071/786
f 3586/2075/789 3583/2076/788 3584/2073/788
f 3588/2077/790 3585/2078/789 3586/2075/789
f 3590/2079/791 3587/2080/790 3588/2077/790
f 3592/2081/202 3589/2082/791 3590/2079/791
f 3594/2083/202 3591/2084/202 3592/2081/202
f 3596/2085/202 3593/2086/202 3594/2083/202
f 3598/2087/202 3595/2088/202 3596/2085/202
f 3600/2089/202 3597/2090/202 3598/2087/202
f 3602/2091/202 3599/357/202 3600/2089/202
f 3604/2092/202 3601/2093/202 3602/2091/202
f 3606/2094/202 3603/2095/202 3604/2092/202
f 3608/2096/202 3605/2097/202 3606/2094/202
f 3610/2098/202 3607/2099/202 3608/2096/202
f 3612/2100/202 3609/2101/202 3610/2098/202
f 3614/2102/792 3611/2103/202 3612/2100/202
f 3616/2104/793 3613/2105/792 3614/2102/792
f 3618/2106/794 3615/2107/793 3616/2104/793
f 3620/2108/795 3617/2109/794 3618/2106/794
f 3622/2110/796 3619/2111/795 3620/2108/795
f 3624/2112/797 3621/323/796 3622/2110/796
f 3626/2113/798 3623/2114/797 3624/2112/797
f 3628/2115/799 3625/2116/798 3626/2113/798
f 3630/2117/800 3627/2118/799 3628/2115/799
f 3632/2119/801 3629/2120/800 3630/2117/800
f 3634/2121/802 3631/2122/801 3632/2119/801
f 3636/2123/803 3633/2124/804 3634/2121/802
f 3638/2125/805 3635/2126/806 3636/2123/803
f 3640/2127/807 3637/2128/805 3638/2125/805
f 3642/2129/808 3639/2130/807 3640/2127/807
f 3644/2131/809 3641/2132/808 3642/2129/808
f 3646/2133/810 3643/286/811 3644/2131/809
f 3648/2134/812 3645/2135/813 3646/2133/810
f 3650/2136/814 3647/2137/812 3648/2134/812
f 3652/2138/815 3649/2139/816 3650/2136/814
f 3654/2140/817 3651/2141/818 3652/2138/815
f 3656/2142/819 3653/2143/820 3654/2140/817
f 3658/2144/821 3655/2145/822 3656/2142/819
f 3660/2146/823 3657/2147/824 3658/2144/821
f 3662/2148/825 3659/2149/826 3660/2146/823
f 3664/2150/827 3661/2151/825 3662/2148/825
f 3468/911/736 3663/2152/827 3664/2150/827
f 3668/2153/828 3665/28/829 3666/863/830
f 3670/2154/831 3667/2155/832 3668/2153/828
f 3672/2156/833 3669/2157/834 3670/2154/831
f 3674/2158/835 3671/2159/836 3672/2156/833
f 3676/2160/837 3673/2161/838 3674/2158/835
f 3678/2162/839 3675/728/840 3676/2160/837
f 3680/2163/841 3677/2164/842 3678/2162/839
f 3682/2165/538 3679/2166/843 3680/2163/841
f 3684/2167/844 3681/2168/538 3682/2165/538
f 3686/2169/845 3683/2170/844 3684/2167/844
f 3688/2171/846 3685/692/845 3686/2169/845
f 3690/2172/847 3687/2173/846 3688/2171/846
f 3692/2174/848 3689/2175/847 3690/2172/847
f 3694/2176/849 3691/2177/848 3692/2174/848
f 3696/2178/850 3693/2179/849 3694/2176/849
f 3698/2180/851 3695/770/850 3696/2178/850
f 3700/2181/852 3697/2182/851 3698/2180/851
f 3702/2183/853 3699/2184/852 3700/2181/852
f 3704/2185/854 3701/2186/853 3702/2183/853
f 3706/2187/855 3703/2188/854 3704/2185/854
f 3708/2189/856 3705/783/857 3706/2187/855
f 3710/2190/858 3707/2191/856 3708/2189/856
f 3712/2192/859 3709/2193/858 3710/2190/858
f 3714/2194/860 3711/2195/859 3712/2192/859
f 3716/886/861 3713/2196/862 3714/2194/860
f 3718/2197/863 3715/152/864 3716/886/861
f 3720/2198/865 3717/2199/866 3718/2197/863
f 3722/2200/867 3719/2201/865 3720/2198/865
f 3724/2202/703 3721/2203/868 3722/2200/867
f 3726/2204/869 3723/2205/701 3724/2202/703
f 3728/2206/870 3725/849/871 3726/2204/869
f 3730/2207/872 3727/2208/873 3728/2206/870
f 3732/2209/874 3729/2210/875 3730/2207/872
f 3734/2211/876 3731/2212/877 3732/2209/874
f 3736/2213/878 3733/2214/876 3734/2211/876
f 3738/2215/879 3735/822/880 3736/2213/878
f 3740/2216/881 3737/2217/882 3738/2215/879
f 3742/2218/883 3739/2219/881 3740/2216/881
f 3744/2220/884 3741/2221/883 3742/2218/883
f 3746/2222/885 3743/2223/886 3744/2220/884
f 3748/2224/887 3745/796/888 3746/2222/885
f 3750/2225/889 3747/2226/887 3748/2224/887
f 3752/2227/890 3749/2228/889 3750/2225/889
f 3754/2229/891 3751/2230/890 3752/2227/890
f 3756/2231/892 3753/2232/893 3754/2229/891
f 3758/2233/894 3755/726/892 3756/2231/892
f 3760/2234/895 3757/2235/894 3758/2233/894
f 3762/2236/896 3759/2237/895 3760/2234/895
f 3764/2238/897 3761/2239/896 3762/2236/896
f 3666/911/830 3763/2240/897 3764/2238/897
f 3768/1189/202 3765/28/202 3766/863/202
f 3770/1190/202 3767/206/202 3768/1189/202
f 3772/1191/202 3769/210/202 3770/1190/202
f 3774/1192/202 3771/224/202 3772/1191/202
f 3776/1193/202 3773/236/202 3774/1192/202
f 3778/1194/202 3775/243/202 3776/1193/202
f 3780/1195/202 3777/238/202 3778/1194/202
f 3782/1196/202 3779/235/202 3780/1195/202
f 3784/1197/202 3781/225/202 3782/1196/202
f 3786/1198/202 3783/211/202 3784/1197/202
f 3788/1199/203 3785/207/202 3786/1198/202
f 3790/1200/204 3787/203/203 3788/1199/203
f 3792/1201/205 3789/199/204 3790/1200/204
f 3794/1202/206 3791/201/205 3792/1201/205
f 3796/1203/207 3793/196/206 3794/1202/206
f 3798/1204/208 3795/194/207 3796/1203/207
f 3800/1205/76 3797/192/208 3798/1204/208
f 3802/1206/209 3799/190/76 3800/1205/76
f 3804/1207/210 3801/187/209 3802/1206/209
f 3806/1208/211 3803/181/210 3804/1207/210
f 3808/1209/212 3805/175/211 3806/1208/211
f 3810/1210/213 3807/171/212 3808/1209/212
f 3812/1211/214 3809/169/213 3810/1210/213
f 3814/1212/215 3811/167/216 3812/1211/214
f 3816/1213/217 3813/127/215 3814/1212/215
f 3818/1214/218 3815/128/217 3816/1213/217
f 3820/1215/219 3817/131/218 3818/1214/218
f 3822/1216/220 3819/138/219 3820/1215/219
f 3824/1217/221 3821/142/220 3822/1216/220
f 3826/1218/222 3823/147/221 3824/1217/221
f 3828/1219/223 3825/151/222 3826/1218/222
f 3830/1220/224 3827/155/223 3828/1219/223
f 3832/1221/225 3829/157/224 3830/1220/224
f 3834/1222/89 3831/159/225 3832/1221/225
f 3836/1223/226 3833/161/89 3834/1222/89
f 3838/1224/227 3835/163/226 3836/1223/226
f 3840/886/228 3837/165/227 3838/1224/227
f 3842/1225/228 3839/152/228 3840/886/228
f 3844/1226/228 3841/148/228 3842/1225/228
f 3846/1227/228 3843/144/228 3844/1226/228
f 3848/1228/228 3845/141/228 3846/1227/228
f 3850/1229/228 3847/137/228 3848/1228/228
f 3852/1230/228 3849/132/228 3850/1229/228
f 3854/1231/228 3851/133/228 3852/1230/228
f 3856/1232/228 3853/174/228 3854/1231/228
f 3858/1233/228 3855/177/228 3856/1232/228
f 3860/1234/228 3857/180/228 3858/1233/228
f 3862/1235/229 3859/183/228 3860/1234/228
f 3864/1236/230 3861/186/229 3862/1235/229
f 3866/1237/231 3863/200/230 3864/1236/230
f 3868/1238/232 3865/272/231 3866/1237/231
f 3870/1239/233 3867/269/232 3868/1238/232
f 3872/1240/234 3869/267/233 3870/1239/233
f 3874/1241/235 3871/265/234 3872/1240/234
f 3876/1242/236 3873/263/235 3874/1241/235
f 3878/1243/237 3875/261/236 3876/1242/236
f 3880/1244/238 3877/257/237 3878/1243/237
f 3882/1245/239 3879/254/238 3880/1244/238
f 3884/1246/240 3881/251/239 3882/1245/239
f 3886/1247/241 3883/247/898 3884/1246/240
f 3888/1248/242 3885/244/243 3886/1247/241
f 3890/1249/244 3887/234/242 3888/1248/242
f 3892/1250/245 3889/230/244 3890/1249/244
f 3894/1251/246 3891/227/245 3892/1250/245
f 3896/1252/247 3893/223/246 3894/1251/246
f 3898/1253/248 3895/221/247 3896/1252/247
f 3900/1254/249 3897/217/248 3898/1253/248
f 3902/1255/250 3899/212/249 3900/1254/249
f 3904/1256/251 3901/213/250 3902/1255/250
f 3906/1257/252 3903/232/251 3904/1256/251
f 3908/1258/253 3905/245/252 3906/1257/252
f 3910/1259/254 3907/250/253 3908/1258/253
f 3912/1260/255 3909/255/254 3910/1259/254
f 3766/911/202 3911/260/255 3912/1260/255
f 3916/2241/899 3913/28/900 3914/863/900
f 3918/2026/901 3915/491/899 3916/2241/899
f 3920/886/902 3917/378/901 3918/2026/901
f 3922/2089/903 3919/152/902 3920/886/902
f 3924/2242/904 3921/357/903 3922/2089/903
f 3914/911/900 3923/455/904 3924/2242/904
f 3928/2243/905 3925/28/906 3926/863/907
f 3930/2244/908 3927/2245/905 3928/2243/905
f 3932/2246/909 3929/2247/908 3930/2244/908
f 3934/2248/910 3931/2249/911 3932/2246/909
f 3936/2250/912 3933/2251/910 3934/2248/910
f 3938/2252/913 3935/2253/912 3936/2250/912
f 3940/2254/914 3937/570/913 3938/2252/913
f 3942/2241/915 3939/2255/916 3940/2254/914
f 3944/2256/917 3941/491/915 3942/2241/915
f 3946/2257/918 3943/2258/919 3944/2256/917
f 3948/2259/202 3945/2260/918 3946/2257/918
f 3950/2261/920 3947/2262/202 3948/2259/202
f 3952/2263/921 3949/184/920 3950/2261/920
f 3954/2264/922 3951/2265/923 3952/2263/921
f 3956/2266/924 3953/2267/922 3954/2264/922
f 3958/2026/925 3955/2268/924 3956/2266/924
f 3960/2269/926 3957/378/925 3958/2026/925
f 3962/2270/927 3959/2271/926 3960/2269/926
f 3964/2272/928 3961/636/929 3962/2270/927
f 3966/2273/930 3963/2274/928 3964/2272/928
f 3968/2275/931 3965/2276/932 3966/2273/930
f 3970/2277/933 3967/2278/934 3968/2275/931
f 3972/2279/935 3969/2280/933 3970/2277/933
f 3974/886/936 3971/2281/935 3972/2279/935
f 3976/2282/937 3973/152/938 3974/886/936
f 3978/2283/939 3975/2284/940 3976/2282/937
f 3980/2285/941 3977/2286/942 3978/2283/939
f 3982/2287/943 3979/2288/941 3980/2285/941
f 3984/2289/944 3981/2290/943 3982/2287/943
f 3986/2291/945 3983/2292/946 3984/2289/944
f 3988/2293/947 3985/680/948 3986/2291/945
f 3990/2089/949 3987/2294/947 3988/2293/947
f 3992/2295/950 3989/357/949 3990/2089/949
f 3994/2296/951 3991/2297/950 3992/2295/950
f 3996/2298/952 3993/2299/951 3994/2296/951
f 3998/2300/953 3995/2301/952 3996/2298/952
f 4000/2302/954 3997/259/953 3998/2300/953
f 4002/2303/955 3999/2304/954 4000/2302/954
f 4004/2305/956 4001/2306/955 4002/2303/955
f 4006/2242/957 4003/2307/956 4004/2305/956
f 4008/2308/958 4005/455/957 4006/2242/957
f 4010/2309/959 4007/2310/958 4008/2308/958
f 4012/2311/960 4009/684/959 4010/2309/959
f 4014/2312/961 4011/2313/962 4012/2311/960
f 4016/2314/963 4013/2315/964 4014/2312/961
f 4018/2316/965 4015/2317/963 4016/2314/963
f 4020/2318/966 4017/2319/965 4018/2316/965
f 3926/911/907 4019/2320/966 4020/2318/966
f 4024/2241/899 4021/28/900 4022/863/900
f 4026/2026/901 4023/491/899 4024/2241/899
f 4028/886/902 4025/378/901 4026/2026/901
f 4030/2089/903 4027/152/902 4028/886/902
f 4032/2242/904 4029/357/903 4030/2089/903
f 4022/911/900 4031/455/904 4032/2242/904
f 4036/2243/967 4033/28/907 4034/863/906
f 4038/2244/968 4035/2245/905 4036/2243/967
f 4040/2246/911 4037/2247/908 4038/2244/968
f 4042/2248/969 4039/2249/911 4040/2246/911
f 4044/2250/912 4041/2251/970 4042/2248/969
f 4046/2252/913 4043/2253/912 4044/2250/912
f 4048/2254/914 4045/570/913 4046/2252/913
f 4050/2241/971 4047/2255/916 4048/2254/914
f 4052/2256/919 4049/491/972 4050/2241/971
f 4054/2257/918 4051/2258/917 4052/2256/919
f 4056/2259/202 4053/2260/918 4054/2257/918
f 4058/2261/920 4055/2262/202 4056/2259/202
f 4060/2263/921 4057/184/920 4058/2261/920
f 4062/2264/973 4059/2265/923 4060/2263/921
f 4064/2266/974 4061/2267/975 4062/2264/973
f 4066/2026/925 4063/2268/924 4064/2266/974
f 4068/2269/926 4065/378/925 4066/2026/925
f 4070/2270/927 4067/2271/926 4068/2269/926
f 4072/2272/928 4069/636/929 4070/2270/927
f 4074/2273/932 4071/2274/928 4072/2272/928
f 4076/2275/934 4073/2276/930 4074/2273/932
f 4078/2277/976 4075/2278/934 4076/2275/934
f 4080/2279/935 4077/2280/933 4078/2277/976
f 4082/886/936 4079/2281/935 4080/2279/935
f 4084/2282/977 4081/152/938 4082/886/936
f 4086/2283/978 4083/2284/977 4084/2282/977
f 4088/2285/941 4085/2286/939 4086/2283/978
f 4090/2287/943 4087/2288/979 4088/2285/941
f 4092/2289/946 4089/2290/980 4090/2287/943
f 4094/2291/945 4091/2292/944 4092/2289/946
f 4096/2293/981 4093/680/948 4094/2291/945
f 4098/2089/982 4095/2294/983 4096/2293/981
f 4100/2295/950 4097/357/949 4098/2089/982
f 4102/2296/951 4099/2297/950 4100/2295/950
f 4104/2298/952 4101/2299/951 4102/2296/951
f 4106/2300/953 4103/2301/952 4104/2298/952
f 4108/2302/954 4105/259/953 4106/2300/953
f 4110/2303/955 4107/2304/954 4108/2302/954
f 4112/2305/956 4109/2306/955 4110/2303/955
f 4114/2242/957 4111/2307/956 4112/2305/956
f 4116/2308/958 4113/455/957 4114/2242/957
f 4118/2309/984 4115/2310/958 4116/2308/958
f 4120/2311/962 4117/684/959 4118/2309/984
f 4122/2312/964 4119/2313/962 4120/2311/962
f 4124/2314/963 4121/2315/964 4122/2312/964
f 4126/2316/965 4123/2317/963 4124/2314/963
f 4128/2318/966 4125/2319/965 4126/2316/965
f 4034/911/906 4127/2320/966 4128/2318/966
f 2068/862/5 2067/865/5 2065/28/6
f 2070/864/7 2069/867/7 2067/865/5
f 2072/866/8 2071/869/8 2069/867/7
f 2074/868/9 2073/871/9 2071/869/8
f 2076/870/10 2075/873/10 2073/871/9
f 2078/872/11 2077/875/11 2075/873/10
f 2080/874/12 2079/877/12 2077/875/11
f 2082/876/13 2081/879/13 2079/877/12
f 2084/878/14 2083/881/14 2081/879/13
f 2086/880/15 2085/883/15 2083/881/14
f 2088/882/16 2087/885/16 2085/883/15
f 2090/884/17 2089/887/17 2087/885/16
f 2092/886/18 2091/152/18 2089/887/17
f 2094/888/19 2093/890/19 2091/152/18
f 2096/889/20 2095/892/20 2093/890/19
f 2098/891/21 2097/894/21 2095/892/20
f 2100/893/22 2099/896/22 2097/894/21
f 2102/895/23 2101/898/23 2099/896/22
f 2104/897/24 2103/900/24 2101/898/23
f 2106/899/25 2105/902/25 2103/900/24
f 2108/901/26 2107/904/26 2105/902/25
f 2110/903/27 2109/906/27 2107/904/26
f 2112/905/28 2111/908/28 2109/906/27
f 2114/907/29 2113/910/29 2111/908/28
f 2116/909/30 2115/912/30 2113/910/29
f 2066/911/6 2065/1/6 2115/912/30
f 2120/862/31 2119/865/31 2117/28/32
f 2122/864/33 2121/867/33 2119/865/31
f 2124/866/34 2123/869/34 2121/867/33
f 2126/868/35 2125/871/35 2123/869/34
f 2128/870/36 2127/873/36 2125/871/35
f 2130/872/37 2129/875/37 2127/873/36
f 2132/874/38 2131/877/38 2129/875/37
f 2134/876/39 2133/879/39 2131/877/38
f 2136/878/40 2135/881/40 2133/879/39
f 2138/880/41 2137/883/41 2135/881/40
f 2140/882/42 2139/885/42 2137/883/41
f 2142/884/43 2141/887/43 2139/885/42
f 2144/886/44 2143/152/44 2141/887/43
f 2146/888/45 2145/890/45 2143/152/44
f 2148/889/46 2147/892/46 2145/890/45
f 2150/891/47 2149/894/47 2147/892/46
f 2152/893/48 2151/896/48 2149/894/47
f 2154/895/49 2153/898/49 2151/896/48
f 2156/897/50 2155/900/50 2153/898/49
f 2158/899/51 2157/902/51 2155/900/50
f 2160/901/52 2159/904/52 2157/902/51
f 2162/903/53 2161/906/53 2159/904/52
f 2164/905/54 2163/908/54 2161/906/53
f 2166/907/55 2165/910/57 2163/908/54
f 2168/909/56 2167/912/56 2165/910/57
f 2118/911/32 2117/1/32 2167/912/56
f 2172/913/58 2171/915/58 2169/28/59
f 2174/914/60 2173/917/60 2171/915/58
f 2176/916/61 2175/919/61 2173/917/60
f 2178/918/62 2177/921/62 2175/919/61
f 2180/920/63 2179/923/63 2177/921/62
f 2182/922/64 2181/925/64 2179/923/63
f 2184/924/65 2183/927/65 2181/925/64
f 2186/926/66 2185/929/66 2183/927/65
f 2188/928/67 2187/931/67 2185/929/66
f 2190/930/68 2189/933/68 2187/931/67
f 2192/932/20 2191/935/20 2189/933/68
f 2194/934/69 2193/937/69 2191/935/20
f 2196/936/70 2195/939/70 2193/937/69
f 2198/938/71 2197/941/71 2195/939/70
f 2200/940/72 2199/943/72 2197/941/71
f 2202/942/73 2201/945/73 2199/943/72
f 2204/944/74 2203/947/74 2201/945/73
f 2206/946/75 2205/949/75 2203/947/74
f 2208/948/76 2207/951/76 2205/949/75
f 2210/950/77 2209/953/77 2207/951/76
f 2212/952/78 2211/955/78 2209/953/77
f 2214/954/79 2213/957/79 2211/955/78
f 2216/956/80 2215/959/80 2213/957/79
f 2218/958/81 2217/961/81 2215/959/80
f 2220/960/82 2219/963/82 2217/961/81
f 2222/962/83 2221/965/83 2219/963/82
f 2224/964/84 2223/967/84 2221/965/83
f 2226/966/85 2225/969/85 2223/967/84
f 2228/968/86 2227/971/86 2225/969/85
f 2230/970/87 2229/973/87 2227/971/86
f 2232/972/88 2231/975/88 2229/973/87
f 2234/974/89 2233/977/89 2231/975/88
f 2236/976/90 2235/979/90 2233/977/89
f 2238/978/91 2237/981/91 2235/979/90
f 2240/980/92 2239/983/92 2237/981/91
f 2242/982/93 2241/985/93 2239/983/92
f 2244/984/94 2243/987/94 2241/985/93
f 2246/986/95 2245/989/95 2243/987/94
f 2248/988/96 2247/991/96 2245/989/95
f 2250/990/97 2249/993/97 2247/991/96
f 2252/992/98 2251/995/98 2249/993/97
f 2254/994/99 2253/997/99 2251/995/98
f 2256/996/100 2255/999/100 2253/997/99
f 2258/998/101 2257/1001/101 2255/999/100
f 2260/1000/102 2259/1003/102 2257/1001/101
f 2262/1002/103 2261/1005/103 2259/1003/102
f 2264/1004/104 2263/1007/104 2261/1005/103
f 2266/1006/105 2265/1009/105 2263/1007/104
f 2268/1008/106 2267/1011/106 2265/1009/105
f 2270/1010/107 2269/1013/107 2267/1011/106
f 2272/1012/108 2271/1015/110 2269/1013/107
f 2274/1014/109 2273/1017/109 2271/1015/110
f 2276/1016/111 2275/1019/111 2273/1017/109
f 2278/1018/112 2277/1021/112 2275/1019/111
f 2280/1020/113 2279/1023/113 2277/1021/112
f 2282/1022/114 2281/1025/114 2279/1023/113
f 2284/1024/115 2283/1027/115 2281/1025/114
f 2286/1026/116 2285/1029/116 2283/1027/115
f 2288/1028/117 2287/1031/117 2285/1029/116
f 2290/1030/118 2289/1033/118 2287/1031/117
f 2292/1032/119 2291/1035/119 2289/1033/118
f 2294/1034/120 2293/1037/120 2291/1035/119
f 2296/1036/121 2295/1039/121 2293/1037/120
f 2298/1038/122 2297/1041/122 2295/1039/121
f 2300/1040/123 2299/1043/123 2297/1041/122
f 2302/1042/124 2301/1045/124 2299/1043/123
f 2304/1044/125 2303/1047/125 2301/1045/124
f 2306/1046/126 2305/1049/126 2303/1047/125
f 2308/1048/127 2307/1051/127 2305/1049/126
f 2310/1050/128 2309/1053/128 2307/1051/127
f 2312/1052/129 2311/1055/129 2309/1053/128
f 2314/1054/130 2313/1057/130 2311/1055/129
f 2316/1056/131 2315/1059/131 2313/1057/130
f 2318/1058/132 2317/1061/132 2315/1059/131
f 2320/1060/133 2319/1063/133 2317/1061/132
f 2322/1062/134 2321/1065/136 2319/1063/133
f 2324/1064/135 2323/1067/135 2321/1065/136
f 2326/1066/137 2325/1069/137 2323/1067/135
f 2328/1068/138 2327/1071/138 2325/1069/137
f 2330/1070/139 2329/1073/139 2327/1071/138
f 2332/1072/140 2331/1075/140 2329/1073/139
f 2334/1074/141 2333/1077/141 2331/1075/140
f 2336/1076/142 2335/1079/142 2333/1077/141
f 2338/1078/143 2337/1081/143 2335/1079/142
f 2340/1080/144 2339/1083/144 2337/1081/143
f 2342/1082/145 2341/1085/145 2339/1083/144
f 2344/1084/146 2343/1087/146 2341/1085/145
f 2346/1086/147 2345/1089/149 2343/1087/146
f 2348/1088/148 2347/1091/148 2345/1089/149
f 2350/1090/150 2349/1093/150 2347/1091/148
f 2352/1092/151 2351/1095/151 2349/1093/150
f 2354/1094/152 2353/1097/152 2351/1095/151
f 2356/1096/153 2355/1099/153 2353/1097/152
f 2358/1098/154 2357/1101/154 2355/1099/153
f 2360/1100/155 2359/1103/155 2357/1101/154
f 2362/1102/156 2361/1105/158 2359/1103/155
f 2364/1104/157 2363/1107/157 2361/1105/158
f 2366/1106/159 2365/1109/159 2363/1107/157
f 2368/1108/160 2367/1111/160 2365/1109/159
f 2370/1110/161 2369/1113/161 2367/1111/160
f 2372/1112/162 2371/1115/162 2369/1113/161
f 2374/1114/163 2373/1117/163 2371/1115/162
f 2376/1116/164 2375/1119/164 2373/1117/163
f 2378/1118/165 2377/1121/165 2375/1119/164
f 2380/1120/166 2379/1123/166 2377/1121/165
f 2382/1122/167 2381/1125/167 2379/1123/166
f 2384/1124/168 2383/1127/168 2381/1125/167
f 2386/1126/169 2385/1129/169 2383/1127/168
f 2388/1128/170 2387/1131/170 2385/1129/169
f 2390/1130/171 2389/1133/171 2387/1131/170
f 2392/1132/172 2391/1135/172 2389/1133/171
f 2394/1134/173 2393/1137/173 2391/1135/172
f 2396/1136/174 2395/1139/174 2393/1137/173
f 2398/1138/175 2397/1141/175 2395/1139/174
f 2400/1140/176 2399/1143/176 2397/1141/175
f 2402/1142/177 2401/1145/177 2399/1143/176
f 2404/1144/178 2403/1147/178 2401/1145/177
f 2406/1146/179 2405/1149/179 2403/1147/178
f 2408/1148/180 2407/1151/180 2405/1149/179
f 2410/1150/181 2409/1153/181 2407/1151/180
f 2412/1152/182 2411/1155/182 2409/1153/181
f 2414/1154/183 2413/1157/183 2411/1155/182
f 2416/1156/184 2415/1159/186 2413/1157/183
f 2418/1158/185 2417/1161/185 2415/1159/186
f 2420/1160/187 2419/1163/187 2417/1161/185
f 2422/1162/188 2421/1165/188 2419/1163/187
f 2424/1164/189 2423/1167/189 2421/1165/188
f 2426/1166/190 2425/1169/192 2423/1167/189
f 2428/1168/191 2427/1171/191 2425/1169/192
f 2430/1170/193 2429/1173/193 2427/1171/191
f 2432/1172/194 2431/1175/194 2429/1173/193
f 2434/1174/195 2433/1177/195 2431/1175/194
f 2436/1176/196 2435/1179/196 2433/1177/195
f 2438/1178/197 2437/1181/197 2435/1179/196
f 2440/1180/198 2439/1183/198 2437/1181/197
f 2442/1182/199 2441/1185/199 2439/1183/198
f 2444/1184/200 2443/1187/200 2441/1185/199
f 2446/1186/201 2445/1188/201 2443/1187/200
f 2170/911/59 2169/1/59 2445/1188/201
f 2450/1189/202 2449/206/202 2447/28/202
f 2452/1190/202 2451/210/202 2449/206/202
f 2454/1191/202 2453/224/202 2451/210/202
f 2456/1192/202 2455/236/202 2453/224/202
f 2458/1193/202 2457/243/202 2455/236/202
f 2460/1194/202 2459/238/202 2457/243/202
f 2462/1195/202 2461/235/202 2459/238/202
f 2464/1196/202 2463/225/202 2461/235/202
f 2466/1197/202 2465/211/202 2463/225/202
f 2468/1198/202 2467/207/202 2465/211/202
f 2470/1199/203 2469/203/203 2467/207/202
f 2472/1200/204 2471/199/204 2469/203/203
f 2474/1201/205 2473/201/205 2471/199/204
f 2476/1202/206 2475/196/206 2473/201/205
f 2478/1203/207 2477/194/207 2475/196/206
f 2480/1204/208 2479/192/208 2477/194/207
f 2482/1205/76 2481/190/76 2479/192/208
f 2484/1206/209 2483/187/209 2481/190/76
f 2486/1207/210 2485/181/210 2483/187/209
f 2488/1208/211 2487/175/211 2485/181/210
f 2490/1209/212 2489/171/212 2487/175/211
f 2492/1210/213 2491/169/213 2489/171/212
f 2494/1211/214 2493/167/216 2491/169/213
f 2496/1212/215 2495/127/215 2493/167/216
f 2498/1213/217 2497/128/217 2495/127/215
f 2500/1214/218 2499/131/218 2497/128/217
f 2502/1215/219 2501/138/219 2499/131/218
f 2504/1216/220 2503/142/220 2501/138/219
f 2506/1217/221 2505/147/221 2503/142/220
f 2508/1218/222 2507/151/222 2505/147/221
f 2510/1219/223 2509/155/223 2507/151/222
f 2512/1220/224 2511/157/224 2509/155/223
f 2514/1221/225 2513/159/225 2511/157/224
f 2516/1222/89 2515/161/89 2513/159/225
f 2518/1223/226 2517/163/226 2515/161/89
f 2520/1224/227 2519/165/227 2517/163/226
f 2522/886/228 2521/152/228 2519/165/227
f 2524/1225/228 2523/148/228 2521/152/228
f 2526/1226/228 2525/144/228 2523/148/228
f 2528/1227/228 2527/141/228 2525/144/228
f 2530/1228/228 2529/137/228 2527/141/228
f 2532/1229/228 2531/132/228 2529/137/228
f 2534/1230/228 2533/133/228 2531/132/228
f 2536/1231/228 2535/174/228 2533/133/228
f 2538/1232/228 2537/177/228 2535/174/228
f 2540/1233/228 2539/180/228 2537/177/228
f 2542/1234/228 2541/183/228 2539/180/228
f 2544/1235/229 2543/186/229 2541/183/228
f 2546/1236/230 2545/200/230 2543/186/229
f 2548/1237/231 2547/272/231 2545/200/230
f 2550/1238/232 2549/269/232 2547/272/231
f 2552/1239/233 2551/267/233 2549/269/232
f 2554/1240/234 2553/265/234 2551/267/233
f 2556/1241/235 2555/263/235 2553/265/234
f 2558/1242/236 2557/261/236 2555/263/235
f 2560/1243/237 2559/257/237 2557/261/236
f 2562/1244/238 2561/254/238 2559/257/237
f 2564/1245/239 2563/251/239 2561/254/238
f 2566/1246/240 2565/247/240 2563/251/239
f 2568/1247/241 2567/244/243 2565/247/240
f 2570/1248/242 2569/234/242 2567/244/243
f 2572/1249/244 2571/230/244 2569/234/242
f 2574/1250/245 2573/227/245 2571/230/244
f 2576/1251/246 2575/223/246 2573/227/245
f 2578/1252/247 2577/221/247 2575/223/246
f 2580/1253/248 2579/217/248 2577/221/247
f 2582/1254/249 2581/212/249 2579/217/248
f 2584/1255/250 2583/213/250 2581/212/249
f 2586/1256/251 2585/232/251 2583/213/250
f 2588/1257/252 2587/245/252 2585/232/251
f 2590/1258/253 2589/250/253 2587/245/252
f 2592/1259/254 2591/255/254 2589/250/253
f 2594/1260/255 2593/260/255 2591/255/254
f 2448/911/202 2447/1/202 2593/260/255
f 2598/1261/256 2597/1263/256 2595/28/257
f 2600/1262/258 2599/1265/258 2597/1263/256
f 2602/1264/259 2601/1267/259 2599/1265/258
f 2604/1266/260 2603/1269/260 2601/1267/259
f 2606/1268/261 2605/1271/261 2603/1269/260
f 2608/1270/262 2607/1273/262 2605/1271/261
f 2610/1272/263 2609/1275/263 2607/1273/262
f 2612/1274/264 2611/1277/264 2609/1275/263
f 2614/1276/265 2613/1279/265 2611/1277/264
f 2616/1278/266 2615/1281/266 2613/1279/265
f 2618/1280/267 2617/1283/267 2615/1281/266
f 2620/1282/268 2619/1285/270 2617/1283/267
f 2622/1284/269 2621/1287/269 2619/1285/270
f 2624/1286/271 2623/1289/271 2621/1287/269
f 2626/1288/272 2625/1291/272 2623/1289/271
f 2628/1290/273 2627/1293/273 2625/1291/272
f 2630/1292/274 2629/1295/274 2627/1293/273
f 2632/1294/275 2631/1297/275 2629/1295/274
f 2634/1296/276 2633/1299/276 2631/1297/275
f 2636/1298/182 2635/1301/278 2633/1299/276
f 2638/1300/277 2637/1303/280 2635/1301/278
f 2640/1302/279 2639/1305/282 2637/1303/280
f 2642/1304/281 2641/1307/281 2639/1305/282
f 2644/1306/283 2643/1309/285 2641/1307/281
f 2646/1308/284 2645/1311/284 2643/1309/285
f 2648/1310/286 2647/1313/288 2645/1311/284
f 2650/1312/287 2649/1315/290 2647/1313/288
f 2652/1314/289 2651/1317/289 2649/1315/290
f 2654/1316/291 2653/1319/291 2651/1317/289
f 2656/1318/292 2655/1321/292 2653/1319/291
f 2658/1320/293 2657/1323/293 2655/1321/292
f 2660/1322/294 2659/1325/294 2657/1323/293
f 2662/1324/295 2661/1327/295 2659/1325/294
f 2664/1326/296 2663/1329/296 2661/1327/295
f 2666/1328/297 2665/1331/297 2663/1329/296
f 2668/1330/298 2667/1333/298 2665/1331/297
f 2670/1332/299 2669/1335/299 2667/1333/298
f 2672/1334/300 2671/1337/300 2669/1335/299
f 2674/1336/301 2673/1339/301 2671/1337/300
f 2676/1338/302 2675/1341/302 2673/1339/301
f 2678/1340/303 2677/1343/303 2675/1341/302
f 2680/1342/304 2679/1345/304 2677/1343/303
f 2682/1344/305 2681/1347/305 2679/1345/304
f 2684/1346/306 2683/1349/306 2681/1347/305
f 2686/1348/307 2685/1351/307 2683/1349/306
f 2688/1350/200 2687/1353/200 2685/1351/307
f 2690/1352/308 2689/1355/308 2687/1353/200
f 2692/1354/309 2691/1357/311 2689/1355/308
f 2694/1356/310 2693/1359/310 2691/1357/311
f 2696/1358/312 2695/1361/312 2693/1359/310
f 2698/1360/313 2697/1363/313 2695/1361/312
f 2700/1362/314 2699/1365/314 2697/1363/313
f 2702/1364/315 2701/1367/315 2699/1365/314
f 2704/1366/316 2703/1369/316 2701/1367/315
f 2706/1368/317 2705/1371/317 2703/1369/316
f 2708/1370/318 2707/1373/318 2705/1371/317
f 2710/1372/319 2709/1375/319 2707/1373/318
f 2712/1374/320 2711/1377/320 2709/1375/319
f 2714/1376/321 2713/1379/321 2711/1377/320
f 2716/1378/322 2715/1381/322 2713/1379/321
f 2718/1380/323 2717/1383/323 2715/1381/322
f 2720/1382/324 2719/1385/324 2717/1383/323
f 2722/1384/325 2721/1387/325 2719/1385/324
f 2724/1386/326 2723/1389/326 2721/1387/325
f 2726/1388/327 2725/1391/329 2723/1389/326
f 2728/1390/328 2727/1393/328 2725/1391/329
f 2730/1392/330 2729/1395/332 2727/1393/328
f 2732/1394/331 2731/1397/331 2729/1395/332
f 2734/1396/333 2733/1399/333 2731/1397/331
f 2736/1398/334 2735/1401/336 2733/1399/333
f 2738/1400/335 2737/1403/335 2735/1401/336
f 2740/1402/337 2739/1405/337 2737/1403/335
f 2742/1404/338 2741/1407/340 2739/1405/337
f 2744/1406/339 2743/1409/339 2741/1407/340
f 2746/1408/341 2745/1411/341 2743/1409/339
f 2748/1410/342 2747/1413/342 2745/1411/341
f 2750/1412/343 2749/1415/343 2747/1413/342
f 2752/1414/344 2751/1417/344 2749/1415/343
f 2754/1416/345 2753/1419/345 2751/1417/344
f 2756/1418/346 2755/1421/346 2753/1419/345
f 2758/1420/347 2757/1423/347 2755/1421/346
f 2760/1422/348 2759/1425/348 2757/1423/347
f 2762/1424/349 2761/1427/349 2759/1425/348
f 2764/1426/350 2763/1429/350 2761/1427/349
f 2766/1428/351 2765/1431/351 2763/1429/350
f 2768/1430/352 2767/1433/354 2765/1431/351
f 2770/1432/353 2769/1435/353 2767/1433/354
f 2772/1434/355 2771/1437/355 2769/1435/353
f 2774/1436/356 2773/1439/356 2771/1437/355
f 2776/1438/357 2775/1441/357 2773/1439/356
f 2778/1440/358 2777/1443/360 2775/1441/357
f 2780/1442/359 2779/1445/359 2777/1443/360
f 2782/1444/361 2781/1447/361 2779/1445/359
f 2784/1446/362 2783/1449/362 2781/1447/361
f 2786/1448/363 2785/1451/365 2783/1449/362
f 2788/1450/364 2787/1453/367 2785/1451/365
f 2790/1452/366 2789/1455/369 2787/1453/367
f 2792/1454/368 2791/1457/368 2789/1455/369
f 2794/1456/370 2793/1459/370 2791/1457/368
f 2796/1458/371 2795/1461/371 2793/1459/370
f 2798/1460/372 2797/1463/372 2795/1461/371
f 2800/1462/373 2799/1465/373 2797/1463/372
f 2802/1464/374 2801/1467/374 2799/1465/373
f 2804/1466/375 2803/1469/375 2801/1467/374
f 2806/1468/376 2805/1471/376 2803/1469/375
f 2808/1470/377 2807/1473/377 2805/1471/376
f 2810/1472/378 2809/1475/378 2807/1473/377
f 2812/1474/379 2811/1477/379 2809/1475/378
f 2814/1476/380 2813/1479/380 2811/1477/379
f 2816/1478/381 2815/1481/381 2813/1479/380
f 2818/1480/380 2817/1483/380 2815/1481/381
f 2820/1482/382 2819/1485/382 2817/1483/380
f 2822/1484/383 2821/1487/383 2819/1485/382
f 2824/1486/384 2823/1489/384 2821/1487/383
f 2826/1488/385 2825/1491/385 2823/1489/384
f 2828/1490/386 2827/1493/386 2825/1491/385
f 2830/1492/387 2829/1495/387 2827/1493/386
f 2832/1494/388 2831/1497/388 2829/1495/387
f 2834/1496/388 2833/1499/388 2831/1497/388
f 2836/1498/387 2835/1501/387 2833/1499/388
f 2838/1500/389 2837/1503/389 2835/1501/387
f 2840/1502/390 2839/1505/390 2837/1503/389
f 2842/1504/391 2841/1507/391 2839/1505/390
f 2844/1506/392 2843/1509/392 2841/1507/391
f 2846/1508/393 2845/1511/393 2843/1509/392
f 2848/1510/394 2847/1513/394 2845/1511/393
f 2850/1512/395 2849/1515/395 2847/1513/394
f 2852/1514/396 2851/1517/396 2849/1515/395
f 2854/1516/397 2853/1519/397 2851/1517/396
f 2856/1518/398 2855/1521/398 2853/1519/397
f 2858/1520/399 2857/1523/399 2855/1521/398
f 2860/1522/73 2859/1525/73 2857/1523/399
f 2862/1524/400 2861/1527/400 2859/1525/73
f 2864/1526/401 2863/1529/401 2861/1527/400
f 2866/1528/208 2865/1531/208 2863/1529/401
f 2868/1530/402 2867/1532/402 2865/1531/208
f 2596/911/257 2595/1/257 2867/1532/402
f 2872/1533/403 2871/1535/403 2869/28/404
f 2874/1534/405 2873/1537/405 2871/1535/403
f 2876/1536/406 2875/1539/406 2873/1537/405
f 2878/1538/407 2877/1541/407 2875/1539/406
f 2880/1540/408 2879/1543/408 2877/1541/407
f 2882/1542/409 2881/1545/411 2879/1543/408
f 2884/1544/410 2883/1547/410 2881/1545/411
f 2886/1546/412 2885/1549/412 2883/1547/410
f 2888/1548/413 2887/1551/413 2885/1549/412
f 2890/1550/414 2889/1553/414 2887/1551/413
f 2892/1552/415 2891/1555/415 2889/1553/414
f 2894/1554/416 2893/1557/416 2891/1555/415
f 2896/1556/417 2895/1559/417 2893/1557/416
f 2898/1558/418 2897/1561/418 2895/1559/417
f 2900/1560/419 2899/1563/419 2897/1561/418
f 2902/1562/420 2901/1565/420 2899/1563/419
f 2904/1564/421 2903/1567/423 2901/1565/420
f 2906/1566/422 2905/1569/425 2903/1567/423
f 2908/1568/424 2907/1571/427 2905/1569/425
f 2910/1570/426 2909/1573/426 2907/1571/427
f 2912/1572/428 2911/1575/430 2909/1573/426
f 2914/1574/429 2913/1577/432 2911/1575/430
f 2916/1576/431 2915/1579/434 2913/1577/432
f 2918/1578/433 2917/1581/433 2915/1579/434
f 2920/1580/435 2919/1583/437 2917/1581/433
f 2922/1582/436 2921/1585/439 2919/1583/437
f 2924/1584/438 2923/1587/438 2921/1585/439
f 2926/1586/60 2925/1589/60 2923/1587/438
f 2928/1588/440 2927/1591/440 2925/1589/60
f 2930/1590/441 2929/1593/441 2927/1591/440
f 2932/1592/442 2931/1595/442 2929/1593/441
f 2934/1594/443 2933/1597/443 2931/1595/442
f 2936/1596/444 2935/1599/444 2933/1597/443
f 2938/1598/445 2937/1601/445 2935/1599/444
f 2940/1600/446 2939/1603/446 2937/1601/445
f 2942/1602/447 2941/1605/447 2939/1603/446
f 2944/1604/448 2943/1607/448 2941/1605/447
f 2946/1606/449 2945/1609/449 2943/1607/448
f 2948/1608/450 2947/1611/450 2945/1609/449
f 2950/1610/451 2949/1613/451 2947/1611/450
f 2952/1612/452 2951/1615/452 2949/1613/451
f 2954/1614/453 2953/1617/455 2951/1615/452
f 2956/1616/454 2955/1619/454 2953/1617/455
f 2958/1618/456 2957/1621/458 2955/1619/454
f 2960/1620/457 2959/1623/460 2957/1621/458
f 2962/1622/459 2961/1625/459 2959/1623/460
f 2964/1624/461 2963/1627/461 2961/1625/459
f 2966/1626/462 2965/1629/462 2963/1627/461
f 2968/1628/463 2967/1631/463 2965/1629/462
f 2970/1630/464 2969/1633/466 2967/1631/463
f 2972/1632/465 2971/1635/465 2969/1633/466
f 2974/1634/467 2973/1637/467 2971/1635/465
f 2976/1636/468 2975/1639/468 2973/1637/467
f 2978/1638/469 2977/1641/469 2975/1639/468
f 2980/1640/470 2979/1643/470 2977/1641/469
f 2982/1642/471 2981/1645/471 2979/1643/470
f 2984/1644/472 2983/1647/472 2981/1645/471
f 2986/1646/473 2985/1649/473 2983/1647/472
f 2988/1648/474 2987/1651/474 2985/1649/473
f 2990/1650/475 2989/1653/477 2987/1651/474
f 2992/1652/476 2991/1655/476 2989/1653/477
f 2994/1654/478 2993/1657/478 2991/1655/476
f 2996/1656/479 2995/1659/479 2993/1657/478
f 2998/1658/480 2997/1661/480 2995/1659/479
f 3000/1660/481 2999/1663/481 2997/1661/480
f 3002/1662/482 3001/1665/484 2999/1663/481
f 3004/1664/483 3003/1667/483 3001/1665/484
f 3006/1666/485 3005/1669/485 3003/1667/483
f 3008/1668/486 3007/1671/486 3005/1669/485
f 3010/1670/487 3009/1673/487 3007/1671/486
f 3012/1672/488 3011/1675/488 3009/1673/487
f 3014/1674/489 3013/1677/489 3011/1675/488
f 3016/1676/490 3015/1679/490 3013/1677/489
f 3018/1678/491 3017/1681/491 3015/1679/490
f 3020/1680/492 3019/1683/492 3017/1681/491
f 3022/1682/493 3021/1685/495 3019/1683/492
f 3024/1684/494 3023/1687/497 3021/1685/495
f 3026/1686/496 3025/1689/496 3023/1687/497
f 3028/1688/498 3027/1691/498 3025/1689/496
f 3030/1690/499 3029/1693/499 3027/1691/498
f 3032/1692/500 3031/1695/500 3029/1693/499
f 3034/1694/501 3033/1697/501 3031/1695/500
f 3036/1696/502 3035/1699/502 3033/1697/501
f 3038/1698/503 3037/1701/503 3035/1699/502
f 3040/1700/504 3039/1703/504 3037/1701/503
f 3042/1702/505 3041/1705/505 3039/1703/504
f 3044/1704/506 3043/1707/506 3041/1705/505
f 3046/1706/507 3045/1709/507 3043/1707/506
f 3048/1708/508 3047/1711/508 3045/1709/507
f 3050/1710/509 3049/1713/509 3047/1711/508
f 3052/1712/510 3051/1715/510 3049/1713/509
f 3054/1714/511 3053/1717/511 3051/1715/510
f 3056/1716/512 3055/1719/512 3053/1717/511
f 3058/1718/513 3057/1721/513 3055/1719/512
f 3060/1720/514 3059/1723/514 3057/1721/513
f 3062/1722/515 3061/1725/515 3059/1723/514
f 3064/1724/516 3063/1727/516 3061/1725/515
f 3066/1726/517 3065/1729/517 3063/1727/516
f 3068/1728/518 3067/1731/518 3065/1729/517
f 3070/1730/519 3069/1733/519 3067/1731/518
f 3072/1732/520 3071/1735/520 3069/1733/519
f 3074/1734/521 3073/1737/521 3071/1735/520
f 3076/1736/522 3075/1739/524 3073/1737/521
f 3078/1738/523 3077/1741/526 3075/1739/524
f 3080/1740/525 3079/1743/528 3077/1741/526
f 3082/1742/527 3081/1745/530 3079/1743/528
f 3084/1744/529 3083/1747/529 3081/1745/530
f 3086/1746/531 3085/1749/531 3083/1747/529
f 3088/1748/532 3087/1751/532 3085/1749/531
f 3090/1750/533 3089/1753/533 3087/1751/532
f 3092/1752/534 3091/1755/534 3089/1753/533
f 3094/1754/535 3093/1757/535 3091/1755/534
f 3096/1756/536 3095/1759/538 3093/1757/535
f 3098/1758/537 3097/1761/537 3095/1759/538
f 3100/1760/539 3099/1763/539 3097/1761/537
f 3102/1762/540 3101/1765/540 3099/1763/539
f 3104/1764/541 3103/1767/541 3101/1765/540
f 3106/1766/542 3105/1769/542 3103/1767/541
f 3108/1768/543 3107/1771/543 3105/1769/542
f 3110/1770/544 3109/1773/544 3107/1771/543
f 3112/1772/545 3111/1775/545 3109/1773/544
f 3114/1774/546 3113/1777/546 3111/1775/545
f 3116/1776/547 3115/1779/547 3113/1777/546
f 3118/1778/548 3117/1781/548 3115/1779/547
f 3120/1780/549 3119/1783/551 3117/1781/548
f 3122/1782/550 3121/1784/552 3119/1783/551
f 2870/911/53 2869/1/404 3121/1784/552
f 3126/1785/553 3125/1787/553 3123/28/553
f 3128/1786/553 3127/1789/553 3125/1787/553
f 3130/1788/553 3129/1791/553 3127/1789/553
f 3132/1790/553 3131/1793/553 3129/1791/553
f 3134/1792/553 3133/1795/553 3131/1793/553
f 3136/1794/553 3135/1797/553 3133/1795/553
f 3138/1796/553 3137/474/553 3135/1797/553
f 3140/1798/553 3139/1800/553 3137/474/553
f 3142/1799/553 3141/1802/553 3139/1800/553
f 3144/1801/553 3143/1804/553 3141/1802/553
f 3146/1803/554 3145/1806/554 3143/1804/553
f 3148/1805/555 3147/1808/555 3145/1806/554
f 3150/1807/556 3149/1810/556 3147/1808/555
f 3152/1809/557 3151/488/557 3149/1810/556
f 3154/1811/558 3153/1813/558 3151/488/557
f 3156/1812/559 3155/1815/559 3153/1813/558
f 3158/1814/560 3157/1817/561 3155/1815/559
f 3160/1816/195 3159/1819/195 3157/1817/561
f 3162/1818/562 3161/1821/564 3159/1819/195
f 3164/1820/563 3163/1823/563 3161/1821/564
f 3166/1822/565 3165/502/565 3163/1823/563
f 3168/1824/566 3167/1826/566 3165/502/565
f 3170/1825/567 3169/1828/569 3167/1826/566
f 3172/1827/568 3171/1830/568 3169/1828/569
f 3174/1829/570 3173/1832/570 3171/1830/568
f 3176/1831/571 3175/1834/571 3173/1832/570
f 3178/1833/572 3177/1836/572 3175/1834/571
f 3180/1835/573 3179/535/573 3177/1836/572
f 3182/1837/574 3181/1839/574 3179/535/573
f 3184/1838/575 3183/1841/575 3181/1839/574
f 3186/1840/576 3185/1843/576 3183/1841/575
f 3188/1842/577 3187/1845/577 3185/1843/576
f 3190/1844/578 3189/1847/578 3187/1845/577
f 3192/1846/579 3191/1849/579 3189/1847/578
f 3194/1848/580 3193/551/580 3191/1849/579
f 3196/1850/581 3195/1852/583 3193/551/580
f 3198/1851/582 3197/1854/582 3195/1852/583
f 3200/1853/584 3199/1856/584 3197/1854/582
f 3202/1855/585 3201/1858/585 3199/1856/584
f 3204/1857/586 3203/1860/586 3201/1858/585
f 3206/1859/587 3205/1862/587 3203/1860/586
f 3208/1861/588 3207/550/588 3205/1862/587
f 3210/1863/589 3209/1865/589 3207/550/588
f 3212/1864/590 3211/1867/590 3209/1865/589
f 3214/1866/510 3213/1869/510 3211/1867/590
f 3216/1868/591 3215/1871/591 3213/1869/510
f 3218/1870/592 3217/1873/594 3215/1871/591
f 3220/1872/593 3219/1874/593 3217/1873/594
f 3222/886/595 3221/152/595 3219/1874/593
f 3224/1875/596 3223/1877/596 3221/152/595
f 3226/1876/597 3225/1879/597 3223/1877/596
f 3228/1878/598 3227/1881/598 3225/1879/597
f 3230/1880/599 3229/1883/599 3227/1881/598
f 3232/1882/600 3231/1885/600 3229/1883/599
f 3234/1884/601 3233/1887/603 3231/1885/600
f 3236/1886/602 3235/507/602 3233/1887/603
f 3238/1888/604 3237/1890/604 3235/507/602
f 3240/1889/605 3239/1892/605 3237/1890/604
f 3242/1891/606 3241/1894/606 3239/1892/605
f 3244/1893/607 3243/1896/607 3241/1894/606
f 3246/1895/608 3245/1898/608 3243/1896/607
f 3248/1897/608 3247/1900/608 3245/1898/608
f 3250/1899/608 3249/513/608 3247/1900/608
f 3252/1901/608 3251/1903/608 3249/513/608
f 3254/1902/608 3253/1905/608 3251/1903/608
f 3256/1904/608 3255/1907/608 3253/1905/608
f 3258/1906/608 3257/1909/608 3255/1907/608
f 3260/1908/608 3259/1911/608 3257/1909/608
f 3262/1910/608 3261/1913/608 3259/1911/608
f 3264/1912/608 3263/520/608 3261/1913/608
f 3266/1914/608 3265/1916/608 3263/520/608
f 3268/1915/609 3267/1918/611 3265/1916/608
f 3270/1917/610 3269/1920/610 3267/1918/611
f 3272/1919/612 3271/1922/612 3269/1920/610
f 3274/1921/613 3273/1924/615 3271/1922/612
f 3276/1923/614 3275/1926/617 3273/1924/615
f 3278/1925/616 3277/469/616 3275/1926/617
f 3280/1927/618 3279/1929/620 3277/469/616
f 3282/1928/619 3281/1931/622 3279/1929/620
f 3284/1930/621 3283/1933/621 3281/1931/622
f 3286/1932/623 3285/1935/623 3283/1933/621
f 3288/1934/624 3287/1937/626 3285/1935/623
f 3290/1936/625 3289/1939/628 3287/1937/626
f 3292/1938/627 3291/449/630 3289/1939/628
f 3294/1940/629 3293/1942/632 3291/449/630
f 3296/1941/631 3295/1944/634 3293/1942/632
f 3298/1943/633 3297/1946/636 3295/1944/634
f 3300/1945/635 3299/1948/638 3297/1946/636
f 3302/1947/637 3301/1950/640 3299/1948/638
f 3304/1949/639 3303/1952/642 3301/1950/640
f 3306/1951/641 3305/454/641 3303/1952/642
f 3308/1953/643 3307/1955/645 3305/454/641
f 3310/1954/644 3309/1957/647 3307/1955/645
f 3312/1956/646 3311/1959/646 3309/1957/647
f 3314/1958/648 3313/1961/648 3311/1959/646
f 3316/1960/649 3315/1963/649 3313/1961/648
f 3318/1962/650 3317/1964/651 3315/1963/649
f 3124/911/553 3123/1/553 3317/1964/651
f 3322/1189/553 3321/206/553 3319/28/553
f 3324/1190/553 3323/210/553 3321/206/553
f 3326/1191/553 3325/224/553 3323/210/553
f 3328/1192/553 3327/236/553 3325/224/553
f 3330/1193/553 3329/243/553 3327/236/553
f 3332/1194/553 3331/238/553 3329/243/553
f 3334/1195/553 3333/235/553 3331/238/553
f 3336/1196/553 3335/225/553 3333/235/553
f 3338/1197/553 3337/211/553 3335/225/553
f 3340/1198/553 3339/207/553 3337/211/553
f 3342/1199/652 3341/203/654 3339/207/553
f 3344/1200/653 3343/199/653 3341/203/654
f 3346/1201/655 3345/201/657 3343/199/653
f 3348/1202/656 3347/196/656 3345/201/657
f 3350/1203/658 3349/194/658 3347/196/656
f 3352/1204/659 3351/192/659 3349/194/658
f 3354/1205/660 3353/190/662 3351/192/659
f 3356/1206/661 3355/187/664 3353/190/662
f 3358/1207/663 3357/181/666 3355/187/664
f 3360/1208/665 3359/175/665 3357/181/666
f 3362/1209/667 3361/171/669 3359/175/665
f 3364/1210/668 3363/169/671 3361/171/669
f 3366/1211/670 3365/167/673 3363/169/671
f 3368/1212/672 3367/127/675 3365/167/673
f 3370/1213/674 3369/128/677 3367/127/675
f 3372/1214/676 3371/131/679 3369/128/677
f 3374/1215/678 3373/138/681 3371/131/679
f 3376/1216/680 3375/142/683 3373/138/681
f 3378/1217/682 3377/147/682 3375/142/683
f 3380/1218/684 3379/151/686 3377/147/682
f 3382/1219/685 3381/155/688 3379/151/686
f 3384/1220/687 3383/157/687 3381/155/688
f 3386/1221/689 3385/159/691 3383/157/687
f 3388/1222/690 3387/161/690 3385/159/691
f 3390/1223/692 3389/163/694 3387/161/690
f 3392/1224/693 3391/165/693 3389/163/694
f 3394/886/608 3393/152/608 3391/165/693
f 3396/1225/608 3395/148/608 3393/152/608
f 3398/1226/608 3397/144/608 3395/148/608
f 3400/1227/608 3399/141/608 3397/144/608
f 3402/1228/608 3401/137/608 3399/141/608
f 3404/1229/608 3403/132/608 3401/137/608
f 3406/1230/608 3405/133/608 3403/132/608
f 3408/1231/608 3407/174/608 3405/133/608
f 3410/1232/608 3409/177/608 3407/174/608
f 3412/1233/608 3411/180/608 3409/177/608
f 3414/1234/608 3413/183/608 3411/180/608
f 3416/1235/695 3415/186/695 3413/183/608
f 3418/1236/696 3417/200/698 3415/186/695
f 3420/1237/697 3419/272/700 3417/200/698
f 3422/1238/699 3421/269/699 3419/272/700
f 3424/1239/701 3423/267/703 3421/269/699
f 3426/1240/702 3425/265/705 3423/267/703
f 3428/1241/704 3427/263/704 3425/265/705
f 3430/1242/706 3429/261/706 3427/263/704
f 3432/1243/707 3431/257/709 3429/261/706
f 3434/1244/708 3433/254/711 3431/257/709
f 3436/1245/710 3435/251/713 3433/254/711
f 3438/1246/712 3437/247/712 3435/251/713
f 3440/1247/714 3439/244/716 3437/247/712
f 3442/1248/715 3441/234/715 3439/244/716
f 3444/1249/717 3443/230/719 3441/234/715
f 3446/1250/718 3445/227/721 3443/230/719
f 3448/1251/720 3447/223/720 3445/227/721
f 3450/1252/722 3449/221/724 3447/223/720
f 3452/1253/723 3451/217/726 3449/221/724
f 3454/1254/725 3453/212/556 3451/217/726
f 3456/1255/727 3455/213/727 3453/212/556
f 3458/1256/728 3457/232/728 3455/213/727
f 3460/1257/729 3459/245/729 3457/232/728
f 3462/1258/730 3461/250/732 3459/245/729
f 3464/1259/731 3463/255/731 3461/250/732
f 3466/1260/733 3465/260/734 3463/255/731
f 3320/911/553 3319/1/553 3465/260/734
f 3470/1965/735 3469/1967/735 3467/28/736
f 3472/1966/737 3471/1969/737 3469/1967/735
f 3474/1968/738 3473/1971/740 3471/1969/737
f 3476/1970/739 3475/1973/739 3473/1971/740
f 3478/1972/741 3477/1975/741 3475/1973/739
f 3480/1974/742 3479/1977/742 3477/1975/741
f 3482/1976/743 3481/1979/743 3479/1977/742
f 3484/1978/744 3483/1981/746 3481/1979/743
f 3486/1980/745 3485/1983/745 3483/1981/746
f 3488/1982/747 3487/1985/747 3485/1983/745
f 3490/1984/748 3489/434/748 3487/1985/747
f 3492/1986/749 3491/1988/749 3489/434/748
f 3494/1987/750 3493/1990/750 3491/1988/749
f 3496/1989/751 3495/1992/751 3493/1990/750
f 3498/1991/752 3497/1994/754 3495/1992/751
f 3500/1993/753 3499/1996/753 3497/1994/754
f 3502/1995/755 3501/1998/755 3499/1996/753
f 3504/1997/756 3503/2000/756 3501/1998/755
f 3506/1999/757 3505/2002/757 3503/2000/756
f 3508/2001/758 3507/2004/758 3505/2002/757
f 3510/2003/759 3509/2006/761 3507/2004/758
f 3512/2005/760 3511/414/760 3509/2006/761
f 3514/2007/762 3513/2009/762 3511/414/760
f 3516/2008/763 3515/2011/763 3513/2009/762
f 3518/2010/228 3517/2013/228 3515/2011/763
f 3520/2012/228 3519/2015/228 3517/2013/228
f 3522/2014/228 3521/2017/228 3519/2015/228
f 3524/2016/228 3523/2019/228 3521/2017/228
f 3526/2018/228 3525/2021/228 3523/2019/228
f 3528/2020/228 3527/2023/228 3525/2021/228
f 3530/2022/228 3529/2025/228 3527/2023/228
f 3532/2024/228 3531/2027/228 3529/2025/228
f 3534/2026/228 3533/378/228 3531/2027/228
f 3536/2028/228 3535/2030/228 3533/378/228
f 3538/2029/228 3537/2032/228 3535/2030/228
f 3540/2031/764 3539/2034/764 3537/2032/228
f 3542/2033/765 3541/2036/765 3539/2034/764
f 3544/2035/232 3543/2038/232 3541/2036/765
f 3546/2037/766 3545/2040/766 3543/2038/232
f 3548/2039/767 3547/2042/767 3545/2040/766
f 3550/2041/768 3549/2044/768 3547/2042/767
f 3552/2043/769 3551/2046/771 3549/2044/768
f 3554/2045/770 3553/2048/770 3551/2046/771
f 3556/2047/772 3555/304/772 3553/2048/770
f 3558/2049/773 3557/2051/773 3555/304/772
f 3560/2050/774 3559/2053/774 3557/2051/773
f 3562/2052/775 3561/2055/775 3559/2053/774
f 3564/2054/776 3563/2057/778 3561/2055/775
f 3566/2056/777 3565/2059/777 3563/2057/778
f 3568/2058/779 3567/2061/779 3565/2059/777
f 3570/2060/780 3569/2063/780 3567/2061/779
f 3572/2062/781 3571/2065/781 3569/2063/780
f 3574/2064/782 3573/2067/782 3571/2065/781
f 3576/2066/783 3575/2069/783 3573/2067/782
f 3578/2068/784 3577/344/784 3575/2069/783
f 3580/2070/785 3579/2072/787 3577/344/784
f 3582/2071/786 3581/2074/786 3579/2072/787
f 3584/2073/788 3583/2076/788 3581/2074/786
f 3586/2075/789 3585/2078/789 3583/2076/788
f 3588/2077/790 3587/2080/790 3585/2078/789
f 3590/2079/791 3589/2082/791 3587/2080/790
f 3592/2081/202 3591/2084/202 3589/2082/791
f 3594/2083/202 3593/2086/202 3591/2084/202
f 3596/2085/202 3595/2088/202 3593/2086/202
f 3598/2087/202 3597/2090/202 3595/2088/202
f 3600/2089/202 3599/357/202 3597/2090/202
f 3602/2091/202 3601/2093/202 3599/357/202
f 3604/2092/202 3603/2095/202 3601/2093/202
f 3606/2094/202 3605/2097/202 3603/2095/202
f 3608/2096/202 3607/2099/202 3605/2097/202
f 3610/2098/202 3609/2101/202 3607/2099/202
f 3612/2100/202 3611/2103/202 3609/2101/202
f 3614/2102/792 3613/2105/792 3611/2103/202
f 3616/2104/793 3615/2107/793 3613/2105/792
f 3618/2106/794 3617/2109/794 3615/2107/793
f 3620/2108/795 3619/2111/795 3617/2109/794
f 3622/2110/796 3621/323/796 3619/2111/795
f 3624/2112/797 3623/2114/797 3621/323/796
f 3626/2113/798 3625/2116/798 3623/2114/797
f 3628/2115/799 3627/2118/799 3625/2116/798
f 3630/2117/800 3629/2120/800 3627/2118/799
f 3632/2119/801 3631/2122/801 3629/2120/800
f 3634/2121/802 3633/2124/804 3631/2122/801
f 3636/2123/803 3635/2126/806 3633/2124/804
f 3638/2125/805 3637/2128/805 3635/2126/806
f 3640/2127/807 3639/2130/807 3637/2128/805
f 3642/2129/808 3641/2132/808 3639/2130/807
f 3644/2131/809 3643/286/811 3641/2132/808
f 3646/2133/810 3645/2135/813 3643/286/811
f 3648/2134/812 3647/2137/812 3645/2135/813
f 3650/2136/814 3649/2139/816 3647/2137/812
f 3652/2138/815 3651/2141/818 3649/2139/816
f 3654/2140/817 3653/2143/820 3651/2141/818
f 3656/2142/819 3655/2145/822 3653/2143/820
f 3658/2144/821 3657/2147/824 3655/2145/822
f 3660/2146/823 3659/2149/826 3657/2147/824
f 3662/2148/825 3661/2151/825 3659/2149/826
f 3664/2150/827 3663/2152/827 3661/2151/825
f 3468/911/736 3467/1/736 3663/2152/827
f 3668/2153/828 3667/2155/832 3665/28/829
f 3670/2154/831 3669/2157/834 3667/2155/832
f 3672/2156/833 3671/2159/836 3669/2157/834
f 3674/2158/835 3673/2161/838 3671/2159/836
f 3676/2160/837 3675/728/840 3673/2161/838
f 3678/2162/839 3677/2164/842 3675/728/840
f 3680/2163/841 3679/2166/843 3677/2164/842
f 3682/2165/538 3681/2168/538 3679/2166/843
f 3684/2167/844 3683/2170/844 3681/2168/538
f 3686/2169/845 3685/692/845 3683/2170/844
f 3688/2171/846 3687/2173/846 3685/692/845
f 3690/2172/847 3689/2175/847 3687/2173/846
f 3692/2174/848 3691/2177/848 3689/2175/847
f 3694/2176/849 3693/2179/849 3691/2177/848
f 3696/2178/850 3695/770/850 3693/2179/849
f 3698/2180/851 3697/2182/851 3695/770/850
f 3700/2181/852 3699/2184/852 3697/2182/851
f 3702/2183/853 3701/2186/853 3699/2184/852
f 3704/2185/854 3703/2188/854 3701/2186/853
f 3706/2187/855 3705/783/857 3703/2188/854
f 3708/2189/856 3707/2191/856 3705/783/857
f 3710/2190/858 3709/2193/858 3707/2191/856
f 3712/2192/859 3711/2195/859 3709/2193/858
f 3714/2194/860 3713/2196/862 3711/2195/859
f 3716/886/861 3715/152/864 3713/2196/862
f 3718/2197/863 3717/2199/866 3715/152/864
f 3720/2198/865 3719/2201/865 3717/2199/866
f 3722/2200/867 3721/2203/868 3719/2201/865
f 3724/2202/703 3723/2205/701 3721/2203/868
f 3726/2204/869 3725/849/871 3723/2205/701
f 3728/2206/870 3727/2208/873 3725/849/871
f 3730/2207/872 3729/2210/875 3727/2208/873
f 3732/2209/874 3731/2212/877 3729/2210/875
f 3734/2211/876 3733/2214/876 3731/2212/877
f 3736/2213/878 3735/822/880 3733/2214/876
f 3738/2215/879 3737/2217/882 3735/822/880
f 3740/2216/881 3739/2219/881 3737/2217/882
f 3742/2218/883 3741/2221/883 3739/2219/881
f 3744/2220/884 3743/2223/886 3741/2221/883
f 3746/2222/885 3745/796/888 3743/2223/886
f 3748/2224/887 3747/2226/887 3745/796/888
f 3750/2225/889 3749/2228/889 3747/2226/887
f 3752/2227/890 3751/2230/890 3749/2228/889
f 3754/2229/891 3753/2232/893 3751/2230/890
f 3756/2231/892 3755/726/892 3753/2232/893
f 3758/2233/894 3757/2235/894 3755/726/892
f 3760/2234/895 3759/2237/895 3757/2235/894
f 3762/2236/896 3761/2239/896 3759/2237/895
f 3764/2238/897 3763/2240/897 3761/2239/896
f 3666/911/830 3665/1/829 3763/2240/897
f 3768/1189/202 3767/206/202 3765/28/202
f 3770/1190/202 3769/210/202 3767/206/202
f 3772/1191/202 3771/224/202 3769/210/202
f 3774/1192/202 3773/236/202 3771/224/202
f 3776/1193/202 3775/243/202 3773/236/202
f 3778/1194/202 3777/238/202 3775/243/202
f 3780/1195/202 3779/235/202 3777/238/202
f 3782/1196/202 3781/225/202 3779/235/202
f 3784/1197/202 3783/211/202 3781/225/202
f 3786/1198/202 3785/207/202 3783/211/202
f 3788/1199/203 3787/203/203 3785/207/202
f 3790/1200/204 3789/199/204 3787/203/203
f 3792/1201/205 3791/201/205 3789/199/204
f 3794/1202/206 3793/196/206 3791/201/205
f 3796/1203/207 3795/194/207 3793/196/206
f 3798/1204/208 3797/192/208 3795/194/207
f 3800/1205/76 3799/190/76 3797/192/208
f 3802/1206/209 3801/187/209 3799/190/76
f 3804/1207/210 3803/181/210 3801/187/209
f 3806/1208/211 3805/175/211 3803/181/210
f 3808/1209/212 3807/171/212 3805/175/211
f 3810/1210/213 3809/169/213 3807/171/212
f 3812/1211/214 3811/167/216 3809/169/213
f 3814/1212/215 3813/127/215 3811/167/216
f 3816/1213/217 3815/128/217 3813/127/215
f 3818/1214/218 3817/131/218 3815/128/217
f 3820/1215/219 3819/138/219 3817/131/218
f 3822/1216/220 3821/142/220 3819/138/219
f 3824/1217/221 3823/147/221 3821/142/220
f 3826/1218/222 3825/151/222 3823/147/221
f 3828/1219/223 3827/155/223 3825/151/222
f 3830/1220/224 3829/157/224 3827/155/223
f 3832/1221/225 3831/159/225 3829/157/224
f 3834/1222/89 3833/161/89 3831/159/225
f 3836/1223/226 3835/163/226 3833/161/89
f 3838/1224/227 3837/165/227 3835/163/226
f 3840/886/228 3839/152/228 3837/165/227
f 3842/1225/228 3841/148/228 3839/152/228
f 3844/1226/228 3843/144/228 3841/148/228
f 3846/1227/228 3845/141/228 3843/144/228
f 3848/1228/228 3847/137/228 3845/141/228
f 3850/1229/228 3849/132/228 3847/137/228
f 3852/1230/228 3851/133/228 3849/132/228
f 3854/1231/228 3853/174/228 3851/133/228
f 3856/1232/228 3855/177/228 3853/174/228
f 3858/1233/228 3857/180/228 3855/177/228
f 3860/1234/228 3859/183/228 3857/180/228
f 3862/1235/229 3861/186/229 3859/183/228
f 3864/1236/230 3863/200/230 3861/186/229
f 3866/1237/231 3865/272/231 3863/200/230
f 3868/1238/232 3867/269/232 3865/272/231
f 3870/1239/233 3869/267/233 3867/269/232
f 3872/1240/234 3871/265/234 3869/267/233
f 3874/1241/235 3873/263/235 3871/265/234
f 3876/1242/236 3875/261/236 3873/263/235
f 3878/1243/237 3877/257/237 3875/261/236
f 3880/1244/238 3879/254/238 3877/257/237
f 3882/1245/239 3881/251/239 3879/254/238
f 3884/1246/240 3883/247/898 3881/251/239
f 3886/1247/241 3885/244/243 3883/247/898
f 3888/1248/242 3887/234/242 3885/244/243
f 3890/1249/244 3889/230/244 3887/234/242
f 3892/1250/245 3891/227/245 3889/230/244
f 3894/1251/246 3893/223/246 3891/227/245
f 3896/1252/247 3895/221/247 3893/223/246
f 3898/1253/248 3897/217/248 3895/221/247
f 3900/1254/249 3899/212/249 3897/217/248
f 3902/1255/250 3901/213/250 3899/212/249
f 3904/1256/251 3903/232/251 3901/213/250
f 3906/1257/252 3905/245/252 3903/232/251
f 3908/1258/253 3907/250/253 3905/245/252
f 3910/1259/254 3909/255/254 3907/250/253
f 3912/1260/255 3911/260/255 3909/255/254
f 3766/911/202 3765/1/202 3911/260/255
f 3916/2241/899 3915/491/899 3913/28/900
f 3918/2026/901 3917/378/901 3915/491/899
f 3920/886/902 3919/152/902 3917/378/901
f 3922/2089/903 3921/357/903 3919/152/902
f 3924/2242/904 3923/455/904 3921/357/903
f 3914/911/900 3913/1/900 3923/455/904
f 3928/2243/905 3927/2245/905 3925/28/906
f 3930/2244/908 3929/2247/908 3927/2245/905
f 3932/2246/909 3931/2249/911 3929/2247/908
f 3934/2248/910 3933/2251/910 3931/2249/911
f 3936/2250/912 3935/2253/912 3933/2251/910
f 3938/2252/913 3937/570/913 3935/2253/912
f 3940/2254/914 3939/2255/916 3937/570/913
f 3942/2241/915 3941/491/915 3939/2255/916
f 3944/2256/917 3943/2258/919 3941/491/915
f 3946/2257/918 3945/2260/918 3943/2258/919
f 3948/2259/202 3947/2262/202 3945/2260/918
f 3950/2261/920 3949/184/920 3947/2262/202
f 3952/2263/921 3951/2265/923 3949/184/920
f 3954/2264/922 3953/2267/922 3951/2265/923
f 3956/2266/924 3955/2268/924 3953/2267/922
f 3958/2026/925 3957/378/925 3955/2268/924
f 3960/2269/926 3959/2271/926 3957/378/925
f 3962/2270/927 3961/636/929 3959/2271/926
f 3964/2272/928 3963/2274/928 3961/636/929
f 3966/2273/930 3965/2276/932 3963/2274/928
f 3968/2275/931 3967/2278/934 3965/2276/932
f 3970/2277/933 3969/2280/933 3967/2278/934
f 3972/2279/935 3971/2281/935 3969/2280/933
f 3974/886/936 3973/152/938 3971/2281/935
f 3976/2282/937 3975/2284/940 3973/152/938
f 3978/2283/939 3977/2286/942 3975/2284/940
f 3980/2285/941 3979/2288/941 3977/2286/942
f 3982/2287/943 3981/2290/943 3979/2288/941
f 3984/2289/944 3983/2292/946 3981/2290/943
f 3986/2291/945 3985/680/948 3983/2292/946
f 3988/2293/947 3987/2294/947 3985/680/948
f 3990/2089/949 3989/357/949 3987/2294/947
f 3992/2295/950 3991/2297/950 3989/357/949
f 3994/2296/951 3993/2299/951 3991/2297/950
f 3996/2298/952 3995/2301/952 3993/2299/951
f 3998/2300/953 3997/259/953 3995/2301/952
f 4000/2302/954 3999/2304/954 3997/259/953
f 4002/2303/955 4001/2306/955 3999/2304/954
f 4004/2305/956 4003/2307/956 4001/2306/955
f 4006/2242/957 4005/455/957 4003/2307/956
f 4008/2308/958 4007/2310/958 4005/455/957
f 4010/2309/959 4009/684/959 4007/2310/958
f 4012/2311/960 4011/2313/962 4009/684/959
f 4014/2312/961 4013/2315/964 4011/2313/962
f 4016/2314/963 4015/2317/963 4013/2315/964
f 4018/2316/965 4017/2319/965 4015/2317/963
f 4020/2318/966 4019/2320/966 4017/2319/965
f 3926/911/907 3925/1/906 4019/2320/966
f 4024/2241/899 4023/491/899 4021/28/900
f 4026/2026/901 4025/378/901 4023/491/899
f 4028/886/902 4027/152/902 4025/378/901
f 4030/2089/903 4029/357/903 4027/152/902
f 4032/2242/904 4031/455/904 4029/357/903
f 4022/911/900 4021/1/900 4031/455/904
f 4036/2243/967 4035/2245/905 4033/28/907
f 4038/2244/968 4037/2247/908 4035/2245/905
f 4040/2246/911 4039/2249/911 4037/2247/908
f 4042/2248/969 4041/2251/970 4039/2249/911
f 4044/2250/912 4043/2253/912 4041/2251/970
f 4046/2252/913 4045/570/913 4043/2253/912
f 4048/2254/914 4047/2255/916 4045/570/913
f 4050/2241/971 4049/491/972 4047/2255/916
f 4052/2256/919 4051/2258/917 4049/491/972
f 4054/2257/918 4053/2260/918 4051/2258/917
f 4056/2259/202 4055/2262/202 4053/2260/918
f 4058/2261/920 4057/184/920 4055/2262/202
f 4060/2263/921 4059/2265/923 4057/184/920
f 4062/2264/973 4061/2267/975 4059/2265/923
f 4064/2266/974 4063/2268/924 4061/2267/975
f 4066/2026/925 4065/378/925 4063/2268/924
f 4068/2269/926 4067/2271/926 4065/378/925
f 4070/2270/927 4069/636/929 4067/2271/926
f 4072/2272/928 4071/2274/928 4069/636/929
f 4074/2273/932 4073/2276/930 4071/2274/928
f 4076/2275/934 4075/2278/934 4073/2276/930
f 4078/2277/976 4077/2280/933 4075/2278/934
f 4080/2279/935 4079/2281/935 4077/2280/933
f 4082/886/936 4081/152/938 4079/2281/935
f 4084/2282/977 4083/2284/977 4081/152/938
f 4086/2283/978 4085/2286/939 4083/2284/977
f 4088/2285/941 4087/2288/979 4085/2286/939
f 4090/2287/943 4089/2290/980 4087/2288/979
f 4092/2289/946 4091/2292/944 4089/2290/980
f 4094/2291/945 4093/680/948 4091/2292/944
f 4096/2293/981 4095/2294/983 4093/680/948
f 4098/2089/982 4097/357/949 4095/2294/983
f 4100/2295/950 4099/2297/950 4097/357/949
f 4102/2296/951 4101/2299/951 4099/2297/950
f 4104/2298/952 4103/2301/952 4101/2299/951
f 4106/2300/953 4105/259/953 4103/2301/952
f 4108/2302/954 4107/2304/954 4105/259/953
f 4110/2303/955 4109/2306/955 4107/2304/954
f 4112/2305/956 4111/2307/956 4109/2306/955
f 4114/2242/957 4113/455/957 4111/2307/956
f 4116/2308/958 4115/2310/958 4113/455/957
f 4118/2309/984 4117/684/959 4115/2310/958
f 4120/2311/962 4119/2313/962 4117/684/959
f 4122/2312/964 4121/2315/964 4119/2313/962
f 4124/2314/963 4123/2317/963 4121/2315/964
f 4126/2316/965 4125/2319/965 4123/2317/963
f 4128/2318/966 4127/2320/966 4125/2319/965
f 4034/911/906 4033/1/907 4127/2320/966
