# Blender 4.1.1
# www.blender.org
mtllib Space.mtl
o テキスト
v 3.632501 0.050000 -0.044500
v 3.632501 0.050000 -0.106750
v 3.483250 0.050000 -0.106750
v 3.483250 0.050000 -0.044500
v 3.632501 0.050000 -0.211000
v 3.483250 0.050000 -0.211000
v 3.483250 0.050000 -0.149500
v 3.632501 0.050000 -0.149500
v 3.632501 0.050000 0.061250
v 3.632501 0.050000 -0.002500
v 3.483250 0.050000 -0.002500
v 3.483250 0.050000 0.061250
v 3.432250 0.050000 -0.256000
v 3.511000 0.050000 -0.256000
v 3.513622 0.050000 -0.262709
v 3.516226 0.050000 -0.269674
v 3.518793 0.050000 -0.276836
v 3.521305 0.050000 -0.284139
v 3.523745 0.050000 -0.291525
v 3.526094 0.050000 -0.298938
v 3.528334 0.050000 -0.306319
v 3.530445 0.050000 -0.313611
v 3.532411 0.050000 -0.320758
v 3.534212 0.050000 -0.327701
v 3.535831 0.050000 -0.334385
v 3.537251 0.050000 -0.340750
v 3.595000 0.050000 -0.332500
v 3.592518 0.050000 -0.325910
v 3.589958 0.050000 -0.319281
v 3.587337 0.050000 -0.312637
v 3.584667 0.050000 -0.306000
v 3.581966 0.050000 -0.299395
v 3.579250 0.050000 -0.292844
v 3.576534 0.050000 -0.286371
v 3.573833 0.050000 -0.280000
v 3.571164 0.050000 -0.273754
v 3.568542 0.050000 -0.267656
v 3.565982 0.050000 -0.261731
v 3.563500 0.050000 -0.256000
v 3.685000 0.050000 -0.256000
v 3.685000 0.050000 0.287000
v 3.684841 0.050000 0.294207
v 3.684354 0.050000 0.300847
v 3.683523 0.050000 0.306945
v 3.682333 0.050000 0.312528
v 3.680768 0.050000 0.317621
v 3.678813 0.050000 0.322250
v 3.676451 0.050000 0.326442
v 3.673667 0.050000 0.330222
v 3.670445 0.050000 0.333617
v 3.666771 0.050000 0.336653
v 3.662628 0.050000 0.339355
v 3.658000 0.050000 0.341750
v 3.652467 0.050000 0.343503
v 3.646355 0.050000 0.345021
v 3.639649 0.050000 0.346320
v 3.632335 0.050000 0.347417
v 3.624394 0.050000 0.348326
v 3.615813 0.050000 0.349063
v 3.606577 0.050000 0.349643
v 3.596667 0.050000 0.350083
v 3.586071 0.050000 0.350398
v 3.574771 0.050000 0.350604
v 3.562753 0.050000 0.350716
v 3.550000 0.050000 0.350750
v 3.549145 0.050000 0.347198
v 3.548094 0.050000 0.343333
v 3.546871 0.050000 0.339219
v 3.545500 0.050000 0.334917
v 3.544004 0.050000 0.330490
v 3.542406 0.050000 0.326000
v 3.540730 0.050000 0.321510
v 3.539000 0.050000 0.317083
v 3.537238 0.050000 0.312781
v 3.535469 0.050000 0.308667
v 3.533715 0.050000 0.304802
v 3.532000 0.050000 0.301250
v 3.541503 0.050000 0.301579
v 3.550833 0.050000 0.301823
v 3.559914 0.050000 0.301988
v 3.568666 0.050000 0.302083
v 3.577013 0.050000 0.302116
v 3.584875 0.050000 0.302094
v 3.592175 0.050000 0.302025
v 3.598833 0.050000 0.301917
v 3.604774 0.050000 0.301777
v 3.609917 0.050000 0.301615
v 3.614185 0.050000 0.301436
v 3.617500 0.050000 0.301250
v 3.620159 0.050000 0.301170
v 3.622518 0.050000 0.300924
v 3.624590 0.050000 0.300500
v 3.626390 0.050000 0.299889
v 3.627928 0.050000 0.299080
v 3.629219 0.050000 0.298063
v 3.630276 0.050000 0.296826
v 3.631111 0.050000 0.295361
v 3.631739 0.050000 0.293656
v 3.632171 0.050000 0.291701
v 3.632421 0.050000 0.289486
v 3.632501 0.050000 0.287000
v 3.632501 0.050000 0.111500
v 3.631001 0.050000 0.111500
v 3.615844 0.050000 0.132572
v 3.599679 0.050000 0.153017
v 3.582591 0.050000 0.172801
v 3.564668 0.050000 0.191889
v 3.545995 0.050000 0.210248
v 3.526657 0.050000 0.227844
v 3.506742 0.050000 0.244643
v 3.486334 0.050000 0.260611
v 3.465520 0.050000 0.275715
v 3.444386 0.050000 0.289920
v 3.423017 0.050000 0.303193
v 3.401500 0.050000 0.315500
v 3.399385 0.050000 0.312669
v 3.396843 0.050000 0.309479
v 3.393940 0.050000 0.306008
v 3.390749 0.050000 0.302333
v 3.387339 0.050000 0.298534
v 3.383780 0.050000 0.294687
v 3.380144 0.050000 0.290872
v 3.376500 0.050000 0.287167
v 3.372918 0.050000 0.283648
v 3.369469 0.050000 0.280396
v 3.366223 0.050000 0.277487
v 3.363250 0.050000 0.275000
v 3.382864 0.050000 0.265194
v 3.402282 0.050000 0.254556
v 3.421434 0.050000 0.243125
v 3.440250 0.050000 0.230944
v 3.458660 0.050000 0.218056
v 3.476594 0.050000 0.204500
v 3.493980 0.050000 0.190319
v 3.510750 0.050000 0.175556
v 3.526832 0.050000 0.160250
v 3.542156 0.050000 0.144444
v 3.556653 0.050000 0.128181
v 3.570251 0.050000 0.111500
v 3.379000 0.050000 0.111500
v 3.379000 0.050000 0.061250
v 3.432250 0.050000 0.061250
v 3.793114 0.050000 -0.031399
v 3.802792 0.050000 -0.016941
v 3.812219 0.050000 -0.002020
v 3.821333 0.050000 0.013222
v 3.830072 0.050000 0.028641
v 3.838375 0.050000 0.044094
v 3.846176 0.050000 0.059437
v 3.853416 0.050000 0.074528
v 3.860031 0.050000 0.089223
v 3.865958 0.050000 0.103378
v 3.871136 0.050000 0.116852
v 3.875500 0.050000 0.129500
v 3.827500 0.050000 0.151250
v 3.823653 0.050000 0.138558
v 3.818916 0.050000 0.124962
v 3.813366 0.050000 0.110621
v 3.807083 0.050000 0.095694
v 3.800143 0.050000 0.080341
v 3.792624 0.050000 0.064719
v 3.784607 0.050000 0.048987
v 3.776167 0.050000 0.033306
v 3.767383 0.050000 0.017832
v 3.758333 0.050000 0.002726
v 3.749096 0.050000 -0.011855
v 3.739750 0.050000 -0.025750
v 3.783250 0.050000 -0.045250
v 3.976750 0.050000 -0.166750
v 4.058500 0.050000 -0.166750
v 4.058500 0.050000 -0.112750
v 3.976750 0.050000 -0.112750
v 3.976750 0.050000 0.279500
v 3.976559 0.050000 0.287913
v 3.975979 0.050000 0.295556
v 3.974991 0.050000 0.302469
v 3.973582 0.050000 0.308694
v 3.971736 0.050000 0.314274
v 3.969437 0.050000 0.319250
v 3.966669 0.050000 0.323663
v 3.963416 0.050000 0.327556
v 3.959664 0.050000 0.330969
v 3.955397 0.050000 0.333944
v 3.950597 0.050000 0.336524
v 3.945251 0.050000 0.338750
v 3.939308 0.050000 0.341019
v 3.932710 0.050000 0.342965
v 3.925424 0.050000 0.344609
v 3.917418 0.050000 0.345972
v 3.908663 0.050000 0.347075
v 3.899126 0.050000 0.347937
v 3.888777 0.050000 0.348582
v 3.877584 0.050000 0.349028
v 3.865517 0.050000 0.349297
v 3.852543 0.050000 0.349410
v 3.838631 0.050000 0.349387
v 3.823750 0.050000 0.349250
v 3.822894 0.050000 0.345495
v 3.821837 0.050000 0.341399
v 3.820598 0.050000 0.337027
v 3.819194 0.050000 0.332444
v 3.817645 0.050000 0.327716
v 3.815969 0.050000 0.322906
v 3.814182 0.050000 0.318081
v 3.812305 0.050000 0.313306
v 3.810356 0.050000 0.308645
v 3.808351 0.050000 0.304163
v 3.806310 0.050000 0.299927
v 3.804251 0.050000 0.296000
v 3.815767 0.050000 0.296344
v 3.827007 0.050000 0.296628
v 3.837883 0.050000 0.296855
v 3.848306 0.050000 0.297028
v 3.858187 0.050000 0.297148
v 3.867438 0.050000 0.297219
v 3.875971 0.050000 0.297243
v 3.883696 0.050000 0.297222
v 3.890525 0.050000 0.297160
v 3.896369 0.050000 0.297059
v 3.901140 0.050000 0.296921
v 3.904751 0.050000 0.296750
v 3.907955 0.050000 0.296511
v 3.910828 0.050000 0.296149
v 3.913376 0.050000 0.295637
v 3.915611 0.050000 0.294944
v 3.917545 0.050000 0.294044
v 3.919188 0.050000 0.292906
v 3.920549 0.050000 0.291503
v 3.921638 0.050000 0.289806
v 3.922468 0.050000 0.287785
v 3.923049 0.050000 0.285413
v 3.923389 0.050000 0.282661
v 3.923500 0.050000 0.279500
v 3.923500 0.050000 -0.112750
v 3.713500 0.050000 -0.112750
v 3.713500 0.050000 -0.166750
v 3.923500 0.050000 -0.166750
v 3.923500 0.050000 -0.337000
v 3.976750 0.050000 -0.337000
v 3.286166 0.050000 -0.207757
v 3.276955 0.050000 -0.199181
v 3.267426 0.050000 -0.190563
v 3.257638 0.050000 -0.181944
v 3.247653 0.050000 -0.173368
v 3.237531 0.050000 -0.164875
v 3.227329 0.050000 -0.156507
v 3.217111 0.050000 -0.148306
v 3.206933 0.050000 -0.140313
v 3.196857 0.050000 -0.132569
v 3.186943 0.050000 -0.125118
v 3.177250 0.050000 -0.118000
v 3.187873 0.050000 -0.108955
v 3.198739 0.050000 -0.100201
v 3.209839 0.050000 -0.091750
v 3.221166 0.050000 -0.083611
v 3.232712 0.050000 -0.075795
v 3.244469 0.050000 -0.068312
v 3.256428 0.050000 -0.061174
v 3.268583 0.050000 -0.054389
v 3.280926 0.050000 -0.047969
v 3.293447 0.050000 -0.041924
v 3.306142 0.050000 -0.036264
v 3.319000 0.050000 -0.031000
v 3.315554 0.050000 -0.027979
v 3.311994 0.050000 -0.024580
v 3.308360 0.050000 -0.020863
v 3.304695 0.050000 -0.016889
v 3.301041 0.050000 -0.012717
v 3.297438 0.050000 -0.008406
v 3.293929 0.050000 -0.004018
v 3.290556 0.050000 0.000389
v 3.287359 0.050000 0.004754
v 3.284382 0.050000 0.009017
v 3.281665 0.050000 0.013119
v 3.279250 0.050000 0.017000
v 3.269734 0.050000 0.012579
v 3.260316 0.050000 0.007944
v 3.250996 0.050000 0.003102
v 3.241777 0.050000 -0.001944
v 3.232664 0.050000 -0.007188
v 3.223657 0.050000 -0.012625
v 3.214759 0.050000 -0.018249
v 3.205973 0.050000 -0.024056
v 3.197301 0.050000 -0.030039
v 3.188746 0.050000 -0.036194
v 3.180312 0.050000 -0.042517
v 3.172000 0.050000 -0.049000
v 3.172000 0.050000 -0.019750
v 3.084250 0.050000 -0.019750
v 3.084250 0.050000 0.092000
v 3.263500 0.050000 0.092000
v 3.263500 0.050000 0.144500
v 3.084250 0.050000 0.144500
v 3.084250 0.050000 0.265250
v 3.084354 0.050000 0.270838
v 3.084702 0.050000 0.275639
v 3.085353 0.050000 0.279711
v 3.086362 0.050000 0.283111
v 3.087788 0.050000 0.285897
v 3.089688 0.050000 0.288125
v 3.092120 0.050000 0.289853
v 3.095140 0.050000 0.291139
v 3.098805 0.050000 0.292039
v 3.103174 0.050000 0.292611
v 3.108303 0.050000 0.292912
v 3.114250 0.050000 0.293000
v 3.118181 0.050000 0.293000
v 3.123763 0.050000 0.293000
v 3.130679 0.050000 0.293000
v 3.138611 0.050000 0.293000
v 3.147240 0.050000 0.293000
v 3.156250 0.050000 0.293000
v 3.165322 0.050000 0.293000
v 3.174139 0.050000 0.293000
v 3.182383 0.050000 0.293000
v 3.189736 0.050000 0.293000
v 3.195881 0.050000 0.293000
v 3.200500 0.050000 0.293000
v 3.206089 0.050000 0.292673
v 3.210902 0.050000 0.291573
v 3.215007 0.050000 0.289520
v 3.218472 0.050000 0.286333
v 3.221364 0.050000 0.281835
v 3.223750 0.050000 0.275844
v 3.225698 0.050000 0.268181
v 3.227278 0.050000 0.258667
v 3.228555 0.050000 0.247121
v 3.229598 0.050000 0.233365
v 3.230473 0.050000 0.217217
v 3.231250 0.050000 0.198500
v 3.234632 0.050000 0.200919
v 3.238361 0.050000 0.203292
v 3.242383 0.050000 0.205602
v 3.246640 0.050000 0.207833
v 3.251073 0.050000 0.209971
v 3.255627 0.050000 0.212000
v 3.260242 0.050000 0.213904
v 3.264863 0.050000 0.215667
v 3.269431 0.050000 0.217273
v 3.273890 0.050000 0.218708
v 3.278182 0.050000 0.219956
v 3.282250 0.050000 0.221000
v 3.280529 0.050000 0.243602
v 3.278298 0.050000 0.263500
v 3.275454 0.050000 0.280836
v 3.271889 0.050000 0.295750
v 3.267502 0.050000 0.308383
v 3.262187 0.050000 0.318875
v 3.255842 0.050000 0.327367
v 3.248361 0.050000 0.334000
v 3.239640 0.050000 0.338914
v 3.229576 0.050000 0.342250
v 3.218064 0.050000 0.344148
v 3.205000 0.050000 0.344750
v 3.200490 0.050000 0.344750
v 3.193973 0.050000 0.344750
v 3.185853 0.050000 0.344750
v 3.176528 0.050000 0.344750
v 3.166403 0.050000 0.344750
v 3.155875 0.050000 0.344750
v 3.145349 0.050000 0.344750
v 3.135222 0.050000 0.344750
v 3.125898 0.050000 0.344750
v 3.117778 0.050000 0.344750
v 3.111261 0.050000 0.344750
v 3.106750 0.050000 0.344750
v 3.091780 0.050000 0.344374
v 3.078671 0.050000 0.343181
v 3.067317 0.050000 0.341070
v 3.057611 0.050000 0.337944
v 3.049448 0.050000 0.333704
v 3.042719 0.050000 0.328250
v 3.037318 0.050000 0.321484
v 3.033139 0.050000 0.313306
v 3.030074 0.050000 0.303617
v 3.028017 0.050000 0.292319
v 3.026861 0.050000 0.279313
v 3.026500 0.050000 0.264500
v 3.026500 0.050000 0.144500
v 2.890750 0.050000 0.144500
v 2.886837 0.050000 0.164645
v 2.881310 0.050000 0.184531
v 2.873935 0.050000 0.204090
v 2.864473 0.050000 0.223250
v 2.852689 0.050000 0.241941
v 2.838344 0.050000 0.260094
v 2.821203 0.050000 0.277637
v 2.801028 0.050000 0.294500
v 2.777582 0.050000 0.310613
v 2.750628 0.050000 0.325906
v 2.719930 0.050000 0.340309
v 2.685250 0.050000 0.353750
v 2.683353 0.050000 0.350244
v 2.681073 0.050000 0.346514
v 2.678465 0.050000 0.342617
v 2.675583 0.050000 0.338611
v 2.672483 0.050000 0.334553
v 2.669219 0.050000 0.330500
v 2.665845 0.050000 0.326510
v 2.662417 0.050000 0.322639
v 2.658989 0.050000 0.318945
v 2.655615 0.050000 0.315486
v 2.652350 0.050000 0.312319
v 2.649251 0.050000 0.309500
v 2.679234 0.050000 0.298462
v 2.705934 0.050000 0.286757
v 2.729535 0.050000 0.274438
v 2.750222 0.050000 0.261556
v 2.768180 0.050000 0.248163
v 2.783594 0.050000 0.234312
v 2.796648 0.050000 0.220056
v 2.807528 0.050000 0.205444
v 2.816418 0.050000 0.190531
v 2.823503 0.050000 0.175368
v 2.828969 0.050000 0.160007
v 2.833000 0.050000 0.144500
v 2.665000 0.050000 0.144500
v 2.665000 0.050000 0.092000
v 2.839000 0.050000 0.092000
v 2.839000 0.050000 0.080000
v 2.839000 0.050000 -0.019750
v 2.759500 0.050000 -0.019750
v 2.759500 0.050000 -0.049000
v 2.750281 0.050000 -0.042344
v 2.741006 0.050000 -0.035879
v 2.731679 0.050000 -0.029606
v 2.722304 0.050000 -0.023528
v 2.712889 0.050000 -0.017648
v 2.703437 0.050000 -0.011969
v 2.693954 0.050000 -0.006493
v 2.684444 0.050000 -0.001222
v 2.674914 0.050000 0.003840
v 2.665368 0.050000 0.008691
v 2.655811 0.050000 0.013329
v 2.646250 0.050000 0.017750
v 2.644210 0.050000 0.014431
v 2.641871 0.050000 0.010885
v 2.639277 0.050000 0.007168
v 2.636472 0.050000 0.003333
v 2.633500 0.050000 -0.000564
v 2.630405 0.050000 -0.004469
v 2.627234 0.050000 -0.008327
v 2.624028 0.050000 -0.012083
v 2.620832 0.050000 -0.015684
v 2.617691 0.050000 -0.019073
v 2.614649 0.050000 -0.022197
v 2.611751 0.050000 -0.025000
v 2.624903 0.050000 -0.030528
v 2.638088 0.050000 -0.036601
v 2.651279 0.050000 -0.043199
v 2.664446 0.050000 -0.050306
v 2.677561 0.050000 -0.057902
v 2.690595 0.050000 -0.065969
v 2.703520 0.050000 -0.074489
v 2.716307 0.050000 -0.083444
v 2.728927 0.050000 -0.092816
v 2.741351 0.050000 -0.102587
v 2.753552 0.050000 -0.112737
v 2.765500 0.050000 -0.123250
v 2.759403 0.050000 -0.129240
v 2.752785 0.050000 -0.135542
v 2.745718 0.050000 -0.142094
v 2.738277 0.050000 -0.148833
v 2.730535 0.050000 -0.155698
v 2.722562 0.050000 -0.162625
v 2.714434 0.050000 -0.169552
v 2.706222 0.050000 -0.176417
v 2.698000 0.050000 -0.183156
v 2.689840 0.050000 -0.189708
v 2.681816 0.050000 -0.196010
v 2.674001 0.050000 -0.202000
v 2.710000 0.050000 -0.232000
v 2.717629 0.050000 -0.226415
v 2.725472 0.050000 -0.220566
v 2.733461 0.050000 -0.214504
v 2.741528 0.050000 -0.208278
v 2.749605 0.050000 -0.201937
v 2.757626 0.050000 -0.195531
v 2.765520 0.050000 -0.189110
v 2.773223 0.050000 -0.182722
v 2.780664 0.050000 -0.176418
v 2.787778 0.050000 -0.170247
v 2.794496 0.050000 -0.164257
v 2.800750 0.050000 -0.158500
v 2.807623 0.050000 -0.166249
v 2.814358 0.050000 -0.174118
v 2.820942 0.050000 -0.182102
v 2.827361 0.050000 -0.190195
v 2.833604 0.050000 -0.198392
v 2.839657 0.050000 -0.206688
v 2.845506 0.050000 -0.215077
v 2.851139 0.050000 -0.223556
v 2.856543 0.050000 -0.232117
v 2.861705 0.050000 -0.240757
v 2.866611 0.050000 -0.249470
v 2.871250 0.050000 -0.258250
v 2.683750 0.050000 -0.258250
v 2.683750 0.050000 -0.307750
v 2.898251 0.050000 -0.307750
v 2.908751 0.050000 -0.310000
v 2.946250 0.050000 -0.292000
v 2.937682 0.050000 -0.270361
v 2.928133 0.050000 -0.249323
v 2.917657 0.050000 -0.228895
v 2.906307 0.050000 -0.209083
v 2.894134 0.050000 -0.189897
v 2.881188 0.050000 -0.171344
v 2.867525 0.050000 -0.153431
v 2.853195 0.050000 -0.136167
v 2.838250 0.050000 -0.119559
v 2.822743 0.050000 -0.103615
v 2.806726 0.050000 -0.088342
v 2.790250 0.050000 -0.073750
v 3.142751 0.050000 -0.073750
v 3.125050 0.050000 -0.090666
v 3.107965 0.050000 -0.108392
v 3.091516 0.050000 -0.126895
v 3.075722 0.050000 -0.146139
v 3.060606 0.050000 -0.166092
v 3.046187 0.050000 -0.186719
v 3.032487 0.050000 -0.207987
v 3.019527 0.050000 -0.229861
v 3.007328 0.050000 -0.252309
v 2.995910 0.050000 -0.275295
v 2.985293 0.050000 -0.298787
v 2.975500 0.050000 -0.322750
v 3.024251 0.050000 -0.337750
v 3.027501 0.050000 -0.329531
v 3.030875 0.050000 -0.321372
v 3.034375 0.050000 -0.313270
v 3.038000 0.050000 -0.305222
v 3.041750 0.050000 -0.297227
v 3.045625 0.050000 -0.289281
v 3.049625 0.050000 -0.281382
v 3.053750 0.050000 -0.273528
v 3.058000 0.050000 -0.265715
v 3.062375 0.050000 -0.257941
v 3.066875 0.050000 -0.250204
v 3.071500 0.050000 -0.242500
v 3.079819 0.050000 -0.249584
v 3.088233 0.050000 -0.256924
v 3.096684 0.050000 -0.264461
v 3.105111 0.050000 -0.272139
v 3.113455 0.050000 -0.279900
v 3.121656 0.050000 -0.287688
v 3.129654 0.050000 -0.295444
v 3.137389 0.050000 -0.303111
v 3.144801 0.050000 -0.310633
v 3.151830 0.050000 -0.317951
v 3.158416 0.050000 -0.325010
v 3.164500 0.050000 -0.331750
v 3.207250 0.050000 -0.301750
v 3.198820 0.050000 -0.293445
v 3.190068 0.050000 -0.285059
v 3.181046 0.050000 -0.276637
v 3.171805 0.050000 -0.268222
v 3.162397 0.050000 -0.259860
v 3.152874 0.050000 -0.251594
v 3.143289 0.050000 -0.243468
v 3.133694 0.050000 -0.235528
v 3.124140 0.050000 -0.227816
v 3.114680 0.050000 -0.220378
v 3.105366 0.050000 -0.213258
v 3.096251 0.050000 -0.206500
v 3.100032 0.050000 -0.201454
v 3.103876 0.050000 -0.196441
v 3.107781 0.050000 -0.191465
v 3.111751 0.050000 -0.186528
v 3.115782 0.050000 -0.181632
v 3.119875 0.050000 -0.176781
v 3.124032 0.050000 -0.171977
v 3.128250 0.050000 -0.167222
v 3.132532 0.050000 -0.162520
v 3.136875 0.050000 -0.157872
v 3.141281 0.050000 -0.153281
v 3.145750 0.050000 -0.148750
v 3.155065 0.050000 -0.156254
v 3.164580 0.050000 -0.164097
v 3.174215 0.050000 -0.172211
v 3.183889 0.050000 -0.180528
v 3.193521 0.050000 -0.188980
v 3.203032 0.050000 -0.197500
v 3.212338 0.050000 -0.206020
v 3.221361 0.050000 -0.214472
v 3.230020 0.050000 -0.222789
v 3.238233 0.050000 -0.230903
v 3.245920 0.050000 -0.238746
v 3.253000 0.050000 -0.246250
v 3.295001 0.050000 -0.216250
v 2.895250 0.050000 0.080750
v 2.895250 0.050000 -0.019750
v 3.026500 0.050000 -0.019750
v 3.026500 0.050000 0.092000
v 2.895250 0.050000 0.092000
v 2.424021 0.050000 -0.012688
v 2.412848 0.050000 -0.008378
v 2.401258 0.050000 -0.003824
v 2.389278 0.050000 0.000972
v 2.376934 0.050000 0.006008
v 2.364251 0.050000 0.011281
v 2.351255 0.050000 0.016789
v 2.337974 0.050000 0.022528
v 2.324430 0.050000 0.028496
v 2.310654 0.050000 0.034691
v 2.296668 0.050000 0.041110
v 2.282500 0.050000 0.047750
v 2.284750 0.050000 0.191750
v 2.227000 0.050000 0.191750
v 2.227359 0.050000 0.184048
v 2.227687 0.050000 0.175635
v 2.227984 0.050000 0.166613
v 2.228250 0.050000 0.157083
v 2.228484 0.050000 0.147147
v 2.228687 0.050000 0.136906
v 2.228859 0.050000 0.126462
v 2.229000 0.050000 0.115917
v 2.229109 0.050000 0.105371
v 2.229187 0.050000 0.094927
v 2.229235 0.050000 0.084686
v 2.229250 0.050000 0.074750
v 2.212266 0.050000 0.084004
v 2.196253 0.050000 0.093406
v 2.181309 0.050000 0.102980
v 2.167528 0.050000 0.112750
v 2.155007 0.050000 0.122738
v 2.143844 0.050000 0.132969
v 2.134133 0.050000 0.143465
v 2.125972 0.050000 0.154250
v 2.119457 0.050000 0.165348
v 2.114684 0.050000 0.176781
v 2.111750 0.050000 0.188574
v 2.110750 0.050000 0.200750
v 2.111945 0.050000 0.214367
v 2.115440 0.050000 0.226062
v 2.121097 0.050000 0.235977
v 2.128778 0.050000 0.244250
v 2.138343 0.050000 0.251023
v 2.149656 0.050000 0.256437
v 2.162579 0.050000 0.260633
v 2.176973 0.050000 0.263750
v 2.192700 0.050000 0.265930
v 2.209622 0.050000 0.267312
v 2.227602 0.050000 0.268039
v 2.246500 0.050000 0.268250
v 2.261558 0.050000 0.268111
v 2.277396 0.050000 0.267698
v 2.293891 0.050000 0.267020
v 2.310917 0.050000 0.266083
v 2.328349 0.050000 0.264897
v 2.346062 0.050000 0.263469
v 2.363932 0.050000 0.261806
v 2.381834 0.050000 0.259917
v 2.399641 0.050000 0.257809
v 2.417230 0.050000 0.255490
v 2.434474 0.050000 0.252967
v 2.451251 0.050000 0.250250
v 2.449750 0.050000 0.310250
v 2.434978 0.050000 0.312091
v 2.419267 0.050000 0.313854
v 2.402769 0.050000 0.315523
v 2.385639 0.050000 0.317083
v 2.368029 0.050000 0.318518
v 2.350094 0.050000 0.319813
v 2.331986 0.050000 0.320951
v 2.313861 0.050000 0.321917
v 2.295871 0.050000 0.322695
v 2.278170 0.050000 0.323271
v 2.260912 0.050000 0.323628
v 2.244250 0.050000 0.323750
v 2.217913 0.050000 0.323240
v 2.192677 0.050000 0.321604
v 2.168770 0.050000 0.318687
v 2.146417 0.050000 0.314333
v 2.125845 0.050000 0.308385
v 2.107281 0.050000 0.300687
v 2.090952 0.050000 0.291083
v 2.077083 0.050000 0.279417
v 2.065902 0.050000 0.265531
v 2.057635 0.050000 0.249271
v 2.052509 0.050000 0.230479
v 2.050750 0.050000 0.209000
v 2.052558 0.050000 0.187549
v 2.057768 0.050000 0.167392
v 2.066068 0.050000 0.148449
v 2.077140 0.050000 0.130639
v 2.090670 0.050000 0.113881
v 2.106344 0.050000 0.098094
v 2.123847 0.050000 0.083197
v 2.142861 0.050000 0.069111
v 2.163074 0.050000 0.055754
v 2.184171 0.050000 0.043045
v 2.205834 0.050000 0.030904
v 2.227750 0.050000 0.019250
v 2.225476 0.050000 0.011560
v 2.222435 0.050000 0.004608
v 2.218669 0.050000 -0.001621
v 2.214223 0.050000 -0.007139
v 2.209142 0.050000 -0.011959
v 2.203469 0.050000 -0.016094
v 2.197249 0.050000 -0.019557
v 2.190528 0.050000 -0.022361
v 2.183347 0.050000 -0.024520
v 2.175754 0.050000 -0.026045
v 2.167789 0.050000 -0.026951
v 2.159500 0.050000 -0.027250
v 2.147681 0.050000 -0.026774
v 2.135882 0.050000 -0.025382
v 2.124156 0.050000 -0.023125
v 2.112556 0.050000 -0.020056
v 2.101132 0.050000 -0.016226
v 2.089938 0.050000 -0.011687
v 2.079024 0.050000 -0.006493
v 2.068444 0.050000 -0.000694
v 2.058249 0.050000 0.005656
v 2.048493 0.050000 0.012507
v 2.039226 0.050000 0.019806
v 2.030500 0.050000 0.027500
v 2.025075 0.050000 0.032716
v 2.019663 0.050000 0.038226
v 2.014246 0.050000 0.044012
v 2.008805 0.050000 0.050056
v 2.003323 0.050000 0.056339
v 1.997781 0.050000 0.062844
v 1.992161 0.050000 0.069552
v 1.986444 0.050000 0.076444
v 1.980613 0.050000 0.083504
v 1.974649 0.050000 0.090712
v 1.968534 0.050000 0.098050
v 1.962250 0.050000 0.105500
v 1.911250 0.050000 0.068000
v 1.933966 0.050000 0.045423
v 1.954916 0.050000 0.023448
v 1.974179 0.050000 0.002082
v 1.991833 0.050000 -0.018667
v 2.007956 0.050000 -0.038790
v 2.022625 0.050000 -0.058281
v 2.035919 0.050000 -0.077132
v 2.047917 0.050000 -0.095333
v 2.058696 0.050000 -0.112879
v 2.068334 0.050000 -0.129760
v 2.076909 0.050000 -0.145970
v 2.084500 0.050000 -0.161500
v 2.051500 0.050000 -0.161500
v 2.043094 0.050000 -0.161531
v 2.034056 0.050000 -0.161625
v 2.024477 0.050000 -0.161781
v 2.014445 0.050000 -0.162000
v 2.004048 0.050000 -0.162281
v 1.993375 0.050000 -0.162625
v 1.982515 0.050000 -0.163031
v 1.971556 0.050000 -0.163500
v 1.960586 0.050000 -0.164031
v 1.949695 0.050000 -0.164625
v 1.938970 0.050000 -0.165281
v 1.928500 0.050000 -0.166000
v 1.928500 0.050000 -0.222250
v 1.938684 0.050000 -0.220985
v 1.949295 0.050000 -0.219816
v 1.960222 0.050000 -0.218746
v 1.971361 0.050000 -0.217778
v 1.982604 0.050000 -0.216914
v 1.993844 0.050000 -0.216156
v 2.004974 0.050000 -0.215508
v 2.015889 0.050000 -0.214972
v 2.026481 0.050000 -0.214551
v 2.036643 0.050000 -0.214247
v 2.046268 0.050000 -0.214062
v 2.055250 0.050000 -0.214000
v 2.104750 0.050000 -0.214750
v 2.107295 0.050000 -0.222839
v 2.109679 0.050000 -0.230965
v 2.111897 0.050000 -0.239102
v 2.113944 0.050000 -0.247222
v 2.115813 0.050000 -0.255301
v 2.117499 0.050000 -0.263313
v 2.118999 0.050000 -0.271230
v 2.120305 0.050000 -0.279028
v 2.121414 0.050000 -0.286680
v 2.122319 0.050000 -0.294160
v 2.123017 0.050000 -0.301442
v 2.123500 0.050000 -0.308500
v 2.185000 0.050000 -0.303250
v 2.183842 0.050000 -0.297485
v 2.182608 0.050000 -0.291441
v 2.181285 0.050000 -0.285121
v 2.179861 0.050000 -0.278528
v 2.178323 0.050000 -0.271664
v 2.176656 0.050000 -0.264531
v 2.174850 0.050000 -0.257133
v 2.172889 0.050000 -0.249472
v 2.170762 0.050000 -0.241551
v 2.168455 0.050000 -0.233372
v 2.165955 0.050000 -0.224937
v 2.163250 0.050000 -0.216250
v 2.182475 0.050000 -0.217252
v 2.201861 0.050000 -0.218389
v 2.221353 0.050000 -0.219672
v 2.240890 0.050000 -0.221111
v 2.260417 0.050000 -0.222717
v 2.279876 0.050000 -0.224500
v 2.299210 0.050000 -0.226471
v 2.318362 0.050000 -0.228639
v 2.337274 0.050000 -0.231016
v 2.355889 0.050000 -0.233611
v 2.374150 0.050000 -0.236436
v 2.392000 0.050000 -0.239500
v 2.391250 0.050000 -0.184000
v 2.372314 0.050000 -0.181123
v 2.352701 0.050000 -0.178486
v 2.332515 0.050000 -0.176078
v 2.311861 0.050000 -0.173889
v 2.290842 0.050000 -0.171908
v 2.269562 0.050000 -0.170125
v 2.248127 0.050000 -0.168530
v 2.226639 0.050000 -0.167111
v 2.205203 0.050000 -0.165859
v 2.183924 0.050000 -0.164764
v 2.162905 0.050000 -0.163814
v 2.142250 0.050000 -0.163000
v 2.137785 0.050000 -0.153007
v 2.133031 0.050000 -0.142931
v 2.128012 0.050000 -0.132813
v 2.122750 0.050000 -0.122694
v 2.117270 0.050000 -0.112618
v 2.111594 0.050000 -0.102625
v 2.105746 0.050000 -0.092757
v 2.099751 0.050000 -0.083056
v 2.093629 0.050000 -0.073563
v 2.087406 0.050000 -0.064319
v 2.081106 0.050000 -0.055368
v 2.074750 0.050000 -0.046750
v 2.082172 0.050000 -0.051077
v 2.090129 0.050000 -0.055056
v 2.098528 0.050000 -0.058680
v 2.107278 0.050000 -0.061944
v 2.116289 0.050000 -0.064845
v 2.125469 0.050000 -0.067375
v 2.134727 0.050000 -0.069530
v 2.143973 0.050000 -0.071306
v 2.153114 0.050000 -0.072695
v 2.162060 0.050000 -0.073694
v 2.170719 0.050000 -0.074298
v 2.179000 0.050000 -0.074500
v 2.190988 0.050000 -0.074003
v 2.202534 0.050000 -0.072521
v 2.213570 0.050000 -0.070070
v 2.224028 0.050000 -0.066667
v 2.233839 0.050000 -0.062326
v 2.242937 0.050000 -0.057063
v 2.251254 0.050000 -0.050893
v 2.258722 0.050000 -0.043833
v 2.265273 0.050000 -0.035898
v 2.270840 0.050000 -0.027104
v 2.275355 0.050000 -0.017466
v 2.278750 0.050000 -0.007000
v 2.291563 0.050000 -0.013051
v 2.304122 0.050000 -0.018844
v 2.316427 0.050000 -0.024402
v 2.328473 0.050000 -0.029750
v 2.340260 0.050000 -0.034910
v 2.351782 0.050000 -0.039906
v 2.363039 0.050000 -0.044762
v 2.374029 0.050000 -0.049500
v 2.384747 0.050000 -0.054145
v 2.395192 0.050000 -0.058719
v 2.405360 0.050000 -0.063246
v 2.415250 0.050000 -0.067750
v 2.420786 0.050000 -0.070159
v 2.426160 0.050000 -0.072521
v 2.431398 0.050000 -0.074852
v 2.436528 0.050000 -0.077167
v 2.441574 0.050000 -0.079482
v 2.446563 0.050000 -0.081813
v 2.451520 0.050000 -0.084175
v 2.456472 0.050000 -0.086583
v 2.461446 0.050000 -0.089055
v 2.466465 0.050000 -0.091604
v 2.471558 0.050000 -0.094247
v 2.476750 0.050000 -0.097000
v 2.501500 0.050000 -0.040750
v 2.496478 0.050000 -0.039332
v 2.491192 0.050000 -0.037722
v 2.485692 0.050000 -0.035945
v 2.480029 0.050000 -0.034028
v 2.474250 0.050000 -0.031996
v 2.468407 0.050000 -0.029875
v 2.462548 0.050000 -0.027692
v 2.456723 0.050000 -0.025472
v 2.450981 0.050000 -0.023242
v 2.445372 0.050000 -0.021028
v 2.439945 0.050000 -0.018855
v 2.434751 0.050000 -0.016750
v 1.291000 0.050000 -0.250000
v 1.133500 0.050000 -0.250000
v 1.133500 0.050000 -0.301000
v 1.345000 0.050000 -0.301000
v 1.345000 0.050000 -0.084250
v 1.193500 0.050000 -0.084250
v 1.183750 0.050000 0.014750
v 1.345750 0.050000 0.014750
v 1.345749 0.050000 0.015094
v 1.345747 0.050000 0.016062
v 1.345738 0.050000 0.017562
v 1.345722 0.050000 0.019500
v 1.345696 0.050000 0.021781
v 1.345656 0.050000 0.024312
v 1.345602 0.050000 0.027000
v 1.345528 0.050000 0.029750
v 1.345434 0.050000 0.032469
v 1.345316 0.050000 0.035062
v 1.345173 0.050000 0.037437
v 1.345000 0.050000 0.039500
v 1.342743 0.050000 0.084510
v 1.340445 0.050000 0.124833
v 1.338063 0.050000 0.160719
v 1.335556 0.050000 0.192417
v 1.332882 0.050000 0.220177
v 1.330000 0.050000 0.244250
v 1.326868 0.050000 0.264885
v 1.323444 0.050000 0.282333
v 1.319688 0.050000 0.296844
v 1.315556 0.050000 0.308667
v 1.311007 0.050000 0.318052
v 1.306000 0.050000 0.325250
v 1.302620 0.050000 0.329130
v 1.299209 0.050000 0.332542
v 1.295734 0.050000 0.335516
v 1.292167 0.050000 0.338083
v 1.288474 0.050000 0.340276
v 1.284625 0.050000 0.342125
v 1.280589 0.050000 0.343661
v 1.276334 0.050000 0.344917
v 1.271829 0.050000 0.345922
v 1.267042 0.050000 0.346708
v 1.261943 0.050000 0.347307
v 1.256500 0.050000 0.347750
v 1.251290 0.050000 0.348266
v 1.245448 0.050000 0.348687
v 1.239027 0.050000 0.349016
v 1.232083 0.050000 0.349250
v 1.224670 0.050000 0.349391
v 1.216844 0.050000 0.349438
v 1.208657 0.050000 0.349391
v 1.200167 0.050000 0.349250
v 1.191426 0.050000 0.349016
v 1.182490 0.050000 0.348687
v 1.173413 0.050000 0.348266
v 1.164250 0.050000 0.347750
v 1.163782 0.050000 0.343493
v 1.163129 0.050000 0.339007
v 1.162293 0.050000 0.334344
v 1.161278 0.050000 0.329556
v 1.160086 0.050000 0.324694
v 1.158719 0.050000 0.319813
v 1.157181 0.050000 0.314962
v 1.155473 0.050000 0.310194
v 1.153598 0.050000 0.305562
v 1.151559 0.050000 0.301118
v 1.149359 0.050000 0.296913
v 1.147000 0.050000 0.293000
v 1.156332 0.050000 0.293689
v 1.165527 0.050000 0.294264
v 1.174516 0.050000 0.294734
v 1.183222 0.050000 0.295111
v 1.191574 0.050000 0.295404
v 1.199500 0.050000 0.295625
v 1.206925 0.050000 0.295783
v 1.213778 0.050000 0.295889
v 1.219984 0.050000 0.295953
v 1.225472 0.050000 0.295986
v 1.230168 0.050000 0.295998
v 1.234000 0.050000 0.296000
v 1.237238 0.050000 0.296138
v 1.240218 0.050000 0.296170
v 1.242964 0.050000 0.296082
v 1.245500 0.050000 0.295861
v 1.247848 0.050000 0.295494
v 1.250031 0.050000 0.294969
v 1.252074 0.050000 0.294271
v 1.254000 0.050000 0.293389
v 1.255832 0.050000 0.292309
v 1.257594 0.050000 0.291017
v 1.259309 0.050000 0.289502
v 1.261000 0.050000 0.287750
v 1.264441 0.050000 0.283238
v 1.267650 0.050000 0.276715
v 1.270645 0.050000 0.268016
v 1.273445 0.050000 0.256972
v 1.276068 0.050000 0.243418
v 1.278532 0.050000 0.227187
v 1.280855 0.050000 0.208113
v 1.283056 0.050000 0.186028
v 1.285152 0.050000 0.160766
v 1.287164 0.050000 0.132160
v 1.289106 0.050000 0.100043
v 1.291000 0.050000 0.064250
v 1.177750 0.050000 0.064250
v 1.173250 0.050000 0.098750
v 1.123000 0.050000 0.089750
v 1.125449 0.050000 0.074394
v 1.127903 0.050000 0.057715
v 1.130336 0.050000 0.039922
v 1.132722 0.050000 0.021222
v 1.135036 0.050000 0.001825
v 1.137250 0.050000 -0.018063
v 1.139339 0.050000 -0.038231
v 1.141278 0.050000 -0.058472
v 1.143039 0.050000 -0.078578
v 1.144598 0.050000 -0.098340
v 1.145926 0.050000 -0.117550
v 1.147000 0.050000 -0.136000
v 1.291000 0.050000 -0.136000
v 1.437354 0.050000 -0.316111
v 1.444014 0.050000 -0.306014
v 1.450446 0.050000 -0.295562
v 1.456612 0.050000 -0.284861
v 1.462475 0.050000 -0.274014
v 1.468000 0.050000 -0.263125
v 1.473150 0.050000 -0.252299
v 1.477889 0.050000 -0.241639
v 1.482180 0.050000 -0.231250
v 1.485987 0.050000 -0.221236
v 1.489272 0.050000 -0.211701
v 1.492001 0.050000 -0.202750
v 1.443250 0.050000 -0.183250
v 1.440868 0.050000 -0.192404
v 1.437879 0.050000 -0.202167
v 1.434332 0.050000 -0.212430
v 1.430278 0.050000 -0.223083
v 1.425765 0.050000 -0.234018
v 1.420844 0.050000 -0.245125
v 1.415563 0.050000 -0.256294
v 1.409972 0.050000 -0.267417
v 1.404121 0.050000 -0.278383
v 1.398059 0.050000 -0.289083
v 1.391836 0.050000 -0.299409
v 1.385500 0.050000 -0.309250
v 1.430500 0.050000 -0.325750
v 1.575541 0.050000 -0.330534
v 1.580893 0.050000 -0.319837
v 1.586020 0.050000 -0.308770
v 1.590889 0.050000 -0.297444
v 1.595467 0.050000 -0.285974
v 1.599719 0.050000 -0.274469
v 1.603612 0.050000 -0.263042
v 1.607111 0.050000 -0.251806
v 1.610184 0.050000 -0.240871
v 1.612795 0.050000 -0.230351
v 1.614912 0.050000 -0.220356
v 1.616500 0.050000 -0.211000
v 1.567750 0.050000 -0.195250
v 1.566177 0.050000 -0.204622
v 1.564107 0.050000 -0.214663
v 1.561574 0.050000 -0.225262
v 1.558611 0.050000 -0.236306
v 1.555252 0.050000 -0.247683
v 1.551531 0.050000 -0.259281
v 1.547482 0.050000 -0.270989
v 1.543139 0.050000 -0.282694
v 1.538535 0.050000 -0.294285
v 1.533705 0.050000 -0.305649
v 1.528682 0.050000 -0.316675
v 1.523500 0.050000 -0.327250
v 1.570000 0.050000 -0.340750
v 1.783818 0.050000 -0.298434
v 1.776920 0.050000 -0.286660
v 1.769840 0.050000 -0.274750
v 1.762611 0.050000 -0.262778
v 1.755268 0.050000 -0.250816
v 1.747844 0.050000 -0.238938
v 1.740373 0.050000 -0.227215
v 1.732889 0.050000 -0.215722
v 1.725426 0.050000 -0.204531
v 1.718018 0.050000 -0.193715
v 1.710698 0.050000 -0.183347
v 1.703500 0.050000 -0.173500
v 1.783751 0.050000 -0.173500
v 1.783751 0.050000 0.101000
v 1.612750 0.050000 0.101000
v 1.612750 0.050000 0.166250
v 1.810750 0.050000 0.166250
v 1.810750 0.050000 0.216500
v 1.612750 0.050000 0.216500
v 1.612750 0.050000 0.350000
v 1.558000 0.050000 0.350000
v 1.558000 0.050000 0.216500
v 1.360750 0.050000 0.216500
v 1.360750 0.050000 0.166250
v 1.558000 0.050000 0.166250
v 1.558000 0.050000 0.101000
v 1.396750 0.050000 0.101000
v 1.396750 0.050000 -0.173500
v 1.663000 0.050000 -0.173500
v 1.651750 0.050000 -0.179500
v 1.659234 0.050000 -0.190145
v 1.666999 0.050000 -0.201726
v 1.674953 0.050000 -0.214082
v 1.683000 0.050000 -0.227056
v 1.691047 0.050000 -0.240487
v 1.699000 0.050000 -0.254219
v 1.706766 0.050000 -0.268091
v 1.714250 0.050000 -0.281944
v 1.721359 0.050000 -0.295621
v 1.728000 0.050000 -0.308962
v 1.734078 0.050000 -0.321808
v 1.739500 0.050000 -0.334000
v 1.790500 0.050000 -0.310000
v 1.558000 0.050000 0.056000
v 1.558000 0.050000 -0.015250
v 1.446250 0.050000 -0.015250
v 1.446250 0.050000 0.056000
v 1.732000 0.050000 0.056000
v 1.732000 0.050000 -0.015250
v 1.612750 0.050000 -0.015250
v 1.612750 0.050000 0.056000
v 1.558000 0.050000 -0.058000
v 1.558000 0.050000 -0.128500
v 1.446250 0.050000 -0.128500
v 1.446250 0.050000 -0.058000
v 1.732000 0.050000 -0.058000
v 1.732000 0.050000 -0.128500
v 1.612750 0.050000 -0.128500
v 1.612750 0.050000 -0.058000
v 0.480069 0.050000 -0.208743
v 0.497678 0.050000 -0.210569
v 0.518489 0.050000 -0.212688
v 0.542167 0.050000 -0.215056
v 0.568377 0.050000 -0.217632
v 0.596781 0.050000 -0.220375
v 0.627046 0.050000 -0.223243
v 0.658834 0.050000 -0.226194
v 0.691809 0.050000 -0.229188
v 0.725636 0.050000 -0.232181
v 0.759978 0.050000 -0.235132
v 0.794500 0.050000 -0.238000
v 0.814698 0.050000 -0.239641
v 0.834396 0.050000 -0.241187
v 0.853563 0.050000 -0.242641
v 0.872167 0.050000 -0.244000
v 0.890177 0.050000 -0.245266
v 0.907563 0.050000 -0.246438
v 0.924292 0.050000 -0.247516
v 0.940333 0.050000 -0.248500
v 0.955657 0.050000 -0.249391
v 0.970230 0.050000 -0.250187
v 0.984021 0.050000 -0.250891
v 0.997000 0.050000 -0.251500
v 0.997000 0.050000 -0.191500
v 0.985858 0.050000 -0.191479
v 0.973924 0.050000 -0.191392
v 0.961376 0.050000 -0.191207
v 0.948390 0.050000 -0.190889
v 0.935143 0.050000 -0.190404
v 0.921813 0.050000 -0.189719
v 0.908577 0.050000 -0.188799
v 0.895612 0.050000 -0.187611
v 0.883094 0.050000 -0.186121
v 0.871202 0.050000 -0.184295
v 0.860111 0.050000 -0.182099
v 0.850000 0.050000 -0.179500
v 0.824249 0.050000 -0.169279
v 0.800299 0.050000 -0.156108
v 0.778235 0.050000 -0.140348
v 0.758140 0.050000 -0.122361
v 0.740096 0.050000 -0.102510
v 0.724188 0.050000 -0.081156
v 0.710499 0.050000 -0.058662
v 0.699111 0.050000 -0.035389
v 0.690110 0.050000 -0.011699
v 0.683577 0.050000 0.012045
v 0.679596 0.050000 0.035482
v 0.678250 0.050000 0.058250
v 0.681006 0.050000 0.092768
v 0.688927 0.050000 0.123330
v 0.701488 0.050000 0.150137
v 0.718166 0.050000 0.173389
v 0.738439 0.050000 0.193287
v 0.761781 0.050000 0.210031
v 0.787671 0.050000 0.223822
v 0.815583 0.050000 0.234861
v 0.844996 0.050000 0.243348
v 0.875385 0.050000 0.249483
v 0.906228 0.050000 0.253467
v 0.937000 0.050000 0.255500
v 0.915250 0.050000 0.317750
v 0.880260 0.050000 0.314986
v 0.845074 0.050000 0.309264
v 0.810309 0.050000 0.300500
v 0.776584 0.050000 0.288611
v 0.744515 0.050000 0.273514
v 0.714719 0.050000 0.255125
v 0.687814 0.050000 0.233361
v 0.664417 0.050000 0.208139
v 0.645144 0.050000 0.179375
v 0.630615 0.050000 0.146986
v 0.621444 0.050000 0.110889
v 0.618250 0.050000 0.071000
v 0.619692 0.050000 0.042222
v 0.623847 0.050000 0.014462
v 0.630461 0.050000 -0.012168
v 0.639278 0.050000 -0.037556
v 0.650043 0.050000 -0.061589
v 0.662500 0.050000 -0.084156
v 0.676395 0.050000 -0.105145
v 0.691473 0.050000 -0.124444
v 0.707477 0.050000 -0.141941
v 0.724153 0.050000 -0.157524
v 0.741246 0.050000 -0.171081
v 0.758500 0.050000 -0.182500
v 0.736253 0.050000 -0.180068
v 0.710150 0.050000 -0.177295
v 0.680958 0.050000 -0.174215
v 0.649445 0.050000 -0.170861
v 0.616380 0.050000 -0.167268
v 0.582531 0.050000 -0.163469
v 0.548667 0.050000 -0.159498
v 0.515556 0.050000 -0.155389
v 0.483965 0.050000 -0.151176
v 0.454663 0.050000 -0.146892
v 0.428419 0.050000 -0.142572
v 0.406000 0.050000 -0.138250
v 0.399250 0.050000 -0.203500
v 0.406279 0.050000 -0.203703
v 0.413101 0.050000 -0.203934
v 0.419700 0.050000 -0.204191
v 0.426056 0.050000 -0.204472
v 0.432152 0.050000 -0.204774
v 0.437969 0.050000 -0.205094
v 0.443490 0.050000 -0.205429
v 0.448695 0.050000 -0.205778
v 0.453567 0.050000 -0.206137
v 0.458087 0.050000 -0.206503
v 0.462238 0.050000 -0.206875
v 0.466001 0.050000 -0.207250
v 0.912250 0.050000 0.023000
v 0.907846 0.050000 0.013944
v 0.903268 0.050000 0.004802
v 0.898528 0.050000 -0.004387
v 0.893639 0.050000 -0.013583
v 0.888615 0.050000 -0.022749
v 0.883469 0.050000 -0.031844
v 0.878213 0.050000 -0.040829
v 0.872861 0.050000 -0.049667
v 0.867426 0.050000 -0.058316
v 0.861920 0.050000 -0.066740
v 0.856358 0.050000 -0.074897
v 0.850750 0.050000 -0.082750
v 0.889000 0.050000 -0.099250
v 0.893533 0.050000 -0.092630
v 0.898451 0.050000 -0.085226
v 0.903672 0.050000 -0.077160
v 0.909111 0.050000 -0.068556
v 0.914686 0.050000 -0.059534
v 0.920313 0.050000 -0.050219
v 0.925908 0.050000 -0.040731
v 0.931389 0.050000 -0.031194
v 0.936672 0.050000 -0.021731
v 0.941674 0.050000 -0.012462
v 0.946311 0.050000 -0.003511
v 0.950500 0.050000 0.005000
v 0.997000 0.050000 -0.008500
v 0.992423 0.050000 -0.017684
v 0.987698 0.050000 -0.026851
v 0.982832 0.050000 -0.035980
v 0.977833 0.050000 -0.045056
v 0.972710 0.050000 -0.054058
v 0.967469 0.050000 -0.062969
v 0.962119 0.050000 -0.071770
v 0.956667 0.050000 -0.080444
v 0.951121 0.050000 -0.088973
v 0.945489 0.050000 -0.097337
v 0.939780 0.050000 -0.105519
v 0.934000 0.050000 -0.113500
v 0.970750 0.050000 -0.130750
v 0.975487 0.050000 -0.124145
v 0.980637 0.050000 -0.116781
v 0.986115 0.050000 -0.108777
v 0.991834 0.050000 -0.100250
v 0.997710 0.050000 -0.091316
v 1.003657 0.050000 -0.082094
v 1.009588 0.050000 -0.072699
v 1.015417 0.050000 -0.063250
v 1.021059 0.050000 -0.053863
v 1.026427 0.050000 -0.044656
v 1.031436 0.050000 -0.035746
v 1.036000 0.050000 -0.027250
v -0.210564 0.050000 -0.031000
v -0.183389 0.050000 -0.031000
v -0.149422 0.050000 -0.031000
v -0.110361 0.050000 -0.031000
v -0.067904 0.050000 -0.031000
v -0.023750 0.050000 -0.031000
v 0.020405 0.050000 -0.031000
v 0.062861 0.050000 -0.031000
v 0.101922 0.050000 -0.031000
v 0.135889 0.050000 -0.031000
v 0.163064 0.050000 -0.031000
v 0.181750 0.050000 -0.031000
v 0.190907 0.050000 -0.031045
v 0.199625 0.050000 -0.031174
v 0.207906 0.050000 -0.031375
v 0.215750 0.050000 -0.031639
v 0.223156 0.050000 -0.031955
v 0.230125 0.050000 -0.032312
v 0.236656 0.050000 -0.032701
v 0.242750 0.050000 -0.033111
v 0.248406 0.050000 -0.033531
v 0.253625 0.050000 -0.033951
v 0.258406 0.050000 -0.034361
v 0.262750 0.050000 -0.034750
v 0.262750 0.050000 0.038750
v 0.258665 0.050000 0.038519
v 0.253941 0.050000 0.038212
v 0.248629 0.050000 0.037848
v 0.242778 0.050000 0.037444
v 0.236437 0.050000 0.037020
v 0.229656 0.050000 0.036594
v 0.222485 0.050000 0.036183
v 0.214972 0.050000 0.035806
v 0.207168 0.050000 0.035480
v 0.199121 0.050000 0.035226
v 0.190883 0.050000 0.035059
v 0.182500 0.050000 0.035000
v 0.163656 0.050000 0.035000
v 0.136375 0.050000 0.035000
v 0.102344 0.050000 0.035000
v 0.063250 0.050000 0.035000
v 0.020782 0.050000 0.035000
v -0.023375 0.050000 0.035000
v -0.067531 0.050000 0.035000
v -0.110000 0.050000 0.035000
v -0.149094 0.050000 0.035000
v -0.183125 0.050000 0.035000
v -0.210406 0.050000 0.035000
v -0.229250 0.050000 0.035000
v -0.239522 0.050000 0.035031
v -0.249680 0.050000 0.035122
v -0.259672 0.050000 0.035270
v -0.269444 0.050000 0.035472
v -0.278946 0.050000 0.035727
v -0.288125 0.050000 0.036031
v -0.296929 0.050000 0.036382
v -0.305305 0.050000 0.036778
v -0.313203 0.050000 0.037215
v -0.320569 0.050000 0.037691
v -0.327352 0.050000 0.038204
v -0.333500 0.050000 0.038750
v -0.333500 0.050000 -0.034750
v -0.327525 0.050000 -0.034361
v -0.320883 0.050000 -0.033951
v -0.313626 0.050000 -0.033531
v -0.305806 0.050000 -0.033111
v -0.297476 0.050000 -0.032701
v -0.288688 0.050000 -0.032313
v -0.279493 0.050000 -0.031955
v -0.269945 0.050000 -0.031639
v -0.260094 0.050000 -0.031375
v -0.249993 0.050000 -0.031174
v -0.239694 0.050000 -0.031045
v -0.229250 0.050000 -0.031000
v -1.003477 0.050000 0.076285
v -0.991500 0.050000 0.074531
v -0.977961 0.050000 0.072512
v -0.963000 0.050000 0.070250
v -0.946758 0.050000 0.067769
v -0.929375 0.050000 0.065094
v -0.910992 0.050000 0.062246
v -0.891750 0.050000 0.059250
v -0.871789 0.050000 0.056129
v -0.851250 0.050000 0.052906
v -0.830273 0.050000 0.049605
v -0.809000 0.050000 0.046250
v -0.839000 0.050000 -0.104500
v -1.004000 0.050000 -0.077500
v -1.009177 0.050000 -0.076562
v -1.014229 0.050000 -0.075618
v -1.019187 0.050000 -0.074664
v -1.024083 0.050000 -0.073694
v -1.028948 0.050000 -0.072704
v -1.033812 0.050000 -0.071688
v -1.038708 0.050000 -0.070640
v -1.043667 0.050000 -0.069556
v -1.048719 0.050000 -0.068430
v -1.053896 0.050000 -0.067257
v -1.059229 0.050000 -0.066032
v -1.064750 0.050000 -0.064750
v -1.077500 0.050000 -0.132250
v -1.072795 0.050000 -0.132454
v -1.068046 0.050000 -0.132691
v -1.063239 0.050000 -0.132965
v -1.058361 0.050000 -0.133278
v -1.053401 0.050000 -0.133632
v -1.048344 0.050000 -0.134031
v -1.043178 0.050000 -0.134477
v -1.037889 0.050000 -0.134972
v -1.032465 0.050000 -0.135520
v -1.026892 0.050000 -0.136122
v -1.021158 0.050000 -0.136781
v -1.015250 0.050000 -0.137500
v -1.007205 0.050000 -0.138388
v -0.997766 0.050000 -0.139538
v -0.987042 0.050000 -0.140934
v -0.975138 0.050000 -0.142556
v -0.962161 0.050000 -0.144386
v -0.948218 0.050000 -0.146406
v -0.933415 0.050000 -0.148599
v -0.917861 0.050000 -0.150944
v -0.901659 0.050000 -0.153426
v -0.884920 0.050000 -0.156024
v -0.867747 0.050000 -0.158722
v -0.850250 0.050000 -0.161500
v -0.866000 0.050000 -0.240250
v -0.866967 0.050000 -0.245063
v -0.867993 0.050000 -0.249757
v -0.869070 0.050000 -0.254336
v -0.870194 0.050000 -0.258806
v -0.871360 0.050000 -0.263171
v -0.872562 0.050000 -0.267438
v -0.873796 0.050000 -0.271610
v -0.875055 0.050000 -0.275695
v -0.876336 0.050000 -0.279695
v -0.877632 0.050000 -0.283618
v -0.878938 0.050000 -0.287468
v -0.880250 0.050000 -0.291250
v -0.812750 0.050000 -0.303250
v -0.812502 0.050000 -0.299553
v -0.812145 0.050000 -0.295615
v -0.811695 0.050000 -0.291473
v -0.811166 0.050000 -0.287167
v -0.810575 0.050000 -0.282736
v -0.809937 0.050000 -0.278219
v -0.809268 0.050000 -0.273655
v -0.808583 0.050000 -0.269083
v -0.807898 0.050000 -0.264543
v -0.807229 0.050000 -0.260073
v -0.806591 0.050000 -0.255712
v -0.806000 0.050000 -0.251500
v -0.790250 0.050000 -0.170500
v -0.772159 0.050000 -0.173482
v -0.754343 0.050000 -0.176417
v -0.736917 0.050000 -0.179289
v -0.719999 0.050000 -0.182083
v -0.703706 0.050000 -0.184784
v -0.688156 0.050000 -0.187375
v -0.673464 0.050000 -0.189841
v -0.659750 0.050000 -0.192167
v -0.647129 0.050000 -0.194336
v -0.635718 0.050000 -0.196333
v -0.625637 0.050000 -0.198143
v -0.617000 0.050000 -0.199750
v -0.611626 0.050000 -0.200717
v -0.606388 0.050000 -0.201736
v -0.601296 0.050000 -0.202797
v -0.596361 0.050000 -0.203889
v -0.591592 0.050000 -0.205002
v -0.587000 0.050000 -0.206125
v -0.582595 0.050000 -0.207248
v -0.578389 0.050000 -0.208361
v -0.574391 0.050000 -0.209453
v -0.570611 0.050000 -0.210514
v -0.567061 0.050000 -0.211533
v -0.563750 0.050000 -0.212500
v -0.551000 0.050000 -0.149500
v -0.554053 0.050000 -0.149095
v -0.557552 0.050000 -0.148632
v -0.561441 0.050000 -0.148117
v -0.565667 0.050000 -0.147556
v -0.570173 0.050000 -0.146952
v -0.574906 0.050000 -0.146313
v -0.579811 0.050000 -0.145642
v -0.584833 0.050000 -0.144944
v -0.589918 0.050000 -0.144227
v -0.595011 0.050000 -0.143493
v -0.600056 0.050000 -0.142749
v -0.605000 0.050000 -0.142000
v -0.779750 0.050000 -0.114250
v -0.749750 0.050000 0.036500
v -0.565250 0.050000 0.005000
v -0.558107 0.050000 0.003530
v -0.551295 0.050000 0.002118
v -0.544801 0.050000 0.000758
v -0.538611 0.050000 -0.000556
v -0.532713 0.050000 -0.001827
v -0.527093 0.050000 -0.003063
v -0.521739 0.050000 -0.004267
v -0.516638 0.050000 -0.005444
v -0.511777 0.050000 -0.006602
v -0.507142 0.050000 -0.007743
v -0.502721 0.050000 -0.008874
v -0.498500 0.050000 -0.010000
v -0.486500 0.050000 0.053000
v -0.490607 0.050000 0.053421
v -0.495042 0.050000 0.053931
v -0.499789 0.050000 0.054523
v -0.504833 0.050000 0.055194
v -0.510159 0.050000 0.055938
v -0.515750 0.050000 0.056750
v -0.521591 0.050000 0.057624
v -0.527667 0.050000 0.058556
v -0.533961 0.050000 0.059539
v -0.540458 0.050000 0.060569
v -0.547143 0.050000 0.061641
v -0.554000 0.050000 0.062750
v -0.738500 0.050000 0.092000
v -0.707750 0.050000 0.242750
v -0.706421 0.050000 0.248261
v -0.705062 0.050000 0.253899
v -0.703672 0.050000 0.259637
v -0.702250 0.050000 0.265444
v -0.700797 0.050000 0.271294
v -0.699312 0.050000 0.277156
v -0.697797 0.050000 0.283003
v -0.696250 0.050000 0.288806
v -0.694672 0.050000 0.294535
v -0.693062 0.050000 0.300163
v -0.691422 0.050000 0.305661
v -0.689750 0.050000 0.311000
v -0.758000 0.050000 0.323750
v -0.758909 0.050000 0.317436
v -0.759771 0.050000 0.311236
v -0.760602 0.050000 0.305141
v -0.761416 0.050000 0.299139
v -0.762231 0.050000 0.293220
v -0.763062 0.050000 0.287375
v -0.763924 0.050000 0.281592
v -0.764833 0.050000 0.275861
v -0.765804 0.050000 0.270172
v -0.766854 0.050000 0.264514
v -0.767997 0.050000 0.258877
v -0.769250 0.050000 0.253250
v -0.798500 0.050000 0.101750
v -0.819571 0.050000 0.105293
v -0.840319 0.050000 0.108785
v -0.860609 0.050000 0.112203
v -0.880305 0.050000 0.115528
v -0.899272 0.050000 0.118738
v -0.917375 0.050000 0.121812
v -0.934477 0.050000 0.124731
v -0.950444 0.050000 0.127472
v -0.965141 0.050000 0.130016
v -0.978430 0.050000 0.132340
v -0.990179 0.050000 0.134425
v -1.000250 0.050000 0.136250
v -1.007393 0.050000 0.137533
v -1.014202 0.050000 0.138760
v -1.020688 0.050000 0.139941
v -1.026861 0.050000 0.141083
v -1.032733 0.050000 0.142194
v -1.038313 0.050000 0.143281
v -1.043611 0.050000 0.144353
v -1.048639 0.050000 0.145417
v -1.053406 0.050000 0.146480
v -1.057924 0.050000 0.147552
v -1.062201 0.050000 0.148639
v -1.066250 0.050000 0.149750
v -1.079750 0.050000 0.084500
v -1.075200 0.050000 0.084267
v -1.070225 0.050000 0.083948
v -1.064902 0.050000 0.083551
v -1.059305 0.050000 0.083083
v -1.053510 0.050000 0.082553
v -1.047594 0.050000 0.081969
v -1.041629 0.050000 0.081337
v -1.035694 0.050000 0.080667
v -1.029863 0.050000 0.079965
v -1.024211 0.050000 0.079240
v -1.018815 0.050000 0.078499
v -1.013750 0.050000 0.077750
v -1.335569 0.050000 -0.162166
v -1.343239 0.050000 -0.144764
v -1.351707 0.050000 -0.126695
v -1.360916 0.050000 -0.108111
v -1.370813 0.050000 -0.089162
v -1.381343 0.050000 -0.070000
v -1.392452 0.050000 -0.050775
v -1.404083 0.050000 -0.031639
v -1.416183 0.050000 -0.012742
v -1.428698 0.050000 0.005764
v -1.441571 0.050000 0.023728
v -1.454750 0.050000 0.041000
v -1.434829 0.050000 0.058461
v -1.414569 0.050000 0.076934
v -1.394164 0.050000 0.096184
v -1.373806 0.050000 0.115972
v -1.353687 0.050000 0.136063
v -1.334000 0.050000 0.156219
v -1.314938 0.050000 0.176203
v -1.296694 0.050000 0.195778
v -1.279461 0.050000 0.214707
v -1.263430 0.050000 0.232753
v -1.248796 0.050000 0.249680
v -1.235750 0.050000 0.265250
v -1.288250 0.050000 0.310250
v -1.301403 0.050000 0.293148
v -1.315663 0.050000 0.275312
v -1.330918 0.050000 0.256883
v -1.347055 0.050000 0.238000
v -1.363964 0.050000 0.218805
v -1.381531 0.050000 0.199437
v -1.399645 0.050000 0.180039
v -1.418194 0.050000 0.160750
v -1.437066 0.050000 0.141711
v -1.456149 0.050000 0.123062
v -1.475331 0.050000 0.104945
v -1.494500 0.050000 0.087500
v -1.514993 0.050000 0.108968
v -1.536323 0.050000 0.130181
v -1.558449 0.050000 0.151039
v -1.581333 0.050000 0.171444
v -1.604936 0.050000 0.191298
v -1.629219 0.050000 0.210500
v -1.654142 0.050000 0.228952
v -1.679667 0.050000 0.246556
v -1.705754 0.050000 0.263211
v -1.732364 0.050000 0.278819
v -1.759459 0.050000 0.293282
v -1.787000 0.050000 0.306500
v -1.835000 0.050000 0.256250
v -1.805029 0.050000 0.243589
v -1.775548 0.050000 0.229333
v -1.746640 0.050000 0.213641
v -1.718389 0.050000 0.196667
v -1.690876 0.050000 0.178568
v -1.664187 0.050000 0.159500
v -1.638404 0.050000 0.139620
v -1.613611 0.050000 0.119083
v -1.589890 0.050000 0.098047
v -1.567326 0.050000 0.076667
v -1.546001 0.050000 0.055099
v -1.526000 0.050000 0.033500
v -1.513195 0.050000 0.018455
v -1.500371 0.050000 0.002326
v -1.487668 0.050000 -0.014688
v -1.475222 0.050000 -0.032389
v -1.463172 0.050000 -0.050580
v -1.451656 0.050000 -0.069063
v -1.440812 0.050000 -0.087639
v -1.430778 0.050000 -0.106111
v -1.421691 0.050000 -0.124281
v -1.413691 0.050000 -0.141951
v -1.406914 0.050000 -0.158924
v -1.401500 0.050000 -0.175000
v -1.412426 0.050000 -0.175000
v -1.430719 0.050000 -0.175000
v -1.454902 0.050000 -0.175000
v -1.483500 0.050000 -0.175000
v -1.515035 0.050000 -0.175000
v -1.548031 0.050000 -0.175000
v -1.581012 0.050000 -0.175000
v -1.612500 0.050000 -0.175000
v -1.641019 0.050000 -0.175000
v -1.665094 0.050000 -0.175000
v -1.683246 0.050000 -0.175000
v -1.694000 0.050000 -0.175000
v -1.700847 0.050000 -0.174941
v -1.708152 0.050000 -0.174774
v -1.715750 0.050000 -0.174520
v -1.723472 0.050000 -0.174194
v -1.731153 0.050000 -0.173817
v -1.738625 0.050000 -0.173406
v -1.745722 0.050000 -0.172980
v -1.752278 0.050000 -0.172556
v -1.758125 0.050000 -0.172152
v -1.763097 0.050000 -0.171788
v -1.767028 0.050000 -0.171481
v -1.769750 0.050000 -0.171250
v -1.769750 0.050000 -0.239500
v -1.766484 0.050000 -0.239096
v -1.762056 0.050000 -0.238646
v -1.756649 0.050000 -0.238164
v -1.750444 0.050000 -0.237667
v -1.743626 0.050000 -0.237169
v -1.736375 0.050000 -0.236688
v -1.728874 0.050000 -0.236237
v -1.721306 0.050000 -0.235833
v -1.713851 0.050000 -0.235492
v -1.706694 0.050000 -0.235229
v -1.700016 0.050000 -0.235060
v -1.694000 0.050000 -0.235000
v -1.682532 0.050000 -0.235000
v -1.664066 0.050000 -0.235000
v -1.640012 0.050000 -0.235000
v -1.611778 0.050000 -0.235000
v -1.580773 0.050000 -0.235000
v -1.548406 0.050000 -0.235000
v -1.516086 0.050000 -0.235000
v -1.485222 0.050000 -0.235000
v -1.457222 0.050000 -0.235000
v -1.433496 0.050000 -0.235000
v -1.415452 0.050000 -0.235000
v -1.404500 0.050000 -0.235000
v -1.398423 0.050000 -0.235046
v -1.392573 0.050000 -0.235184
v -1.386957 0.050000 -0.235410
v -1.381583 0.050000 -0.235722
v -1.376460 0.050000 -0.236118
v -1.371594 0.050000 -0.236594
v -1.366993 0.050000 -0.237148
v -1.362667 0.050000 -0.237778
v -1.358621 0.050000 -0.238480
v -1.354865 0.050000 -0.239253
v -1.351405 0.050000 -0.240094
v -1.348250 0.050000 -0.241000
v -1.310000 0.050000 -0.211750
v -1.311228 0.050000 -0.210041
v -1.312639 0.050000 -0.207951
v -1.314195 0.050000 -0.205539
v -1.315861 0.050000 -0.202861
v -1.317600 0.050000 -0.199975
v -1.319375 0.050000 -0.196938
v -1.321150 0.050000 -0.193806
v -1.322889 0.050000 -0.190639
v -1.324554 0.050000 -0.187492
v -1.326111 0.050000 -0.184424
v -1.327522 0.050000 -0.181490
v -1.328750 0.050000 -0.178750
v -2.460564 0.050000 -0.031000
v -2.433389 0.050000 -0.031000
v -2.399422 0.050000 -0.031000
v -2.360361 0.050000 -0.031000
v -2.317904 0.050000 -0.031000
v -2.273750 0.050000 -0.031000
v -2.229595 0.050000 -0.031000
v -2.187139 0.050000 -0.031000
v -2.148078 0.050000 -0.031000
v -2.114111 0.050000 -0.031000
v -2.086936 0.050000 -0.031000
v -2.068250 0.050000 -0.031000
v -2.059093 0.050000 -0.031045
v -2.050375 0.050000 -0.031174
v -2.042094 0.050000 -0.031375
v -2.034250 0.050000 -0.031639
v -2.026844 0.050000 -0.031955
v -2.019875 0.050000 -0.032312
v -2.013344 0.050000 -0.032701
v -2.007250 0.050000 -0.033111
v -2.001594 0.050000 -0.033531
v -1.996375 0.050000 -0.033951
v -1.991594 0.050000 -0.034361
v -1.987250 0.050000 -0.034750
v -1.987250 0.050000 0.038750
v -1.991335 0.050000 0.038519
v -1.996059 0.050000 0.038212
v -2.001371 0.050000 0.037848
v -2.007222 0.050000 0.037444
v -2.013563 0.050000 0.037020
v -2.020343 0.050000 0.036594
v -2.027515 0.050000 0.036183
v -2.035028 0.050000 0.035806
v -2.042832 0.050000 0.035480
v -2.050878 0.050000 0.035226
v -2.059117 0.050000 0.035059
v -2.067500 0.050000 0.035000
v -2.086344 0.050000 0.035000
v -2.113625 0.050000 0.035000
v -2.147656 0.050000 0.035000
v -2.186750 0.050000 0.035000
v -2.229218 0.050000 0.035000
v -2.273375 0.050000 0.035000
v -2.317531 0.050000 0.035000
v -2.360000 0.050000 0.035000
v -2.399094 0.050000 0.035000
v -2.433125 0.050000 0.035000
v -2.460406 0.050000 0.035000
v -2.479250 0.050000 0.035000
v -2.489522 0.050000 0.035031
v -2.499681 0.050000 0.035122
v -2.509672 0.050000 0.035270
v -2.519444 0.050000 0.035472
v -2.528946 0.050000 0.035727
v -2.538125 0.050000 0.036031
v -2.546929 0.050000 0.036382
v -2.555305 0.050000 0.036778
v -2.563203 0.050000 0.037215
v -2.570569 0.050000 0.037691
v -2.577352 0.050000 0.038204
v -2.583500 0.050000 0.038750
v -2.583500 0.050000 -0.034750
v -2.577524 0.050000 -0.034361
v -2.570882 0.050000 -0.033951
v -2.563625 0.050000 -0.033531
v -2.555805 0.050000 -0.033111
v -2.547476 0.050000 -0.032701
v -2.538687 0.050000 -0.032313
v -2.529493 0.050000 -0.031955
v -2.519944 0.050000 -0.031639
v -2.510094 0.050000 -0.031375
v -2.499993 0.050000 -0.031174
v -2.489694 0.050000 -0.031045
v -2.479250 0.050000 -0.031000
v -2.819120 0.050000 -0.105754
v -2.812028 0.050000 -0.107222
v -2.805289 0.050000 -0.109586
v -2.798972 0.050000 -0.112778
v -2.793145 0.050000 -0.116730
v -2.787875 0.050000 -0.121375
v -2.783230 0.050000 -0.126645
v -2.779278 0.050000 -0.132472
v -2.776086 0.050000 -0.138789
v -2.773722 0.050000 -0.145528
v -2.772254 0.050000 -0.152621
v -2.771750 0.050000 -0.160000
v -2.772254 0.050000 -0.167537
v -2.773722 0.050000 -0.174733
v -2.776086 0.050000 -0.181527
v -2.779278 0.050000 -0.187861
v -2.783230 0.050000 -0.193674
v -2.787875 0.050000 -0.198906
v -2.793145 0.050000 -0.203498
v -2.798972 0.050000 -0.207389
v -2.805289 0.050000 -0.210520
v -2.812028 0.050000 -0.212830
v -2.819120 0.050000 -0.214260
v -2.826500 0.050000 -0.214750
v -2.834051 0.050000 -0.214260
v -2.841288 0.050000 -0.212830
v -2.848145 0.050000 -0.210519
v -2.854555 0.050000 -0.207389
v -2.860456 0.050000 -0.203498
v -2.865781 0.050000 -0.198906
v -2.870466 0.050000 -0.193674
v -2.874444 0.050000 -0.187861
v -2.877652 0.050000 -0.181527
v -2.880024 0.050000 -0.174733
v -2.881495 0.050000 -0.167537
v -2.882000 0.050000 -0.160000
v -2.881495 0.050000 -0.152621
v -2.880024 0.050000 -0.145528
v -2.877652 0.050000 -0.138789
v -2.874444 0.050000 -0.132472
v -2.870466 0.050000 -0.126645
v -2.865781 0.050000 -0.121375
v -2.860456 0.050000 -0.116730
v -2.854555 0.050000 -0.112778
v -2.848145 0.050000 -0.109586
v -2.841288 0.050000 -0.107222
v -2.834051 0.050000 -0.105754
v -2.826500 0.050000 -0.105250
v -2.814158 0.050000 -0.250659
v -2.802330 0.050000 -0.248212
v -2.791121 0.050000 -0.244270
v -2.780639 0.050000 -0.238945
v -2.770990 0.050000 -0.232349
v -2.762281 0.050000 -0.224594
v -2.754619 0.050000 -0.215792
v -2.748111 0.050000 -0.206056
v -2.742863 0.050000 -0.195496
v -2.738982 0.050000 -0.184226
v -2.736576 0.050000 -0.172356
v -2.735750 0.050000 -0.160000
v -2.736576 0.050000 -0.147658
v -2.738982 0.050000 -0.135830
v -2.742863 0.050000 -0.124621
v -2.748111 0.050000 -0.114139
v -2.754619 0.050000 -0.104490
v -2.762281 0.050000 -0.095781
v -2.770990 0.050000 -0.088119
v -2.780639 0.050000 -0.081611
v -2.791121 0.050000 -0.076363
v -2.802330 0.050000 -0.072483
v -2.814158 0.050000 -0.070076
v -2.826500 0.050000 -0.069250
v -2.838856 0.050000 -0.070076
v -2.850725 0.050000 -0.072483
v -2.861996 0.050000 -0.076363
v -2.872555 0.050000 -0.081611
v -2.882292 0.050000 -0.088119
v -2.891093 0.050000 -0.095781
v -2.898848 0.050000 -0.104490
v -2.905444 0.050000 -0.114139
v -2.910769 0.050000 -0.124621
v -2.914711 0.050000 -0.135830
v -2.917159 0.050000 -0.147658
v -2.918000 0.050000 -0.160000
v -2.917159 0.050000 -0.172356
v -2.914712 0.050000 -0.184226
v -2.910769 0.050000 -0.195496
v -2.905444 0.050000 -0.206056
v -2.898849 0.050000 -0.215792
v -2.891094 0.050000 -0.224594
v -2.882292 0.050000 -0.232349
v -2.872555 0.050000 -0.238945
v -2.861996 0.050000 -0.244270
v -2.850726 0.050000 -0.248212
v -2.838856 0.050000 -0.250659
v -2.826500 0.050000 -0.251500
v -3.307590 0.050000 0.032559
v -3.297097 0.050000 0.020910
v -3.285687 0.050000 0.007812
v -3.273528 0.050000 -0.006472
v -3.260785 0.050000 -0.021684
v -3.247625 0.050000 -0.037563
v -3.234215 0.050000 -0.053847
v -3.220722 0.050000 -0.070278
v -3.207312 0.050000 -0.086594
v -3.194153 0.050000 -0.102535
v -3.181410 0.050000 -0.117840
v -3.169250 0.050000 -0.132250
v -3.159222 0.050000 -0.143240
v -3.149340 0.050000 -0.152545
v -3.139531 0.050000 -0.160105
v -3.129722 0.050000 -0.165861
v -3.119840 0.050000 -0.169752
v -3.109812 0.050000 -0.171719
v -3.099566 0.050000 -0.171701
v -3.089028 0.050000 -0.169639
v -3.078125 0.050000 -0.165473
v -3.066785 0.050000 -0.159142
v -3.054934 0.050000 -0.150588
v -3.042500 0.050000 -0.139750
v -3.030709 0.050000 -0.128415
v -3.018298 0.050000 -0.116260
v -3.005398 0.050000 -0.103434
v -2.992139 0.050000 -0.090083
v -2.978650 0.050000 -0.076358
v -2.965062 0.050000 -0.062406
v -2.951506 0.050000 -0.048376
v -2.938111 0.050000 -0.034417
v -2.925008 0.050000 -0.020676
v -2.912326 0.050000 -0.007302
v -2.900197 0.050000 0.005556
v -2.888750 0.050000 0.017750
v -2.875696 0.050000 0.031628
v -2.861757 0.050000 0.046524
v -2.847078 0.050000 0.062269
v -2.831805 0.050000 0.078694
v -2.816085 0.050000 0.095630
v -2.800062 0.050000 0.112906
v -2.783884 0.050000 0.130355
v -2.767694 0.050000 0.147806
v -2.751640 0.050000 0.165090
v -2.735868 0.050000 0.182038
v -2.720522 0.050000 0.198481
v -2.705750 0.050000 0.214250
v -2.757500 0.050000 0.269000
v -2.771060 0.050000 0.252645
v -2.785045 0.050000 0.235906
v -2.799348 0.050000 0.218902
v -2.813861 0.050000 0.201750
v -2.828479 0.050000 0.184566
v -2.843094 0.050000 0.167469
v -2.857599 0.050000 0.150574
v -2.871889 0.050000 0.134000
v -2.885855 0.050000 0.117863
v -2.899392 0.050000 0.102281
v -2.912393 0.050000 0.087371
v -2.924750 0.050000 0.073250
v -2.936134 0.050000 0.060399
v -2.948389 0.050000 0.046753
v -2.961289 0.050000 0.032551
v -2.974611 0.050000 0.018028
v -2.988131 0.050000 0.003421
v -3.001625 0.050000 -0.011031
v -3.014869 0.050000 -0.025093
v -3.027639 0.050000 -0.038528
v -3.039711 0.050000 -0.051098
v -3.050861 0.050000 -0.062566
v -3.060865 0.050000 -0.072696
v -3.069500 0.050000 -0.081250
v -3.076515 0.050000 -0.087721
v -3.082996 0.050000 -0.092892
v -3.089035 0.050000 -0.096777
v -3.094722 0.050000 -0.099389
v -3.100149 0.050000 -0.100740
v -3.105406 0.050000 -0.100844
v -3.110585 0.050000 -0.099713
v -3.115777 0.050000 -0.097361
v -3.121074 0.050000 -0.093801
v -3.126566 0.050000 -0.089045
v -3.132344 0.050000 -0.083107
v -3.138500 0.050000 -0.076000
v -3.148015 0.050000 -0.064201
v -3.158437 0.050000 -0.051108
v -3.169578 0.050000 -0.036988
v -3.181250 0.050000 -0.022111
v -3.193265 0.050000 -0.006744
v -3.205437 0.050000 0.008844
v -3.217578 0.050000 0.024385
v -3.229500 0.050000 0.039611
v -3.241015 0.050000 0.054254
v -3.251937 0.050000 0.068045
v -3.262078 0.050000 0.080717
v -3.271250 0.050000 0.092000
v -3.275027 0.050000 0.096774
v -3.278844 0.050000 0.101694
v -3.282676 0.050000 0.106719
v -3.286500 0.050000 0.111806
v -3.290293 0.050000 0.116913
v -3.294031 0.050000 0.122000
v -3.297691 0.050000 0.127024
v -3.301250 0.050000 0.131944
v -3.304683 0.050000 0.136719
v -3.307969 0.050000 0.141306
v -3.311082 0.050000 0.145663
v -3.314000 0.050000 0.149750
v -3.370250 0.050000 0.092750
v -3.365493 0.050000 0.088682
v -3.360941 0.050000 0.084705
v -3.356551 0.050000 0.080785
v -3.352278 0.050000 0.076889
v -3.348078 0.050000 0.072982
v -3.343906 0.050000 0.069031
v -3.339719 0.050000 0.065002
v -3.335472 0.050000 0.060861
v -3.331121 0.050000 0.056574
v -3.326622 0.050000 0.052108
v -3.321929 0.050000 0.047427
v -3.317000 0.050000 0.042500
v -3.585569 0.050000 -0.162166
v -3.593239 0.050000 -0.144764
v -3.601707 0.050000 -0.126695
v -3.610917 0.050000 -0.108111
v -3.620814 0.050000 -0.089162
v -3.631344 0.050000 -0.070000
v -3.642452 0.050000 -0.050775
v -3.654083 0.050000 -0.031639
v -3.666183 0.050000 -0.012742
v -3.678698 0.050000 0.005764
v -3.691571 0.050000 0.023728
v -3.704750 0.050000 0.041000
v -3.684829 0.050000 0.058461
v -3.664569 0.050000 0.076934
v -3.644164 0.050000 0.096184
v -3.623806 0.050000 0.115972
v -3.603687 0.050000 0.136063
v -3.584000 0.050000 0.156219
v -3.564938 0.050000 0.176203
v -3.546694 0.050000 0.195778
v -3.529461 0.050000 0.214707
v -3.513430 0.050000 0.232753
v -3.498796 0.050000 0.249680
v -3.485750 0.050000 0.265250
v -3.538250 0.050000 0.310250
v -3.551403 0.050000 0.293148
v -3.565663 0.050000 0.275312
v -3.580918 0.050000 0.256883
v -3.597055 0.050000 0.238000
v -3.613964 0.050000 0.218805
v -3.631531 0.050000 0.199437
v -3.649645 0.050000 0.180039
v -3.668194 0.050000 0.160750
v -3.687066 0.050000 0.141711
v -3.706149 0.050000 0.123062
v -3.725331 0.050000 0.104945
v -3.744500 0.050000 0.087500
v -3.764993 0.050000 0.108968
v -3.786323 0.050000 0.130181
v -3.808449 0.050000 0.151039
v -3.831333 0.050000 0.171444
v -3.854936 0.050000 0.191298
v -3.879219 0.050000 0.210500
v -3.904142 0.050000 0.228952
v -3.929667 0.050000 0.246556
v -3.955754 0.050000 0.263211
v -3.982364 0.050000 0.278819
v -4.009459 0.050000 0.293282
v -4.037000 0.050000 0.306500
v -4.085000 0.050000 0.256250
v -4.055029 0.050000 0.243589
v -4.025548 0.050000 0.229333
v -3.996640 0.050000 0.213641
v -3.968389 0.050000 0.196667
v -3.940876 0.050000 0.178568
v -3.914187 0.050000 0.159500
v -3.888404 0.050000 0.139620
v -3.863611 0.050000 0.119083
v -3.839890 0.050000 0.098047
v -3.817326 0.050000 0.076667
v -3.796002 0.050000 0.055099
v -3.776000 0.050000 0.033500
v -3.763195 0.050000 0.018455
v -3.750371 0.050000 0.002326
v -3.737668 0.050000 -0.014688
v -3.725222 0.050000 -0.032389
v -3.713172 0.050000 -0.050580
v -3.701656 0.050000 -0.069063
v -3.690812 0.050000 -0.087639
v -3.680778 0.050000 -0.106111
v -3.671691 0.050000 -0.124281
v -3.663691 0.050000 -0.141951
v -3.656914 0.050000 -0.158924
v -3.651500 0.050000 -0.175000
v -3.662426 0.050000 -0.175000
v -3.680719 0.050000 -0.175000
v -3.704902 0.050000 -0.175000
v -3.733500 0.050000 -0.175000
v -3.765035 0.050000 -0.175000
v -3.798031 0.050000 -0.175000
v -3.831012 0.050000 -0.175000
v -3.862500 0.050000 -0.175000
v -3.891019 0.050000 -0.175000
v -3.915094 0.050000 -0.175000
v -3.933246 0.050000 -0.175000
v -3.944000 0.050000 -0.175000
v -3.950847 0.050000 -0.174941
v -3.958153 0.050000 -0.174774
v -3.965750 0.050000 -0.174520
v -3.973472 0.050000 -0.174194
v -3.981153 0.050000 -0.173817
v -3.988625 0.050000 -0.173406
v -3.995722 0.050000 -0.172980
v -4.002277 0.050000 -0.172556
v -4.008125 0.050000 -0.172152
v -4.013097 0.050000 -0.171788
v -4.017028 0.050000 -0.171481
v -4.019750 0.050000 -0.171250
v -4.019750 0.050000 -0.239500
v -4.016483 0.050000 -0.239096
v -4.012055 0.050000 -0.238646
v -4.006648 0.050000 -0.238164
v -4.000444 0.050000 -0.237667
v -3.993626 0.050000 -0.237169
v -3.986375 0.050000 -0.236688
v -3.978874 0.050000 -0.236237
v -3.971305 0.050000 -0.235833
v -3.963851 0.050000 -0.235492
v -3.956694 0.050000 -0.235229
v -3.950016 0.050000 -0.235060
v -3.944000 0.050000 -0.235000
v -3.932532 0.050000 -0.235000
v -3.914066 0.050000 -0.235000
v -3.890012 0.050000 -0.235000
v -3.861778 0.050000 -0.235000
v -3.830773 0.050000 -0.235000
v -3.798406 0.050000 -0.235000
v -3.766086 0.050000 -0.235000
v -3.735222 0.050000 -0.235000
v -3.707222 0.050000 -0.235000
v -3.683496 0.050000 -0.235000
v -3.665452 0.050000 -0.235000
v -3.654500 0.050000 -0.235000
v -3.648423 0.050000 -0.235046
v -3.642573 0.050000 -0.235184
v -3.636957 0.050000 -0.235410
v -3.631583 0.050000 -0.235722
v -3.626460 0.050000 -0.236118
v -3.621593 0.050000 -0.236594
v -3.616993 0.050000 -0.237148
v -3.612667 0.050000 -0.237778
v -3.608621 0.050000 -0.238480
v -3.604864 0.050000 -0.239253
v -3.601405 0.050000 -0.240094
v -3.598250 0.050000 -0.241000
v -3.560000 0.050000 -0.211750
v -3.561228 0.050000 -0.210041
v -3.562639 0.050000 -0.207951
v -3.564195 0.050000 -0.205539
v -3.565861 0.050000 -0.202861
v -3.567600 0.050000 -0.199975
v -3.569375 0.050000 -0.196938
v -3.571150 0.050000 -0.193806
v -3.572889 0.050000 -0.190639
v -3.574554 0.050000 -0.187492
v -3.576111 0.050000 -0.184424
v -3.577522 0.050000 -0.181490
v -3.578750 0.050000 -0.178750
v 3.632501 -0.050000 -0.044500
v 3.632501 -0.050000 -0.106750
v 3.483250 -0.050000 -0.106750
v 3.483250 -0.050000 -0.044500
v 3.632501 -0.050000 -0.211000
v 3.483250 -0.050000 -0.211000
v 3.483250 -0.050000 -0.149500
v 3.632501 -0.050000 -0.149500
v 3.632501 -0.050000 0.061250
v 3.632501 -0.050000 -0.002500
v 3.483250 -0.050000 -0.002500
v 3.483250 -0.050000 0.061250
v 3.432250 -0.050000 -0.256000
v 3.511000 -0.050000 -0.256000
v 3.513622 -0.050000 -0.262709
v 3.516226 -0.050000 -0.269674
v 3.518793 -0.050000 -0.276836
v 3.521305 -0.050000 -0.284139
v 3.523745 -0.050000 -0.291525
v 3.526094 -0.050000 -0.298938
v 3.528334 -0.050000 -0.306319
v 3.530445 -0.050000 -0.313611
v 3.532411 -0.050000 -0.320758
v 3.534212 -0.050000 -0.327701
v 3.535831 -0.050000 -0.334385
v 3.537251 -0.050000 -0.340750
v 3.595000 -0.050000 -0.332500
v 3.592518 -0.050000 -0.325910
v 3.589958 -0.050000 -0.319281
v 3.587337 -0.050000 -0.312637
v 3.584667 -0.050000 -0.306000
v 3.581966 -0.050000 -0.299395
v 3.579250 -0.050000 -0.292844
v 3.576534 -0.050000 -0.286371
v 3.573833 -0.050000 -0.280000
v 3.571164 -0.050000 -0.273754
v 3.568542 -0.050000 -0.267656
v 3.565982 -0.050000 -0.261731
v 3.563500 -0.050000 -0.256000
v 3.685000 -0.050000 -0.256000
v 3.685000 -0.050000 0.287000
v 3.684841 -0.050000 0.294207
v 3.684354 -0.050000 0.300847
v 3.683523 -0.050000 0.306945
v 3.682333 -0.050000 0.312528
v 3.680768 -0.050000 0.317621
v 3.678813 -0.050000 0.322250
v 3.676451 -0.050000 0.326442
v 3.673667 -0.050000 0.330222
v 3.670445 -0.050000 0.333617
v 3.666771 -0.050000 0.336653
v 3.662628 -0.050000 0.339355
v 3.658000 -0.050000 0.341750
v 3.652467 -0.050000 0.343503
v 3.646355 -0.050000 0.345021
v 3.639649 -0.050000 0.346320
v 3.632335 -0.050000 0.347417
v 3.624394 -0.050000 0.348326
v 3.615813 -0.050000 0.349063
v 3.606577 -0.050000 0.349643
v 3.596667 -0.050000 0.350083
v 3.586071 -0.050000 0.350398
v 3.574771 -0.050000 0.350604
v 3.562753 -0.050000 0.350716
v 3.550000 -0.050000 0.350750
v 3.549145 -0.050000 0.347198
v 3.548094 -0.050000 0.343333
v 3.546871 -0.050000 0.339219
v 3.545500 -0.050000 0.334917
v 3.544004 -0.050000 0.330490
v 3.542406 -0.050000 0.326000
v 3.540730 -0.050000 0.321510
v 3.539000 -0.050000 0.317083
v 3.537238 -0.050000 0.312781
v 3.535469 -0.050000 0.308667
v 3.533715 -0.050000 0.304802
v 3.532000 -0.050000 0.301250
v 3.541503 -0.050000 0.301579
v 3.550833 -0.050000 0.301823
v 3.559914 -0.050000 0.301988
v 3.568666 -0.050000 0.302083
v 3.577013 -0.050000 0.302116
v 3.584875 -0.050000 0.302094
v 3.592175 -0.050000 0.302025
v 3.598833 -0.050000 0.301917
v 3.604774 -0.050000 0.301777
v 3.609917 -0.050000 0.301615
v 3.614185 -0.050000 0.301436
v 3.617500 -0.050000 0.301250
v 3.620159 -0.050000 0.301170
v 3.622518 -0.050000 0.300924
v 3.624590 -0.050000 0.300500
v 3.626390 -0.050000 0.299889
v 3.627928 -0.050000 0.299080
v 3.629219 -0.050000 0.298063
v 3.630276 -0.050000 0.296826
v 3.631111 -0.050000 0.295361
v 3.631739 -0.050000 0.293656
v 3.632171 -0.050000 0.291701
v 3.632421 -0.050000 0.289486
v 3.632501 -0.050000 0.287000
v 3.632501 -0.050000 0.111500
v 3.631001 -0.050000 0.111500
v 3.615844 -0.050000 0.132572
v 3.599679 -0.050000 0.153017
v 3.582591 -0.050000 0.172801
v 3.564668 -0.050000 0.191889
v 3.545995 -0.050000 0.210248
v 3.526657 -0.050000 0.227844
v 3.506742 -0.050000 0.244643
v 3.486334 -0.050000 0.260611
v 3.465520 -0.050000 0.275715
v 3.444386 -0.050000 0.289920
v 3.423017 -0.050000 0.303193
v 3.401500 -0.050000 0.315500
v 3.399385 -0.050000 0.312669
v 3.396843 -0.050000 0.309479
v 3.393940 -0.050000 0.306008
v 3.390749 -0.050000 0.302333
v 3.387339 -0.050000 0.298534
v 3.383780 -0.050000 0.294687
v 3.380144 -0.050000 0.290872
v 3.376500 -0.050000 0.287167
v 3.372918 -0.050000 0.283648
v 3.369469 -0.050000 0.280396
v 3.366223 -0.050000 0.277487
v 3.363250 -0.050000 0.275000
v 3.382864 -0.050000 0.265194
v 3.402282 -0.050000 0.254556
v 3.421434 -0.050000 0.243125
v 3.440250 -0.050000 0.230944
v 3.458660 -0.050000 0.218056
v 3.476594 -0.050000 0.204500
v 3.493980 -0.050000 0.190319
v 3.510750 -0.050000 0.175556
v 3.526832 -0.050000 0.160250
v 3.542156 -0.050000 0.144444
v 3.556653 -0.050000 0.128181
v 3.570251 -0.050000 0.111500
v 3.379000 -0.050000 0.111500
v 3.379000 -0.050000 0.061250
v 3.432250 -0.050000 0.061250
v 3.793114 -0.050000 -0.031399
v 3.802792 -0.050000 -0.016941
v 3.812219 -0.050000 -0.002020
v 3.821333 -0.050000 0.013222
v 3.830072 -0.050000 0.028641
v 3.838375 -0.050000 0.044094
v 3.846176 -0.050000 0.059437
v 3.853416 -0.050000 0.074528
v 3.860031 -0.050000 0.089223
v 3.865958 -0.050000 0.103378
v 3.871136 -0.050000 0.116852
v 3.875500 -0.050000 0.129500
v 3.827500 -0.050000 0.151250
v 3.823653 -0.050000 0.138558
v 3.818916 -0.050000 0.124962
v 3.813366 -0.050000 0.110621
v 3.807083 -0.050000 0.095694
v 3.800143 -0.050000 0.080341
v 3.792624 -0.050000 0.064719
v 3.784607 -0.050000 0.048987
v 3.776167 -0.050000 0.033306
v 3.767383 -0.050000 0.017832
v 3.758333 -0.050000 0.002726
v 3.749096 -0.050000 -0.011855
v 3.739750 -0.050000 -0.025750
v 3.783250 -0.050000 -0.045250
v 3.976750 -0.050000 -0.166750
v 4.058500 -0.050000 -0.166750
v 4.058500 -0.050000 -0.112750
v 3.976750 -0.050000 -0.112750
v 3.976750 -0.050000 0.279500
v 3.976559 -0.050000 0.287913
v 3.975979 -0.050000 0.295556
v 3.974991 -0.050000 0.302469
v 3.973582 -0.050000 0.308694
v 3.971736 -0.050000 0.314274
v 3.969437 -0.050000 0.319250
v 3.966669 -0.050000 0.323663
v 3.963416 -0.050000 0.327556
v 3.959664 -0.050000 0.330969
v 3.955397 -0.050000 0.333944
v 3.950597 -0.050000 0.336524
v 3.945251 -0.050000 0.338750
v 3.939308 -0.050000 0.341019
v 3.932710 -0.050000 0.342965
v 3.925424 -0.050000 0.344609
v 3.917418 -0.050000 0.345972
v 3.908663 -0.050000 0.347075
v 3.899126 -0.050000 0.347937
v 3.888777 -0.050000 0.348582
v 3.877584 -0.050000 0.349028
v 3.865517 -0.050000 0.349297
v 3.852543 -0.050000 0.349410
v 3.838631 -0.050000 0.349387
v 3.823750 -0.050000 0.349250
v 3.822894 -0.050000 0.345495
v 3.821837 -0.050000 0.341399
v 3.820598 -0.050000 0.337027
v 3.819194 -0.050000 0.332444
v 3.817645 -0.050000 0.327716
v 3.815969 -0.050000 0.322906
v 3.814182 -0.050000 0.318081
v 3.812305 -0.050000 0.313306
v 3.810356 -0.050000 0.308645
v 3.808351 -0.050000 0.304163
v 3.806310 -0.050000 0.299927
v 3.804251 -0.050000 0.296000
v 3.815767 -0.050000 0.296344
v 3.827007 -0.050000 0.296628
v 3.837883 -0.050000 0.296855
v 3.848306 -0.050000 0.297028
v 3.858187 -0.050000 0.297148
v 3.867438 -0.050000 0.297219
v 3.875971 -0.050000 0.297243
v 3.883696 -0.050000 0.297222
v 3.890525 -0.050000 0.297160
v 3.896369 -0.050000 0.297059
v 3.901140 -0.050000 0.296921
v 3.904751 -0.050000 0.296750
v 3.907955 -0.050000 0.296511
v 3.910828 -0.050000 0.296149
v 3.913376 -0.050000 0.295637
v 3.915611 -0.050000 0.294944
v 3.917545 -0.050000 0.294044
v 3.919188 -0.050000 0.292906
v 3.920549 -0.050000 0.291503
v 3.921638 -0.050000 0.289806
v 3.922468 -0.050000 0.287785
v 3.923049 -0.050000 0.285413
v 3.923389 -0.050000 0.282661
v 3.923500 -0.050000 0.279500
v 3.923500 -0.050000 -0.112750
v 3.713500 -0.050000 -0.112750
v 3.713500 -0.050000 -0.166750
v 3.923500 -0.050000 -0.166750
v 3.923500 -0.050000 -0.337000
v 3.976750 -0.050000 -0.337000
v 3.286166 -0.050000 -0.207757
v 3.276955 -0.050000 -0.199181
v 3.267426 -0.050000 -0.190563
v 3.257638 -0.050000 -0.181944
v 3.247653 -0.050000 -0.173368
v 3.237531 -0.050000 -0.164875
v 3.227329 -0.050000 -0.156507
v 3.217111 -0.050000 -0.148306
v 3.206933 -0.050000 -0.140313
v 3.196857 -0.050000 -0.132569
v 3.186943 -0.050000 -0.125118
v 3.177250 -0.050000 -0.118000
v 3.187873 -0.050000 -0.108955
v 3.198739 -0.050000 -0.100201
v 3.209839 -0.050000 -0.091750
v 3.221166 -0.050000 -0.083611
v 3.232712 -0.050000 -0.075795
v 3.244469 -0.050000 -0.068312
v 3.256428 -0.050000 -0.061174
v 3.268583 -0.050000 -0.054389
v 3.280926 -0.050000 -0.047969
v 3.293447 -0.050000 -0.041924
v 3.306142 -0.050000 -0.036264
v 3.319000 -0.050000 -0.031000
v 3.315554 -0.050000 -0.027979
v 3.311994 -0.050000 -0.024580
v 3.308360 -0.050000 -0.020863
v 3.304695 -0.050000 -0.016889
v 3.301041 -0.050000 -0.012717
v 3.297438 -0.050000 -0.008406
v 3.293929 -0.050000 -0.004018
v 3.290556 -0.050000 0.000389
v 3.287359 -0.050000 0.004754
v 3.284382 -0.050000 0.009017
v 3.281665 -0.050000 0.013119
v 3.279250 -0.050000 0.017000
v 3.269734 -0.050000 0.012579
v 3.260316 -0.050000 0.007944
v 3.250996 -0.050000 0.003102
v 3.241777 -0.050000 -0.001944
v 3.232664 -0.050000 -0.007188
v 3.223657 -0.050000 -0.012625
v 3.214759 -0.050000 -0.018249
v 3.205973 -0.050000 -0.024056
v 3.197301 -0.050000 -0.030039
v 3.188746 -0.050000 -0.036194
v 3.180312 -0.050000 -0.042517
v 3.172000 -0.050000 -0.049000
v 3.172000 -0.050000 -0.019750
v 3.084250 -0.050000 -0.019750
v 3.084250 -0.050000 0.092000
v 3.263500 -0.050000 0.092000
v 3.263500 -0.050000 0.144500
v 3.084250 -0.050000 0.144500
v 3.084250 -0.050000 0.265250
v 3.084354 -0.050000 0.270838
v 3.084702 -0.050000 0.275639
v 3.085353 -0.050000 0.279711
v 3.086362 -0.050000 0.283111
v 3.087788 -0.050000 0.285897
v 3.089688 -0.050000 0.288125
v 3.092120 -0.050000 0.289853
v 3.095140 -0.050000 0.291139
v 3.098805 -0.050000 0.292039
v 3.103174 -0.050000 0.292611
v 3.108303 -0.050000 0.292912
v 3.114250 -0.050000 0.293000
v 3.118181 -0.050000 0.293000
v 3.123763 -0.050000 0.293000
v 3.130679 -0.050000 0.293000
v 3.138611 -0.050000 0.293000
v 3.147240 -0.050000 0.293000
v 3.156250 -0.050000 0.293000
v 3.165322 -0.050000 0.293000
v 3.174139 -0.050000 0.293000
v 3.182383 -0.050000 0.293000
v 3.189736 -0.050000 0.293000
v 3.195881 -0.050000 0.293000
v 3.200500 -0.050000 0.293000
v 3.206089 -0.050000 0.292673
v 3.210902 -0.050000 0.291573
v 3.215007 -0.050000 0.289520
v 3.218472 -0.050000 0.286333
v 3.221364 -0.050000 0.281835
v 3.223750 -0.050000 0.275844
v 3.225698 -0.050000 0.268181
v 3.227278 -0.050000 0.258667
v 3.228555 -0.050000 0.247121
v 3.229598 -0.050000 0.233365
v 3.230473 -0.050000 0.217217
v 3.231250 -0.050000 0.198500
v 3.234632 -0.050000 0.200919
v 3.238361 -0.050000 0.203292
v 3.242383 -0.050000 0.205602
v 3.246640 -0.050000 0.207833
v 3.251073 -0.050000 0.209971
v 3.255627 -0.050000 0.212000
v 3.260242 -0.050000 0.213904
v 3.264863 -0.050000 0.215667
v 3.269431 -0.050000 0.217273
v 3.273890 -0.050000 0.218708
v 3.278182 -0.050000 0.219956
v 3.282250 -0.050000 0.221000
v 3.280529 -0.050000 0.243602
v 3.278298 -0.050000 0.263500
v 3.275454 -0.050000 0.280836
v 3.271889 -0.050000 0.295750
v 3.267502 -0.050000 0.308383
v 3.262187 -0.050000 0.318875
v 3.255842 -0.050000 0.327367
v 3.248361 -0.050000 0.334000
v 3.239640 -0.050000 0.338914
v 3.229576 -0.050000 0.342250
v 3.218064 -0.050000 0.344148
v 3.205000 -0.050000 0.344750
v 3.200490 -0.050000 0.344750
v 3.193973 -0.050000 0.344750
v 3.185853 -0.050000 0.344750
v 3.176528 -0.050000 0.344750
v 3.166403 -0.050000 0.344750
v 3.155875 -0.050000 0.344750
v 3.145349 -0.050000 0.344750
v 3.135222 -0.050000 0.344750
v 3.125898 -0.050000 0.344750
v 3.117778 -0.050000 0.344750
v 3.111261 -0.050000 0.344750
v 3.106750 -0.050000 0.344750
v 3.091780 -0.050000 0.344374
v 3.078671 -0.050000 0.343181
v 3.067317 -0.050000 0.341070
v 3.057611 -0.050000 0.337944
v 3.049448 -0.050000 0.333704
v 3.042719 -0.050000 0.328250
v 3.037318 -0.050000 0.321484
v 3.033139 -0.050000 0.313306
v 3.030074 -0.050000 0.303617
v 3.028017 -0.050000 0.292319
v 3.026861 -0.050000 0.279313
v 3.026500 -0.050000 0.264500
v 3.026500 -0.050000 0.144500
v 2.890750 -0.050000 0.144500
v 2.886837 -0.050000 0.164645
v 2.881310 -0.050000 0.184531
v 2.873935 -0.050000 0.204090
v 2.864473 -0.050000 0.223250
v 2.852689 -0.050000 0.241941
v 2.838344 -0.050000 0.260094
v 2.821203 -0.050000 0.277637
v 2.801028 -0.050000 0.294500
v 2.777582 -0.050000 0.310613
v 2.750628 -0.050000 0.325906
v 2.719930 -0.050000 0.340309
v 2.685250 -0.050000 0.353750
v 2.683353 -0.050000 0.350244
v 2.681073 -0.050000 0.346514
v 2.678465 -0.050000 0.342617
v 2.675583 -0.050000 0.338611
v 2.672483 -0.050000 0.334553
v 2.669219 -0.050000 0.330500
v 2.665845 -0.050000 0.326510
v 2.662417 -0.050000 0.322639
v 2.658989 -0.050000 0.318945
v 2.655615 -0.050000 0.315486
v 2.652350 -0.050000 0.312319
v 2.649251 -0.050000 0.309500
v 2.679234 -0.050000 0.298462
v 2.705934 -0.050000 0.286757
v 2.729535 -0.050000 0.274438
v 2.750222 -0.050000 0.261556
v 2.768180 -0.050000 0.248163
v 2.783594 -0.050000 0.234312
v 2.796648 -0.050000 0.220056
v 2.807528 -0.050000 0.205444
v 2.816418 -0.050000 0.190531
v 2.823503 -0.050000 0.175368
v 2.828969 -0.050000 0.160007
v 2.833000 -0.050000 0.144500
v 2.665000 -0.050000 0.144500
v 2.665000 -0.050000 0.092000
v 2.839000 -0.050000 0.092000
v 2.839000 -0.050000 0.080000
v 2.839000 -0.050000 -0.019750
v 2.759500 -0.050000 -0.019750
v 2.759500 -0.050000 -0.049000
v 2.750281 -0.050000 -0.042344
v 2.741006 -0.050000 -0.035879
v 2.731679 -0.050000 -0.029606
v 2.722304 -0.050000 -0.023528
v 2.712889 -0.050000 -0.017648
v 2.703437 -0.050000 -0.011969
v 2.693954 -0.050000 -0.006493
v 2.684444 -0.050000 -0.001222
v 2.674914 -0.050000 0.003840
v 2.665368 -0.050000 0.008691
v 2.655811 -0.050000 0.013329
v 2.646250 -0.050000 0.017750
v 2.644210 -0.050000 0.014431
v 2.641871 -0.050000 0.010885
v 2.639277 -0.050000 0.007168
v 2.636472 -0.050000 0.003333
v 2.633500 -0.050000 -0.000564
v 2.630405 -0.050000 -0.004469
v 2.627234 -0.050000 -0.008327
v 2.624028 -0.050000 -0.012083
v 2.620832 -0.050000 -0.015684
v 2.617691 -0.050000 -0.019073
v 2.614649 -0.050000 -0.022197
v 2.611751 -0.050000 -0.025000
v 2.624903 -0.050000 -0.030528
v 2.638088 -0.050000 -0.036601
v 2.651279 -0.050000 -0.043199
v 2.664446 -0.050000 -0.050306
v 2.677561 -0.050000 -0.057902
v 2.690595 -0.050000 -0.065969
v 2.703520 -0.050000 -0.074489
v 2.716307 -0.050000 -0.083444
v 2.728927 -0.050000 -0.092816
v 2.741351 -0.050000 -0.102587
v 2.753552 -0.050000 -0.112737
v 2.765500 -0.050000 -0.123250
v 2.759403 -0.050000 -0.129240
v 2.752785 -0.050000 -0.135542
v 2.745718 -0.050000 -0.142094
v 2.738277 -0.050000 -0.148833
v 2.730535 -0.050000 -0.155698
v 2.722562 -0.050000 -0.162625
v 2.714434 -0.050000 -0.169552
v 2.706222 -0.050000 -0.176417
v 2.698000 -0.050000 -0.183156
v 2.689840 -0.050000 -0.189708
v 2.681816 -0.050000 -0.196010
v 2.674001 -0.050000 -0.202000
v 2.710000 -0.050000 -0.232000
v 2.717629 -0.050000 -0.226415
v 2.725472 -0.050000 -0.220566
v 2.733461 -0.050000 -0.214504
v 2.741528 -0.050000 -0.208278
v 2.749605 -0.050000 -0.201937
v 2.757626 -0.050000 -0.195531
v 2.765520 -0.050000 -0.189110
v 2.773223 -0.050000 -0.182722
v 2.780664 -0.050000 -0.176418
v 2.787778 -0.050000 -0.170247
v 2.794496 -0.050000 -0.164257
v 2.800750 -0.050000 -0.158500
v 2.807623 -0.050000 -0.166249
v 2.814358 -0.050000 -0.174118
v 2.820942 -0.050000 -0.182102
v 2.827361 -0.050000 -0.190195
v 2.833604 -0.050000 -0.198392
v 2.839657 -0.050000 -0.206688
v 2.845506 -0.050000 -0.215077
v 2.851139 -0.050000 -0.223556
v 2.856543 -0.050000 -0.232117
v 2.861705 -0.050000 -0.240757
v 2.866611 -0.050000 -0.249470
v 2.871250 -0.050000 -0.258250
v 2.683750 -0.050000 -0.258250
v 2.683750 -0.050000 -0.307750
v 2.898251 -0.050000 -0.307750
v 2.908751 -0.050000 -0.310000
v 2.946250 -0.050000 -0.292000
v 2.937682 -0.050000 -0.270361
v 2.928133 -0.050000 -0.249323
v 2.917657 -0.050000 -0.228895
v 2.906307 -0.050000 -0.209083
v 2.894134 -0.050000 -0.189897
v 2.881188 -0.050000 -0.171344
v 2.867525 -0.050000 -0.153431
v 2.853195 -0.050000 -0.136167
v 2.838250 -0.050000 -0.119559
v 2.822743 -0.050000 -0.103615
v 2.806726 -0.050000 -0.088342
v 2.790250 -0.050000 -0.073750
v 3.142751 -0.050000 -0.073750
v 3.125050 -0.050000 -0.090666
v 3.107965 -0.050000 -0.108392
v 3.091516 -0.050000 -0.126895
v 3.075722 -0.050000 -0.146139
v 3.060606 -0.050000 -0.166092
v 3.046187 -0.050000 -0.186719
v 3.032487 -0.050000 -0.207987
v 3.019527 -0.050000 -0.229861
v 3.007328 -0.050000 -0.252309
v 2.995910 -0.050000 -0.275295
v 2.985293 -0.050000 -0.298787
v 2.975500 -0.050000 -0.322750
v 3.024251 -0.050000 -0.337750
v 3.027501 -0.050000 -0.329531
v 3.030875 -0.050000 -0.321372
v 3.034375 -0.050000 -0.313270
v 3.038000 -0.050000 -0.305222
v 3.041750 -0.050000 -0.297227
v 3.045625 -0.050000 -0.289281
v 3.049625 -0.050000 -0.281382
v 3.053750 -0.050000 -0.273528
v 3.058000 -0.050000 -0.265715
v 3.062375 -0.050000 -0.257941
v 3.066875 -0.050000 -0.250204
v 3.071500 -0.050000 -0.242500
v 3.079819 -0.050000 -0.249584
v 3.088233 -0.050000 -0.256924
v 3.096684 -0.050000 -0.264461
v 3.105111 -0.050000 -0.272139
v 3.113455 -0.050000 -0.279900
v 3.121656 -0.050000 -0.287688
v 3.129654 -0.050000 -0.295444
v 3.137389 -0.050000 -0.303111
v 3.144801 -0.050000 -0.310633
v 3.151830 -0.050000 -0.317951
v 3.158416 -0.050000 -0.325010
v 3.164500 -0.050000 -0.331750
v 3.207250 -0.050000 -0.301750
v 3.198820 -0.050000 -0.293445
v 3.190068 -0.050000 -0.285059
v 3.181046 -0.050000 -0.276637
v 3.171805 -0.050000 -0.268222
v 3.162397 -0.050000 -0.259860
v 3.152874 -0.050000 -0.251594
v 3.143289 -0.050000 -0.243468
v 3.133694 -0.050000 -0.235528
v 3.124140 -0.050000 -0.227816
v 3.114680 -0.050000 -0.220378
v 3.105366 -0.050000 -0.213258
v 3.096251 -0.050000 -0.206500
v 3.100032 -0.050000 -0.201454
v 3.103876 -0.050000 -0.196441
v 3.107781 -0.050000 -0.191465
v 3.111751 -0.050000 -0.186528
v 3.115782 -0.050000 -0.181632
v 3.119875 -0.050000 -0.176781
v 3.124032 -0.050000 -0.171977
v 3.128250 -0.050000 -0.167222
v 3.132532 -0.050000 -0.162520
v 3.136875 -0.050000 -0.157872
v 3.141281 -0.050000 -0.153281
v 3.145750 -0.050000 -0.148750
v 3.155065 -0.050000 -0.156254
v 3.164580 -0.050000 -0.164097
v 3.174215 -0.050000 -0.172211
v 3.183889 -0.050000 -0.180528
v 3.193521 -0.050000 -0.188980
v 3.203032 -0.050000 -0.197500
v 3.212338 -0.050000 -0.206020
v 3.221361 -0.050000 -0.214472
v 3.230020 -0.050000 -0.222789
v 3.238233 -0.050000 -0.230903
v 3.245920 -0.050000 -0.238746
v 3.253000 -0.050000 -0.246250
v 3.295001 -0.050000 -0.216250
v 2.895250 -0.050000 0.080750
v 2.895250 -0.050000 -0.019750
v 3.026500 -0.050000 -0.019750
v 3.026500 -0.050000 0.092000
v 2.895250 -0.050000 0.092000
v 2.424021 -0.050000 -0.012688
v 2.412848 -0.050000 -0.008378
v 2.401258 -0.050000 -0.003824
v 2.389278 -0.050000 0.000972
v 2.376934 -0.050000 0.006008
v 2.364251 -0.050000 0.011281
v 2.351255 -0.050000 0.016789
v 2.337974 -0.050000 0.022528
v 2.324430 -0.050000 0.028496
v 2.310654 -0.050000 0.034691
v 2.296668 -0.050000 0.041110
v 2.282500 -0.050000 0.047750
v 2.284750 -0.050000 0.191750
v 2.227000 -0.050000 0.191750
v 2.227359 -0.050000 0.184048
v 2.227687 -0.050000 0.175635
v 2.227984 -0.050000 0.166613
v 2.228250 -0.050000 0.157083
v 2.228484 -0.050000 0.147147
v 2.228687 -0.050000 0.136906
v 2.228859 -0.050000 0.126462
v 2.229000 -0.050000 0.115917
v 2.229109 -0.050000 0.105371
v 2.229187 -0.050000 0.094927
v 2.229235 -0.050000 0.084686
v 2.229250 -0.050000 0.074750
v 2.212266 -0.050000 0.084004
v 2.196253 -0.050000 0.093406
v 2.181309 -0.050000 0.102980
v 2.167528 -0.050000 0.112750
v 2.155007 -0.050000 0.122738
v 2.143844 -0.050000 0.132969
v 2.134133 -0.050000 0.143465
v 2.125972 -0.050000 0.154250
v 2.119457 -0.050000 0.165348
v 2.114684 -0.050000 0.176781
v 2.111750 -0.050000 0.188574
v 2.110750 -0.050000 0.200750
v 2.111945 -0.050000 0.214367
v 2.115440 -0.050000 0.226062
v 2.121097 -0.050000 0.235977
v 2.128778 -0.050000 0.244250
v 2.138343 -0.050000 0.251023
v 2.149656 -0.050000 0.256437
v 2.162579 -0.050000 0.260633
v 2.176973 -0.050000 0.263750
v 2.192700 -0.050000 0.265930
v 2.209622 -0.050000 0.267312
v 2.227602 -0.050000 0.268039
v 2.246500 -0.050000 0.268250
v 2.261558 -0.050000 0.268111
v 2.277396 -0.050000 0.267698
v 2.293891 -0.050000 0.267020
v 2.310917 -0.050000 0.266083
v 2.328349 -0.050000 0.264897
v 2.346062 -0.050000 0.263469
v 2.363932 -0.050000 0.261806
v 2.381834 -0.050000 0.259917
v 2.399641 -0.050000 0.257809
v 2.417230 -0.050000 0.255490
v 2.434474 -0.050000 0.252967
v 2.451251 -0.050000 0.250250
v 2.449750 -0.050000 0.310250
v 2.434978 -0.050000 0.312091
v 2.419267 -0.050000 0.313854
v 2.402769 -0.050000 0.315523
v 2.385639 -0.050000 0.317083
v 2.368029 -0.050000 0.318518
v 2.350094 -0.050000 0.319813
v 2.331986 -0.050000 0.320951
v 2.313861 -0.050000 0.321917
v 2.295871 -0.050000 0.322695
v 2.278170 -0.050000 0.323271
v 2.260912 -0.050000 0.323628
v 2.244250 -0.050000 0.323750
v 2.217913 -0.050000 0.323240
v 2.192677 -0.050000 0.321604
v 2.168770 -0.050000 0.318687
v 2.146417 -0.050000 0.314333
v 2.125845 -0.050000 0.308385
v 2.107281 -0.050000 0.300687
v 2.090952 -0.050000 0.291083
v 2.077083 -0.050000 0.279417
v 2.065902 -0.050000 0.265531
v 2.057635 -0.050000 0.249271
v 2.052509 -0.050000 0.230479
v 2.050750 -0.050000 0.209000
v 2.052558 -0.050000 0.187549
v 2.057768 -0.050000 0.167392
v 2.066068 -0.050000 0.148449
v 2.077140 -0.050000 0.130639
v 2.090670 -0.050000 0.113881
v 2.106344 -0.050000 0.098094
v 2.123847 -0.050000 0.083197
v 2.142861 -0.050000 0.069111
v 2.163074 -0.050000 0.055754
v 2.184171 -0.050000 0.043045
v 2.205834 -0.050000 0.030904
v 2.227750 -0.050000 0.019250
v 2.225476 -0.050000 0.011560
v 2.222435 -0.050000 0.004608
v 2.218669 -0.050000 -0.001621
v 2.214223 -0.050000 -0.007139
v 2.209142 -0.050000 -0.011959
v 2.203469 -0.050000 -0.016094
v 2.197249 -0.050000 -0.019557
v 2.190528 -0.050000 -0.022361
v 2.183347 -0.050000 -0.024520
v 2.175754 -0.050000 -0.026045
v 2.167789 -0.050000 -0.026951
v 2.159500 -0.050000 -0.027250
v 2.147681 -0.050000 -0.026774
v 2.135882 -0.050000 -0.025382
v 2.124156 -0.050000 -0.023125
v 2.112556 -0.050000 -0.020056
v 2.101132 -0.050000 -0.016226
v 2.089938 -0.050000 -0.011687
v 2.079024 -0.050000 -0.006493
v 2.068444 -0.050000 -0.000694
v 2.058249 -0.050000 0.005656
v 2.048493 -0.050000 0.012507
v 2.039226 -0.050000 0.019806
v 2.030500 -0.050000 0.027500
v 2.025075 -0.050000 0.032716
v 2.019663 -0.050000 0.038226
v 2.014246 -0.050000 0.044012
v 2.008805 -0.050000 0.050056
v 2.003323 -0.050000 0.056339
v 1.997781 -0.050000 0.062844
v 1.992161 -0.050000 0.069552
v 1.986444 -0.050000 0.076444
v 1.980613 -0.050000 0.083504
v 1.974649 -0.050000 0.090712
v 1.968534 -0.050000 0.098050
v 1.962250 -0.050000 0.105500
v 1.911250 -0.050000 0.068000
v 1.933966 -0.050000 0.045423
v 1.954916 -0.050000 0.023448
v 1.974179 -0.050000 0.002082
v 1.991833 -0.050000 -0.018667
v 2.007956 -0.050000 -0.038790
v 2.022625 -0.050000 -0.058281
v 2.035919 -0.050000 -0.077132
v 2.047917 -0.050000 -0.095333
v 2.058696 -0.050000 -0.112879
v 2.068334 -0.050000 -0.129760
v 2.076909 -0.050000 -0.145970
v 2.084500 -0.050000 -0.161500
v 2.051500 -0.050000 -0.161500
v 2.043094 -0.050000 -0.161531
v 2.034056 -0.050000 -0.161625
v 2.024477 -0.050000 -0.161781
v 2.014445 -0.050000 -0.162000
v 2.004048 -0.050000 -0.162281
v 1.993375 -0.050000 -0.162625
v 1.982515 -0.050000 -0.163031
v 1.971556 -0.050000 -0.163500
v 1.960586 -0.050000 -0.164031
v 1.949695 -0.050000 -0.164625
v 1.938970 -0.050000 -0.165281
v 1.928500 -0.050000 -0.166000
v 1.928500 -0.050000 -0.222250
v 1.938684 -0.050000 -0.220985
v 1.949295 -0.050000 -0.219816
v 1.960222 -0.050000 -0.218746
v 1.971361 -0.050000 -0.217778
v 1.982604 -0.050000 -0.216914
v 1.993844 -0.050000 -0.216156
v 2.004974 -0.050000 -0.215508
v 2.015889 -0.050000 -0.214972
v 2.026481 -0.050000 -0.214551
v 2.036643 -0.050000 -0.214247
v 2.046268 -0.050000 -0.214062
v 2.055250 -0.050000 -0.214000
v 2.104750 -0.050000 -0.214750
v 2.107295 -0.050000 -0.222839
v 2.109679 -0.050000 -0.230965
v 2.111897 -0.050000 -0.239102
v 2.113944 -0.050000 -0.247222
v 2.115813 -0.050000 -0.255301
v 2.117499 -0.050000 -0.263313
v 2.118999 -0.050000 -0.271230
v 2.120305 -0.050000 -0.279028
v 2.121414 -0.050000 -0.286680
v 2.122319 -0.050000 -0.294160
v 2.123017 -0.050000 -0.301442
v 2.123500 -0.050000 -0.308500
v 2.185000 -0.050000 -0.303250
v 2.183842 -0.050000 -0.297485
v 2.182608 -0.050000 -0.291441
v 2.181285 -0.050000 -0.285121
v 2.179861 -0.050000 -0.278528
v 2.178323 -0.050000 -0.271664
v 2.176656 -0.050000 -0.264531
v 2.174850 -0.050000 -0.257133
v 2.172889 -0.050000 -0.249472
v 2.170762 -0.050000 -0.241551
v 2.168455 -0.050000 -0.233372
v 2.165955 -0.050000 -0.224937
v 2.163250 -0.050000 -0.216250
v 2.182475 -0.050000 -0.217252
v 2.201861 -0.050000 -0.218389
v 2.221353 -0.050000 -0.219672
v 2.240890 -0.050000 -0.221111
v 2.260417 -0.050000 -0.222717
v 2.279876 -0.050000 -0.224500
v 2.299210 -0.050000 -0.226471
v 2.318362 -0.050000 -0.228639
v 2.337274 -0.050000 -0.231016
v 2.355889 -0.050000 -0.233611
v 2.374150 -0.050000 -0.236436
v 2.392000 -0.050000 -0.239500
v 2.391250 -0.050000 -0.184000
v 2.372314 -0.050000 -0.181123
v 2.352701 -0.050000 -0.178486
v 2.332515 -0.050000 -0.176078
v 2.311861 -0.050000 -0.173889
v 2.290842 -0.050000 -0.171908
v 2.269562 -0.050000 -0.170125
v 2.248127 -0.050000 -0.168530
v 2.226639 -0.050000 -0.167111
v 2.205203 -0.050000 -0.165859
v 2.183924 -0.050000 -0.164764
v 2.162905 -0.050000 -0.163814
v 2.142250 -0.050000 -0.163000
v 2.137785 -0.050000 -0.153007
v 2.133031 -0.050000 -0.142931
v 2.128012 -0.050000 -0.132813
v 2.122750 -0.050000 -0.122694
v 2.117270 -0.050000 -0.112618
v 2.111594 -0.050000 -0.102625
v 2.105746 -0.050000 -0.092757
v 2.099751 -0.050000 -0.083056
v 2.093629 -0.050000 -0.073563
v 2.087406 -0.050000 -0.064319
v 2.081106 -0.050000 -0.055368
v 2.074750 -0.050000 -0.046750
v 2.082172 -0.050000 -0.051077
v 2.090129 -0.050000 -0.055056
v 2.098528 -0.050000 -0.058680
v 2.107278 -0.050000 -0.061944
v 2.116289 -0.050000 -0.064845
v 2.125469 -0.050000 -0.067375
v 2.134727 -0.050000 -0.069530
v 2.143973 -0.050000 -0.071306
v 2.153114 -0.050000 -0.072695
v 2.162060 -0.050000 -0.073694
v 2.170719 -0.050000 -0.074298
v 2.179000 -0.050000 -0.074500
v 2.190988 -0.050000 -0.074003
v 2.202534 -0.050000 -0.072521
v 2.213570 -0.050000 -0.070070
v 2.224028 -0.050000 -0.066667
v 2.233839 -0.050000 -0.062326
v 2.242937 -0.050000 -0.057063
v 2.251254 -0.050000 -0.050893
v 2.258722 -0.050000 -0.043833
v 2.265273 -0.050000 -0.035898
v 2.270840 -0.050000 -0.027104
v 2.275355 -0.050000 -0.017466
v 2.278750 -0.050000 -0.007000
v 2.291563 -0.050000 -0.013051
v 2.304122 -0.050000 -0.018844
v 2.316427 -0.050000 -0.024402
v 2.328473 -0.050000 -0.029750
v 2.340260 -0.050000 -0.034910
v 2.351782 -0.050000 -0.039906
v 2.363039 -0.050000 -0.044762
v 2.374029 -0.050000 -0.049500
v 2.384747 -0.050000 -0.054145
v 2.395192 -0.050000 -0.058719
v 2.405360 -0.050000 -0.063246
v 2.415250 -0.050000 -0.067750
v 2.420786 -0.050000 -0.070159
v 2.426160 -0.050000 -0.072521
v 2.431398 -0.050000 -0.074852
v 2.436528 -0.050000 -0.077167
v 2.441574 -0.050000 -0.079482
v 2.446563 -0.050000 -0.081813
v 2.451520 -0.050000 -0.084175
v 2.456472 -0.050000 -0.086583
v 2.461446 -0.050000 -0.089055
v 2.466465 -0.050000 -0.091604
v 2.471558 -0.050000 -0.094247
v 2.476750 -0.050000 -0.097000
v 2.501500 -0.050000 -0.040750
v 2.496478 -0.050000 -0.039332
v 2.491192 -0.050000 -0.037722
v 2.485692 -0.050000 -0.035945
v 2.480029 -0.050000 -0.034028
v 2.474250 -0.050000 -0.031996
v 2.468407 -0.050000 -0.029875
v 2.462548 -0.050000 -0.027692
v 2.456723 -0.050000 -0.025472
v 2.450981 -0.050000 -0.023242
v 2.445372 -0.050000 -0.021028
v 2.439945 -0.050000 -0.018855
v 2.434751 -0.050000 -0.016750
v 1.291000 -0.050000 -0.250000
v 1.133500 -0.050000 -0.250000
v 1.133500 -0.050000 -0.301000
v 1.345000 -0.050000 -0.301000
v 1.345000 -0.050000 -0.084250
v 1.193500 -0.050000 -0.084250
v 1.183750 -0.050000 0.014750
v 1.345750 -0.050000 0.014750
v 1.345749 -0.050000 0.015094
v 1.345747 -0.050000 0.016062
v 1.345738 -0.050000 0.017562
v 1.345722 -0.050000 0.019500
v 1.345696 -0.050000 0.021781
v 1.345656 -0.050000 0.024312
v 1.345602 -0.050000 0.027000
v 1.345528 -0.050000 0.029750
v 1.345434 -0.050000 0.032469
v 1.345316 -0.050000 0.035062
v 1.345173 -0.050000 0.037437
v 1.345000 -0.050000 0.039500
v 1.342743 -0.050000 0.084510
v 1.340445 -0.050000 0.124833
v 1.338063 -0.050000 0.160719
v 1.335556 -0.050000 0.192417
v 1.332882 -0.050000 0.220177
v 1.330000 -0.050000 0.244250
v 1.326868 -0.050000 0.264885
v 1.323444 -0.050000 0.282333
v 1.319688 -0.050000 0.296844
v 1.315556 -0.050000 0.308667
v 1.311007 -0.050000 0.318052
v 1.306000 -0.050000 0.325250
v 1.302620 -0.050000 0.329130
v 1.299209 -0.050000 0.332542
v 1.295734 -0.050000 0.335516
v 1.292167 -0.050000 0.338083
v 1.288474 -0.050000 0.340276
v 1.284625 -0.050000 0.342125
v 1.280589 -0.050000 0.343661
v 1.276334 -0.050000 0.344917
v 1.271829 -0.050000 0.345922
v 1.267042 -0.050000 0.346708
v 1.261943 -0.050000 0.347307
v 1.256500 -0.050000 0.347750
v 1.251290 -0.050000 0.348266
v 1.245448 -0.050000 0.348687
v 1.239027 -0.050000 0.349016
v 1.232083 -0.050000 0.349250
v 1.224670 -0.050000 0.349391
v 1.216844 -0.050000 0.349438
v 1.208657 -0.050000 0.349391
v 1.200167 -0.050000 0.349250
v 1.191426 -0.050000 0.349016
v 1.182490 -0.050000 0.348687
v 1.173413 -0.050000 0.348266
v 1.164250 -0.050000 0.347750
v 1.163782 -0.050000 0.343493
v 1.163129 -0.050000 0.339007
v 1.162293 -0.050000 0.334344
v 1.161278 -0.050000 0.329556
v 1.160086 -0.050000 0.324694
v 1.158719 -0.050000 0.319813
v 1.157181 -0.050000 0.314962
v 1.155473 -0.050000 0.310194
v 1.153598 -0.050000 0.305562
v 1.151559 -0.050000 0.301118
v 1.149359 -0.050000 0.296913
v 1.147000 -0.050000 0.293000
v 1.156332 -0.050000 0.293689
v 1.165527 -0.050000 0.294264
v 1.174516 -0.050000 0.294734
v 1.183222 -0.050000 0.295111
v 1.191574 -0.050000 0.295404
v 1.199500 -0.050000 0.295625
v 1.206925 -0.050000 0.295783
v 1.213778 -0.050000 0.295889
v 1.219984 -0.050000 0.295953
v 1.225472 -0.050000 0.295986
v 1.230168 -0.050000 0.295998
v 1.234000 -0.050000 0.296000
v 1.237238 -0.050000 0.296138
v 1.240218 -0.050000 0.296170
v 1.242964 -0.050000 0.296082
v 1.245500 -0.050000 0.295861
v 1.247848 -0.050000 0.295494
v 1.250031 -0.050000 0.294969
v 1.252074 -0.050000 0.294271
v 1.254000 -0.050000 0.293389
v 1.255832 -0.050000 0.292309
v 1.257594 -0.050000 0.291017
v 1.259309 -0.050000 0.289502
v 1.261000 -0.050000 0.287750
v 1.264441 -0.050000 0.283238
v 1.267650 -0.050000 0.276715
v 1.270645 -0.050000 0.268016
v 1.273445 -0.050000 0.256972
v 1.276068 -0.050000 0.243418
v 1.278532 -0.050000 0.227187
v 1.280855 -0.050000 0.208113
v 1.283056 -0.050000 0.186028
v 1.285152 -0.050000 0.160766
v 1.287164 -0.050000 0.132160
v 1.289106 -0.050000 0.100043
v 1.291000 -0.050000 0.064250
v 1.177750 -0.050000 0.064250
v 1.173250 -0.050000 0.098750
v 1.123000 -0.050000 0.089750
v 1.125449 -0.050000 0.074394
v 1.127903 -0.050000 0.057715
v 1.130336 -0.050000 0.039922
v 1.132722 -0.050000 0.021222
v 1.135036 -0.050000 0.001825
v 1.137250 -0.050000 -0.018063
v 1.139339 -0.050000 -0.038231
v 1.141278 -0.050000 -0.058472
v 1.143039 -0.050000 -0.078578
v 1.144598 -0.050000 -0.098340
v 1.145926 -0.050000 -0.117550
v 1.147000 -0.050000 -0.136000
v 1.291000 -0.050000 -0.136000
v 1.437354 -0.050000 -0.316111
v 1.444014 -0.050000 -0.306014
v 1.450446 -0.050000 -0.295562
v 1.456612 -0.050000 -0.284861
v 1.462475 -0.050000 -0.274014
v 1.468000 -0.050000 -0.263125
v 1.473150 -0.050000 -0.252299
v 1.477889 -0.050000 -0.241639
v 1.482180 -0.050000 -0.231250
v 1.485987 -0.050000 -0.221236
v 1.489272 -0.050000 -0.211701
v 1.492001 -0.050000 -0.202750
v 1.443250 -0.050000 -0.183250
v 1.440868 -0.050000 -0.192404
v 1.437879 -0.050000 -0.202167
v 1.434332 -0.050000 -0.212430
v 1.430278 -0.050000 -0.223083
v 1.425765 -0.050000 -0.234018
v 1.420844 -0.050000 -0.245125
v 1.415563 -0.050000 -0.256294
v 1.409972 -0.050000 -0.267417
v 1.404121 -0.050000 -0.278383
v 1.398059 -0.050000 -0.289083
v 1.391836 -0.050000 -0.299409
v 1.385500 -0.050000 -0.309250
v 1.430500 -0.050000 -0.325750
v 1.575541 -0.050000 -0.330534
v 1.580893 -0.050000 -0.319837
v 1.586020 -0.050000 -0.308770
v 1.590889 -0.050000 -0.297444
v 1.595467 -0.050000 -0.285974
v 1.599719 -0.050000 -0.274469
v 1.603612 -0.050000 -0.263042
v 1.607111 -0.050000 -0.251806
v 1.610184 -0.050000 -0.240871
v 1.612795 -0.050000 -0.230351
v 1.614912 -0.050000 -0.220356
v 1.616500 -0.050000 -0.211000
v 1.567750 -0.050000 -0.195250
v 1.566177 -0.050000 -0.204622
v 1.564107 -0.050000 -0.214663
v 1.561574 -0.050000 -0.225262
v 1.558611 -0.050000 -0.236306
v 1.555252 -0.050000 -0.247683
v 1.551531 -0.050000 -0.259281
v 1.547482 -0.050000 -0.270989
v 1.543139 -0.050000 -0.282694
v 1.538535 -0.050000 -0.294285
v 1.533705 -0.050000 -0.305649
v 1.528682 -0.050000 -0.316675
v 1.523500 -0.050000 -0.327250
v 1.570000 -0.050000 -0.340750
v 1.783818 -0.050000 -0.298434
v 1.776920 -0.050000 -0.286660
v 1.769840 -0.050000 -0.274750
v 1.762611 -0.050000 -0.262778
v 1.755268 -0.050000 -0.250816
v 1.747844 -0.050000 -0.238938
v 1.740373 -0.050000 -0.227215
v 1.732889 -0.050000 -0.215722
v 1.725426 -0.050000 -0.204531
v 1.718018 -0.050000 -0.193715
v 1.710698 -0.050000 -0.183347
v 1.703500 -0.050000 -0.173500
v 1.783751 -0.050000 -0.173500
v 1.783751 -0.050000 0.101000
v 1.612750 -0.050000 0.101000
v 1.612750 -0.050000 0.166250
v 1.810750 -0.050000 0.166250
v 1.810750 -0.050000 0.216500
v 1.612750 -0.050000 0.216500
v 1.612750 -0.050000 0.350000
v 1.558000 -0.050000 0.350000
v 1.558000 -0.050000 0.216500
v 1.360750 -0.050000 0.216500
v 1.360750 -0.050000 0.166250
v 1.558000 -0.050000 0.166250
v 1.558000 -0.050000 0.101000
v 1.396750 -0.050000 0.101000
v 1.396750 -0.050000 -0.173500
v 1.663000 -0.050000 -0.173500
v 1.651750 -0.050000 -0.179500
v 1.659234 -0.050000 -0.190145
v 1.666999 -0.050000 -0.201726
v 1.674953 -0.050000 -0.214082
v 1.683000 -0.050000 -0.227056
v 1.691047 -0.050000 -0.240487
v 1.699000 -0.050000 -0.254219
v 1.706766 -0.050000 -0.268091
v 1.714250 -0.050000 -0.281944
v 1.721359 -0.050000 -0.295621
v 1.728000 -0.050000 -0.308962
v 1.734078 -0.050000 -0.321808
v 1.739500 -0.050000 -0.334000
v 1.790500 -0.050000 -0.310000
v 1.558000 -0.050000 0.056000
v 1.558000 -0.050000 -0.015250
v 1.446250 -0.050000 -0.015250
v 1.446250 -0.050000 0.056000
v 1.732000 -0.050000 0.056000
v 1.732000 -0.050000 -0.015250
v 1.612750 -0.050000 -0.015250
v 1.612750 -0.050000 0.056000
v 1.558000 -0.050000 -0.058000
v 1.558000 -0.050000 -0.128500
v 1.446250 -0.050000 -0.128500
v 1.446250 -0.050000 -0.058000
v 1.732000 -0.050000 -0.058000
v 1.732000 -0.050000 -0.128500
v 1.612750 -0.050000 -0.128500
v 1.612750 -0.050000 -0.058000
v 0.480069 -0.050000 -0.208743
v 0.497678 -0.050000 -0.210569
v 0.518489 -0.050000 -0.212688
v 0.542167 -0.050000 -0.215056
v 0.568377 -0.050000 -0.217632
v 0.596781 -0.050000 -0.220375
v 0.627046 -0.050000 -0.223243
v 0.658834 -0.050000 -0.226194
v 0.691809 -0.050000 -0.229188
v 0.725636 -0.050000 -0.232181
v 0.759978 -0.050000 -0.235132
v 0.794500 -0.050000 -0.238000
v 0.814698 -0.050000 -0.239641
v 0.834396 -0.050000 -0.241187
v 0.853563 -0.050000 -0.242641
v 0.872167 -0.050000 -0.244000
v 0.890177 -0.050000 -0.245266
v 0.907563 -0.050000 -0.246438
v 0.924292 -0.050000 -0.247516
v 0.940333 -0.050000 -0.248500
v 0.955657 -0.050000 -0.249391
v 0.970230 -0.050000 -0.250187
v 0.984021 -0.050000 -0.250891
v 0.997000 -0.050000 -0.251500
v 0.997000 -0.050000 -0.191500
v 0.985858 -0.050000 -0.191479
v 0.973924 -0.050000 -0.191392
v 0.961376 -0.050000 -0.191207
v 0.948390 -0.050000 -0.190889
v 0.935143 -0.050000 -0.190404
v 0.921813 -0.050000 -0.189719
v 0.908577 -0.050000 -0.188799
v 0.895612 -0.050000 -0.187611
v 0.883094 -0.050000 -0.186121
v 0.871202 -0.050000 -0.184295
v 0.860111 -0.050000 -0.182099
v 0.850000 -0.050000 -0.179500
v 0.824249 -0.050000 -0.169279
v 0.800299 -0.050000 -0.156108
v 0.778235 -0.050000 -0.140348
v 0.758140 -0.050000 -0.122361
v 0.740096 -0.050000 -0.102510
v 0.724188 -0.050000 -0.081156
v 0.710499 -0.050000 -0.058662
v 0.699111 -0.050000 -0.035389
v 0.690110 -0.050000 -0.011699
v 0.683577 -0.050000 0.012045
v 0.679596 -0.050000 0.035482
v 0.678250 -0.050000 0.058250
v 0.681006 -0.050000 0.092768
v 0.688927 -0.050000 0.123330
v 0.701488 -0.050000 0.150137
v 0.718166 -0.050000 0.173389
v 0.738439 -0.050000 0.193287
v 0.761781 -0.050000 0.210031
v 0.787671 -0.050000 0.223822
v 0.815583 -0.050000 0.234861
v 0.844996 -0.050000 0.243348
v 0.875385 -0.050000 0.249483
v 0.906228 -0.050000 0.253467
v 0.937000 -0.050000 0.255500
v 0.915250 -0.050000 0.317750
v 0.880260 -0.050000 0.314986
v 0.845074 -0.050000 0.309264
v 0.810309 -0.050000 0.300500
v 0.776584 -0.050000 0.288611
v 0.744515 -0.050000 0.273514
v 0.714719 -0.050000 0.255125
v 0.687814 -0.050000 0.233361
v 0.664417 -0.050000 0.208139
v 0.645144 -0.050000 0.179375
v 0.630615 -0.050000 0.146986
v 0.621444 -0.050000 0.110889
v 0.618250 -0.050000 0.071000
v 0.619692 -0.050000 0.042222
v 0.623847 -0.050000 0.014462
v 0.630461 -0.050000 -0.012168
v 0.639278 -0.050000 -0.037556
v 0.650043 -0.050000 -0.061589
v 0.662500 -0.050000 -0.084156
v 0.676395 -0.050000 -0.105145
v 0.691473 -0.050000 -0.124444
v 0.707477 -0.050000 -0.141941
v 0.724153 -0.050000 -0.157524
v 0.741246 -0.050000 -0.171081
v 0.758500 -0.050000 -0.182500
v 0.736253 -0.050000 -0.180068
v 0.710150 -0.050000 -0.177295
v 0.680958 -0.050000 -0.174215
v 0.649445 -0.050000 -0.170861
v 0.616380 -0.050000 -0.167268
v 0.582531 -0.050000 -0.163469
v 0.548667 -0.050000 -0.159498
v 0.515556 -0.050000 -0.155389
v 0.483965 -0.050000 -0.151176
v 0.454663 -0.050000 -0.146892
v 0.428419 -0.050000 -0.142572
v 0.406000 -0.050000 -0.138250
v 0.399250 -0.050000 -0.203500
v 0.406279 -0.050000 -0.203703
v 0.413101 -0.050000 -0.203934
v 0.419700 -0.050000 -0.204191
v 0.426056 -0.050000 -0.204472
v 0.432152 -0.050000 -0.204774
v 0.437969 -0.050000 -0.205094
v 0.443490 -0.050000 -0.205429
v 0.448695 -0.050000 -0.205778
v 0.453567 -0.050000 -0.206137
v 0.458087 -0.050000 -0.206503
v 0.462238 -0.050000 -0.206875
v 0.466001 -0.050000 -0.207250
v 0.912250 -0.050000 0.023000
v 0.907846 -0.050000 0.013944
v 0.903268 -0.050000 0.004802
v 0.898528 -0.050000 -0.004387
v 0.893639 -0.050000 -0.013583
v 0.888615 -0.050000 -0.022749
v 0.883469 -0.050000 -0.031844
v 0.878213 -0.050000 -0.040829
v 0.872861 -0.050000 -0.049667
v 0.867426 -0.050000 -0.058316
v 0.861920 -0.050000 -0.066740
v 0.856358 -0.050000 -0.074897
v 0.850750 -0.050000 -0.082750
v 0.889000 -0.050000 -0.099250
v 0.893533 -0.050000 -0.092630
v 0.898451 -0.050000 -0.085226
v 0.903672 -0.050000 -0.077160
v 0.909111 -0.050000 -0.068556
v 0.914686 -0.050000 -0.059534
v 0.920313 -0.050000 -0.050219
v 0.925908 -0.050000 -0.040731
v 0.931389 -0.050000 -0.031194
v 0.936672 -0.050000 -0.021731
v 0.941674 -0.050000 -0.012462
v 0.946311 -0.050000 -0.003511
v 0.950500 -0.050000 0.005000
v 0.997000 -0.050000 -0.008500
v 0.992423 -0.050000 -0.017684
v 0.987698 -0.050000 -0.026851
v 0.982832 -0.050000 -0.035980
v 0.977833 -0.050000 -0.045056
v 0.972710 -0.050000 -0.054058
v 0.967469 -0.050000 -0.062969
v 0.962119 -0.050000 -0.071770
v 0.956667 -0.050000 -0.080444
v 0.951121 -0.050000 -0.088973
v 0.945489 -0.050000 -0.097337
v 0.939780 -0.050000 -0.105519
v 0.934000 -0.050000 -0.113500
v 0.970750 -0.050000 -0.130750
v 0.975487 -0.050000 -0.124145
v 0.980637 -0.050000 -0.116781
v 0.986115 -0.050000 -0.108777
v 0.991834 -0.050000 -0.100250
v 0.997710 -0.050000 -0.091316
v 1.003657 -0.050000 -0.082094
v 1.009588 -0.050000 -0.072699
v 1.015417 -0.050000 -0.063250
v 1.021059 -0.050000 -0.053863
v 1.026427 -0.050000 -0.044656
v 1.031436 -0.050000 -0.035746
v 1.036000 -0.050000 -0.027250
v -0.210564 -0.050000 -0.031000
v -0.183389 -0.050000 -0.031000
v -0.149422 -0.050000 -0.031000
v -0.110361 -0.050000 -0.031000
v -0.067904 -0.050000 -0.031000
v -0.023750 -0.050000 -0.031000
v 0.020405 -0.050000 -0.031000
v 0.062861 -0.050000 -0.031000
v 0.101922 -0.050000 -0.031000
v 0.135889 -0.050000 -0.031000
v 0.163064 -0.050000 -0.031000
v 0.181750 -0.050000 -0.031000
v 0.190907 -0.050000 -0.031045
v 0.199625 -0.050000 -0.031174
v 0.207906 -0.050000 -0.031375
v 0.215750 -0.050000 -0.031639
v 0.223156 -0.050000 -0.031955
v 0.230125 -0.050000 -0.032312
v 0.236656 -0.050000 -0.032701
v 0.242750 -0.050000 -0.033111
v 0.248406 -0.050000 -0.033531
v 0.253625 -0.050000 -0.033951
v 0.258406 -0.050000 -0.034361
v 0.262750 -0.050000 -0.034750
v 0.262750 -0.050000 0.038750
v 0.258665 -0.050000 0.038519
v 0.253941 -0.050000 0.038212
v 0.248629 -0.050000 0.037848
v 0.242778 -0.050000 0.037444
v 0.236437 -0.050000 0.037020
v 0.229656 -0.050000 0.036594
v 0.222485 -0.050000 0.036183
v 0.214972 -0.050000 0.035806
v 0.207168 -0.050000 0.035480
v 0.199121 -0.050000 0.035226
v 0.190883 -0.050000 0.035059
v 0.182500 -0.050000 0.035000
v 0.163656 -0.050000 0.035000
v 0.136375 -0.050000 0.035000
v 0.102344 -0.050000 0.035000
v 0.063250 -0.050000 0.035000
v 0.020782 -0.050000 0.035000
v -0.023375 -0.050000 0.035000
v -0.067531 -0.050000 0.035000
v -0.110000 -0.050000 0.035000
v -0.149094 -0.050000 0.035000
v -0.183125 -0.050000 0.035000
v -0.210406 -0.050000 0.035000
v -0.229250 -0.050000 0.035000
v -0.239522 -0.050000 0.035031
v -0.249680 -0.050000 0.035122
v -0.259672 -0.050000 0.035270
v -0.269444 -0.050000 0.035472
v -0.278946 -0.050000 0.035727
v -0.288125 -0.050000 0.036031
v -0.296929 -0.050000 0.036382
v -0.305305 -0.050000 0.036778
v -0.313203 -0.050000 0.037215
v -0.320569 -0.050000 0.037691
v -0.327352 -0.050000 0.038204
v -0.333500 -0.050000 0.038750
v -0.333500 -0.050000 -0.034750
v -0.327525 -0.050000 -0.034361
v -0.320883 -0.050000 -0.033951
v -0.313626 -0.050000 -0.033531
v -0.305806 -0.050000 -0.033111
v -0.297476 -0.050000 -0.032701
v -0.288688 -0.050000 -0.032313
v -0.279493 -0.050000 -0.031955
v -0.269945 -0.050000 -0.031639
v -0.260094 -0.050000 -0.031375
v -0.249993 -0.050000 -0.031174
v -0.239694 -0.050000 -0.031045
v -0.229250 -0.050000 -0.031000
v -1.003477 -0.050000 0.076285
v -0.991500 -0.050000 0.074531
v -0.977961 -0.050000 0.072512
v -0.963000 -0.050000 0.070250
v -0.946758 -0.050000 0.067769
v -0.929375 -0.050000 0.065094
v -0.910992 -0.050000 0.062246
v -0.891750 -0.050000 0.059250
v -0.871789 -0.050000 0.056129
v -0.851250 -0.050000 0.052906
v -0.830273 -0.050000 0.049605
v -0.809000 -0.050000 0.046250
v -0.839000 -0.050000 -0.104500
v -1.004000 -0.050000 -0.077500
v -1.009177 -0.050000 -0.076562
v -1.014229 -0.050000 -0.075618
v -1.019187 -0.050000 -0.074664
v -1.024083 -0.050000 -0.073694
v -1.028948 -0.050000 -0.072704
v -1.033812 -0.050000 -0.071688
v -1.038708 -0.050000 -0.070640
v -1.043667 -0.050000 -0.069556
v -1.048719 -0.050000 -0.068430
v -1.053896 -0.050000 -0.067257
v -1.059229 -0.050000 -0.066032
v -1.064750 -0.050000 -0.064750
v -1.077500 -0.050000 -0.132250
v -1.072795 -0.050000 -0.132454
v -1.068046 -0.050000 -0.132691
v -1.063239 -0.050000 -0.132965
v -1.058361 -0.050000 -0.133278
v -1.053401 -0.050000 -0.133632
v -1.048344 -0.050000 -0.134031
v -1.043178 -0.050000 -0.134477
v -1.037889 -0.050000 -0.134972
v -1.032465 -0.050000 -0.135520
v -1.026892 -0.050000 -0.136122
v -1.021158 -0.050000 -0.136781
v -1.015250 -0.050000 -0.137500
v -1.007205 -0.050000 -0.138388
v -0.997766 -0.050000 -0.139538
v -0.987042 -0.050000 -0.140934
v -0.975138 -0.050000 -0.142556
v -0.962161 -0.050000 -0.144386
v -0.948218 -0.050000 -0.146406
v -0.933415 -0.050000 -0.148599
v -0.917861 -0.050000 -0.150944
v -0.901659 -0.050000 -0.153426
v -0.884920 -0.050000 -0.156024
v -0.867747 -0.050000 -0.158722
v -0.850250 -0.050000 -0.161500
v -0.866000 -0.050000 -0.240250
v -0.866967 -0.050000 -0.245063
v -0.867993 -0.050000 -0.249757
v -0.869070 -0.050000 -0.254336
v -0.870194 -0.050000 -0.258806
v -0.871360 -0.050000 -0.263171
v -0.872562 -0.050000 -0.267438
v -0.873796 -0.050000 -0.271610
v -0.875055 -0.050000 -0.275695
v -0.876336 -0.050000 -0.279695
v -0.877632 -0.050000 -0.283618
v -0.878938 -0.050000 -0.287468
v -0.880250 -0.050000 -0.291250
v -0.812750 -0.050000 -0.303250
v -0.812502 -0.050000 -0.299553
v -0.812145 -0.050000 -0.295615
v -0.811695 -0.050000 -0.291473
v -0.811166 -0.050000 -0.287167
v -0.810575 -0.050000 -0.282736
v -0.809937 -0.050000 -0.278219
v -0.809268 -0.050000 -0.273655
v -0.808583 -0.050000 -0.269083
v -0.807898 -0.050000 -0.264543
v -0.807229 -0.050000 -0.260073
v -0.806591 -0.050000 -0.255712
v -0.806000 -0.050000 -0.251500
v -0.790250 -0.050000 -0.170500
v -0.772159 -0.050000 -0.173482
v -0.754343 -0.050000 -0.176417
v -0.736917 -0.050000 -0.179289
v -0.719999 -0.050000 -0.182083
v -0.703706 -0.050000 -0.184784
v -0.688156 -0.050000 -0.187375
v -0.673464 -0.050000 -0.189841
v -0.659750 -0.050000 -0.192167
v -0.647129 -0.050000 -0.194336
v -0.635718 -0.050000 -0.196333
v -0.625637 -0.050000 -0.198143
v -0.617000 -0.050000 -0.199750
v -0.611626 -0.050000 -0.200717
v -0.606388 -0.050000 -0.201736
v -0.601296 -0.050000 -0.202797
v -0.596361 -0.050000 -0.203889
v -0.591592 -0.050000 -0.205002
v -0.587000 -0.050000 -0.206125
v -0.582595 -0.050000 -0.207248
v -0.578389 -0.050000 -0.208361
v -0.574391 -0.050000 -0.209453
v -0.570611 -0.050000 -0.210514
v -0.567061 -0.050000 -0.211533
v -0.563750 -0.050000 -0.212500
v -0.551000 -0.050000 -0.149500
v -0.554053 -0.050000 -0.149095
v -0.557552 -0.050000 -0.148632
v -0.561441 -0.050000 -0.148117
v -0.565667 -0.050000 -0.147556
v -0.570173 -0.050000 -0.146952
v -0.574906 -0.050000 -0.146313
v -0.579811 -0.050000 -0.145642
v -0.584833 -0.050000 -0.144944
v -0.589918 -0.050000 -0.144227
v -0.595011 -0.050000 -0.143493
v -0.600056 -0.050000 -0.142749
v -0.605000 -0.050000 -0.142000
v -0.779750 -0.050000 -0.114250
v -0.749750 -0.050000 0.036500
v -0.565250 -0.050000 0.005000
v -0.558107 -0.050000 0.003530
v -0.551295 -0.050000 0.002118
v -0.544801 -0.050000 0.000758
v -0.538611 -0.050000 -0.000556
v -0.532713 -0.050000 -0.001827
v -0.527093 -0.050000 -0.003063
v -0.521739 -0.050000 -0.004267
v -0.516638 -0.050000 -0.005444
v -0.511777 -0.050000 -0.006602
v -0.507142 -0.050000 -0.007743
v -0.502721 -0.050000 -0.008874
v -0.498500 -0.050000 -0.010000
v -0.486500 -0.050000 0.053000
v -0.490607 -0.050000 0.053421
v -0.495042 -0.050000 0.053931
v -0.499789 -0.050000 0.054523
v -0.504833 -0.050000 0.055194
v -0.510159 -0.050000 0.055938
v -0.515750 -0.050000 0.056750
v -0.521591 -0.050000 0.057624
v -0.527667 -0.050000 0.058556
v -0.533961 -0.050000 0.059539
v -0.540458 -0.050000 0.060569
v -0.547143 -0.050000 0.061641
v -0.554000 -0.050000 0.062750
v -0.738500 -0.050000 0.092000
v -0.707750 -0.050000 0.242750
v -0.706421 -0.050000 0.248261
v -0.705062 -0.050000 0.253899
v -0.703672 -0.050000 0.259637
v -0.702250 -0.050000 0.265444
v -0.700797 -0.050000 0.271294
v -0.699312 -0.050000 0.277156
v -0.697797 -0.050000 0.283003
v -0.696250 -0.050000 0.288806
v -0.694672 -0.050000 0.294535
v -0.693062 -0.050000 0.300163
v -0.691422 -0.050000 0.305661
v -0.689750 -0.050000 0.311000
v -0.758000 -0.050000 0.323750
v -0.758909 -0.050000 0.317436
v -0.759771 -0.050000 0.311236
v -0.760602 -0.050000 0.305141
v -0.761416 -0.050000 0.299139
v -0.762231 -0.050000 0.293220
v -0.763062 -0.050000 0.287375
v -0.763924 -0.050000 0.281592
v -0.764833 -0.050000 0.275861
v -0.765804 -0.050000 0.270172
v -0.766854 -0.050000 0.264514
v -0.767997 -0.050000 0.258877
v -0.769250 -0.050000 0.253250
v -0.798500 -0.050000 0.101750
v -0.819571 -0.050000 0.105293
v -0.840319 -0.050000 0.108785
v -0.860609 -0.050000 0.112203
v -0.880305 -0.050000 0.115528
v -0.899272 -0.050000 0.118738
v -0.917375 -0.050000 0.121812
v -0.934477 -0.050000 0.124731
v -0.950444 -0.050000 0.127472
v -0.965141 -0.050000 0.130016
v -0.978430 -0.050000 0.132340
v -0.990179 -0.050000 0.134425
v -1.000250 -0.050000 0.136250
v -1.007393 -0.050000 0.137533
v -1.014202 -0.050000 0.138760
v -1.020688 -0.050000 0.139941
v -1.026861 -0.050000 0.141083
v -1.032733 -0.050000 0.142194
v -1.038313 -0.050000 0.143281
v -1.043611 -0.050000 0.144353
v -1.048639 -0.050000 0.145417
v -1.053406 -0.050000 0.146480
v -1.057924 -0.050000 0.147552
v -1.062201 -0.050000 0.148639
v -1.066250 -0.050000 0.149750
v -1.079750 -0.050000 0.084500
v -1.075200 -0.050000 0.084267
v -1.070225 -0.050000 0.083948
v -1.064902 -0.050000 0.083551
v -1.059305 -0.050000 0.083083
v -1.053510 -0.050000 0.082553
v -1.047594 -0.050000 0.081969
v -1.041629 -0.050000 0.081337
v -1.035694 -0.050000 0.080667
v -1.029863 -0.050000 0.079965
v -1.024211 -0.050000 0.079240
v -1.018815 -0.050000 0.078499
v -1.013750 -0.050000 0.077750
v -1.335569 -0.050000 -0.162166
v -1.343239 -0.050000 -0.144764
v -1.351707 -0.050000 -0.126695
v -1.360916 -0.050000 -0.108111
v -1.370813 -0.050000 -0.089162
v -1.381343 -0.050000 -0.070000
v -1.392452 -0.050000 -0.050775
v -1.404083 -0.050000 -0.031639
v -1.416183 -0.050000 -0.012742
v -1.428698 -0.050000 0.005764
v -1.441571 -0.050000 0.023728
v -1.454750 -0.050000 0.041000
v -1.434829 -0.050000 0.058461
v -1.414569 -0.050000 0.076934
v -1.394164 -0.050000 0.096184
v -1.373806 -0.050000 0.115972
v -1.353687 -0.050000 0.136063
v -1.334000 -0.050000 0.156219
v -1.314938 -0.050000 0.176203
v -1.296694 -0.050000 0.195778
v -1.279461 -0.050000 0.214707
v -1.263430 -0.050000 0.232753
v -1.248796 -0.050000 0.249680
v -1.235750 -0.050000 0.265250
v -1.288250 -0.050000 0.310250
v -1.301403 -0.050000 0.293148
v -1.315663 -0.050000 0.275312
v -1.330918 -0.050000 0.256883
v -1.347055 -0.050000 0.238000
v -1.363964 -0.050000 0.218805
v -1.381531 -0.050000 0.199437
v -1.399645 -0.050000 0.180039
v -1.418194 -0.050000 0.160750
v -1.437066 -0.050000 0.141711
v -1.456149 -0.050000 0.123062
v -1.475331 -0.050000 0.104945
v -1.494500 -0.050000 0.087500
v -1.514993 -0.050000 0.108968
v -1.536323 -0.050000 0.130181
v -1.558449 -0.050000 0.151039
v -1.581333 -0.050000 0.171444
v -1.604936 -0.050000 0.191298
v -1.629219 -0.050000 0.210500
v -1.654142 -0.050000 0.228952
v -1.679667 -0.050000 0.246556
v -1.705754 -0.050000 0.263211
v -1.732364 -0.050000 0.278819
v -1.759459 -0.050000 0.293282
v -1.787000 -0.050000 0.306500
v -1.835000 -0.050000 0.256250
v -1.805029 -0.050000 0.243589
v -1.775548 -0.050000 0.229333
v -1.746640 -0.050000 0.213641
v -1.718389 -0.050000 0.196667
v -1.690876 -0.050000 0.178568
v -1.664187 -0.050000 0.159500
v -1.638404 -0.050000 0.139620
v -1.613611 -0.050000 0.119083
v -1.589890 -0.050000 0.098047
v -1.567326 -0.050000 0.076667
v -1.546001 -0.050000 0.055099
v -1.526000 -0.050000 0.033500
v -1.513195 -0.050000 0.018455
v -1.500371 -0.050000 0.002326
v -1.487668 -0.050000 -0.014688
v -1.475222 -0.050000 -0.032389
v -1.463172 -0.050000 -0.050580
v -1.451656 -0.050000 -0.069063
v -1.440812 -0.050000 -0.087639
v -1.430778 -0.050000 -0.106111
v -1.421691 -0.050000 -0.124281
v -1.413691 -0.050000 -0.141951
v -1.406914 -0.050000 -0.158924
v -1.401500 -0.050000 -0.175000
v -1.412426 -0.050000 -0.175000
v -1.430719 -0.050000 -0.175000
v -1.454902 -0.050000 -0.175000
v -1.483500 -0.050000 -0.175000
v -1.515035 -0.050000 -0.175000
v -1.548031 -0.050000 -0.175000
v -1.581012 -0.050000 -0.175000
v -1.612500 -0.050000 -0.175000
v -1.641019 -0.050000 -0.175000
v -1.665094 -0.050000 -0.175000
v -1.683246 -0.050000 -0.175000
v -1.694000 -0.050000 -0.175000
v -1.700847 -0.050000 -0.174941
v -1.708152 -0.050000 -0.174774
v -1.715750 -0.050000 -0.174520
v -1.723472 -0.050000 -0.174194
v -1.731153 -0.050000 -0.173817
v -1.738625 -0.050000 -0.173406
v -1.745722 -0.050000 -0.172980
v -1.752278 -0.050000 -0.172556
v -1.758125 -0.050000 -0.172152
v -1.763097 -0.050000 -0.171788
v -1.767028 -0.050000 -0.171481
v -1.769750 -0.050000 -0.171250
v -1.769750 -0.050000 -0.239500
v -1.766484 -0.050000 -0.239096
v -1.762056 -0.050000 -0.238646
v -1.756649 -0.050000 -0.238164
v -1.750444 -0.050000 -0.237667
v -1.743626 -0.050000 -0.237169
v -1.736375 -0.050000 -0.236688
v -1.728874 -0.050000 -0.236237
v -1.721306 -0.050000 -0.235833
v -1.713851 -0.050000 -0.235492
v -1.706694 -0.050000 -0.235229
v -1.700016 -0.050000 -0.235060
v -1.694000 -0.050000 -0.235000
v -1.682532 -0.050000 -0.235000
v -1.664066 -0.050000 -0.235000
v -1.640012 -0.050000 -0.235000
v -1.611778 -0.050000 -0.235000
v -1.580773 -0.050000 -0.235000
v -1.548406 -0.050000 -0.235000
v -1.516086 -0.050000 -0.235000
v -1.485222 -0.050000 -0.235000
v -1.457222 -0.050000 -0.235000
v -1.433496 -0.050000 -0.235000
v -1.415452 -0.050000 -0.235000
v -1.404500 -0.050000 -0.235000
v -1.398423 -0.050000 -0.235046
v -1.392573 -0.050000 -0.235184
v -1.386957 -0.050000 -0.235410
v -1.381583 -0.050000 -0.235722
v -1.376460 -0.050000 -0.236118
v -1.371594 -0.050000 -0.236594
v -1.366993 -0.050000 -0.237148
v -1.362667 -0.050000 -0.237778
v -1.358621 -0.050000 -0.238480
v -1.354865 -0.050000 -0.239253
v -1.351405 -0.050000 -0.240094
v -1.348250 -0.050000 -0.241000
v -1.310000 -0.050000 -0.211750
v -1.311228 -0.050000 -0.210041
v -1.312639 -0.050000 -0.207951
v -1.314195 -0.050000 -0.205539
v -1.315861 -0.050000 -0.202861
v -1.317600 -0.050000 -0.199975
v -1.319375 -0.050000 -0.196938
v -1.321150 -0.050000 -0.193806
v -1.322889 -0.050000 -0.190639
v -1.324554 -0.050000 -0.187492
v -1.326111 -0.050000 -0.184424
v -1.327522 -0.050000 -0.181490
v -1.328750 -0.050000 -0.178750
v -2.460564 -0.050000 -0.031000
v -2.433389 -0.050000 -0.031000
v -2.399422 -0.050000 -0.031000
v -2.360361 -0.050000 -0.031000
v -2.317904 -0.050000 -0.031000
v -2.273750 -0.050000 -0.031000
v -2.229595 -0.050000 -0.031000
v -2.187139 -0.050000 -0.031000
v -2.148078 -0.050000 -0.031000
v -2.114111 -0.050000 -0.031000
v -2.086936 -0.050000 -0.031000
v -2.068250 -0.050000 -0.031000
v -2.059093 -0.050000 -0.031045
v -2.050375 -0.050000 -0.031174
v -2.042094 -0.050000 -0.031375
v -2.034250 -0.050000 -0.031639
v -2.026844 -0.050000 -0.031955
v -2.019875 -0.050000 -0.032312
v -2.013344 -0.050000 -0.032701
v -2.007250 -0.050000 -0.033111
v -2.001594 -0.050000 -0.033531
v -1.996375 -0.050000 -0.033951
v -1.991594 -0.050000 -0.034361
v -1.987250 -0.050000 -0.034750
v -1.987250 -0.050000 0.038750
v -1.991335 -0.050000 0.038519
v -1.996059 -0.050000 0.038212
v -2.001371 -0.050000 0.037848
v -2.007222 -0.050000 0.037444
v -2.013563 -0.050000 0.037020
v -2.020343 -0.050000 0.036594
v -2.027515 -0.050000 0.036183
v -2.035028 -0.050000 0.035806
v -2.042832 -0.050000 0.035480
v -2.050878 -0.050000 0.035226
v -2.059117 -0.050000 0.035059
v -2.067500 -0.050000 0.035000
v -2.086344 -0.050000 0.035000
v -2.113625 -0.050000 0.035000
v -2.147656 -0.050000 0.035000
v -2.186750 -0.050000 0.035000
v -2.229218 -0.050000 0.035000
v -2.273375 -0.050000 0.035000
v -2.317531 -0.050000 0.035000
v -2.360000 -0.050000 0.035000
v -2.399094 -0.050000 0.035000
v -2.433125 -0.050000 0.035000
v -2.460406 -0.050000 0.035000
v -2.479250 -0.050000 0.035000
v -2.489522 -0.050000 0.035031
v -2.499681 -0.050000 0.035122
v -2.509672 -0.050000 0.035270
v -2.519444 -0.050000 0.035472
v -2.528946 -0.050000 0.035727
v -2.538125 -0.050000 0.036031
v -2.546929 -0.050000 0.036382
v -2.555305 -0.050000 0.036778
v -2.563203 -0.050000 0.037215
v -2.570569 -0.050000 0.037691
v -2.577352 -0.050000 0.038204
v -2.583500 -0.050000 0.038750
v -2.583500 -0.050000 -0.034750
v -2.577524 -0.050000 -0.034361
v -2.570882 -0.050000 -0.033951
v -2.563625 -0.050000 -0.033531
v -2.555805 -0.050000 -0.033111
v -2.547476 -0.050000 -0.032701
v -2.538687 -0.050000 -0.032313
v -2.529493 -0.050000 -0.031955
v -2.519944 -0.050000 -0.031639
v -2.510094 -0.050000 -0.031375
v -2.499993 -0.050000 -0.031174
v -2.489694 -0.050000 -0.031045
v -2.479250 -0.050000 -0.031000
v -2.819120 -0.050000 -0.105754
v -2.812028 -0.050000 -0.107222
v -2.805289 -0.050000 -0.109586
v -2.798972 -0.050000 -0.112778
v -2.793145 -0.050000 -0.116730
v -2.787875 -0.050000 -0.121375
v -2.783230 -0.050000 -0.126645
v -2.779278 -0.050000 -0.132472
v -2.776086 -0.050000 -0.138789
v -2.773722 -0.050000 -0.145528
v -2.772254 -0.050000 -0.152621
v -2.771750 -0.050000 -0.160000
v -2.772254 -0.050000 -0.167537
v -2.773722 -0.050000 -0.174733
v -2.776086 -0.050000 -0.181527
v -2.779278 -0.050000 -0.187861
v -2.783230 -0.050000 -0.193674
v -2.787875 -0.050000 -0.198906
v -2.793145 -0.050000 -0.203498
v -2.798972 -0.050000 -0.207389
v -2.805289 -0.050000 -0.210520
v -2.812028 -0.050000 -0.212830
v -2.819120 -0.050000 -0.214260
v -2.826500 -0.050000 -0.214750
v -2.834051 -0.050000 -0.214260
v -2.841288 -0.050000 -0.212830
v -2.848145 -0.050000 -0.210519
v -2.854555 -0.050000 -0.207389
v -2.860456 -0.050000 -0.203498
v -2.865781 -0.050000 -0.198906
v -2.870466 -0.050000 -0.193674
v -2.874444 -0.050000 -0.187861
v -2.877652 -0.050000 -0.181527
v -2.880024 -0.050000 -0.174733
v -2.881495 -0.050000 -0.167537
v -2.882000 -0.050000 -0.160000
v -2.881495 -0.050000 -0.152621
v -2.880024 -0.050000 -0.145528
v -2.877652 -0.050000 -0.138789
v -2.874444 -0.050000 -0.132472
v -2.870466 -0.050000 -0.126645
v -2.865781 -0.050000 -0.121375
v -2.860456 -0.050000 -0.116730
v -2.854555 -0.050000 -0.112778
v -2.848145 -0.050000 -0.109586
v -2.841288 -0.050000 -0.107222
v -2.834051 -0.050000 -0.105754
v -2.826500 -0.050000 -0.105250
v -2.814158 -0.050000 -0.250659
v -2.802330 -0.050000 -0.248212
v -2.791121 -0.050000 -0.244270
v -2.780639 -0.050000 -0.238945
v -2.770990 -0.050000 -0.232349
v -2.762281 -0.050000 -0.224594
v -2.754619 -0.050000 -0.215792
v -2.748111 -0.050000 -0.206056
v -2.742863 -0.050000 -0.195496
v -2.738982 -0.050000 -0.184226
v -2.736576 -0.050000 -0.172356
v -2.735750 -0.050000 -0.160000
v -2.736576 -0.050000 -0.147658
v -2.738982 -0.050000 -0.135830
v -2.742863 -0.050000 -0.124621
v -2.748111 -0.050000 -0.114139
v -2.754619 -0.050000 -0.104490
v -2.762281 -0.050000 -0.095781
v -2.770990 -0.050000 -0.088119
v -2.780639 -0.050000 -0.081611
v -2.791121 -0.050000 -0.076363
v -2.802330 -0.050000 -0.072483
v -2.814158 -0.050000 -0.070076
v -2.826500 -0.050000 -0.069250
v -2.838856 -0.050000 -0.070076
v -2.850725 -0.050000 -0.072483
v -2.861996 -0.050000 -0.076363
v -2.872555 -0.050000 -0.081611
v -2.882292 -0.050000 -0.088119
v -2.891093 -0.050000 -0.095781
v -2.898848 -0.050000 -0.104490
v -2.905444 -0.050000 -0.114139
v -2.910769 -0.050000 -0.124621
v -2.914711 -0.050000 -0.135830
v -2.917159 -0.050000 -0.147658
v -2.918000 -0.050000 -0.160000
v -2.917159 -0.050000 -0.172356
v -2.914712 -0.050000 -0.184226
v -2.910769 -0.050000 -0.195496
v -2.905444 -0.050000 -0.206056
v -2.898849 -0.050000 -0.215792
v -2.891094 -0.050000 -0.224594
v -2.882292 -0.050000 -0.232349
v -2.872555 -0.050000 -0.238945
v -2.861996 -0.050000 -0.244270
v -2.850726 -0.050000 -0.248212
v -2.838856 -0.050000 -0.250659
v -2.826500 -0.050000 -0.251500
v -3.307590 -0.050000 0.032559
v -3.297097 -0.050000 0.020910
v -3.285687 -0.050000 0.007812
v -3.273528 -0.050000 -0.006472
v -3.260785 -0.050000 -0.021684
v -3.247625 -0.050000 -0.037563
v -3.234215 -0.050000 -0.053847
v -3.220722 -0.050000 -0.070278
v -3.207312 -0.050000 -0.086594
v -3.194153 -0.050000 -0.102535
v -3.181410 -0.050000 -0.117840
v -3.169250 -0.050000 -0.132250
v -3.159222 -0.050000 -0.143240
v -3.149340 -0.050000 -0.152545
v -3.139531 -0.050000 -0.160105
v -3.129722 -0.050000 -0.165861
v -3.119840 -0.050000 -0.169752
v -3.109812 -0.050000 -0.171719
v -3.099566 -0.050000 -0.171701
v -3.089028 -0.050000 -0.169639
v -3.078125 -0.050000 -0.165473
v -3.066785 -0.050000 -0.159142
v -3.054934 -0.050000 -0.150588
v -3.042500 -0.050000 -0.139750
v -3.030709 -0.050000 -0.128415
v -3.018298 -0.050000 -0.116260
v -3.005398 -0.050000 -0.103434
v -2.992139 -0.050000 -0.090083
v -2.978650 -0.050000 -0.076358
v -2.965062 -0.050000 -0.062406
v -2.951506 -0.050000 -0.048376
v -2.938111 -0.050000 -0.034417
v -2.925008 -0.050000 -0.020676
v -2.912326 -0.050000 -0.007302
v -2.900197 -0.050000 0.005556
v -2.888750 -0.050000 0.017750
v -2.875696 -0.050000 0.031628
v -2.861757 -0.050000 0.046524
v -2.847078 -0.050000 0.062269
v -2.831805 -0.050000 0.078694
v -2.816085 -0.050000 0.095630
v -2.800062 -0.050000 0.112906
v -2.783884 -0.050000 0.130355
v -2.767694 -0.050000 0.147806
v -2.751640 -0.050000 0.165090
v -2.735868 -0.050000 0.182038
v -2.720522 -0.050000 0.198481
v -2.705750 -0.050000 0.214250
v -2.757500 -0.050000 0.269000
v -2.771060 -0.050000 0.252645
v -2.785045 -0.050000 0.235906
v -2.799348 -0.050000 0.218902
v -2.813861 -0.050000 0.201750
v -2.828479 -0.050000 0.184566
v -2.843094 -0.050000 0.167469
v -2.857599 -0.050000 0.150574
v -2.871889 -0.050000 0.134000
v -2.885855 -0.050000 0.117863
v -2.899392 -0.050000 0.102281
v -2.912393 -0.050000 0.087371
v -2.924750 -0.050000 0.073250
v -2.936134 -0.050000 0.060399
v -2.948389 -0.050000 0.046753
v -2.961289 -0.050000 0.032551
v -2.974611 -0.050000 0.018028
v -2.988131 -0.050000 0.003421
v -3.001625 -0.050000 -0.011031
v -3.014869 -0.050000 -0.025093
v -3.027639 -0.050000 -0.038528
v -3.039711 -0.050000 -0.051098
v -3.050861 -0.050000 -0.062566
v -3.060865 -0.050000 -0.072696
v -3.069500 -0.050000 -0.081250
v -3.076515 -0.050000 -0.087721
v -3.082996 -0.050000 -0.092892
v -3.089035 -0.050000 -0.096777
v -3.094722 -0.050000 -0.099389
v -3.100149 -0.050000 -0.100740
v -3.105406 -0.050000 -0.100844
v -3.110585 -0.050000 -0.099713
v -3.115777 -0.050000 -0.097361
v -3.121074 -0.050000 -0.093801
v -3.126566 -0.050000 -0.089045
v -3.132344 -0.050000 -0.083107
v -3.138500 -0.050000 -0.076000
v -3.148015 -0.050000 -0.064201
v -3.158437 -0.050000 -0.051108
v -3.169578 -0.050000 -0.036988
v -3.181250 -0.050000 -0.022111
v -3.193265 -0.050000 -0.006744
v -3.205437 -0.050000 0.008844
v -3.217578 -0.050000 0.024385
v -3.229500 -0.050000 0.039611
v -3.241015 -0.050000 0.054254
v -3.251937 -0.050000 0.068045
v -3.262078 -0.050000 0.080717
v -3.271250 -0.050000 0.092000
v -3.275027 -0.050000 0.096774
v -3.278844 -0.050000 0.101694
v -3.282676 -0.050000 0.106719
v -3.286500 -0.050000 0.111806
v -3.290293 -0.050000 0.116913
v -3.294031 -0.050000 0.122000
v -3.297691 -0.050000 0.127024
v -3.301250 -0.050000 0.131944
v -3.304683 -0.050000 0.136719
v -3.307969 -0.050000 0.141306
v -3.311082 -0.050000 0.145663
v -3.314000 -0.050000 0.149750
v -3.370250 -0.050000 0.092750
v -3.365493 -0.050000 0.088682
v -3.360941 -0.050000 0.084705
v -3.356551 -0.050000 0.080785
v -3.352278 -0.050000 0.076889
v -3.348078 -0.050000 0.072982
v -3.343906 -0.050000 0.069031
v -3.339719 -0.050000 0.065002
v -3.335472 -0.050000 0.060861
v -3.331121 -0.050000 0.056574
v -3.326622 -0.050000 0.052108
v -3.321929 -0.050000 0.047427
v -3.317000 -0.050000 0.042500
v -3.585569 -0.050000 -0.162166
v -3.593239 -0.050000 -0.144764
v -3.601707 -0.050000 -0.126695
v -3.610917 -0.050000 -0.108111
v -3.620814 -0.050000 -0.089162
v -3.631344 -0.050000 -0.070000
v -3.642452 -0.050000 -0.050775
v -3.654083 -0.050000 -0.031639
v -3.666183 -0.050000 -0.012742
v -3.678698 -0.050000 0.005764
v -3.691571 -0.050000 0.023728
v -3.704750 -0.050000 0.041000
v -3.684829 -0.050000 0.058461
v -3.664569 -0.050000 0.076934
v -3.644164 -0.050000 0.096184
v -3.623806 -0.050000 0.115972
v -3.603687 -0.050000 0.136063
v -3.584000 -0.050000 0.156219
v -3.564938 -0.050000 0.176203
v -3.546694 -0.050000 0.195778
v -3.529461 -0.050000 0.214707
v -3.513430 -0.050000 0.232753
v -3.498796 -0.050000 0.249680
v -3.485750 -0.050000 0.265250
v -3.538250 -0.050000 0.310250
v -3.551403 -0.050000 0.293148
v -3.565663 -0.050000 0.275312
v -3.580918 -0.050000 0.256883
v -3.597055 -0.050000 0.238000
v -3.613964 -0.050000 0.218805
v -3.631531 -0.050000 0.199437
v -3.649645 -0.050000 0.180039
v -3.668194 -0.050000 0.160750
v -3.687066 -0.050000 0.141711
v -3.706149 -0.050000 0.123062
v -3.725331 -0.050000 0.104945
v -3.744500 -0.050000 0.087500
v -3.764993 -0.050000 0.108968
v -3.786323 -0.050000 0.130181
v -3.808449 -0.050000 0.151039
v -3.831333 -0.050000 0.171444
v -3.854936 -0.050000 0.191298
v -3.879219 -0.050000 0.210500
v -3.904142 -0.050000 0.228952
v -3.929667 -0.050000 0.246556
v -3.955754 -0.050000 0.263211
v -3.982364 -0.050000 0.278819
v -4.009459 -0.050000 0.293282
v -4.037000 -0.050000 0.306500
v -4.085000 -0.050000 0.256250
v -4.055029 -0.050000 0.243589
v -4.025548 -0.050000 0.229333
v -3.996640 -0.050000 0.213641
v -3.968389 -0.050000 0.196667
v -3.940876 -0.050000 0.178568
v -3.914187 -0.050000 0.159500
v -3.888404 -0.050000 0.139620
v -3.863611 -0.050000 0.119083
v -3.839890 -0.050000 0.098047
v -3.817326 -0.050000 0.076667
v -3.796002 -0.050000 0.055099
v -3.776000 -0.050000 0.033500
v -3.763195 -0.050000 0.018455
v -3.750371 -0.050000 0.002326
v -3.737668 -0.050000 -0.014688
v -3.725222 -0.050000 -0.032389
v -3.713172 -0.050000 -0.050580
v -3.701656 -0.050000 -0.069063
v -3.690812 -0.050000 -0.087639
v -3.680778 -0.050000 -0.106111
v -3.671691 -0.050000 -0.124281
v -3.663691 -0.050000 -0.141951
v -3.656914 -0.050000 -0.158924
v -3.651500 -0.050000 -0.175000
v -3.662426 -0.050000 -0.175000
v -3.680719 -0.050000 -0.175000
v -3.704902 -0.050000 -0.175000
v -3.733500 -0.050000 -0.175000
v -3.765035 -0.050000 -0.175000
v -3.798031 -0.050000 -0.175000
v -3.831012 -0.050000 -0.175000
v -3.862500 -0.050000 -0.175000
v -3.891019 -0.050000 -0.175000
v -3.915094 -0.050000 -0.175000
v -3.933246 -0.050000 -0.175000
v -3.944000 -0.050000 -0.175000
v -3.950847 -0.050000 -0.174941
v -3.958153 -0.050000 -0.174774
v -3.965750 -0.050000 -0.174520
v -3.973472 -0.050000 -0.174194
v -3.981153 -0.050000 -0.173817
v -3.988625 -0.050000 -0.173406
v -3.995722 -0.050000 -0.172980
v -4.002277 -0.050000 -0.172556
v -4.008125 -0.050000 -0.172152
v -4.013097 -0.050000 -0.171788
v -4.017028 -0.050000 -0.171481
v -4.019750 -0.050000 -0.171250
v -4.019750 -0.050000 -0.239500
v -4.016483 -0.050000 -0.239096
v -4.012055 -0.050000 -0.238646
v -4.006648 -0.050000 -0.238164
v -4.000444 -0.050000 -0.237667
v -3.993626 -0.050000 -0.237169
v -3.986375 -0.050000 -0.236688
v -3.978874 -0.050000 -0.236237
v -3.971305 -0.050000 -0.235833
v -3.963851 -0.050000 -0.235492
v -3.956694 -0.050000 -0.235229
v -3.950016 -0.050000 -0.235060
v -3.944000 -0.050000 -0.235000
v -3.932532 -0.050000 -0.235000
v -3.914066 -0.050000 -0.235000
v -3.890012 -0.050000 -0.235000
v -3.861778 -0.050000 -0.235000
v -3.830773 -0.050000 -0.235000
v -3.798406 -0.050000 -0.235000
v -3.766086 -0.050000 -0.235000
v -3.735222 -0.050000 -0.235000
v -3.707222 -0.050000 -0.235000
v -3.683496 -0.050000 -0.235000
v -3.665452 -0.050000 -0.235000
v -3.654500 -0.050000 -0.235000
v -3.648423 -0.050000 -0.235046
v -3.642573 -0.050000 -0.235184
v -3.636957 -0.050000 -0.235410
v -3.631583 -0.050000 -0.235722
v -3.626460 -0.050000 -0.236118
v -3.621593 -0.050000 -0.236594
v -3.616993 -0.050000 -0.237148
v -3.612667 -0.050000 -0.237778
v -3.608621 -0.050000 -0.238480
v -3.604864 -0.050000 -0.239253
v -3.601405 -0.050000 -0.240094
v -3.598250 -0.050000 -0.241000
v -3.560000 -0.050000 -0.211750
v -3.561228 -0.050000 -0.210041
v -3.562639 -0.050000 -0.207951
v -3.564195 -0.050000 -0.205539
v -3.565861 -0.050000 -0.202861
v -3.567600 -0.050000 -0.199975
v -3.569375 -0.050000 -0.196938
v -3.571150 -0.050000 -0.193806
v -3.572889 -0.050000 -0.190639
v -3.574554 -0.050000 -0.187492
v -3.576111 -0.050000 -0.184424
v -3.577522 -0.050000 -0.181490
v -3.578750 -0.050000 -0.178750
v -3.585569 -0.050000 -0.162166
v -3.585569 0.050000 -0.162166
v -3.593239 -0.050000 -0.144764
v -3.593239 0.050000 -0.144764
v -3.601707 -0.050000 -0.126695
v -3.601707 0.050000 -0.126695
v -3.610917 -0.050000 -0.108111
v -3.610917 0.050000 -0.108111
v -3.620814 -0.050000 -0.089162
v -3.620814 0.050000 -0.089162
v -3.631344 -0.050000 -0.070000
v -3.631344 0.050000 -0.070000
v -3.642452 -0.050000 -0.050775
v -3.642452 0.050000 -0.050775
v -3.654083 -0.050000 -0.031639
v -3.654083 0.050000 -0.031639
v -3.666183 -0.050000 -0.012742
v -3.666183 0.050000 -0.012742
v -3.678698 -0.050000 0.005764
v -3.678698 0.050000 0.005764
v -3.691571 -0.050000 0.023728
v -3.691571 0.050000 0.023728
v -3.704750 -0.050000 0.041000
v -3.704750 0.050000 0.041000
v -3.684829 -0.050000 0.058461
v -3.684829 0.050000 0.058461
v -3.664569 -0.050000 0.076934
v -3.664569 0.050000 0.076934
v -3.644164 -0.050000 0.096184
v -3.644164 0.050000 0.096184
v -3.623806 -0.050000 0.115972
v -3.623806 0.050000 0.115972
v -3.603687 -0.050000 0.136063
v -3.603687 0.050000 0.136063
v -3.584000 -0.050000 0.156219
v -3.584000 0.050000 0.156219
v -3.564938 -0.050000 0.176203
v -3.564938 0.050000 0.176203
v -3.546694 -0.050000 0.195778
v -3.546694 0.050000 0.195778
v -3.529461 -0.050000 0.214707
v -3.529461 0.050000 0.214707
v -3.513430 -0.050000 0.232753
v -3.513430 0.050000 0.232753
v -3.498796 -0.050000 0.249680
v -3.498796 0.050000 0.249680
v -3.485750 -0.050000 0.265250
v -3.485750 0.050000 0.265250
v -3.538250 -0.050000 0.310250
v -3.538250 0.050000 0.310250
v -3.551403 -0.050000 0.293148
v -3.551403 0.050000 0.293148
v -3.565663 -0.050000 0.275312
v -3.565663 0.050000 0.275312
v -3.580918 -0.050000 0.256883
v -3.580918 0.050000 0.256883
v -3.597055 -0.050000 0.238000
v -3.597055 0.050000 0.238000
v -3.613964 -0.050000 0.218805
v -3.613964 0.050000 0.218805
v -3.631531 -0.050000 0.199437
v -3.631531 0.050000 0.199437
v -3.649645 -0.050000 0.180039
v -3.649645 0.050000 0.180039
v -3.668194 -0.050000 0.160750
v -3.668194 0.050000 0.160750
v -3.687066 -0.050000 0.141711
v -3.687066 0.050000 0.141711
v -3.706149 -0.050000 0.123062
v -3.706149 0.050000 0.123062
v -3.725331 -0.050000 0.104945
v -3.725331 0.050000 0.104945
v -3.744500 -0.050000 0.087500
v -3.744500 0.050000 0.087500
v -3.764993 -0.050000 0.108968
v -3.764993 0.050000 0.108968
v -3.786323 -0.050000 0.130181
v -3.786323 0.050000 0.130181
v -3.808449 -0.050000 0.151039
v -3.808449 0.050000 0.151039
v -3.831333 -0.050000 0.171444
v -3.831333 0.050000 0.171444
v -3.854936 -0.050000 0.191298
v -3.854936 0.050000 0.191298
v -3.879219 -0.050000 0.210500
v -3.879219 0.050000 0.210500
v -3.904142 -0.050000 0.228952
v -3.904142 0.050000 0.228952
v -3.929667 -0.050000 0.246556
v -3.929667 0.050000 0.246556
v -3.955754 -0.050000 0.263211
v -3.955754 0.050000 0.263211
v -3.982364 -0.050000 0.278819
v -3.982364 0.050000 0.278819
v -4.009459 -0.050000 0.293282
v -4.009459 0.050000 0.293282
v -4.037000 -0.050000 0.306500
v -4.037000 0.050000 0.306500
v -4.085000 -0.050000 0.256250
v -4.085000 0.050000 0.256250
v -4.055029 -0.050000 0.243589
v -4.055029 0.050000 0.243589
v -4.025548 -0.050000 0.229333
v -4.025548 0.050000 0.229333
v -3.996640 -0.050000 0.213641
v -3.996640 0.050000 0.213641
v -3.968389 -0.050000 0.196667
v -3.968389 0.050000 0.196667
v -3.940876 -0.050000 0.178568
v -3.940876 0.050000 0.178568
v -3.914187 -0.050000 0.159500
v -3.914187 0.050000 0.159500
v -3.888404 -0.050000 0.139620
v -3.888404 0.050000 0.139620
v -3.863611 -0.050000 0.119083
v -3.863611 0.050000 0.119083
v -3.839890 -0.050000 0.098047
v -3.839890 0.050000 0.098047
v -3.817326 -0.050000 0.076667
v -3.817326 0.050000 0.076667
v -3.796002 -0.050000 0.055099
v -3.796002 0.050000 0.055099
v -3.776000 -0.050000 0.033500
v -3.776000 0.050000 0.033500
v -3.763195 -0.050000 0.018455
v -3.763195 0.050000 0.018455
v -3.750371 -0.050000 0.002326
v -3.750371 0.050000 0.002326
v -3.737668 -0.050000 -0.014688
v -3.737668 0.050000 -0.014688
v -3.725222 -0.050000 -0.032389
v -3.725222 0.050000 -0.032389
v -3.713172 -0.050000 -0.050580
v -3.713172 0.050000 -0.050580
v -3.701656 -0.050000 -0.069063
v -3.701656 0.050000 -0.069063
v -3.690812 -0.050000 -0.087639
v -3.690812 0.050000 -0.087639
v -3.680778 -0.050000 -0.106111
v -3.680778 0.050000 -0.106111
v -3.671691 -0.050000 -0.124281
v -3.671691 0.050000 -0.124281
v -3.663691 -0.050000 -0.141951
v -3.663691 0.050000 -0.141951
v -3.656914 -0.050000 -0.158924
v -3.656914 0.050000 -0.158924
v -3.651500 -0.050000 -0.175000
v -3.651500 0.050000 -0.175000
v -3.662426 -0.050000 -0.175000
v -3.662426 0.050000 -0.175000
v -3.680719 -0.050000 -0.175000
v -3.680719 0.050000 -0.175000
v -3.704902 -0.050000 -0.175000
v -3.704902 0.050000 -0.175000
v -3.733500 -0.050000 -0.175000
v -3.733500 0.050000 -0.175000
v -3.765035 -0.050000 -0.175000
v -3.765035 0.050000 -0.175000
v -3.798031 -0.050000 -0.175000
v -3.798031 0.050000 -0.175000
v -3.831012 -0.050000 -0.175000
v -3.831012 0.050000 -0.175000
v -3.862500 -0.050000 -0.175000
v -3.862500 0.050000 -0.175000
v -3.891019 -0.050000 -0.175000
v -3.891019 0.050000 -0.175000
v -3.915094 -0.050000 -0.175000
v -3.915094 0.050000 -0.175000
v -3.933246 -0.050000 -0.175000
v -3.933246 0.050000 -0.175000
v -3.944000 -0.050000 -0.175000
v -3.944000 0.050000 -0.175000
v -3.950847 -0.050000 -0.174941
v -3.950847 0.050000 -0.174941
v -3.958153 -0.050000 -0.174774
v -3.958153 0.050000 -0.174774
v -3.965750 -0.050000 -0.174520
v -3.965750 0.050000 -0.174520
v -3.973472 -0.050000 -0.174194
v -3.973472 0.050000 -0.174194
v -3.981153 -0.050000 -0.173817
v -3.981153 0.050000 -0.173817
v -3.988625 -0.050000 -0.173406
v -3.988625 0.050000 -0.173406
v -3.995722 -0.050000 -0.172980
v -3.995722 0.050000 -0.172980
v -4.002277 -0.050000 -0.172556
v -4.002277 0.050000 -0.172556
v -4.008125 -0.050000 -0.172152
v -4.008125 0.050000 -0.172152
v -4.013097 -0.050000 -0.171788
v -4.013097 0.050000 -0.171788
v -4.017028 -0.050000 -0.171481
v -4.017028 0.050000 -0.171481
v -4.019750 -0.050000 -0.171250
v -4.019750 0.050000 -0.171250
v -4.019750 -0.050000 -0.239500
v -4.019750 0.050000 -0.239500
v -4.016483 -0.050000 -0.239096
v -4.016483 0.050000 -0.239096
v -4.012055 -0.050000 -0.238646
v -4.012055 0.050000 -0.238646
v -4.006648 -0.050000 -0.238164
v -4.006648 0.050000 -0.238164
v -4.000444 -0.050000 -0.237667
v -4.000444 0.050000 -0.237667
v -3.993626 -0.050000 -0.237169
v -3.993626 0.050000 -0.237169
v -3.986375 -0.050000 -0.236688
v -3.986375 0.050000 -0.236688
v -3.978874 -0.050000 -0.236237
v -3.978874 0.050000 -0.236237
v -3.971305 -0.050000 -0.235833
v -3.971305 0.050000 -0.235833
v -3.963851 -0.050000 -0.235492
v -3.963851 0.050000 -0.235492
v -3.956694 -0.050000 -0.235229
v -3.956694 0.050000 -0.235229
v -3.950016 -0.050000 -0.235060
v -3.950016 0.050000 -0.235060
v -3.944000 -0.050000 -0.235000
v -3.944000 0.050000 -0.235000
v -3.932532 -0.050000 -0.235000
v -3.932532 0.050000 -0.235000
v -3.914066 -0.050000 -0.235000
v -3.914066 0.050000 -0.235000
v -3.890012 -0.050000 -0.235000
v -3.890012 0.050000 -0.235000
v -3.861778 -0.050000 -0.235000
v -3.861778 0.050000 -0.235000
v -3.830773 -0.050000 -0.235000
v -3.830773 0.050000 -0.235000
v -3.798406 -0.050000 -0.235000
v -3.798406 0.050000 -0.235000
v -3.766086 -0.050000 -0.235000
v -3.766086 0.050000 -0.235000
v -3.735222 -0.050000 -0.235000
v -3.735222 0.050000 -0.235000
v -3.707222 -0.050000 -0.235000
v -3.707222 0.050000 -0.235000
v -3.683496 -0.050000 -0.235000
v -3.683496 0.050000 -0.235000
v -3.665452 -0.050000 -0.235000
v -3.665452 0.050000 -0.235000
v -3.654500 -0.050000 -0.235000
v -3.654500 0.050000 -0.235000
v -3.648423 -0.050000 -0.235046
v -3.648423 0.050000 -0.235046
v -3.642573 -0.050000 -0.235184
v -3.642573 0.050000 -0.235184
v -3.636957 -0.050000 -0.235410
v -3.636957 0.050000 -0.235410
v -3.631583 -0.050000 -0.235722
v -3.631583 0.050000 -0.235722
v -3.626460 -0.050000 -0.236118
v -3.626460 0.050000 -0.236118
v -3.621593 -0.050000 -0.236594
v -3.621593 0.050000 -0.236594
v -3.616993 -0.050000 -0.237148
v -3.616993 0.050000 -0.237148
v -3.612667 -0.050000 -0.237778
v -3.612667 0.050000 -0.237778
v -3.608621 -0.050000 -0.238480
v -3.608621 0.050000 -0.238480
v -3.604864 -0.050000 -0.239253
v -3.604864 0.050000 -0.239253
v -3.601405 -0.050000 -0.240094
v -3.601405 0.050000 -0.240094
v -3.598250 -0.050000 -0.241000
v -3.598250 0.050000 -0.241000
v -3.560000 -0.050000 -0.211750
v -3.560000 0.050000 -0.211750
v -3.561228 -0.050000 -0.210041
v -3.561228 0.050000 -0.210041
v -3.562639 -0.050000 -0.207951
v -3.562639 0.050000 -0.207951
v -3.564195 -0.050000 -0.205539
v -3.564195 0.050000 -0.205539
v -3.565861 -0.050000 -0.202861
v -3.565861 0.050000 -0.202861
v -3.567600 -0.050000 -0.199975
v -3.567600 0.050000 -0.199975
v -3.569375 -0.050000 -0.196938
v -3.569375 0.050000 -0.196938
v -3.571150 -0.050000 -0.193806
v -3.571150 0.050000 -0.193806
v -3.572889 -0.050000 -0.190639
v -3.572889 0.050000 -0.190639
v -3.574554 -0.050000 -0.187492
v -3.574554 0.050000 -0.187492
v -3.576111 -0.050000 -0.184424
v -3.576111 0.050000 -0.184424
v -3.577522 -0.050000 -0.181490
v -3.577522 0.050000 -0.181490
v -3.578750 -0.050000 -0.178750
v -3.578750 0.050000 -0.178750
v -2.819120 -0.050000 -0.105754
v -2.819120 0.050000 -0.105754
v -2.812028 -0.050000 -0.107222
v -2.812028 0.050000 -0.107222
v -2.805289 -0.050000 -0.109586
v -2.805289 0.050000 -0.109586
v -2.798972 -0.050000 -0.112778
v -2.798972 0.050000 -0.112778
v -2.793145 -0.050000 -0.116730
v -2.793145 0.050000 -0.116730
v -2.787875 -0.050000 -0.121375
v -2.787875 0.050000 -0.121375
v -2.783230 -0.050000 -0.126645
v -2.783230 0.050000 -0.126645
v -2.779278 -0.050000 -0.132472
v -2.779278 0.050000 -0.132472
v -2.776086 -0.050000 -0.138789
v -2.776086 0.050000 -0.138789
v -2.773722 -0.050000 -0.145528
v -2.773722 0.050000 -0.145528
v -2.772254 -0.050000 -0.152621
v -2.772254 0.050000 -0.152621
v -2.771750 -0.050000 -0.160000
v -2.771750 0.050000 -0.160000
v -2.772254 -0.050000 -0.167537
v -2.772254 0.050000 -0.167537
v -2.773722 -0.050000 -0.174733
v -2.773722 0.050000 -0.174733
v -2.776086 -0.050000 -0.181527
v -2.776086 0.050000 -0.181527
v -2.779278 -0.050000 -0.187861
v -2.779278 0.050000 -0.187861
v -2.783230 -0.050000 -0.193674
v -2.783230 0.050000 -0.193674
v -2.787875 -0.050000 -0.198906
v -2.787875 0.050000 -0.198906
v -2.793145 -0.050000 -0.203498
v -2.793145 0.050000 -0.203498
v -2.798972 -0.050000 -0.207389
v -2.798972 0.050000 -0.207389
v -2.805289 -0.050000 -0.210520
v -2.805289 0.050000 -0.210520
v -2.812028 -0.050000 -0.212830
v -2.812028 0.050000 -0.212830
v -2.819120 -0.050000 -0.214260
v -2.819120 0.050000 -0.214260
v -2.826500 -0.050000 -0.214750
v -2.826500 0.050000 -0.214750
v -2.834051 -0.050000 -0.214260
v -2.834051 0.050000 -0.214260
v -2.841288 -0.050000 -0.212830
v -2.841288 0.050000 -0.212830
v -2.848145 -0.050000 -0.210519
v -2.848145 0.050000 -0.210519
v -2.854555 -0.050000 -0.207389
v -2.854555 0.050000 -0.207389
v -2.860456 -0.050000 -0.203498
v -2.860456 0.050000 -0.203498
v -2.865781 -0.050000 -0.198906
v -2.865781 0.050000 -0.198906
v -2.870466 -0.050000 -0.193674
v -2.870466 0.050000 -0.193674
v -2.874444 -0.050000 -0.187861
v -2.874444 0.050000 -0.187861
v -2.877652 -0.050000 -0.181527
v -2.877652 0.050000 -0.181527
v -2.880024 -0.050000 -0.174733
v -2.880024 0.050000 -0.174733
v -2.881495 -0.050000 -0.167537
v -2.881495 0.050000 -0.167537
v -2.882000 -0.050000 -0.160000
v -2.882000 0.050000 -0.160000
v -2.881495 -0.050000 -0.152621
v -2.881495 0.050000 -0.152621
v -2.880024 -0.050000 -0.145528
v -2.880024 0.050000 -0.145528
v -2.877652 -0.050000 -0.138789
v -2.877652 0.050000 -0.138789
v -2.874444 -0.050000 -0.132472
v -2.874444 0.050000 -0.132472
v -2.870466 -0.050000 -0.126645
v -2.870466 0.050000 -0.126645
v -2.865781 -0.050000 -0.121375
v -2.865781 0.050000 -0.121375
v -2.860456 -0.050000 -0.116730
v -2.860456 0.050000 -0.116730
v -2.854555 -0.050000 -0.112778
v -2.854555 0.050000 -0.112778
v -2.848145 -0.050000 -0.109586
v -2.848145 0.050000 -0.109586
v -2.841288 -0.050000 -0.107222
v -2.841288 0.050000 -0.107222
v -2.834051 -0.050000 -0.105754
v -2.834051 0.050000 -0.105754
v -2.826500 -0.050000 -0.105250
v -2.826500 0.050000 -0.105250
v -2.814158 -0.050000 -0.250659
v -2.814158 0.050000 -0.250659
v -2.802330 -0.050000 -0.248212
v -2.802330 0.050000 -0.248212
v -2.791121 -0.050000 -0.244270
v -2.791121 0.050000 -0.244270
v -2.780639 -0.050000 -0.238945
v -2.780639 0.050000 -0.238945
v -2.770990 -0.050000 -0.232349
v -2.770990 0.050000 -0.232349
v -2.762281 -0.050000 -0.224594
v -2.762281 0.050000 -0.224594
v -2.754619 -0.050000 -0.215792
v -2.754619 0.050000 -0.215792
v -2.748111 -0.050000 -0.206056
v -2.748111 0.050000 -0.206056
v -2.742863 -0.050000 -0.195496
v -2.742863 0.050000 -0.195496
v -2.738982 -0.050000 -0.184226
v -2.738982 0.050000 -0.184226
v -2.736576 -0.050000 -0.172356
v -2.736576 0.050000 -0.172356
v -2.735750 -0.050000 -0.160000
v -2.735750 0.050000 -0.160000
v -2.736576 -0.050000 -0.147658
v -2.736576 0.050000 -0.147658
v -2.738982 -0.050000 -0.135830
v -2.738982 0.050000 -0.135830
v -2.742863 -0.050000 -0.124621
v -2.742863 0.050000 -0.124621
v -2.748111 -0.050000 -0.114139
v -2.748111 0.050000 -0.114139
v -2.754619 -0.050000 -0.104490
v -2.754619 0.050000 -0.104490
v -2.762281 -0.050000 -0.095781
v -2.762281 0.050000 -0.095781
v -2.770990 -0.050000 -0.088119
v -2.770990 0.050000 -0.088119
v -2.780639 -0.050000 -0.081611
v -2.780639 0.050000 -0.081611
v -2.791121 -0.050000 -0.076363
v -2.791121 0.050000 -0.076363
v -2.802330 -0.050000 -0.072483
v -2.802330 0.050000 -0.072483
v -2.814158 -0.050000 -0.070076
v -2.814158 0.050000 -0.070076
v -2.826500 -0.050000 -0.069250
v -2.826500 0.050000 -0.069250
v -2.838856 -0.050000 -0.070076
v -2.838856 0.050000 -0.070076
v -2.850725 -0.050000 -0.072483
v -2.850725 0.050000 -0.072483
v -2.861996 -0.050000 -0.076363
v -2.861996 0.050000 -0.076363
v -2.872555 -0.050000 -0.081611
v -2.872555 0.050000 -0.081611
v -2.882292 -0.050000 -0.088119
v -2.882292 0.050000 -0.088119
v -2.891093 -0.050000 -0.095781
v -2.891093 0.050000 -0.095781
v -2.898848 -0.050000 -0.104490
v -2.898848 0.050000 -0.104490
v -2.905444 -0.050000 -0.114139
v -2.905444 0.050000 -0.114139
v -2.910769 -0.050000 -0.124621
v -2.910769 0.050000 -0.124621
v -2.914711 -0.050000 -0.135830
v -2.914711 0.050000 -0.135830
v -2.917159 -0.050000 -0.147658
v -2.917159 0.050000 -0.147658
v -2.918000 -0.050000 -0.160000
v -2.918000 0.050000 -0.160000
v -2.917159 -0.050000 -0.172356
v -2.917159 0.050000 -0.172356
v -2.914712 -0.050000 -0.184226
v -2.914712 0.050000 -0.184226
v -2.910769 -0.050000 -0.195496
v -2.910769 0.050000 -0.195496
v -2.905444 -0.050000 -0.206056
v -2.905444 0.050000 -0.206056
v -2.898849 -0.050000 -0.215792
v -2.898849 0.050000 -0.215792
v -2.891094 -0.050000 -0.224594
v -2.891094 0.050000 -0.224594
v -2.882292 -0.050000 -0.232349
v -2.882292 0.050000 -0.232349
v -2.872555 -0.050000 -0.238945
v -2.872555 0.050000 -0.238945
v -2.861996 -0.050000 -0.244270
v -2.861996 0.050000 -0.244270
v -2.850726 -0.050000 -0.248212
v -2.850726 0.050000 -0.248212
v -2.838856 -0.050000 -0.250659
v -2.838856 0.050000 -0.250659
v -2.826500 -0.050000 -0.251500
v -2.826500 0.050000 -0.251500
v -3.307590 -0.050000 0.032559
v -3.307590 0.050000 0.032559
v -3.297097 -0.050000 0.020910
v -3.297097 0.050000 0.020910
v -3.285687 -0.050000 0.007812
v -3.285687 0.050000 0.007812
v -3.273528 -0.050000 -0.006472
v -3.273528 0.050000 -0.006472
v -3.260785 -0.050000 -0.021684
v -3.260785 0.050000 -0.021684
v -3.247625 -0.050000 -0.037563
v -3.247625 0.050000 -0.037563
v -3.234215 -0.050000 -0.053847
v -3.234215 0.050000 -0.053847
v -3.220722 -0.050000 -0.070278
v -3.220722 0.050000 -0.070278
v -3.207312 -0.050000 -0.086594
v -3.207312 0.050000 -0.086594
v -3.194153 -0.050000 -0.102535
v -3.194153 0.050000 -0.102535
v -3.181410 -0.050000 -0.117840
v -3.181410 0.050000 -0.117840
v -3.169250 -0.050000 -0.132250
v -3.169250 0.050000 -0.132250
v -3.159222 -0.050000 -0.143240
v -3.159222 0.050000 -0.143240
v -3.149340 -0.050000 -0.152545
v -3.149340 0.050000 -0.152545
v -3.139531 -0.050000 -0.160105
v -3.139531 0.050000 -0.160105
v -3.129722 -0.050000 -0.165861
v -3.129722 0.050000 -0.165861
v -3.119840 -0.050000 -0.169752
v -3.119840 0.050000 -0.169752
v -3.109812 -0.050000 -0.171719
v -3.109812 0.050000 -0.171719
v -3.099566 -0.050000 -0.171701
v -3.099566 0.050000 -0.171701
v -3.089028 -0.050000 -0.169639
v -3.089028 0.050000 -0.169639
v -3.078125 -0.050000 -0.165473
v -3.078125 0.050000 -0.165473
v -3.066785 -0.050000 -0.159142
v -3.066785 0.050000 -0.159142
v -3.054934 -0.050000 -0.150588
v -3.054934 0.050000 -0.150588
v -3.042500 -0.050000 -0.139750
v -3.042500 0.050000 -0.139750
v -3.030709 -0.050000 -0.128415
v -3.030709 0.050000 -0.128415
v -3.018298 -0.050000 -0.116260
v -3.018298 0.050000 -0.116260
v -3.005398 -0.050000 -0.103434
v -3.005398 0.050000 -0.103434
v -2.992139 -0.050000 -0.090083
v -2.992139 0.050000 -0.090083
v -2.978650 -0.050000 -0.076358
v -2.978650 0.050000 -0.076358
v -2.965062 -0.050000 -0.062406
v -2.965062 0.050000 -0.062406
v -2.951506 -0.050000 -0.048376
v -2.951506 0.050000 -0.048376
v -2.938111 -0.050000 -0.034417
v -2.938111 0.050000 -0.034417
v -2.925008 -0.050000 -0.020676
v -2.925008 0.050000 -0.020676
v -2.912326 -0.050000 -0.007302
v -2.912326 0.050000 -0.007302
v -2.900197 -0.050000 0.005556
v -2.900197 0.050000 0.005556
v -2.888750 -0.050000 0.017750
v -2.888750 0.050000 0.017750
v -2.875696 -0.050000 0.031628
v -2.875696 0.050000 0.031628
v -2.861757 -0.050000 0.046524
v -2.861757 0.050000 0.046524
v -2.847078 -0.050000 0.062269
v -2.847078 0.050000 0.062269
v -2.831805 -0.050000 0.078694
v -2.831805 0.050000 0.078694
v -2.816085 -0.050000 0.095630
v -2.816085 0.050000 0.095630
v -2.800062 -0.050000 0.112906
v -2.800062 0.050000 0.112906
v -2.783884 -0.050000 0.130355
v -2.783884 0.050000 0.130355
v -2.767694 -0.050000 0.147806
v -2.767694 0.050000 0.147806
v -2.751640 -0.050000 0.165090
v -2.751640 0.050000 0.165090
v -2.735868 -0.050000 0.182038
v -2.735868 0.050000 0.182038
v -2.720522 -0.050000 0.198481
v -2.720522 0.050000 0.198481
v -2.705750 -0.050000 0.214250
v -2.705750 0.050000 0.214250
v -2.757500 -0.050000 0.269000
v -2.757500 0.050000 0.269000
v -2.771060 -0.050000 0.252645
v -2.771060 0.050000 0.252645
v -2.785045 -0.050000 0.235906
v -2.785045 0.050000 0.235906
v -2.799348 -0.050000 0.218902
v -2.799348 0.050000 0.218902
v -2.813861 -0.050000 0.201750
v -2.813861 0.050000 0.201750
v -2.828479 -0.050000 0.184566
v -2.828479 0.050000 0.184566
v -2.843094 -0.050000 0.167469
v -2.843094 0.050000 0.167469
v -2.857599 -0.050000 0.150574
v -2.857599 0.050000 0.150574
v -2.871889 -0.050000 0.134000
v -2.871889 0.050000 0.134000
v -2.885855 -0.050000 0.117863
v -2.885855 0.050000 0.117863
v -2.899392 -0.050000 0.102281
v -2.899392 0.050000 0.102281
v -2.912393 -0.050000 0.087371
v -2.912393 0.050000 0.087371
v -2.924750 -0.050000 0.073250
v -2.924750 0.050000 0.073250
v -2.936134 -0.050000 0.060399
v -2.936134 0.050000 0.060399
v -2.948389 -0.050000 0.046753
v -2.948389 0.050000 0.046753
v -2.961289 -0.050000 0.032551
v -2.961289 0.050000 0.032551
v -2.974611 -0.050000 0.018028
v -2.974611 0.050000 0.018028
v -2.988131 -0.050000 0.003421
v -2.988131 0.050000 0.003421
v -3.001625 -0.050000 -0.011031
v -3.001625 0.050000 -0.011031
v -3.014869 -0.050000 -0.025093
v -3.014869 0.050000 -0.025093
v -3.027639 -0.050000 -0.038528
v -3.027639 0.050000 -0.038528
v -3.039711 -0.050000 -0.051098
v -3.039711 0.050000 -0.051098
v -3.050861 -0.050000 -0.062566
v -3.050861 0.050000 -0.062566
v -3.060865 -0.050000 -0.072696
v -3.060865 0.050000 -0.072696
v -3.069500 -0.050000 -0.081250
v -3.069500 0.050000 -0.081250
v -3.076515 -0.050000 -0.087721
v -3.076515 0.050000 -0.087721
v -3.082996 -0.050000 -0.092892
v -3.082996 0.050000 -0.092892
v -3.089035 -0.050000 -0.096777
v -3.089035 0.050000 -0.096777
v -3.094722 -0.050000 -0.099389
v -3.094722 0.050000 -0.099389
v -3.100149 -0.050000 -0.100740
v -3.100149 0.050000 -0.100740
v -3.105406 -0.050000 -0.100844
v -3.105406 0.050000 -0.100844
v -3.110585 -0.050000 -0.099713
v -3.110585 0.050000 -0.099713
v -3.115777 -0.050000 -0.097361
v -3.115777 0.050000 -0.097361
v -3.121074 -0.050000 -0.093801
v -3.121074 0.050000 -0.093801
v -3.126566 -0.050000 -0.089045
v -3.126566 0.050000 -0.089045
v -3.132344 -0.050000 -0.083107
v -3.132344 0.050000 -0.083107
v -3.138500 -0.050000 -0.076000
v -3.138500 0.050000 -0.076000
v -3.148015 -0.050000 -0.064201
v -3.148015 0.050000 -0.064201
v -3.158437 -0.050000 -0.051108
v -3.158437 0.050000 -0.051108
v -3.169578 -0.050000 -0.036988
v -3.169578 0.050000 -0.036988
v -3.181250 -0.050000 -0.022111
v -3.181250 0.050000 -0.022111
v -3.193265 -0.050000 -0.006744
v -3.193265 0.050000 -0.006744
v -3.205437 -0.050000 0.008844
v -3.205437 0.050000 0.008844
v -3.217578 -0.050000 0.024385
v -3.217578 0.050000 0.024385
v -3.229500 -0.050000 0.039611
v -3.229500 0.050000 0.039611
v -3.241015 -0.050000 0.054254
v -3.241015 0.050000 0.054254
v -3.251937 -0.050000 0.068045
v -3.251937 0.050000 0.068045
v -3.262078 -0.050000 0.080717
v -3.262078 0.050000 0.080717
v -3.271250 -0.050000 0.092000
v -3.271250 0.050000 0.092000
v -3.275027 -0.050000 0.096774
v -3.275027 0.050000 0.096774
v -3.278844 -0.050000 0.101694
v -3.278844 0.050000 0.101694
v -3.282676 -0.050000 0.106719
v -3.282676 0.050000 0.106719
v -3.286500 -0.050000 0.111806
v -3.286500 0.050000 0.111806
v -3.290293 -0.050000 0.116913
v -3.290293 0.050000 0.116913
v -3.294031 -0.050000 0.122000
v -3.294031 0.050000 0.122000
v -3.297691 -0.050000 0.127024
v -3.297691 0.050000 0.127024
v -3.301250 -0.050000 0.131944
v -3.301250 0.050000 0.131944
v -3.304683 -0.050000 0.136719
v -3.304683 0.050000 0.136719
v -3.307969 -0.050000 0.141306
v -3.307969 0.050000 0.141306
v -3.311082 -0.050000 0.145663
v -3.311082 0.050000 0.145663
v -3.314000 -0.050000 0.149750
v -3.314000 0.050000 0.149750
v -3.370250 -0.050000 0.092750
v -3.370250 0.050000 0.092750
v -3.365493 -0.050000 0.088682
v -3.365493 0.050000 0.088682
v -3.360941 -0.050000 0.084705
v -3.360941 0.050000 0.084705
v -3.356551 -0.050000 0.080785
v -3.356551 0.050000 0.080785
v -3.352278 -0.050000 0.076889
v -3.352278 0.050000 0.076889
v -3.348078 -0.050000 0.072982
v -3.348078 0.050000 0.072982
v -3.343906 -0.050000 0.069031
v -3.343906 0.050000 0.069031
v -3.339719 -0.050000 0.065002
v -3.339719 0.050000 0.065002
v -3.335472 -0.050000 0.060861
v -3.335472 0.050000 0.060861
v -3.331121 -0.050000 0.056574
v -3.331121 0.050000 0.056574
v -3.326622 -0.050000 0.052108
v -3.326622 0.050000 0.052108
v -3.321929 -0.050000 0.047427
v -3.321929 0.050000 0.047427
v -3.317000 -0.050000 0.042500
v -3.317000 0.050000 0.042500
v -2.460564 -0.050000 -0.031000
v -2.460564 0.050000 -0.031000
v -2.433389 -0.050000 -0.031000
v -2.433389 0.050000 -0.031000
v -2.399422 -0.050000 -0.031000
v -2.399422 0.050000 -0.031000
v -2.360361 -0.050000 -0.031000
v -2.360361 0.050000 -0.031000
v -2.317904 -0.050000 -0.031000
v -2.317904 0.050000 -0.031000
v -2.273750 -0.050000 -0.031000
v -2.273750 0.050000 -0.031000
v -2.229595 -0.050000 -0.031000
v -2.229595 0.050000 -0.031000
v -2.187139 -0.050000 -0.031000
v -2.187139 0.050000 -0.031000
v -2.148078 -0.050000 -0.031000
v -2.148078 0.050000 -0.031000
v -2.114111 -0.050000 -0.031000
v -2.114111 0.050000 -0.031000
v -2.086936 -0.050000 -0.031000
v -2.086936 0.050000 -0.031000
v -2.068250 -0.050000 -0.031000
v -2.068250 0.050000 -0.031000
v -2.059093 -0.050000 -0.031045
v -2.059093 0.050000 -0.031045
v -2.050375 -0.050000 -0.031174
v -2.050375 0.050000 -0.031174
v -2.042094 -0.050000 -0.031375
v -2.042094 0.050000 -0.031375
v -2.034250 -0.050000 -0.031639
v -2.034250 0.050000 -0.031639
v -2.026844 -0.050000 -0.031955
v -2.026844 0.050000 -0.031955
v -2.019875 -0.050000 -0.032312
v -2.019875 0.050000 -0.032312
v -2.013344 -0.050000 -0.032701
v -2.013344 0.050000 -0.032701
v -2.007250 -0.050000 -0.033111
v -2.007250 0.050000 -0.033111
v -2.001594 -0.050000 -0.033531
v -2.001594 0.050000 -0.033531
v -1.996375 -0.050000 -0.033951
v -1.996375 0.050000 -0.033951
v -1.991594 -0.050000 -0.034361
v -1.991594 0.050000 -0.034361
v -1.987250 -0.050000 -0.034750
v -1.987250 0.050000 -0.034750
v -1.987250 -0.050000 0.038750
v -1.987250 0.050000 0.038750
v -1.991335 -0.050000 0.038519
v -1.991335 0.050000 0.038519
v -1.996059 -0.050000 0.038212
v -1.996059 0.050000 0.038212
v -2.001371 -0.050000 0.037848
v -2.001371 0.050000 0.037848
v -2.007222 -0.050000 0.037444
v -2.007222 0.050000 0.037444
v -2.013563 -0.050000 0.037020
v -2.013563 0.050000 0.037020
v -2.020343 -0.050000 0.036594
v -2.020343 0.050000 0.036594
v -2.027515 -0.050000 0.036183
v -2.027515 0.050000 0.036183
v -2.035028 -0.050000 0.035806
v -2.035028 0.050000 0.035806
v -2.042832 -0.050000 0.035480
v -2.042832 0.050000 0.035480
v -2.050878 -0.050000 0.035226
v -2.050878 0.050000 0.035226
v -2.059117 -0.050000 0.035059
v -2.059117 0.050000 0.035059
v -2.067500 -0.050000 0.035000
v -2.067500 0.050000 0.035000
v -2.086344 -0.050000 0.035000
v -2.086344 0.050000 0.035000
v -2.113625 -0.050000 0.035000
v -2.113625 0.050000 0.035000
v -2.147656 -0.050000 0.035000
v -2.147656 0.050000 0.035000
v -2.186750 -0.050000 0.035000
v -2.186750 0.050000 0.035000
v -2.229218 -0.050000 0.035000
v -2.229218 0.050000 0.035000
v -2.273375 -0.050000 0.035000
v -2.273375 0.050000 0.035000
v -2.317531 -0.050000 0.035000
v -2.317531 0.050000 0.035000
v -2.360000 -0.050000 0.035000
v -2.360000 0.050000 0.035000
v -2.399094 -0.050000 0.035000
v -2.399094 0.050000 0.035000
v -2.433125 -0.050000 0.035000
v -2.433125 0.050000 0.035000
v -2.460406 -0.050000 0.035000
v -2.460406 0.050000 0.035000
v -2.479250 -0.050000 0.035000
v -2.479250 0.050000 0.035000
v -2.489522 -0.050000 0.035031
v -2.489522 0.050000 0.035031
v -2.499681 -0.050000 0.035122
v -2.499681 0.050000 0.035122
v -2.509672 -0.050000 0.035270
v -2.509672 0.050000 0.035270
v -2.519444 -0.050000 0.035472
v -2.519444 0.050000 0.035472
v -2.528946 -0.050000 0.035727
v -2.528946 0.050000 0.035727
v -2.538125 -0.050000 0.036031
v -2.538125 0.050000 0.036031
v -2.546929 -0.050000 0.036382
v -2.546929 0.050000 0.036382
v -2.555305 -0.050000 0.036778
v -2.555305 0.050000 0.036778
v -2.563203 -0.050000 0.037215
v -2.563203 0.050000 0.037215
v -2.570569 -0.050000 0.037691
v -2.570569 0.050000 0.037691
v -2.577352 -0.050000 0.038204
v -2.577352 0.050000 0.038204
v -2.583500 -0.050000 0.038750
v -2.583500 0.050000 0.038750
v -2.583500 -0.050000 -0.034750
v -2.583500 0.050000 -0.034750
v -2.577524 -0.050000 -0.034361
v -2.577524 0.050000 -0.034361
v -2.570882 -0.050000 -0.033951
v -2.570882 0.050000 -0.033951
v -2.563625 -0.050000 -0.033531
v -2.563625 0.050000 -0.033531
v -2.555805 -0.050000 -0.033111
v -2.555805 0.050000 -0.033111
v -2.547476 -0.050000 -0.032701
v -2.547476 0.050000 -0.032701
v -2.538687 -0.050000 -0.032313
v -2.538687 0.050000 -0.032313
v -2.529493 -0.050000 -0.031955
v -2.529493 0.050000 -0.031955
v -2.519944 -0.050000 -0.031639
v -2.519944 0.050000 -0.031639
v -2.510094 -0.050000 -0.031375
v -2.510094 0.050000 -0.031375
v -2.499993 -0.050000 -0.031174
v -2.499993 0.050000 -0.031174
v -2.489694 -0.050000 -0.031045
v -2.489694 0.050000 -0.031045
v -2.479250 -0.050000 -0.031000
v -2.479250 0.050000 -0.031000
v -1.335569 -0.050000 -0.162166
v -1.335569 0.050000 -0.162166
v -1.343239 -0.050000 -0.144764
v -1.343239 0.050000 -0.144764
v -1.351707 -0.050000 -0.126695
v -1.351707 0.050000 -0.126695
v -1.360916 -0.050000 -0.108111
v -1.360916 0.050000 -0.108111
v -1.370813 -0.050000 -0.089162
v -1.370813 0.050000 -0.089162
v -1.381343 -0.050000 -0.070000
v -1.381343 0.050000 -0.070000
v -1.392452 -0.050000 -0.050775
v -1.392452 0.050000 -0.050775
v -1.404083 -0.050000 -0.031639
v -1.404083 0.050000 -0.031639
v -1.416183 -0.050000 -0.012742
v -1.416183 0.050000 -0.012742
v -1.428698 -0.050000 0.005764
v -1.428698 0.050000 0.005764
v -1.441571 -0.050000 0.023728
v -1.441571 0.050000 0.023728
v -1.454750 -0.050000 0.041000
v -1.454750 0.050000 0.041000
v -1.434829 -0.050000 0.058461
v -1.434829 0.050000 0.058461
v -1.414569 -0.050000 0.076934
v -1.414569 0.050000 0.076934
v -1.394164 -0.050000 0.096184
v -1.394164 0.050000 0.096184
v -1.373806 -0.050000 0.115972
v -1.373806 0.050000 0.115972
v -1.353687 -0.050000 0.136063
v -1.353687 0.050000 0.136063
v -1.334000 -0.050000 0.156219
v -1.334000 0.050000 0.156219
v -1.314938 -0.050000 0.176203
v -1.314938 0.050000 0.176203
v -1.296694 -0.050000 0.195778
v -1.296694 0.050000 0.195778
v -1.279461 -0.050000 0.214707
v -1.279461 0.050000 0.214707
v -1.263430 -0.050000 0.232753
v -1.263430 0.050000 0.232753
v -1.248796 -0.050000 0.249680
v -1.248796 0.050000 0.249680
v -1.235750 -0.050000 0.265250
v -1.235750 0.050000 0.265250
v -1.288250 -0.050000 0.310250
v -1.288250 0.050000 0.310250
v -1.301403 -0.050000 0.293148
v -1.301403 0.050000 0.293148
v -1.315663 -0.050000 0.275312
v -1.315663 0.050000 0.275312
v -1.330918 -0.050000 0.256883
v -1.330918 0.050000 0.256883
v -1.347055 -0.050000 0.238000
v -1.347055 0.050000 0.238000
v -1.363964 -0.050000 0.218805
v -1.363964 0.050000 0.218805
v -1.381531 -0.050000 0.199437
v -1.381531 0.050000 0.199437
v -1.399645 -0.050000 0.180039
v -1.399645 0.050000 0.180039
v -1.418194 -0.050000 0.160750
v -1.418194 0.050000 0.160750
v -1.437066 -0.050000 0.141711
v -1.437066 0.050000 0.141711
v -1.456149 -0.050000 0.123062
v -1.456149 0.050000 0.123062
v -1.475331 -0.050000 0.104945
v -1.475331 0.050000 0.104945
v -1.494500 -0.050000 0.087500
v -1.494500 0.050000 0.087500
v -1.514993 -0.050000 0.108968
v -1.514993 0.050000 0.108968
v -1.536323 -0.050000 0.130181
v -1.536323 0.050000 0.130181
v -1.558449 -0.050000 0.151039
v -1.558449 0.050000 0.151039
v -1.581333 -0.050000 0.171444
v -1.581333 0.050000 0.171444
v -1.604936 -0.050000 0.191298
v -1.604936 0.050000 0.191298
v -1.629219 -0.050000 0.210500
v -1.629219 0.050000 0.210500
v -1.654142 -0.050000 0.228952
v -1.654142 0.050000 0.228952
v -1.679667 -0.050000 0.246556
v -1.679667 0.050000 0.246556
v -1.705754 -0.050000 0.263211
v -1.705754 0.050000 0.263211
v -1.732364 -0.050000 0.278819
v -1.732364 0.050000 0.278819
v -1.759459 -0.050000 0.293282
v -1.759459 0.050000 0.293282
v -1.787000 -0.050000 0.306500
v -1.787000 0.050000 0.306500
v -1.835000 -0.050000 0.256250
v -1.835000 0.050000 0.256250
v -1.805029 -0.050000 0.243589
v -1.805029 0.050000 0.243589
v -1.775548 -0.050000 0.229333
v -1.775548 0.050000 0.229333
v -1.746640 -0.050000 0.213641
v -1.746640 0.050000 0.213641
v -1.718389 -0.050000 0.196667
v -1.718389 0.050000 0.196667
v -1.690876 -0.050000 0.178568
v -1.690876 0.050000 0.178568
v -1.664187 -0.050000 0.159500
v -1.664187 0.050000 0.159500
v -1.638404 -0.050000 0.139620
v -1.638404 0.050000 0.139620
v -1.613611 -0.050000 0.119083
v -1.613611 0.050000 0.119083
v -1.589890 -0.050000 0.098047
v -1.589890 0.050000 0.098047
v -1.567326 -0.050000 0.076667
v -1.567326 0.050000 0.076667
v -1.546001 -0.050000 0.055099
v -1.546001 0.050000 0.055099
v -1.526000 -0.050000 0.033500
v -1.526000 0.050000 0.033500
v -1.513195 -0.050000 0.018455
v -1.513195 0.050000 0.018455
v -1.500371 -0.050000 0.002326
v -1.500371 0.050000 0.002326
v -1.487668 -0.050000 -0.014688
v -1.487668 0.050000 -0.014688
v -1.475222 -0.050000 -0.032389
v -1.475222 0.050000 -0.032389
v -1.463172 -0.050000 -0.050580
v -1.463172 0.050000 -0.050580
v -1.451656 -0.050000 -0.069063
v -1.451656 0.050000 -0.069063
v -1.440812 -0.050000 -0.087639
v -1.440812 0.050000 -0.087639
v -1.430778 -0.050000 -0.106111
v -1.430778 0.050000 -0.106111
v -1.421691 -0.050000 -0.124281
v -1.421691 0.050000 -0.124281
v -1.413691 -0.050000 -0.141951
v -1.413691 0.050000 -0.141951
v -1.406914 -0.050000 -0.158924
v -1.406914 0.050000 -0.158924
v -1.401500 -0.050000 -0.175000
v -1.401500 0.050000 -0.175000
v -1.412426 -0.050000 -0.175000
v -1.412426 0.050000 -0.175000
v -1.430719 -0.050000 -0.175000
v -1.430719 0.050000 -0.175000
v -1.454902 -0.050000 -0.175000
v -1.454902 0.050000 -0.175000
v -1.483500 -0.050000 -0.175000
v -1.483500 0.050000 -0.175000
v -1.515035 -0.050000 -0.175000
v -1.515035 0.050000 -0.175000
v -1.548031 -0.050000 -0.175000
v -1.548031 0.050000 -0.175000
v -1.581012 -0.050000 -0.175000
v -1.581012 0.050000 -0.175000
v -1.612500 -0.050000 -0.175000
v -1.612500 0.050000 -0.175000
v -1.641019 -0.050000 -0.175000
v -1.641019 0.050000 -0.175000
v -1.665094 -0.050000 -0.175000
v -1.665094 0.050000 -0.175000
v -1.683246 -0.050000 -0.175000
v -1.683246 0.050000 -0.175000
v -1.694000 -0.050000 -0.175000
v -1.694000 0.050000 -0.175000
v -1.700847 -0.050000 -0.174941
v -1.700847 0.050000 -0.174941
v -1.708152 -0.050000 -0.174774
v -1.708152 0.050000 -0.174774
v -1.715750 -0.050000 -0.174520
v -1.715750 0.050000 -0.174520
v -1.723472 -0.050000 -0.174194
v -1.723472 0.050000 -0.174194
v -1.731153 -0.050000 -0.173817
v -1.731153 0.050000 -0.173817
v -1.738625 -0.050000 -0.173406
v -1.738625 0.050000 -0.173406
v -1.745722 -0.050000 -0.172980
v -1.745722 0.050000 -0.172980
v -1.752278 -0.050000 -0.172556
v -1.752278 0.050000 -0.172556
v -1.758125 -0.050000 -0.172152
v -1.758125 0.050000 -0.172152
v -1.763097 -0.050000 -0.171788
v -1.763097 0.050000 -0.171788
v -1.767028 -0.050000 -0.171481
v -1.767028 0.050000 -0.171481
v -1.769750 -0.050000 -0.171250
v -1.769750 0.050000 -0.171250
v -1.769750 -0.050000 -0.239500
v -1.769750 0.050000 -0.239500
v -1.766484 -0.050000 -0.239096
v -1.766484 0.050000 -0.239096
v -1.762056 -0.050000 -0.238646
v -1.762056 0.050000 -0.238646
v -1.756649 -0.050000 -0.238164
v -1.756649 0.050000 -0.238164
v -1.750444 -0.050000 -0.237667
v -1.750444 0.050000 -0.237667
v -1.743626 -0.050000 -0.237169
v -1.743626 0.050000 -0.237169
v -1.736375 -0.050000 -0.236688
v -1.736375 0.050000 -0.236688
v -1.728874 -0.050000 -0.236237
v -1.728874 0.050000 -0.236237
v -1.721306 -0.050000 -0.235833
v -1.721306 0.050000 -0.235833
v -1.713851 -0.050000 -0.235492
v -1.713851 0.050000 -0.235492
v -1.706694 -0.050000 -0.235229
v -1.706694 0.050000 -0.235229
v -1.700016 -0.050000 -0.235060
v -1.700016 0.050000 -0.235060
v -1.694000 -0.050000 -0.235000
v -1.694000 0.050000 -0.235000
v -1.682532 -0.050000 -0.235000
v -1.682532 0.050000 -0.235000
v -1.664066 -0.050000 -0.235000
v -1.664066 0.050000 -0.235000
v -1.640012 -0.050000 -0.235000
v -1.640012 0.050000 -0.235000
v -1.611778 -0.050000 -0.235000
v -1.611778 0.050000 -0.235000
v -1.580773 -0.050000 -0.235000
v -1.580773 0.050000 -0.235000
v -1.548406 -0.050000 -0.235000
v -1.548406 0.050000 -0.235000
v -1.516086 -0.050000 -0.235000
v -1.516086 0.050000 -0.235000
v -1.485222 -0.050000 -0.235000
v -1.485222 0.050000 -0.235000
v -1.457222 -0.050000 -0.235000
v -1.457222 0.050000 -0.235000
v -1.433496 -0.050000 -0.235000
v -1.433496 0.050000 -0.235000
v -1.415452 -0.050000 -0.235000
v -1.415452 0.050000 -0.235000
v -1.404500 -0.050000 -0.235000
v -1.404500 0.050000 -0.235000
v -1.398423 -0.050000 -0.235046
v -1.398423 0.050000 -0.235046
v -1.392573 -0.050000 -0.235184
v -1.392573 0.050000 -0.235184
v -1.386957 -0.050000 -0.235410
v -1.386957 0.050000 -0.235410
v -1.381583 -0.050000 -0.235722
v -1.381583 0.050000 -0.235722
v -1.376460 -0.050000 -0.236118
v -1.376460 0.050000 -0.236118
v -1.371594 -0.050000 -0.236594
v -1.371594 0.050000 -0.236594
v -1.366993 -0.050000 -0.237148
v -1.366993 0.050000 -0.237148
v -1.362667 -0.050000 -0.237778
v -1.362667 0.050000 -0.237778
v -1.358621 -0.050000 -0.238480
v -1.358621 0.050000 -0.238480
v -1.354865 -0.050000 -0.239253
v -1.354865 0.050000 -0.239253
v -1.351405 -0.050000 -0.240094
v -1.351405 0.050000 -0.240094
v -1.348250 -0.050000 -0.241000
v -1.348250 0.050000 -0.241000
v -1.310000 -0.050000 -0.211750
v -1.310000 0.050000 -0.211750
v -1.311228 -0.050000 -0.210041
v -1.311228 0.050000 -0.210041
v -1.312639 -0.050000 -0.207951
v -1.312639 0.050000 -0.207951
v -1.314195 -0.050000 -0.205539
v -1.314195 0.050000 -0.205539
v -1.315861 -0.050000 -0.202861
v -1.315861 0.050000 -0.202861
v -1.317600 -0.050000 -0.199975
v -1.317600 0.050000 -0.199975
v -1.319375 -0.050000 -0.196938
v -1.319375 0.050000 -0.196938
v -1.321150 -0.050000 -0.193806
v -1.321150 0.050000 -0.193806
v -1.322889 -0.050000 -0.190639
v -1.322889 0.050000 -0.190639
v -1.324554 -0.050000 -0.187492
v -1.324554 0.050000 -0.187492
v -1.326111 -0.050000 -0.184424
v -1.326111 0.050000 -0.184424
v -1.327522 -0.050000 -0.181490
v -1.327522 0.050000 -0.181490
v -1.328750 -0.050000 -0.178750
v -1.328750 0.050000 -0.178750
v -1.003477 -0.050000 0.076285
v -1.003477 0.050000 0.076285
v -0.991500 -0.050000 0.074531
v -0.991500 0.050000 0.074531
v -0.977961 -0.050000 0.072512
v -0.977961 0.050000 0.072512
v -0.963000 -0.050000 0.070250
v -0.963000 0.050000 0.070250
v -0.946758 -0.050000 0.067769
v -0.946758 0.050000 0.067769
v -0.929375 -0.050000 0.065094
v -0.929375 0.050000 0.065094
v -0.910992 -0.050000 0.062246
v -0.910992 0.050000 0.062246
v -0.891750 -0.050000 0.059250
v -0.891750 0.050000 0.059250
v -0.871789 -0.050000 0.056129
v -0.871789 0.050000 0.056129
v -0.851250 -0.050000 0.052906
v -0.851250 0.050000 0.052906
v -0.830273 -0.050000 0.049605
v -0.830273 0.050000 0.049605
v -0.809000 -0.050000 0.046250
v -0.809000 0.050000 0.046250
v -0.839000 -0.050000 -0.104500
v -0.839000 0.050000 -0.104500
v -1.004000 -0.050000 -0.077500
v -1.004000 0.050000 -0.077500
v -1.009177 -0.050000 -0.076562
v -1.009177 0.050000 -0.076562
v -1.014229 -0.050000 -0.075618
v -1.014229 0.050000 -0.075618
v -1.019187 -0.050000 -0.074664
v -1.019187 0.050000 -0.074664
v -1.024083 -0.050000 -0.073694
v -1.024083 0.050000 -0.073694
v -1.028948 -0.050000 -0.072704
v -1.028948 0.050000 -0.072704
v -1.033812 -0.050000 -0.071688
v -1.033812 0.050000 -0.071688
v -1.038708 -0.050000 -0.070640
v -1.038708 0.050000 -0.070640
v -1.043667 -0.050000 -0.069556
v -1.043667 0.050000 -0.069556
v -1.048719 -0.050000 -0.068430
v -1.048719 0.050000 -0.068430
v -1.053896 -0.050000 -0.067257
v -1.053896 0.050000 -0.067257
v -1.059229 -0.050000 -0.066032
v -1.059229 0.050000 -0.066032
v -1.064750 -0.050000 -0.064750
v -1.064750 0.050000 -0.064750
v -1.077500 -0.050000 -0.132250
v -1.077500 0.050000 -0.132250
v -1.072795 -0.050000 -0.132454
v -1.072795 0.050000 -0.132454
v -1.068046 -0.050000 -0.132691
v -1.068046 0.050000 -0.132691
v -1.063239 -0.050000 -0.132965
v -1.063239 0.050000 -0.132965
v -1.058361 -0.050000 -0.133278
v -1.058361 0.050000 -0.133278
v -1.053401 -0.050000 -0.133632
v -1.053401 0.050000 -0.133632
v -1.048344 -0.050000 -0.134031
v -1.048344 0.050000 -0.134031
v -1.043178 -0.050000 -0.134477
v -1.043178 0.050000 -0.134477
v -1.037889 -0.050000 -0.134972
v -1.037889 0.050000 -0.134972
v -1.032465 -0.050000 -0.135520
v -1.032465 0.050000 -0.135520
v -1.026892 -0.050000 -0.136122
v -1.026892 0.050000 -0.136122
v -1.021158 -0.050000 -0.136781
v -1.021158 0.050000 -0.136781
v -1.015250 -0.050000 -0.137500
v -1.015250 0.050000 -0.137500
v -1.007205 -0.050000 -0.138388
v -1.007205 0.050000 -0.138388
v -0.997766 -0.050000 -0.139538
v -0.997766 0.050000 -0.139538
v -0.987042 -0.050000 -0.140934
v -0.987042 0.050000 -0.140934
v -0.975138 -0.050000 -0.142556
v -0.975138 0.050000 -0.142556
v -0.962161 -0.050000 -0.144386
v -0.962161 0.050000 -0.144386
v -0.948218 -0.050000 -0.146406
v -0.948218 0.050000 -0.146406
v -0.933415 -0.050000 -0.148599
v -0.933415 0.050000 -0.148599
v -0.917861 -0.050000 -0.150944
v -0.917861 0.050000 -0.150944
v -0.901659 -0.050000 -0.153426
v -0.901659 0.050000 -0.153426
v -0.884920 -0.050000 -0.156024
v -0.884920 0.050000 -0.156024
v -0.867747 -0.050000 -0.158722
v -0.867747 0.050000 -0.158722
v -0.850250 -0.050000 -0.161500
v -0.850250 0.050000 -0.161500
v -0.866000 -0.050000 -0.240250
v -0.866000 0.050000 -0.240250
v -0.866967 -0.050000 -0.245063
v -0.866967 0.050000 -0.245063
v -0.867993 -0.050000 -0.249757
v -0.867993 0.050000 -0.249757
v -0.869070 -0.050000 -0.254336
v -0.869070 0.050000 -0.254336
v -0.870194 -0.050000 -0.258806
v -0.870194 0.050000 -0.258806
v -0.871360 -0.050000 -0.263171
v -0.871360 0.050000 -0.263171
v -0.872562 -0.050000 -0.267438
v -0.872562 0.050000 -0.267438
v -0.873796 -0.050000 -0.271610
v -0.873796 0.050000 -0.271610
v -0.875055 -0.050000 -0.275695
v -0.875055 0.050000 -0.275695
v -0.876336 -0.050000 -0.279695
v -0.876336 0.050000 -0.279695
v -0.877632 -0.050000 -0.283618
v -0.877632 0.050000 -0.283618
v -0.878938 -0.050000 -0.287468
v -0.878938 0.050000 -0.287468
v -0.880250 -0.050000 -0.291250
v -0.880250 0.050000 -0.291250
v -0.812750 -0.050000 -0.303250
v -0.812750 0.050000 -0.303250
v -0.812502 -0.050000 -0.299553
v -0.812502 0.050000 -0.299553
v -0.812145 -0.050000 -0.295615
v -0.812145 0.050000 -0.295615
v -0.811695 -0.050000 -0.291473
v -0.811695 0.050000 -0.291473
v -0.811166 -0.050000 -0.287167
v -0.811166 0.050000 -0.287167
v -0.810575 -0.050000 -0.282736
v -0.810575 0.050000 -0.282736
v -0.809937 -0.050000 -0.278219
v -0.809937 0.050000 -0.278219
v -0.809268 -0.050000 -0.273655
v -0.809268 0.050000 -0.273655
v -0.808583 -0.050000 -0.269083
v -0.808583 0.050000 -0.269083
v -0.807898 -0.050000 -0.264543
v -0.807898 0.050000 -0.264543
v -0.807229 -0.050000 -0.260073
v -0.807229 0.050000 -0.260073
v -0.806591 -0.050000 -0.255712
v -0.806591 0.050000 -0.255712
v -0.806000 -0.050000 -0.251500
v -0.806000 0.050000 -0.251500
v -0.790250 -0.050000 -0.170500
v -0.790250 0.050000 -0.170500
v -0.772159 -0.050000 -0.173482
v -0.772159 0.050000 -0.173482
v -0.754343 -0.050000 -0.176417
v -0.754343 0.050000 -0.176417
v -0.736917 -0.050000 -0.179289
v -0.736917 0.050000 -0.179289
v -0.719999 -0.050000 -0.182083
v -0.719999 0.050000 -0.182083
v -0.703706 -0.050000 -0.184784
v -0.703706 0.050000 -0.184784
v -0.688156 -0.050000 -0.187375
v -0.688156 0.050000 -0.187375
v -0.673464 -0.050000 -0.189841
v -0.673464 0.050000 -0.189841
v -0.659750 -0.050000 -0.192167
v -0.659750 0.050000 -0.192167
v -0.647129 -0.050000 -0.194336
v -0.647129 0.050000 -0.194336
v -0.635718 -0.050000 -0.196333
v -0.635718 0.050000 -0.196333
v -0.625637 -0.050000 -0.198143
v -0.625637 0.050000 -0.198143
v -0.617000 -0.050000 -0.199750
v -0.617000 0.050000 -0.199750
v -0.611626 -0.050000 -0.200717
v -0.611626 0.050000 -0.200717
v -0.606388 -0.050000 -0.201736
v -0.606388 0.050000 -0.201736
v -0.601296 -0.050000 -0.202797
v -0.601296 0.050000 -0.202797
v -0.596361 -0.050000 -0.203889
v -0.596361 0.050000 -0.203889
v -0.591592 -0.050000 -0.205002
v -0.591592 0.050000 -0.205002
v -0.587000 -0.050000 -0.206125
v -0.587000 0.050000 -0.206125
v -0.582595 -0.050000 -0.207248
v -0.582595 0.050000 -0.207248
v -0.578389 -0.050000 -0.208361
v -0.578389 0.050000 -0.208361
v -0.574391 -0.050000 -0.209453
v -0.574391 0.050000 -0.209453
v -0.570611 -0.050000 -0.210514
v -0.570611 0.050000 -0.210514
v -0.567061 -0.050000 -0.211533
v -0.567061 0.050000 -0.211533
v -0.563750 -0.050000 -0.212500
v -0.563750 0.050000 -0.212500
v -0.551000 -0.050000 -0.149500
v -0.551000 0.050000 -0.149500
v -0.554053 -0.050000 -0.149095
v -0.554053 0.050000 -0.149095
v -0.557552 -0.050000 -0.148632
v -0.557552 0.050000 -0.148632
v -0.561441 -0.050000 -0.148117
v -0.561441 0.050000 -0.148117
v -0.565667 -0.050000 -0.147556
v -0.565667 0.050000 -0.147556
v -0.570173 -0.050000 -0.146952
v -0.570173 0.050000 -0.146952
v -0.574906 -0.050000 -0.146313
v -0.574906 0.050000 -0.146313
v -0.579811 -0.050000 -0.145642
v -0.579811 0.050000 -0.145642
v -0.584833 -0.050000 -0.144944
v -0.584833 0.050000 -0.144944
v -0.589918 -0.050000 -0.144227
v -0.589918 0.050000 -0.144227
v -0.595011 -0.050000 -0.143493
v -0.595011 0.050000 -0.143493
v -0.600056 -0.050000 -0.142749
v -0.600056 0.050000 -0.142749
v -0.605000 -0.050000 -0.142000
v -0.605000 0.050000 -0.142000
v -0.779750 -0.050000 -0.114250
v -0.779750 0.050000 -0.114250
v -0.749750 -0.050000 0.036500
v -0.749750 0.050000 0.036500
v -0.565250 -0.050000 0.005000
v -0.565250 0.050000 0.005000
v -0.558107 -0.050000 0.003530
v -0.558107 0.050000 0.003530
v -0.551295 -0.050000 0.002118
v -0.551295 0.050000 0.002118
v -0.544801 -0.050000 0.000758
v -0.544801 0.050000 0.000758
v -0.538611 -0.050000 -0.000556
v -0.538611 0.050000 -0.000556
v -0.532713 -0.050000 -0.001827
v -0.532713 0.050000 -0.001827
v -0.527093 -0.050000 -0.003063
v -0.527093 0.050000 -0.003063
v -0.521739 -0.050000 -0.004267
v -0.521739 0.050000 -0.004267
v -0.516638 -0.050000 -0.005444
v -0.516638 0.050000 -0.005444
v -0.511777 -0.050000 -0.006602
v -0.511777 0.050000 -0.006602
v -0.507142 -0.050000 -0.007743
v -0.507142 0.050000 -0.007743
v -0.502721 -0.050000 -0.008874
v -0.502721 0.050000 -0.008874
v -0.498500 -0.050000 -0.010000
v -0.498500 0.050000 -0.010000
v -0.486500 -0.050000 0.053000
v -0.486500 0.050000 0.053000
v -0.490607 -0.050000 0.053421
v -0.490607 0.050000 0.053421
v -0.495042 -0.050000 0.053931
v -0.495042 0.050000 0.053931
v -0.499789 -0.050000 0.054523
v -0.499789 0.050000 0.054523
v -0.504833 -0.050000 0.055194
v -0.504833 0.050000 0.055194
v -0.510159 -0.050000 0.055938
v -0.510159 0.050000 0.055938
v -0.515750 -0.050000 0.056750
v -0.515750 0.050000 0.056750
v -0.521591 -0.050000 0.057624
v -0.521591 0.050000 0.057624
v -0.527667 -0.050000 0.058556
v -0.527667 0.050000 0.058556
v -0.533961 -0.050000 0.059539
v -0.533961 0.050000 0.059539
v -0.540458 -0.050000 0.060569
v -0.540458 0.050000 0.060569
v -0.547143 -0.050000 0.061641
v -0.547143 0.050000 0.061641
v -0.554000 -0.050000 0.062750
v -0.554000 0.050000 0.062750
v -0.738500 -0.050000 0.092000
v -0.738500 0.050000 0.092000
v -0.707750 -0.050000 0.242750
v -0.707750 0.050000 0.242750
v -0.706421 -0.050000 0.248261
v -0.706421 0.050000 0.248261
v -0.705062 -0.050000 0.253899
v -0.705062 0.050000 0.253899
v -0.703672 -0.050000 0.259637
v -0.703672 0.050000 0.259637
v -0.702250 -0.050000 0.265444
v -0.702250 0.050000 0.265444
v -0.700797 -0.050000 0.271294
v -0.700797 0.050000 0.271294
v -0.699312 -0.050000 0.277156
v -0.699312 0.050000 0.277156
v -0.697797 -0.050000 0.283003
v -0.697797 0.050000 0.283003
v -0.696250 -0.050000 0.288806
v -0.696250 0.050000 0.288806
v -0.694672 -0.050000 0.294535
v -0.694672 0.050000 0.294535
v -0.693062 -0.050000 0.300163
v -0.693062 0.050000 0.300163
v -0.691422 -0.050000 0.305661
v -0.691422 0.050000 0.305661
v -0.689750 -0.050000 0.311000
v -0.689750 0.050000 0.311000
v -0.758000 -0.050000 0.323750
v -0.758000 0.050000 0.323750
v -0.758909 -0.050000 0.317436
v -0.758909 0.050000 0.317436
v -0.759771 -0.050000 0.311236
v -0.759771 0.050000 0.311236
v -0.760602 -0.050000 0.305141
v -0.760602 0.050000 0.305141
v -0.761416 -0.050000 0.299139
v -0.761416 0.050000 0.299139
v -0.762231 -0.050000 0.293220
v -0.762231 0.050000 0.293220
v -0.763062 -0.050000 0.287375
v -0.763062 0.050000 0.287375
v -0.763924 -0.050000 0.281592
v -0.763924 0.050000 0.281592
v -0.764833 -0.050000 0.275861
v -0.764833 0.050000 0.275861
v -0.765804 -0.050000 0.270172
v -0.765804 0.050000 0.270172
v -0.766854 -0.050000 0.264514
v -0.766854 0.050000 0.264514
v -0.767997 -0.050000 0.258877
v -0.767997 0.050000 0.258877
v -0.769250 -0.050000 0.253250
v -0.769250 0.050000 0.253250
v -0.798500 -0.050000 0.101750
v -0.798500 0.050000 0.101750
v -0.819571 -0.050000 0.105293
v -0.819571 0.050000 0.105293
v -0.840319 -0.050000 0.108785
v -0.840319 0.050000 0.108785
v -0.860609 -0.050000 0.112203
v -0.860609 0.050000 0.112203
v -0.880305 -0.050000 0.115528
v -0.880305 0.050000 0.115528
v -0.899272 -0.050000 0.118738
v -0.899272 0.050000 0.118738
v -0.917375 -0.050000 0.121812
v -0.917375 0.050000 0.121812
v -0.934477 -0.050000 0.124731
v -0.934477 0.050000 0.124731
v -0.950444 -0.050000 0.127472
v -0.950444 0.050000 0.127472
v -0.965141 -0.050000 0.130016
v -0.965141 0.050000 0.130016
v -0.978430 -0.050000 0.132340
v -0.978430 0.050000 0.132340
v -0.990179 -0.050000 0.134425
v -0.990179 0.050000 0.134425
v -1.000250 -0.050000 0.136250
v -1.000250 0.050000 0.136250
v -1.007393 -0.050000 0.137533
v -1.007393 0.050000 0.137533
v -1.014202 -0.050000 0.138760
v -1.014202 0.050000 0.138760
v -1.020688 -0.050000 0.139941
v -1.020688 0.050000 0.139941
v -1.026861 -0.050000 0.141083
v -1.026861 0.050000 0.141083
v -1.032733 -0.050000 0.142194
v -1.032733 0.050000 0.142194
v -1.038313 -0.050000 0.143281
v -1.038313 0.050000 0.143281
v -1.043611 -0.050000 0.144353
v -1.043611 0.050000 0.144353
v -1.048639 -0.050000 0.145417
v -1.048639 0.050000 0.145417
v -1.053406 -0.050000 0.146480
v -1.053406 0.050000 0.146480
v -1.057924 -0.050000 0.147552
v -1.057924 0.050000 0.147552
v -1.062201 -0.050000 0.148639
v -1.062201 0.050000 0.148639
v -1.066250 -0.050000 0.149750
v -1.066250 0.050000 0.149750
v -1.079750 -0.050000 0.084500
v -1.079750 0.050000 0.084500
v -1.075200 -0.050000 0.084267
v -1.075200 0.050000 0.084267
v -1.070225 -0.050000 0.083948
v -1.070225 0.050000 0.083948
v -1.064902 -0.050000 0.083551
v -1.064902 0.050000 0.083551
v -1.059305 -0.050000 0.083083
v -1.059305 0.050000 0.083083
v -1.053510 -0.050000 0.082553
v -1.053510 0.050000 0.082553
v -1.047594 -0.050000 0.081969
v -1.047594 0.050000 0.081969
v -1.041629 -0.050000 0.081337
v -1.041629 0.050000 0.081337
v -1.035694 -0.050000 0.080667
v -1.035694 0.050000 0.080667
v -1.029863 -0.050000 0.079965
v -1.029863 0.050000 0.079965
v -1.024211 -0.050000 0.079240
v -1.024211 0.050000 0.079240
v -1.018815 -0.050000 0.078499
v -1.018815 0.050000 0.078499
v -1.013750 -0.050000 0.077750
v -1.013750 0.050000 0.077750
v -0.210564 -0.050000 -0.031000
v -0.210564 0.050000 -0.031000
v -0.183389 -0.050000 -0.031000
v -0.183389 0.050000 -0.031000
v -0.149422 -0.050000 -0.031000
v -0.149422 0.050000 -0.031000
v -0.110361 -0.050000 -0.031000
v -0.110361 0.050000 -0.031000
v -0.067904 -0.050000 -0.031000
v -0.067904 0.050000 -0.031000
v -0.023750 -0.050000 -0.031000
v -0.023750 0.050000 -0.031000
v 0.020405 -0.050000 -0.031000
v 0.020405 0.050000 -0.031000
v 0.062861 -0.050000 -0.031000
v 0.062861 0.050000 -0.031000
v 0.101922 -0.050000 -0.031000
v 0.101922 0.050000 -0.031000
v 0.135889 -0.050000 -0.031000
v 0.135889 0.050000 -0.031000
v 0.163064 -0.050000 -0.031000
v 0.163064 0.050000 -0.031000
v 0.181750 -0.050000 -0.031000
v 0.181750 0.050000 -0.031000
v 0.190907 -0.050000 -0.031045
v 0.190907 0.050000 -0.031045
v 0.199625 -0.050000 -0.031174
v 0.199625 0.050000 -0.031174
v 0.207906 -0.050000 -0.031375
v 0.207906 0.050000 -0.031375
v 0.215750 -0.050000 -0.031639
v 0.215750 0.050000 -0.031639
v 0.223156 -0.050000 -0.031955
v 0.223156 0.050000 -0.031955
v 0.230125 -0.050000 -0.032312
v 0.230125 0.050000 -0.032312
v 0.236656 -0.050000 -0.032701
v 0.236656 0.050000 -0.032701
v 0.242750 -0.050000 -0.033111
v 0.242750 0.050000 -0.033111
v 0.248406 -0.050000 -0.033531
v 0.248406 0.050000 -0.033531
v 0.253625 -0.050000 -0.033951
v 0.253625 0.050000 -0.033951
v 0.258406 -0.050000 -0.034361
v 0.258406 0.050000 -0.034361
v 0.262750 -0.050000 -0.034750
v 0.262750 0.050000 -0.034750
v 0.262750 -0.050000 0.038750
v 0.262750 0.050000 0.038750
v 0.258665 -0.050000 0.038519
v 0.258665 0.050000 0.038519
v 0.253941 -0.050000 0.038212
v 0.253941 0.050000 0.038212
v 0.248629 -0.050000 0.037848
v 0.248629 0.050000 0.037848
v 0.242778 -0.050000 0.037444
v 0.242778 0.050000 0.037444
v 0.236437 -0.050000 0.037020
v 0.236437 0.050000 0.037020
v 0.229656 -0.050000 0.036594
v 0.229656 0.050000 0.036594
v 0.222485 -0.050000 0.036183
v 0.222485 0.050000 0.036183
v 0.214972 -0.050000 0.035806
v 0.214972 0.050000 0.035806
v 0.207168 -0.050000 0.035480
v 0.207168 0.050000 0.035480
v 0.199121 -0.050000 0.035226
v 0.199121 0.050000 0.035226
v 0.190883 -0.050000 0.035059
v 0.190883 0.050000 0.035059
v 0.182500 -0.050000 0.035000
v 0.182500 0.050000 0.035000
v 0.163656 -0.050000 0.035000
v 0.163656 0.050000 0.035000
v 0.136375 -0.050000 0.035000
v 0.136375 0.050000 0.035000
v 0.102344 -0.050000 0.035000
v 0.102344 0.050000 0.035000
v 0.063250 -0.050000 0.035000
v 0.063250 0.050000 0.035000
v 0.020782 -0.050000 0.035000
v 0.020782 0.050000 0.035000
v -0.023375 -0.050000 0.035000
v -0.023375 0.050000 0.035000
v -0.067531 -0.050000 0.035000
v -0.067531 0.050000 0.035000
v -0.110000 -0.050000 0.035000
v -0.110000 0.050000 0.035000
v -0.149094 -0.050000 0.035000
v -0.149094 0.050000 0.035000
v -0.183125 -0.050000 0.035000
v -0.183125 0.050000 0.035000
v -0.210406 -0.050000 0.035000
v -0.210406 0.050000 0.035000
v -0.229250 -0.050000 0.035000
v -0.229250 0.050000 0.035000
v -0.239522 -0.050000 0.035031
v -0.239522 0.050000 0.035031
v -0.249680 -0.050000 0.035122
v -0.249680 0.050000 0.035122
v -0.259672 -0.050000 0.035270
v -0.259672 0.050000 0.035270
v -0.269444 -0.050000 0.035472
v -0.269444 0.050000 0.035472
v -0.278946 -0.050000 0.035727
v -0.278946 0.050000 0.035727
v -0.288125 -0.050000 0.036031
v -0.288125 0.050000 0.036031
v -0.296929 -0.050000 0.036382
v -0.296929 0.050000 0.036382
v -0.305305 -0.050000 0.036778
v -0.305305 0.050000 0.036778
v -0.313203 -0.050000 0.037215
v -0.313203 0.050000 0.037215
v -0.320569 -0.050000 0.037691
v -0.320569 0.050000 0.037691
v -0.327352 -0.050000 0.038204
v -0.327352 0.050000 0.038204
v -0.333500 -0.050000 0.038750
v -0.333500 0.050000 0.038750
v -0.333500 -0.050000 -0.034750
v -0.333500 0.050000 -0.034750
v -0.327525 -0.050000 -0.034361
v -0.327525 0.050000 -0.034361
v -0.320883 -0.050000 -0.033951
v -0.320883 0.050000 -0.033951
v -0.313626 -0.050000 -0.033531
v -0.313626 0.050000 -0.033531
v -0.305806 -0.050000 -0.033111
v -0.305806 0.050000 -0.033111
v -0.297476 -0.050000 -0.032701
v -0.297476 0.050000 -0.032701
v -0.288688 -0.050000 -0.032313
v -0.288688 0.050000 -0.032313
v -0.279493 -0.050000 -0.031955
v -0.279493 0.050000 -0.031955
v -0.269945 -0.050000 -0.031639
v -0.269945 0.050000 -0.031639
v -0.260094 -0.050000 -0.031375
v -0.260094 0.050000 -0.031375
v -0.249993 -0.050000 -0.031174
v -0.249993 0.050000 -0.031174
v -0.239694 -0.050000 -0.031045
v -0.239694 0.050000 -0.031045
v -0.229250 -0.050000 -0.031000
v -0.229250 0.050000 -0.031000
v 0.480069 -0.050000 -0.208743
v 0.480069 0.050000 -0.208743
v 0.497678 -0.050000 -0.210569
v 0.497678 0.050000 -0.210569
v 0.518489 -0.050000 -0.212688
v 0.518489 0.050000 -0.212688
v 0.542167 -0.050000 -0.215056
v 0.542167 0.050000 -0.215056
v 0.568377 -0.050000 -0.217632
v 0.568377 0.050000 -0.217632
v 0.596781 -0.050000 -0.220375
v 0.596781 0.050000 -0.220375
v 0.627046 -0.050000 -0.223243
v 0.627046 0.050000 -0.223243
v 0.658834 -0.050000 -0.226194
v 0.658834 0.050000 -0.226194
v 0.691809 -0.050000 -0.229188
v 0.691809 0.050000 -0.229188
v 0.725636 -0.050000 -0.232181
v 0.725636 0.050000 -0.232181
v 0.759978 -0.050000 -0.235132
v 0.759978 0.050000 -0.235132
v 0.794500 -0.050000 -0.238000
v 0.794500 0.050000 -0.238000
v 0.814698 -0.050000 -0.239641
v 0.814698 0.050000 -0.239641
v 0.834396 -0.050000 -0.241187
v 0.834396 0.050000 -0.241187
v 0.853563 -0.050000 -0.242641
v 0.853563 0.050000 -0.242641
v 0.872167 -0.050000 -0.244000
v 0.872167 0.050000 -0.244000
v 0.890177 -0.050000 -0.245266
v 0.890177 0.050000 -0.245266
v 0.907563 -0.050000 -0.246438
v 0.907563 0.050000 -0.246438
v 0.924292 -0.050000 -0.247516
v 0.924292 0.050000 -0.247516
v 0.940333 -0.050000 -0.248500
v 0.940333 0.050000 -0.248500
v 0.955657 -0.050000 -0.249391
v 0.955657 0.050000 -0.249391
v 0.970230 -0.050000 -0.250187
v 0.970230 0.050000 -0.250187
v 0.984021 -0.050000 -0.250891
v 0.984021 0.050000 -0.250891
v 0.997000 -0.050000 -0.251500
v 0.997000 0.050000 -0.251500
v 0.997000 -0.050000 -0.191500
v 0.997000 0.050000 -0.191500
v 0.985858 -0.050000 -0.191479
v 0.985858 0.050000 -0.191479
v 0.973924 -0.050000 -0.191392
v 0.973924 0.050000 -0.191392
v 0.961376 -0.050000 -0.191207
v 0.961376 0.050000 -0.191207
v 0.948390 -0.050000 -0.190889
v 0.948390 0.050000 -0.190889
v 0.935143 -0.050000 -0.190404
v 0.935143 0.050000 -0.190404
v 0.921813 -0.050000 -0.189719
v 0.921813 0.050000 -0.189719
v 0.908577 -0.050000 -0.188799
v 0.908577 0.050000 -0.188799
v 0.895612 -0.050000 -0.187611
v 0.895612 0.050000 -0.187611
v 0.883094 -0.050000 -0.186121
v 0.883094 0.050000 -0.186121
v 0.871202 -0.050000 -0.184295
v 0.871202 0.050000 -0.184295
v 0.860111 -0.050000 -0.182099
v 0.860111 0.050000 -0.182099
v 0.850000 -0.050000 -0.179500
v 0.850000 0.050000 -0.179500
v 0.824249 -0.050000 -0.169279
v 0.824249 0.050000 -0.169279
v 0.800299 -0.050000 -0.156108
v 0.800299 0.050000 -0.156108
v 0.778235 -0.050000 -0.140348
v 0.778235 0.050000 -0.140348
v 0.758140 -0.050000 -0.122361
v 0.758140 0.050000 -0.122361
v 0.740096 -0.050000 -0.102510
v 0.740096 0.050000 -0.102510
v 0.724188 -0.050000 -0.081156
v 0.724188 0.050000 -0.081156
v 0.710499 -0.050000 -0.058662
v 0.710499 0.050000 -0.058662
v 0.699111 -0.050000 -0.035389
v 0.699111 0.050000 -0.035389
v 0.690110 -0.050000 -0.011699
v 0.690110 0.050000 -0.011699
v 0.683577 -0.050000 0.012045
v 0.683577 0.050000 0.012045
v 0.679596 -0.050000 0.035482
v 0.679596 0.050000 0.035482
v 0.678250 -0.050000 0.058250
v 0.678250 0.050000 0.058250
v 0.681006 -0.050000 0.092768
v 0.681006 0.050000 0.092768
v 0.688927 -0.050000 0.123330
v 0.688927 0.050000 0.123330
v 0.701488 -0.050000 0.150137
v 0.701488 0.050000 0.150137
v 0.718166 -0.050000 0.173389
v 0.718166 0.050000 0.173389
v 0.738439 -0.050000 0.193287
v 0.738439 0.050000 0.193287
v 0.761781 -0.050000 0.210031
v 0.761781 0.050000 0.210031
v 0.787671 -0.050000 0.223822
v 0.787671 0.050000 0.223822
v 0.815583 -0.050000 0.234861
v 0.815583 0.050000 0.234861
v 0.844996 -0.050000 0.243348
v 0.844996 0.050000 0.243348
v 0.875385 -0.050000 0.249483
v 0.875385 0.050000 0.249483
v 0.906228 -0.050000 0.253467
v 0.906228 0.050000 0.253467
v 0.937000 -0.050000 0.255500
v 0.937000 0.050000 0.255500
v 0.915250 -0.050000 0.317750
v 0.915250 0.050000 0.317750
v 0.880260 -0.050000 0.314986
v 0.880260 0.050000 0.314986
v 0.845074 -0.050000 0.309264
v 0.845074 0.050000 0.309264
v 0.810309 -0.050000 0.300500
v 0.810309 0.050000 0.300500
v 0.776584 -0.050000 0.288611
v 0.776584 0.050000 0.288611
v 0.744515 -0.050000 0.273514
v 0.744515 0.050000 0.273514
v 0.714719 -0.050000 0.255125
v 0.714719 0.050000 0.255125
v 0.687814 -0.050000 0.233361
v 0.687814 0.050000 0.233361
v 0.664417 -0.050000 0.208139
v 0.664417 0.050000 0.208139
v 0.645144 -0.050000 0.179375
v 0.645144 0.050000 0.179375
v 0.630615 -0.050000 0.146986
v 0.630615 0.050000 0.146986
v 0.621444 -0.050000 0.110889
v 0.621444 0.050000 0.110889
v 0.618250 -0.050000 0.071000
v 0.618250 0.050000 0.071000
v 0.619692 -0.050000 0.042222
v 0.619692 0.050000 0.042222
v 0.623847 -0.050000 0.014462
v 0.623847 0.050000 0.014462
v 0.630461 -0.050000 -0.012168
v 0.630461 0.050000 -0.012168
v 0.639278 -0.050000 -0.037556
v 0.639278 0.050000 -0.037556
v 0.650043 -0.050000 -0.061589
v 0.650043 0.050000 -0.061589
v 0.662500 -0.050000 -0.084156
v 0.662500 0.050000 -0.084156
v 0.676395 -0.050000 -0.105145
v 0.676395 0.050000 -0.105145
v 0.691473 -0.050000 -0.124444
v 0.691473 0.050000 -0.124444
v 0.707477 -0.050000 -0.141941
v 0.707477 0.050000 -0.141941
v 0.724153 -0.050000 -0.157524
v 0.724153 0.050000 -0.157524
v 0.741246 -0.050000 -0.171081
v 0.741246 0.050000 -0.171081
v 0.758500 -0.050000 -0.182500
v 0.758500 0.050000 -0.182500
v 0.736253 -0.050000 -0.180068
v 0.736253 0.050000 -0.180068
v 0.710150 -0.050000 -0.177295
v 0.710150 0.050000 -0.177295
v 0.680958 -0.050000 -0.174215
v 0.680958 0.050000 -0.174215
v 0.649445 -0.050000 -0.170861
v 0.649445 0.050000 -0.170861
v 0.616380 -0.050000 -0.167268
v 0.616380 0.050000 -0.167268
v 0.582531 -0.050000 -0.163469
v 0.582531 0.050000 -0.163469
v 0.548667 -0.050000 -0.159498
v 0.548667 0.050000 -0.159498
v 0.515556 -0.050000 -0.155389
v 0.515556 0.050000 -0.155389
v 0.483965 -0.050000 -0.151176
v 0.483965 0.050000 -0.151176
v 0.454663 -0.050000 -0.146892
v 0.454663 0.050000 -0.146892
v 0.428419 -0.050000 -0.142572
v 0.428419 0.050000 -0.142572
v 0.406000 -0.050000 -0.138250
v 0.406000 0.050000 -0.138250
v 0.399250 -0.050000 -0.203500
v 0.399250 0.050000 -0.203500
v 0.406279 -0.050000 -0.203703
v 0.406279 0.050000 -0.203703
v 0.413101 -0.050000 -0.203934
v 0.413101 0.050000 -0.203934
v 0.419700 -0.050000 -0.204191
v 0.419700 0.050000 -0.204191
v 0.426056 -0.050000 -0.204472
v 0.426056 0.050000 -0.204472
v 0.432152 -0.050000 -0.204774
v 0.432152 0.050000 -0.204774
v 0.437969 -0.050000 -0.205094
v 0.437969 0.050000 -0.205094
v 0.443490 -0.050000 -0.205429
v 0.443490 0.050000 -0.205429
v 0.448695 -0.050000 -0.205778
v 0.448695 0.050000 -0.205778
v 0.453567 -0.050000 -0.206137
v 0.453567 0.050000 -0.206137
v 0.458087 -0.050000 -0.206503
v 0.458087 0.050000 -0.206503
v 0.462238 -0.050000 -0.206875
v 0.462238 0.050000 -0.206875
v 0.466001 -0.050000 -0.207250
v 0.466001 0.050000 -0.207250
v 0.912250 -0.050000 0.023000
v 0.912250 0.050000 0.023000
v 0.907846 -0.050000 0.013944
v 0.907846 0.050000 0.013944
v 0.903268 -0.050000 0.004802
v 0.903268 0.050000 0.004802
v 0.898528 -0.050000 -0.004387
v 0.898528 0.050000 -0.004387
v 0.893639 -0.050000 -0.013583
v 0.893639 0.050000 -0.013583
v 0.888615 -0.050000 -0.022749
v 0.888615 0.050000 -0.022749
v 0.883469 -0.050000 -0.031844
v 0.883469 0.050000 -0.031844
v 0.878213 -0.050000 -0.040829
v 0.878213 0.050000 -0.040829
v 0.872861 -0.050000 -0.049667
v 0.872861 0.050000 -0.049667
v 0.867426 -0.050000 -0.058316
v 0.867426 0.050000 -0.058316
v 0.861920 -0.050000 -0.066740
v 0.861920 0.050000 -0.066740
v 0.856358 -0.050000 -0.074897
v 0.856358 0.050000 -0.074897
v 0.850750 -0.050000 -0.082750
v 0.850750 0.050000 -0.082750
v 0.889000 -0.050000 -0.099250
v 0.889000 0.050000 -0.099250
v 0.893533 -0.050000 -0.092630
v 0.893533 0.050000 -0.092630
v 0.898451 -0.050000 -0.085226
v 0.898451 0.050000 -0.085226
v 0.903672 -0.050000 -0.077160
v 0.903672 0.050000 -0.077160
v 0.909111 -0.050000 -0.068556
v 0.909111 0.050000 -0.068556
v 0.914686 -0.050000 -0.059534
v 0.914686 0.050000 -0.059534
v 0.920313 -0.050000 -0.050219
v 0.920313 0.050000 -0.050219
v 0.925908 -0.050000 -0.040731
v 0.925908 0.050000 -0.040731
v 0.931389 -0.050000 -0.031194
v 0.931389 0.050000 -0.031194
v 0.936672 -0.050000 -0.021731
v 0.936672 0.050000 -0.021731
v 0.941674 -0.050000 -0.012462
v 0.941674 0.050000 -0.012462
v 0.946311 -0.050000 -0.003511
v 0.946311 0.050000 -0.003511
v 0.950500 -0.050000 0.005000
v 0.950500 0.050000 0.005000
v 0.997000 -0.050000 -0.008500
v 0.997000 0.050000 -0.008500
v 0.992423 -0.050000 -0.017684
v 0.992423 0.050000 -0.017684
v 0.987698 -0.050000 -0.026851
v 0.987698 0.050000 -0.026851
v 0.982832 -0.050000 -0.035980
v 0.982832 0.050000 -0.035980
v 0.977833 -0.050000 -0.045056
v 0.977833 0.050000 -0.045056
v 0.972710 -0.050000 -0.054058
v 0.972710 0.050000 -0.054058
v 0.967469 -0.050000 -0.062969
v 0.967469 0.050000 -0.062969
v 0.962119 -0.050000 -0.071770
v 0.962119 0.050000 -0.071770
v 0.956667 -0.050000 -0.080444
v 0.956667 0.050000 -0.080444
v 0.951121 -0.050000 -0.088973
v 0.951121 0.050000 -0.088973
v 0.945489 -0.050000 -0.097337
v 0.945489 0.050000 -0.097337
v 0.939780 -0.050000 -0.105519
v 0.939780 0.050000 -0.105519
v 0.934000 -0.050000 -0.113500
v 0.934000 0.050000 -0.113500
v 0.970750 -0.050000 -0.130750
v 0.970750 0.050000 -0.130750
v 0.975487 -0.050000 -0.124145
v 0.975487 0.050000 -0.124145
v 0.980637 -0.050000 -0.116781
v 0.980637 0.050000 -0.116781
v 0.986115 -0.050000 -0.108777
v 0.986115 0.050000 -0.108777
v 0.991834 -0.050000 -0.100250
v 0.991834 0.050000 -0.100250
v 0.997710 -0.050000 -0.091316
v 0.997710 0.050000 -0.091316
v 1.003657 -0.050000 -0.082094
v 1.003657 0.050000 -0.082094
v 1.009588 -0.050000 -0.072699
v 1.009588 0.050000 -0.072699
v 1.015417 -0.050000 -0.063250
v 1.015417 0.050000 -0.063250
v 1.021059 -0.050000 -0.053863
v 1.021059 0.050000 -0.053863
v 1.026427 -0.050000 -0.044656
v 1.026427 0.050000 -0.044656
v 1.031436 -0.050000 -0.035746
v 1.031436 0.050000 -0.035746
v 1.036000 -0.050000 -0.027250
v 1.036000 0.050000 -0.027250
v 1.437354 -0.050000 -0.316111
v 1.437354 0.050000 -0.316111
v 1.444014 -0.050000 -0.306014
v 1.444014 0.050000 -0.306014
v 1.450446 -0.050000 -0.295562
v 1.450446 0.050000 -0.295562
v 1.456612 -0.050000 -0.284861
v 1.456612 0.050000 -0.284861
v 1.462475 -0.050000 -0.274014
v 1.462475 0.050000 -0.274014
v 1.468000 -0.050000 -0.263125
v 1.468000 0.050000 -0.263125
v 1.473150 -0.050000 -0.252299
v 1.473150 0.050000 -0.252299
v 1.477889 -0.050000 -0.241639
v 1.477889 0.050000 -0.241639
v 1.482180 -0.050000 -0.231250
v 1.482180 0.050000 -0.231250
v 1.485987 -0.050000 -0.221236
v 1.485987 0.050000 -0.221236
v 1.489272 -0.050000 -0.211701
v 1.489272 0.050000 -0.211701
v 1.492001 -0.050000 -0.202750
v 1.492001 0.050000 -0.202750
v 1.443250 -0.050000 -0.183250
v 1.443250 0.050000 -0.183250
v 1.440868 -0.050000 -0.192404
v 1.440868 0.050000 -0.192404
v 1.437879 -0.050000 -0.202167
v 1.437879 0.050000 -0.202167
v 1.434332 -0.050000 -0.212430
v 1.434332 0.050000 -0.212430
v 1.430278 -0.050000 -0.223083
v 1.430278 0.050000 -0.223083
v 1.425765 -0.050000 -0.234018
v 1.425765 0.050000 -0.234018
v 1.420844 -0.050000 -0.245125
v 1.420844 0.050000 -0.245125
v 1.415563 -0.050000 -0.256294
v 1.415563 0.050000 -0.256294
v 1.409972 -0.050000 -0.267417
v 1.409972 0.050000 -0.267417
v 1.404121 -0.050000 -0.278383
v 1.404121 0.050000 -0.278383
v 1.398059 -0.050000 -0.289083
v 1.398059 0.050000 -0.289083
v 1.391836 -0.050000 -0.299409
v 1.391836 0.050000 -0.299409
v 1.385500 -0.050000 -0.309250
v 1.385500 0.050000 -0.309250
v 1.430500 -0.050000 -0.325750
v 1.430500 0.050000 -0.325750
v 1.575541 -0.050000 -0.330534
v 1.575541 0.050000 -0.330534
v 1.580893 -0.050000 -0.319837
v 1.580893 0.050000 -0.319837
v 1.586020 -0.050000 -0.308770
v 1.586020 0.050000 -0.308770
v 1.590889 -0.050000 -0.297444
v 1.590889 0.050000 -0.297444
v 1.595467 -0.050000 -0.285974
v 1.595467 0.050000 -0.285974
v 1.599719 -0.050000 -0.274469
v 1.599719 0.050000 -0.274469
v 1.603612 -0.050000 -0.263042
v 1.603612 0.050000 -0.263042
v 1.607111 -0.050000 -0.251806
v 1.607111 0.050000 -0.251806
v 1.610184 -0.050000 -0.240871
v 1.610184 0.050000 -0.240871
v 1.612795 -0.050000 -0.230351
v 1.612795 0.050000 -0.230351
v 1.614912 -0.050000 -0.220356
v 1.614912 0.050000 -0.220356
v 1.616500 -0.050000 -0.211000
v 1.616500 0.050000 -0.211000
v 1.567750 -0.050000 -0.195250
v 1.567750 0.050000 -0.195250
v 1.566177 -0.050000 -0.204622
v 1.566177 0.050000 -0.204622
v 1.564107 -0.050000 -0.214663
v 1.564107 0.050000 -0.214663
v 1.561574 -0.050000 -0.225262
v 1.561574 0.050000 -0.225262
v 1.558611 -0.050000 -0.236306
v 1.558611 0.050000 -0.236306
v 1.555252 -0.050000 -0.247683
v 1.555252 0.050000 -0.247683
v 1.551531 -0.050000 -0.259281
v 1.551531 0.050000 -0.259281
v 1.547482 -0.050000 -0.270989
v 1.547482 0.050000 -0.270989
v 1.543139 -0.050000 -0.282694
v 1.543139 0.050000 -0.282694
v 1.538535 -0.050000 -0.294285
v 1.538535 0.050000 -0.294285
v 1.533705 -0.050000 -0.305649
v 1.533705 0.050000 -0.305649
v 1.528682 -0.050000 -0.316675
v 1.528682 0.050000 -0.316675
v 1.523500 -0.050000 -0.327250
v 1.523500 0.050000 -0.327250
v 1.570000 -0.050000 -0.340750
v 1.570000 0.050000 -0.340750
v 1.783818 -0.050000 -0.298434
v 1.783818 0.050000 -0.298434
v 1.776920 -0.050000 -0.286660
v 1.776920 0.050000 -0.286660
v 1.769840 -0.050000 -0.274750
v 1.769840 0.050000 -0.274750
v 1.762611 -0.050000 -0.262778
v 1.762611 0.050000 -0.262778
v 1.755268 -0.050000 -0.250816
v 1.755268 0.050000 -0.250816
v 1.747844 -0.050000 -0.238938
v 1.747844 0.050000 -0.238938
v 1.740373 -0.050000 -0.227215
v 1.740373 0.050000 -0.227215
v 1.732889 -0.050000 -0.215722
v 1.732889 0.050000 -0.215722
v 1.725426 -0.050000 -0.204531
v 1.725426 0.050000 -0.204531
v 1.718018 -0.050000 -0.193715
v 1.718018 0.050000 -0.193715
v 1.710698 -0.050000 -0.183347
v 1.710698 0.050000 -0.183347
v 1.703500 -0.050000 -0.173500
v 1.703500 0.050000 -0.173500
v 1.783751 -0.050000 -0.173500
v 1.783751 0.050000 -0.173500
v 1.783751 -0.050000 0.101000
v 1.783751 0.050000 0.101000
v 1.612750 -0.050000 0.101000
v 1.612750 0.050000 0.101000
v 1.612750 -0.050000 0.166250
v 1.612750 0.050000 0.166250
v 1.810750 -0.050000 0.166250
v 1.810750 0.050000 0.166250
v 1.810750 -0.050000 0.216500
v 1.810750 0.050000 0.216500
v 1.612750 -0.050000 0.216500
v 1.612750 0.050000 0.216500
v 1.612750 -0.050000 0.350000
v 1.612750 0.050000 0.350000
v 1.558000 -0.050000 0.350000
v 1.558000 0.050000 0.350000
v 1.558000 -0.050000 0.216500
v 1.558000 0.050000 0.216500
v 1.360750 -0.050000 0.216500
v 1.360750 0.050000 0.216500
v 1.360750 -0.050000 0.166250
v 1.360750 0.050000 0.166250
v 1.558000 -0.050000 0.166250
v 1.558000 0.050000 0.166250
v 1.558000 -0.050000 0.101000
v 1.558000 0.050000 0.101000
v 1.396750 -0.050000 0.101000
v 1.396750 0.050000 0.101000
v 1.396750 -0.050000 -0.173500
v 1.396750 0.050000 -0.173500
v 1.663000 -0.050000 -0.173500
v 1.663000 0.050000 -0.173500
v 1.651750 -0.050000 -0.179500
v 1.651750 0.050000 -0.179500
v 1.659234 -0.050000 -0.190145
v 1.659234 0.050000 -0.190145
v 1.666999 -0.050000 -0.201726
v 1.666999 0.050000 -0.201726
v 1.674953 -0.050000 -0.214082
v 1.674953 0.050000 -0.214082
v 1.683000 -0.050000 -0.227056
v 1.683000 0.050000 -0.227056
v 1.691047 -0.050000 -0.240487
v 1.691047 0.050000 -0.240487
v 1.699000 -0.050000 -0.254219
v 1.699000 0.050000 -0.254219
v 1.706766 -0.050000 -0.268091
v 1.706766 0.050000 -0.268091
v 1.714250 -0.050000 -0.281944
v 1.714250 0.050000 -0.281944
v 1.721359 -0.050000 -0.295621
v 1.721359 0.050000 -0.295621
v 1.728000 -0.050000 -0.308962
v 1.728000 0.050000 -0.308962
v 1.734078 -0.050000 -0.321808
v 1.734078 0.050000 -0.321808
v 1.739500 -0.050000 -0.334000
v 1.739500 0.050000 -0.334000
v 1.790500 -0.050000 -0.310000
v 1.790500 0.050000 -0.310000
v 1.558000 -0.050000 0.056000
v 1.558000 0.050000 0.056000
v 1.558000 -0.050000 -0.015250
v 1.558000 0.050000 -0.015250
v 1.446250 -0.050000 -0.015250
v 1.446250 0.050000 -0.015250
v 1.446250 -0.050000 0.056000
v 1.446250 0.050000 0.056000
v 1.732000 -0.050000 0.056000
v 1.732000 0.050000 0.056000
v 1.732000 -0.050000 -0.015250
v 1.732000 0.050000 -0.015250
v 1.612750 -0.050000 -0.015250
v 1.612750 0.050000 -0.015250
v 1.612750 -0.050000 0.056000
v 1.612750 0.050000 0.056000
v 1.558000 -0.050000 -0.058000
v 1.558000 0.050000 -0.058000
v 1.558000 -0.050000 -0.128500
v 1.558000 0.050000 -0.128500
v 1.446250 -0.050000 -0.128500
v 1.446250 0.050000 -0.128500
v 1.446250 -0.050000 -0.058000
v 1.446250 0.050000 -0.058000
v 1.732000 -0.050000 -0.058000
v 1.732000 0.050000 -0.058000
v 1.732000 -0.050000 -0.128500
v 1.732000 0.050000 -0.128500
v 1.612750 -0.050000 -0.128500
v 1.612750 0.050000 -0.128500
v 1.612750 -0.050000 -0.058000
v 1.612750 0.050000 -0.058000
v 1.291000 -0.050000 -0.250000
v 1.291000 0.050000 -0.250000
v 1.133500 -0.050000 -0.250000
v 1.133500 0.050000 -0.250000
v 1.133500 -0.050000 -0.301000
v 1.133500 0.050000 -0.301000
v 1.345000 -0.050000 -0.301000
v 1.345000 0.050000 -0.301000
v 1.345000 -0.050000 -0.084250
v 1.345000 0.050000 -0.084250
v 1.193500 -0.050000 -0.084250
v 1.193500 0.050000 -0.084250
v 1.183750 -0.050000 0.014750
v 1.183750 0.050000 0.014750
v 1.345750 -0.050000 0.014750
v 1.345750 0.050000 0.014750
v 1.345749 -0.050000 0.015094
v 1.345749 0.050000 0.015094
v 1.345747 -0.050000 0.016062
v 1.345747 0.050000 0.016062
v 1.345738 -0.050000 0.017562
v 1.345738 0.050000 0.017562
v 1.345722 -0.050000 0.019500
v 1.345722 0.050000 0.019500
v 1.345696 -0.050000 0.021781
v 1.345696 0.050000 0.021781
v 1.345656 -0.050000 0.024312
v 1.345656 0.050000 0.024312
v 1.345602 -0.050000 0.027000
v 1.345602 0.050000 0.027000
v 1.345528 -0.050000 0.029750
v 1.345528 0.050000 0.029750
v 1.345434 -0.050000 0.032469
v 1.345434 0.050000 0.032469
v 1.345316 -0.050000 0.035062
v 1.345316 0.050000 0.035062
v 1.345173 -0.050000 0.037437
v 1.345173 0.050000 0.037437
v 1.345000 -0.050000 0.039500
v 1.345000 0.050000 0.039500
v 1.342743 -0.050000 0.084510
v 1.342743 0.050000 0.084510
v 1.340445 -0.050000 0.124833
v 1.340445 0.050000 0.124833
v 1.338063 -0.050000 0.160719
v 1.338063 0.050000 0.160719
v 1.335556 -0.050000 0.192417
v 1.335556 0.050000 0.192417
v 1.332882 -0.050000 0.220177
v 1.332882 0.050000 0.220177
v 1.330000 -0.050000 0.244250
v 1.330000 0.050000 0.244250
v 1.326868 -0.050000 0.264885
v 1.326868 0.050000 0.264885
v 1.323444 -0.050000 0.282333
v 1.323444 0.050000 0.282333
v 1.319688 -0.050000 0.296844
v 1.319688 0.050000 0.296844
v 1.315556 -0.050000 0.308667
v 1.315556 0.050000 0.308667
v 1.311007 -0.050000 0.318052
v 1.311007 0.050000 0.318052
v 1.306000 -0.050000 0.325250
v 1.306000 0.050000 0.325250
v 1.302620 -0.050000 0.329130
v 1.302620 0.050000 0.329130
v 1.299209 -0.050000 0.332542
v 1.299209 0.050000 0.332542
v 1.295734 -0.050000 0.335516
v 1.295734 0.050000 0.335516
v 1.292167 -0.050000 0.338083
v 1.292167 0.050000 0.338083
v 1.288474 -0.050000 0.340276
v 1.288474 0.050000 0.340276
v 1.284625 -0.050000 0.342125
v 1.284625 0.050000 0.342125
v 1.280589 -0.050000 0.343661
v 1.280589 0.050000 0.343661
v 1.276334 -0.050000 0.344917
v 1.276334 0.050000 0.344917
v 1.271829 -0.050000 0.345922
v 1.271829 0.050000 0.345922
v 1.267042 -0.050000 0.346708
v 1.267042 0.050000 0.346708
v 1.261943 -0.050000 0.347307
v 1.261943 0.050000 0.347307
v 1.256500 -0.050000 0.347750
v 1.256500 0.050000 0.347750
v 1.251290 -0.050000 0.348266
v 1.251290 0.050000 0.348266
v 1.245448 -0.050000 0.348687
v 1.245448 0.050000 0.348687
v 1.239027 -0.050000 0.349016
v 1.239027 0.050000 0.349016
v 1.232083 -0.050000 0.349250
v 1.232083 0.050000 0.349250
v 1.224670 -0.050000 0.349391
v 1.224670 0.050000 0.349391
v 1.216844 -0.050000 0.349438
v 1.216844 0.050000 0.349438
v 1.208657 -0.050000 0.349391
v 1.208657 0.050000 0.349391
v 1.200167 -0.050000 0.349250
v 1.200167 0.050000 0.349250
v 1.191426 -0.050000 0.349016
v 1.191426 0.050000 0.349016
v 1.182490 -0.050000 0.348687
v 1.182490 0.050000 0.348687
v 1.173413 -0.050000 0.348266
v 1.173413 0.050000 0.348266
v 1.164250 -0.050000 0.347750
v 1.164250 0.050000 0.347750
v 1.163782 -0.050000 0.343493
v 1.163782 0.050000 0.343493
v 1.163129 -0.050000 0.339007
v 1.163129 0.050000 0.339007
v 1.162293 -0.050000 0.334344
v 1.162293 0.050000 0.334344
v 1.161278 -0.050000 0.329556
v 1.161278 0.050000 0.329556
v 1.160086 -0.050000 0.324694
v 1.160086 0.050000 0.324694
v 1.158719 -0.050000 0.319813
v 1.158719 0.050000 0.319813
v 1.157181 -0.050000 0.314962
v 1.157181 0.050000 0.314962
v 1.155473 -0.050000 0.310194
v 1.155473 0.050000 0.310194
v 1.153598 -0.050000 0.305562
v 1.153598 0.050000 0.305562
v 1.151559 -0.050000 0.301118
v 1.151559 0.050000 0.301118
v 1.149359 -0.050000 0.296913
v 1.149359 0.050000 0.296913
v 1.147000 -0.050000 0.293000
v 1.147000 0.050000 0.293000
v 1.156332 -0.050000 0.293689
v 1.156332 0.050000 0.293689
v 1.165527 -0.050000 0.294264
v 1.165527 0.050000 0.294264
v 1.174516 -0.050000 0.294734
v 1.174516 0.050000 0.294734
v 1.183222 -0.050000 0.295111
v 1.183222 0.050000 0.295111
v 1.191574 -0.050000 0.295404
v 1.191574 0.050000 0.295404
v 1.199500 -0.050000 0.295625
v 1.199500 0.050000 0.295625
v 1.206925 -0.050000 0.295783
v 1.206925 0.050000 0.295783
v 1.213778 -0.050000 0.295889
v 1.213778 0.050000 0.295889
v 1.219984 -0.050000 0.295953
v 1.219984 0.050000 0.295953
v 1.225472 -0.050000 0.295986
v 1.225472 0.050000 0.295986
v 1.230168 -0.050000 0.295998
v 1.230168 0.050000 0.295998
v 1.234000 -0.050000 0.296000
v 1.234000 0.050000 0.296000
v 1.237238 -0.050000 0.296138
v 1.237238 0.050000 0.296138
v 1.240218 -0.050000 0.296170
v 1.240218 0.050000 0.296170
v 1.242964 -0.050000 0.296082
v 1.242964 0.050000 0.296082
v 1.245500 -0.050000 0.295861
v 1.245500 0.050000 0.295861
v 1.247848 -0.050000 0.295494
v 1.247848 0.050000 0.295494
v 1.250031 -0.050000 0.294969
v 1.250031 0.050000 0.294969
v 1.252074 -0.050000 0.294271
v 1.252074 0.050000 0.294271
v 1.254000 -0.050000 0.293389
v 1.254000 0.050000 0.293389
v 1.255832 -0.050000 0.292309
v 1.255832 0.050000 0.292309
v 1.257594 -0.050000 0.291017
v 1.257594 0.050000 0.291017
v 1.259309 -0.050000 0.289502
v 1.259309 0.050000 0.289502
v 1.261000 -0.050000 0.287750
v 1.261000 0.050000 0.287750
v 1.264441 -0.050000 0.283238
v 1.264441 0.050000 0.283238
v 1.267650 -0.050000 0.276715
v 1.267650 0.050000 0.276715
v 1.270645 -0.050000 0.268016
v 1.270645 0.050000 0.268016
v 1.273445 -0.050000 0.256972
v 1.273445 0.050000 0.256972
v 1.276068 -0.050000 0.243418
v 1.276068 0.050000 0.243418
v 1.278532 -0.050000 0.227187
v 1.278532 0.050000 0.227187
v 1.280855 -0.050000 0.208113
v 1.280855 0.050000 0.208113
v 1.283056 -0.050000 0.186028
v 1.283056 0.050000 0.186028
v 1.285152 -0.050000 0.160766
v 1.285152 0.050000 0.160766
v 1.287164 -0.050000 0.132160
v 1.287164 0.050000 0.132160
v 1.289106 -0.050000 0.100043
v 1.289106 0.050000 0.100043
v 1.291000 -0.050000 0.064250
v 1.291000 0.050000 0.064250
v 1.177750 -0.050000 0.064250
v 1.177750 0.050000 0.064250
v 1.173250 -0.050000 0.098750
v 1.173250 0.050000 0.098750
v 1.123000 -0.050000 0.089750
v 1.123000 0.050000 0.089750
v 1.125449 -0.050000 0.074394
v 1.125449 0.050000 0.074394
v 1.127903 -0.050000 0.057715
v 1.127903 0.050000 0.057715
v 1.130336 -0.050000 0.039922
v 1.130336 0.050000 0.039922
v 1.132722 -0.050000 0.021222
v 1.132722 0.050000 0.021222
v 1.135036 -0.050000 0.001825
v 1.135036 0.050000 0.001825
v 1.137250 -0.050000 -0.018063
v 1.137250 0.050000 -0.018063
v 1.139339 -0.050000 -0.038231
v 1.139339 0.050000 -0.038231
v 1.141278 -0.050000 -0.058472
v 1.141278 0.050000 -0.058472
v 1.143039 -0.050000 -0.078578
v 1.143039 0.050000 -0.078578
v 1.144598 -0.050000 -0.098340
v 1.144598 0.050000 -0.098340
v 1.145926 -0.050000 -0.117550
v 1.145926 0.050000 -0.117550
v 1.147000 -0.050000 -0.136000
v 1.147000 0.050000 -0.136000
v 1.291000 -0.050000 -0.136000
v 1.291000 0.050000 -0.136000
v 2.424021 -0.050000 -0.012688
v 2.424021 0.050000 -0.012688
v 2.412848 -0.050000 -0.008378
v 2.412848 0.050000 -0.008378
v 2.401258 -0.050000 -0.003824
v 2.401258 0.050000 -0.003824
v 2.389278 -0.050000 0.000972
v 2.389278 0.050000 0.000972
v 2.376934 -0.050000 0.006008
v 2.376934 0.050000 0.006008
v 2.364251 -0.050000 0.011281
v 2.364251 0.050000 0.011281
v 2.351255 -0.050000 0.016789
v 2.351255 0.050000 0.016789
v 2.337974 -0.050000 0.022528
v 2.337974 0.050000 0.022528
v 2.324430 -0.050000 0.028496
v 2.324430 0.050000 0.028496
v 2.310654 -0.050000 0.034691
v 2.310654 0.050000 0.034691
v 2.296668 -0.050000 0.041110
v 2.296668 0.050000 0.041110
v 2.282500 -0.050000 0.047750
v 2.282500 0.050000 0.047750
v 2.284750 -0.050000 0.191750
v 2.284750 0.050000 0.191750
v 2.227000 -0.050000 0.191750
v 2.227000 0.050000 0.191750
v 2.227359 -0.050000 0.184048
v 2.227359 0.050000 0.184048
v 2.227687 -0.050000 0.175635
v 2.227687 0.050000 0.175635
v 2.227984 -0.050000 0.166613
v 2.227984 0.050000 0.166613
v 2.228250 -0.050000 0.157083
v 2.228250 0.050000 0.157083
v 2.228484 -0.050000 0.147147
v 2.228484 0.050000 0.147147
v 2.228687 -0.050000 0.136906
v 2.228687 0.050000 0.136906
v 2.228859 -0.050000 0.126462
v 2.228859 0.050000 0.126462
v 2.229000 -0.050000 0.115917
v 2.229000 0.050000 0.115917
v 2.229109 -0.050000 0.105371
v 2.229109 0.050000 0.105371
v 2.229187 -0.050000 0.094927
v 2.229187 0.050000 0.094927
v 2.229235 -0.050000 0.084686
v 2.229235 0.050000 0.084686
v 2.229250 -0.050000 0.074750
v 2.229250 0.050000 0.074750
v 2.212266 -0.050000 0.084004
v 2.212266 0.050000 0.084004
v 2.196253 -0.050000 0.093406
v 2.196253 0.050000 0.093406
v 2.181309 -0.050000 0.102980
v 2.181309 0.050000 0.102980
v 2.167528 -0.050000 0.112750
v 2.167528 0.050000 0.112750
v 2.155007 -0.050000 0.122738
v 2.155007 0.050000 0.122738
v 2.143844 -0.050000 0.132969
v 2.143844 0.050000 0.132969
v 2.134133 -0.050000 0.143465
v 2.134133 0.050000 0.143465
v 2.125972 -0.050000 0.154250
v 2.125972 0.050000 0.154250
v 2.119457 -0.050000 0.165348
v 2.119457 0.050000 0.165348
v 2.114684 -0.050000 0.176781
v 2.114684 0.050000 0.176781
v 2.111750 -0.050000 0.188574
v 2.111750 0.050000 0.188574
v 2.110750 -0.050000 0.200750
v 2.110750 0.050000 0.200750
v 2.111945 -0.050000 0.214367
v 2.111945 0.050000 0.214367
v 2.115440 -0.050000 0.226062
v 2.115440 0.050000 0.226062
v 2.121097 -0.050000 0.235977
v 2.121097 0.050000 0.235977
v 2.128778 -0.050000 0.244250
v 2.128778 0.050000 0.244250
v 2.138343 -0.050000 0.251023
v 2.138343 0.050000 0.251023
v 2.149656 -0.050000 0.256437
v 2.149656 0.050000 0.256437
v 2.162579 -0.050000 0.260633
v 2.162579 0.050000 0.260633
v 2.176973 -0.050000 0.263750
v 2.176973 0.050000 0.263750
v 2.192700 -0.050000 0.265930
v 2.192700 0.050000 0.265930
v 2.209622 -0.050000 0.267312
v 2.209622 0.050000 0.267312
v 2.227602 -0.050000 0.268039
v 2.227602 0.050000 0.268039
v 2.246500 -0.050000 0.268250
v 2.246500 0.050000 0.268250
v 2.261558 -0.050000 0.268111
v 2.261558 0.050000 0.268111
v 2.277396 -0.050000 0.267698
v 2.277396 0.050000 0.267698
v 2.293891 -0.050000 0.267020
v 2.293891 0.050000 0.267020
v 2.310917 -0.050000 0.266083
v 2.310917 0.050000 0.266083
v 2.328349 -0.050000 0.264897
v 2.328349 0.050000 0.264897
v 2.346062 -0.050000 0.263469
v 2.346062 0.050000 0.263469
v 2.363932 -0.050000 0.261806
v 2.363932 0.050000 0.261806
v 2.381834 -0.050000 0.259917
v 2.381834 0.050000 0.259917
v 2.399641 -0.050000 0.257809
v 2.399641 0.050000 0.257809
v 2.417230 -0.050000 0.255490
v 2.417230 0.050000 0.255490
v 2.434474 -0.050000 0.252967
v 2.434474 0.050000 0.252967
v 2.451251 -0.050000 0.250250
v 2.451251 0.050000 0.250250
v 2.449750 -0.050000 0.310250
v 2.449750 0.050000 0.310250
v 2.434978 -0.050000 0.312091
v 2.434978 0.050000 0.312091
v 2.419267 -0.050000 0.313854
v 2.419267 0.050000 0.313854
v 2.402769 -0.050000 0.315523
v 2.402769 0.050000 0.315523
v 2.385639 -0.050000 0.317083
v 2.385639 0.050000 0.317083
v 2.368029 -0.050000 0.318518
v 2.368029 0.050000 0.318518
v 2.350094 -0.050000 0.319813
v 2.350094 0.050000 0.319813
v 2.331986 -0.050000 0.320951
v 2.331986 0.050000 0.320951
v 2.313861 -0.050000 0.321917
v 2.313861 0.050000 0.321917
v 2.295871 -0.050000 0.322695
v 2.295871 0.050000 0.322695
v 2.278170 -0.050000 0.323271
v 2.278170 0.050000 0.323271
v 2.260912 -0.050000 0.323628
v 2.260912 0.050000 0.323628
v 2.244250 -0.050000 0.323750
v 2.244250 0.050000 0.323750
v 2.217913 -0.050000 0.323240
v 2.217913 0.050000 0.323240
v 2.192677 -0.050000 0.321604
v 2.192677 0.050000 0.321604
v 2.168770 -0.050000 0.318687
v 2.168770 0.050000 0.318687
v 2.146417 -0.050000 0.314333
v 2.146417 0.050000 0.314333
v 2.125845 -0.050000 0.308385
v 2.125845 0.050000 0.308385
v 2.107281 -0.050000 0.300687
v 2.107281 0.050000 0.300687
v 2.090952 -0.050000 0.291083
v 2.090952 0.050000 0.291083
v 2.077083 -0.050000 0.279417
v 2.077083 0.050000 0.279417
v 2.065902 -0.050000 0.265531
v 2.065902 0.050000 0.265531
v 2.057635 -0.050000 0.249271
v 2.057635 0.050000 0.249271
v 2.052509 -0.050000 0.230479
v 2.052509 0.050000 0.230479
v 2.050750 -0.050000 0.209000
v 2.050750 0.050000 0.209000
v 2.052558 -0.050000 0.187549
v 2.052558 0.050000 0.187549
v 2.057768 -0.050000 0.167392
v 2.057768 0.050000 0.167392
v 2.066068 -0.050000 0.148449
v 2.066068 0.050000 0.148449
v 2.077140 -0.050000 0.130639
v 2.077140 0.050000 0.130639
v 2.090670 -0.050000 0.113881
v 2.090670 0.050000 0.113881
v 2.106344 -0.050000 0.098094
v 2.106344 0.050000 0.098094
v 2.123847 -0.050000 0.083197
v 2.123847 0.050000 0.083197
v 2.142861 -0.050000 0.069111
v 2.142861 0.050000 0.069111
v 2.163074 -0.050000 0.055754
v 2.163074 0.050000 0.055754
v 2.184171 -0.050000 0.043045
v 2.184171 0.050000 0.043045
v 2.205834 -0.050000 0.030904
v 2.205834 0.050000 0.030904
v 2.227750 -0.050000 0.019250
v 2.227750 0.050000 0.019250
v 2.225476 -0.050000 0.011560
v 2.225476 0.050000 0.011560
v 2.222435 -0.050000 0.004608
v 2.222435 0.050000 0.004608
v 2.218669 -0.050000 -0.001621
v 2.218669 0.050000 -0.001621
v 2.214223 -0.050000 -0.007139
v 2.214223 0.050000 -0.007139
v 2.209142 -0.050000 -0.011959
v 2.209142 0.050000 -0.011959
v 2.203469 -0.050000 -0.016094
v 2.203469 0.050000 -0.016094
v 2.197249 -0.050000 -0.019557
v 2.197249 0.050000 -0.019557
v 2.190528 -0.050000 -0.022361
v 2.190528 0.050000 -0.022361
v 2.183347 -0.050000 -0.024520
v 2.183347 0.050000 -0.024520
v 2.175754 -0.050000 -0.026045
v 2.175754 0.050000 -0.026045
v 2.167789 -0.050000 -0.026951
v 2.167789 0.050000 -0.026951
v 2.159500 -0.050000 -0.027250
v 2.159500 0.050000 -0.027250
v 2.147681 -0.050000 -0.026774
v 2.147681 0.050000 -0.026774
v 2.135882 -0.050000 -0.025382
v 2.135882 0.050000 -0.025382
v 2.124156 -0.050000 -0.023125
v 2.124156 0.050000 -0.023125
v 2.112556 -0.050000 -0.020056
v 2.112556 0.050000 -0.020056
v 2.101132 -0.050000 -0.016226
v 2.101132 0.050000 -0.016226
v 2.089938 -0.050000 -0.011687
v 2.089938 0.050000 -0.011687
v 2.079024 -0.050000 -0.006493
v 2.079024 0.050000 -0.006493
v 2.068444 -0.050000 -0.000694
v 2.068444 0.050000 -0.000694
v 2.058249 -0.050000 0.005656
v 2.058249 0.050000 0.005656
v 2.048493 -0.050000 0.012507
v 2.048493 0.050000 0.012507
v 2.039226 -0.050000 0.019806
v 2.039226 0.050000 0.019806
v 2.030500 -0.050000 0.027500
v 2.030500 0.050000 0.027500
v 2.025075 -0.050000 0.032716
v 2.025075 0.050000 0.032716
v 2.019663 -0.050000 0.038226
v 2.019663 0.050000 0.038226
v 2.014246 -0.050000 0.044012
v 2.014246 0.050000 0.044012
v 2.008805 -0.050000 0.050056
v 2.008805 0.050000 0.050056
v 2.003323 -0.050000 0.056339
v 2.003323 0.050000 0.056339
v 1.997781 -0.050000 0.062844
v 1.997781 0.050000 0.062844
v 1.992161 -0.050000 0.069552
v 1.992161 0.050000 0.069552
v 1.986444 -0.050000 0.076444
v 1.986444 0.050000 0.076444
v 1.980613 -0.050000 0.083504
v 1.980613 0.050000 0.083504
v 1.974649 -0.050000 0.090712
v 1.974649 0.050000 0.090712
v 1.968534 -0.050000 0.098050
v 1.968534 0.050000 0.098050
v 1.962250 -0.050000 0.105500
v 1.962250 0.050000 0.105500
v 1.911250 -0.050000 0.068000
v 1.911250 0.050000 0.068000
v 1.933966 -0.050000 0.045423
v 1.933966 0.050000 0.045423
v 1.954916 -0.050000 0.023448
v 1.954916 0.050000 0.023448
v 1.974179 -0.050000 0.002082
v 1.974179 0.050000 0.002082
v 1.991833 -0.050000 -0.018667
v 1.991833 0.050000 -0.018667
v 2.007956 -0.050000 -0.038790
v 2.007956 0.050000 -0.038790
v 2.022625 -0.050000 -0.058281
v 2.022625 0.050000 -0.058281
v 2.035919 -0.050000 -0.077132
v 2.035919 0.050000 -0.077132
v 2.047917 -0.050000 -0.095333
v 2.047917 0.050000 -0.095333
v 2.058696 -0.050000 -0.112879
v 2.058696 0.050000 -0.112879
v 2.068334 -0.050000 -0.129760
v 2.068334 0.050000 -0.129760
v 2.076909 -0.050000 -0.145970
v 2.076909 0.050000 -0.145970
v 2.084500 -0.050000 -0.161500
v 2.084500 0.050000 -0.161500
v 2.051500 -0.050000 -0.161500
v 2.051500 0.050000 -0.161500
v 2.043094 -0.050000 -0.161531
v 2.043094 0.050000 -0.161531
v 2.034056 -0.050000 -0.161625
v 2.034056 0.050000 -0.161625
v 2.024477 -0.050000 -0.161781
v 2.024477 0.050000 -0.161781
v 2.014445 -0.050000 -0.162000
v 2.014445 0.050000 -0.162000
v 2.004048 -0.050000 -0.162281
v 2.004048 0.050000 -0.162281
v 1.993375 -0.050000 -0.162625
v 1.993375 0.050000 -0.162625
v 1.982515 -0.050000 -0.163031
v 1.982515 0.050000 -0.163031
v 1.971556 -0.050000 -0.163500
v 1.971556 0.050000 -0.163500
v 1.960586 -0.050000 -0.164031
v 1.960586 0.050000 -0.164031
v 1.949695 -0.050000 -0.164625
v 1.949695 0.050000 -0.164625
v 1.938970 -0.050000 -0.165281
v 1.938970 0.050000 -0.165281
v 1.928500 -0.050000 -0.166000
v 1.928500 0.050000 -0.166000
v 1.928500 -0.050000 -0.222250
v 1.928500 0.050000 -0.222250
v 1.938684 -0.050000 -0.220985
v 1.938684 0.050000 -0.220985
v 1.949295 -0.050000 -0.219816
v 1.949295 0.050000 -0.219816
v 1.960222 -0.050000 -0.218746
v 1.960222 0.050000 -0.218746
v 1.971361 -0.050000 -0.217778
v 1.971361 0.050000 -0.217778
v 1.982604 -0.050000 -0.216914
v 1.982604 0.050000 -0.216914
v 1.993844 -0.050000 -0.216156
v 1.993844 0.050000 -0.216156
v 2.004974 -0.050000 -0.215508
v 2.004974 0.050000 -0.215508
v 2.015889 -0.050000 -0.214972
v 2.015889 0.050000 -0.214972
v 2.026481 -0.050000 -0.214551
v 2.026481 0.050000 -0.214551
v 2.036643 -0.050000 -0.214247
v 2.036643 0.050000 -0.214247
v 2.046268 -0.050000 -0.214062
v 2.046268 0.050000 -0.214062
v 2.055250 -0.050000 -0.214000
v 2.055250 0.050000 -0.214000
v 2.104750 -0.050000 -0.214750
v 2.104750 0.050000 -0.214750
v 2.107295 -0.050000 -0.222839
v 2.107295 0.050000 -0.222839
v 2.109679 -0.050000 -0.230965
v 2.109679 0.050000 -0.230965
v 2.111897 -0.050000 -0.239102
v 2.111897 0.050000 -0.239102
v 2.113944 -0.050000 -0.247222
v 2.113944 0.050000 -0.247222
v 2.115813 -0.050000 -0.255301
v 2.115813 0.050000 -0.255301
v 2.117499 -0.050000 -0.263313
v 2.117499 0.050000 -0.263313
v 2.118999 -0.050000 -0.271230
v 2.118999 0.050000 -0.271230
v 2.120305 -0.050000 -0.279028
v 2.120305 0.050000 -0.279028
v 2.121414 -0.050000 -0.286680
v 2.121414 0.050000 -0.286680
v 2.122319 -0.050000 -0.294160
v 2.122319 0.050000 -0.294160
v 2.123017 -0.050000 -0.301442
v 2.123017 0.050000 -0.301442
v 2.123500 -0.050000 -0.308500
v 2.123500 0.050000 -0.308500
v 2.185000 -0.050000 -0.303250
v 2.185000 0.050000 -0.303250
v 2.183842 -0.050000 -0.297485
v 2.183842 0.050000 -0.297485
v 2.182608 -0.050000 -0.291441
v 2.182608 0.050000 -0.291441
v 2.181285 -0.050000 -0.285121
v 2.181285 0.050000 -0.285121
v 2.179861 -0.050000 -0.278528
v 2.179861 0.050000 -0.278528
v 2.178323 -0.050000 -0.271664
v 2.178323 0.050000 -0.271664
v 2.176656 -0.050000 -0.264531
v 2.176656 0.050000 -0.264531
v 2.174850 -0.050000 -0.257133
v 2.174850 0.050000 -0.257133
v 2.172889 -0.050000 -0.249472
v 2.172889 0.050000 -0.249472
v 2.170762 -0.050000 -0.241551
v 2.170762 0.050000 -0.241551
v 2.168455 -0.050000 -0.233372
v 2.168455 0.050000 -0.233372
v 2.165955 -0.050000 -0.224937
v 2.165955 0.050000 -0.224937
v 2.163250 -0.050000 -0.216250
v 2.163250 0.050000 -0.216250
v 2.182475 -0.050000 -0.217252
v 2.182475 0.050000 -0.217252
v 2.201861 -0.050000 -0.218389
v 2.201861 0.050000 -0.218389
v 2.221353 -0.050000 -0.219672
v 2.221353 0.050000 -0.219672
v 2.240890 -0.050000 -0.221111
v 2.240890 0.050000 -0.221111
v 2.260417 -0.050000 -0.222717
v 2.260417 0.050000 -0.222717
v 2.279876 -0.050000 -0.224500
v 2.279876 0.050000 -0.224500
v 2.299210 -0.050000 -0.226471
v 2.299210 0.050000 -0.226471
v 2.318362 -0.050000 -0.228639
v 2.318362 0.050000 -0.228639
v 2.337274 -0.050000 -0.231016
v 2.337274 0.050000 -0.231016
v 2.355889 -0.050000 -0.233611
v 2.355889 0.050000 -0.233611
v 2.374150 -0.050000 -0.236436
v 2.374150 0.050000 -0.236436
v 2.392000 -0.050000 -0.239500
v 2.392000 0.050000 -0.239500
v 2.391250 -0.050000 -0.184000
v 2.391250 0.050000 -0.184000
v 2.372314 -0.050000 -0.181123
v 2.372314 0.050000 -0.181123
v 2.352701 -0.050000 -0.178486
v 2.352701 0.050000 -0.178486
v 2.332515 -0.050000 -0.176078
v 2.332515 0.050000 -0.176078
v 2.311861 -0.050000 -0.173889
v 2.311861 0.050000 -0.173889
v 2.290842 -0.050000 -0.171908
v 2.290842 0.050000 -0.171908
v 2.269562 -0.050000 -0.170125
v 2.269562 0.050000 -0.170125
v 2.248127 -0.050000 -0.168530
v 2.248127 0.050000 -0.168530
v 2.226639 -0.050000 -0.167111
v 2.226639 0.050000 -0.167111
v 2.205203 -0.050000 -0.165859
v 2.205203 0.050000 -0.165859
v 2.183924 -0.050000 -0.164764
v 2.183924 0.050000 -0.164764
v 2.162905 -0.050000 -0.163814
v 2.162905 0.050000 -0.163814
v 2.142250 -0.050000 -0.163000
v 2.142250 0.050000 -0.163000
v 2.137785 -0.050000 -0.153007
v 2.137785 0.050000 -0.153007
v 2.133031 -0.050000 -0.142931
v 2.133031 0.050000 -0.142931
v 2.128012 -0.050000 -0.132813
v 2.128012 0.050000 -0.132813
v 2.122750 -0.050000 -0.122694
v 2.122750 0.050000 -0.122694
v 2.117270 -0.050000 -0.112618
v 2.117270 0.050000 -0.112618
v 2.111594 -0.050000 -0.102625
v 2.111594 0.050000 -0.102625
v 2.105746 -0.050000 -0.092757
v 2.105746 0.050000 -0.092757
v 2.099751 -0.050000 -0.083056
v 2.099751 0.050000 -0.083056
v 2.093629 -0.050000 -0.073563
v 2.093629 0.050000 -0.073563
v 2.087406 -0.050000 -0.064319
v 2.087406 0.050000 -0.064319
v 2.081106 -0.050000 -0.055368
v 2.081106 0.050000 -0.055368
v 2.074750 -0.050000 -0.046750
v 2.074750 0.050000 -0.046750
v 2.082172 -0.050000 -0.051077
v 2.082172 0.050000 -0.051077
v 2.090129 -0.050000 -0.055056
v 2.090129 0.050000 -0.055056
v 2.098528 -0.050000 -0.058680
v 2.098528 0.050000 -0.058680
v 2.107278 -0.050000 -0.061944
v 2.107278 0.050000 -0.061944
v 2.116289 -0.050000 -0.064845
v 2.116289 0.050000 -0.064845
v 2.125469 -0.050000 -0.067375
v 2.125469 0.050000 -0.067375
v 2.134727 -0.050000 -0.069530
v 2.134727 0.050000 -0.069530
v 2.143973 -0.050000 -0.071306
v 2.143973 0.050000 -0.071306
v 2.153114 -0.050000 -0.072695
v 2.153114 0.050000 -0.072695
v 2.162060 -0.050000 -0.073694
v 2.162060 0.050000 -0.073694
v 2.170719 -0.050000 -0.074298
v 2.170719 0.050000 -0.074298
v 2.179000 -0.050000 -0.074500
v 2.179000 0.050000 -0.074500
v 2.190988 -0.050000 -0.074003
v 2.190988 0.050000 -0.074003
v 2.202534 -0.050000 -0.072521
v 2.202534 0.050000 -0.072521
v 2.213570 -0.050000 -0.070070
v 2.213570 0.050000 -0.070070
v 2.224028 -0.050000 -0.066667
v 2.224028 0.050000 -0.066667
v 2.233839 -0.050000 -0.062326
v 2.233839 0.050000 -0.062326
v 2.242937 -0.050000 -0.057063
v 2.242937 0.050000 -0.057063
v 2.251254 -0.050000 -0.050893
v 2.251254 0.050000 -0.050893
v 2.258722 -0.050000 -0.043833
v 2.258722 0.050000 -0.043833
v 2.265273 -0.050000 -0.035898
v 2.265273 0.050000 -0.035898
v 2.270840 -0.050000 -0.027104
v 2.270840 0.050000 -0.027104
v 2.275355 -0.050000 -0.017466
v 2.275355 0.050000 -0.017466
v 2.278750 -0.050000 -0.007000
v 2.278750 0.050000 -0.007000
v 2.291563 -0.050000 -0.013051
v 2.291563 0.050000 -0.013051
v 2.304122 -0.050000 -0.018844
v 2.304122 0.050000 -0.018844
v 2.316427 -0.050000 -0.024402
v 2.316427 0.050000 -0.024402
v 2.328473 -0.050000 -0.029750
v 2.328473 0.050000 -0.029750
v 2.340260 -0.050000 -0.034910
v 2.340260 0.050000 -0.034910
v 2.351782 -0.050000 -0.039906
v 2.351782 0.050000 -0.039906
v 2.363039 -0.050000 -0.044762
v 2.363039 0.050000 -0.044762
v 2.374029 -0.050000 -0.049500
v 2.374029 0.050000 -0.049500
v 2.384747 -0.050000 -0.054145
v 2.384747 0.050000 -0.054145
v 2.395192 -0.050000 -0.058719
v 2.395192 0.050000 -0.058719
v 2.405360 -0.050000 -0.063246
v 2.405360 0.050000 -0.063246
v 2.415250 -0.050000 -0.067750
v 2.415250 0.050000 -0.067750
v 2.420786 -0.050000 -0.070159
v 2.420786 0.050000 -0.070159
v 2.426160 -0.050000 -0.072521
v 2.426160 0.050000 -0.072521
v 2.431398 -0.050000 -0.074852
v 2.431398 0.050000 -0.074852
v 2.436528 -0.050000 -0.077167
v 2.436528 0.050000 -0.077167
v 2.441574 -0.050000 -0.079482
v 2.441574 0.050000 -0.079482
v 2.446563 -0.050000 -0.081813
v 2.446563 0.050000 -0.081813
v 2.451520 -0.050000 -0.084175
v 2.451520 0.050000 -0.084175
v 2.456472 -0.050000 -0.086583
v 2.456472 0.050000 -0.086583
v 2.461446 -0.050000 -0.089055
v 2.461446 0.050000 -0.089055
v 2.466465 -0.050000 -0.091604
v 2.466465 0.050000 -0.091604
v 2.471558 -0.050000 -0.094247
v 2.471558 0.050000 -0.094247
v 2.476750 -0.050000 -0.097000
v 2.476750 0.050000 -0.097000
v 2.501500 -0.050000 -0.040750
v 2.501500 0.050000 -0.040750
v 2.496478 -0.050000 -0.039332
v 2.496478 0.050000 -0.039332
v 2.491192 -0.050000 -0.037722
v 2.491192 0.050000 -0.037722
v 2.485692 -0.050000 -0.035945
v 2.485692 0.050000 -0.035945
v 2.480029 -0.050000 -0.034028
v 2.480029 0.050000 -0.034028
v 2.474250 -0.050000 -0.031996
v 2.474250 0.050000 -0.031996
v 2.468407 -0.050000 -0.029875
v 2.468407 0.050000 -0.029875
v 2.462548 -0.050000 -0.027692
v 2.462548 0.050000 -0.027692
v 2.456723 -0.050000 -0.025472
v 2.456723 0.050000 -0.025472
v 2.450981 -0.050000 -0.023242
v 2.450981 0.050000 -0.023242
v 2.445372 -0.050000 -0.021028
v 2.445372 0.050000 -0.021028
v 2.439945 -0.050000 -0.018855
v 2.439945 0.050000 -0.018855
v 2.434751 -0.050000 -0.016750
v 2.434751 0.050000 -0.016750
v 3.286166 -0.050000 -0.207757
v 3.286166 0.050000 -0.207757
v 3.276955 -0.050000 -0.199181
v 3.276955 0.050000 -0.199181
v 3.267426 -0.050000 -0.190563
v 3.267426 0.050000 -0.190563
v 3.257638 -0.050000 -0.181944
v 3.257638 0.050000 -0.181944
v 3.247653 -0.050000 -0.173368
v 3.247653 0.050000 -0.173368
v 3.237531 -0.050000 -0.164875
v 3.237531 0.050000 -0.164875
v 3.227329 -0.050000 -0.156507
v 3.227329 0.050000 -0.156507
v 3.217111 -0.050000 -0.148306
v 3.217111 0.050000 -0.148306
v 3.206933 -0.050000 -0.140313
v 3.206933 0.050000 -0.140313
v 3.196857 -0.050000 -0.132569
v 3.196857 0.050000 -0.132569
v 3.186943 -0.050000 -0.125118
v 3.186943 0.050000 -0.125118
v 3.177250 -0.050000 -0.118000
v 3.177250 0.050000 -0.118000
v 3.187873 -0.050000 -0.108955
v 3.187873 0.050000 -0.108955
v 3.198739 -0.050000 -0.100201
v 3.198739 0.050000 -0.100201
v 3.209839 -0.050000 -0.091750
v 3.209839 0.050000 -0.091750
v 3.221166 -0.050000 -0.083611
v 3.221166 0.050000 -0.083611
v 3.232712 -0.050000 -0.075795
v 3.232712 0.050000 -0.075795
v 3.244469 -0.050000 -0.068312
v 3.244469 0.050000 -0.068312
v 3.256428 -0.050000 -0.061174
v 3.256428 0.050000 -0.061174
v 3.268583 -0.050000 -0.054389
v 3.268583 0.050000 -0.054389
v 3.280926 -0.050000 -0.047969
v 3.280926 0.050000 -0.047969
v 3.293447 -0.050000 -0.041924
v 3.293447 0.050000 -0.041924
v 3.306142 -0.050000 -0.036264
v 3.306142 0.050000 -0.036264
v 3.319000 -0.050000 -0.031000
v 3.319000 0.050000 -0.031000
v 3.315554 -0.050000 -0.027979
v 3.315554 0.050000 -0.027979
v 3.311994 -0.050000 -0.024580
v 3.311994 0.050000 -0.024580
v 3.308360 -0.050000 -0.020863
v 3.308360 0.050000 -0.020863
v 3.304695 -0.050000 -0.016889
v 3.304695 0.050000 -0.016889
v 3.301041 -0.050000 -0.012717
v 3.301041 0.050000 -0.012717
v 3.297438 -0.050000 -0.008406
v 3.297438 0.050000 -0.008406
v 3.293929 -0.050000 -0.004018
v 3.293929 0.050000 -0.004018
v 3.290556 -0.050000 0.000389
v 3.290556 0.050000 0.000389
v 3.287359 -0.050000 0.004754
v 3.287359 0.050000 0.004754
v 3.284382 -0.050000 0.009017
v 3.284382 0.050000 0.009017
v 3.281665 -0.050000 0.013119
v 3.281665 0.050000 0.013119
v 3.279250 -0.050000 0.017000
v 3.279250 0.050000 0.017000
v 3.269734 -0.050000 0.012579
v 3.269734 0.050000 0.012579
v 3.260316 -0.050000 0.007944
v 3.260316 0.050000 0.007944
v 3.250996 -0.050000 0.003102
v 3.250996 0.050000 0.003102
v 3.241777 -0.050000 -0.001944
v 3.241777 0.050000 -0.001944
v 3.232664 -0.050000 -0.007188
v 3.232664 0.050000 -0.007188
v 3.223657 -0.050000 -0.012625
v 3.223657 0.050000 -0.012625
v 3.214759 -0.050000 -0.018249
v 3.214759 0.050000 -0.018249
v 3.205973 -0.050000 -0.024056
v 3.205973 0.050000 -0.024056
v 3.197301 -0.050000 -0.030039
v 3.197301 0.050000 -0.030039
v 3.188746 -0.050000 -0.036194
v 3.188746 0.050000 -0.036194
v 3.180312 -0.050000 -0.042517
v 3.180312 0.050000 -0.042517
v 3.172000 -0.050000 -0.049000
v 3.172000 0.050000 -0.049000
v 3.172000 -0.050000 -0.019750
v 3.172000 0.050000 -0.019750
v 3.084250 -0.050000 -0.019750
v 3.084250 0.050000 -0.019750
v 3.084250 -0.050000 0.092000
v 3.084250 0.050000 0.092000
v 3.263500 -0.050000 0.092000
v 3.263500 0.050000 0.092000
v 3.263500 -0.050000 0.144500
v 3.263500 0.050000 0.144500
v 3.084250 -0.050000 0.144500
v 3.084250 0.050000 0.144500
v 3.084250 -0.050000 0.265250
v 3.084250 0.050000 0.265250
v 3.084354 -0.050000 0.270838
v 3.084354 0.050000 0.270838
v 3.084702 -0.050000 0.275639
v 3.084702 0.050000 0.275639
v 3.085353 -0.050000 0.279711
v 3.085353 0.050000 0.279711
v 3.086362 -0.050000 0.283111
v 3.086362 0.050000 0.283111
v 3.087788 -0.050000 0.285897
v 3.087788 0.050000 0.285897
v 3.089688 -0.050000 0.288125
v 3.089688 0.050000 0.288125
v 3.092120 -0.050000 0.289853
v 3.092120 0.050000 0.289853
v 3.095140 -0.050000 0.291139
v 3.095140 0.050000 0.291139
v 3.098805 -0.050000 0.292039
v 3.098805 0.050000 0.292039
v 3.103174 -0.050000 0.292611
v 3.103174 0.050000 0.292611
v 3.108303 -0.050000 0.292912
v 3.108303 0.050000 0.292912
v 3.114250 -0.050000 0.293000
v 3.114250 0.050000 0.293000
v 3.118181 -0.050000 0.293000
v 3.118181 0.050000 0.293000
v 3.123763 -0.050000 0.293000
v 3.123763 0.050000 0.293000
v 3.130679 -0.050000 0.293000
v 3.130679 0.050000 0.293000
v 3.138611 -0.050000 0.293000
v 3.138611 0.050000 0.293000
v 3.147240 -0.050000 0.293000
v 3.147240 0.050000 0.293000
v 3.156250 -0.050000 0.293000
v 3.156250 0.050000 0.293000
v 3.165322 -0.050000 0.293000
v 3.165322 0.050000 0.293000
v 3.174139 -0.050000 0.293000
v 3.174139 0.050000 0.293000
v 3.182383 -0.050000 0.293000
v 3.182383 0.050000 0.293000
v 3.189736 -0.050000 0.293000
v 3.189736 0.050000 0.293000
v 3.195881 -0.050000 0.293000
v 3.195881 0.050000 0.293000
v 3.200500 -0.050000 0.293000
v 3.200500 0.050000 0.293000
v 3.206089 -0.050000 0.292673
v 3.206089 0.050000 0.292673
v 3.210902 -0.050000 0.291573
v 3.210902 0.050000 0.291573
v 3.215007 -0.050000 0.289520
v 3.215007 0.050000 0.289520
v 3.218472 -0.050000 0.286333
v 3.218472 0.050000 0.286333
v 3.221364 -0.050000 0.281835
v 3.221364 0.050000 0.281835
v 3.223750 -0.050000 0.275844
v 3.223750 0.050000 0.275844
v 3.225698 -0.050000 0.268181
v 3.225698 0.050000 0.268181
v 3.227278 -0.050000 0.258667
v 3.227278 0.050000 0.258667
v 3.228555 -0.050000 0.247121
v 3.228555 0.050000 0.247121
v 3.229598 -0.050000 0.233365
v 3.229598 0.050000 0.233365
v 3.230473 -0.050000 0.217217
v 3.230473 0.050000 0.217217
v 3.231250 -0.050000 0.198500
v 3.231250 0.050000 0.198500
v 3.234632 -0.050000 0.200919
v 3.234632 0.050000 0.200919
v 3.238361 -0.050000 0.203292
v 3.238361 0.050000 0.203292
v 3.242383 -0.050000 0.205602
v 3.242383 0.050000 0.205602
v 3.246640 -0.050000 0.207833
v 3.246640 0.050000 0.207833
v 3.251073 -0.050000 0.209971
v 3.251073 0.050000 0.209971
v 3.255627 -0.050000 0.212000
v 3.255627 0.050000 0.212000
v 3.260242 -0.050000 0.213904
v 3.260242 0.050000 0.213904
v 3.264863 -0.050000 0.215667
v 3.264863 0.050000 0.215667
v 3.269431 -0.050000 0.217273
v 3.269431 0.050000 0.217273
v 3.273890 -0.050000 0.218708
v 3.273890 0.050000 0.218708
v 3.278182 -0.050000 0.219956
v 3.278182 0.050000 0.219956
v 3.282250 -0.050000 0.221000
v 3.282250 0.050000 0.221000
v 3.280529 -0.050000 0.243602
v 3.280529 0.050000 0.243602
v 3.278298 -0.050000 0.263500
v 3.278298 0.050000 0.263500
v 3.275454 -0.050000 0.280836
v 3.275454 0.050000 0.280836
v 3.271889 -0.050000 0.295750
v 3.271889 0.050000 0.295750
v 3.267502 -0.050000 0.308383
v 3.267502 0.050000 0.308383
v 3.262187 -0.050000 0.318875
v 3.262187 0.050000 0.318875
v 3.255842 -0.050000 0.327367
v 3.255842 0.050000 0.327367
v 3.248361 -0.050000 0.334000
v 3.248361 0.050000 0.334000
v 3.239640 -0.050000 0.338914
v 3.239640 0.050000 0.338914
v 3.229576 -0.050000 0.342250
v 3.229576 0.050000 0.342250
v 3.218064 -0.050000 0.344148
v 3.218064 0.050000 0.344148
v 3.205000 -0.050000 0.344750
v 3.205000 0.050000 0.344750
v 3.200490 -0.050000 0.344750
v 3.200490 0.050000 0.344750
v 3.193973 -0.050000 0.344750
v 3.193973 0.050000 0.344750
v 3.185853 -0.050000 0.344750
v 3.185853 0.050000 0.344750
v 3.176528 -0.050000 0.344750
v 3.176528 0.050000 0.344750
v 3.166403 -0.050000 0.344750
v 3.166403 0.050000 0.344750
v 3.155875 -0.050000 0.344750
v 3.155875 0.050000 0.344750
v 3.145349 -0.050000 0.344750
v 3.145349 0.050000 0.344750
v 3.135222 -0.050000 0.344750
v 3.135222 0.050000 0.344750
v 3.125898 -0.050000 0.344750
v 3.125898 0.050000 0.344750
v 3.117778 -0.050000 0.344750
v 3.117778 0.050000 0.344750
v 3.111261 -0.050000 0.344750
v 3.111261 0.050000 0.344750
v 3.106750 -0.050000 0.344750
v 3.106750 0.050000 0.344750
v 3.091780 -0.050000 0.344374
v 3.091780 0.050000 0.344374
v 3.078671 -0.050000 0.343181
v 3.078671 0.050000 0.343181
v 3.067317 -0.050000 0.341070
v 3.067317 0.050000 0.341070
v 3.057611 -0.050000 0.337944
v 3.057611 0.050000 0.337944
v 3.049448 -0.050000 0.333704
v 3.049448 0.050000 0.333704
v 3.042719 -0.050000 0.328250
v 3.042719 0.050000 0.328250
v 3.037318 -0.050000 0.321484
v 3.037318 0.050000 0.321484
v 3.033139 -0.050000 0.313306
v 3.033139 0.050000 0.313306
v 3.030074 -0.050000 0.303617
v 3.030074 0.050000 0.303617
v 3.028017 -0.050000 0.292319
v 3.028017 0.050000 0.292319
v 3.026861 -0.050000 0.279313
v 3.026861 0.050000 0.279313
v 3.026500 -0.050000 0.264500
v 3.026500 0.050000 0.264500
v 3.026500 -0.050000 0.144500
v 3.026500 0.050000 0.144500
v 2.890750 -0.050000 0.144500
v 2.890750 0.050000 0.144500
v 2.886837 -0.050000 0.164645
v 2.886837 0.050000 0.164645
v 2.881310 -0.050000 0.184531
v 2.881310 0.050000 0.184531
v 2.873935 -0.050000 0.204090
v 2.873935 0.050000 0.204090
v 2.864473 -0.050000 0.223250
v 2.864473 0.050000 0.223250
v 2.852689 -0.050000 0.241941
v 2.852689 0.050000 0.241941
v 2.838344 -0.050000 0.260094
v 2.838344 0.050000 0.260094
v 2.821203 -0.050000 0.277637
v 2.821203 0.050000 0.277637
v 2.801028 -0.050000 0.294500
v 2.801028 0.050000 0.294500
v 2.777582 -0.050000 0.310613
v 2.777582 0.050000 0.310613
v 2.750628 -0.050000 0.325906
v 2.750628 0.050000 0.325906
v 2.719930 -0.050000 0.340309
v 2.719930 0.050000 0.340309
v 2.685250 -0.050000 0.353750
v 2.685250 0.050000 0.353750
v 2.683353 -0.050000 0.350244
v 2.683353 0.050000 0.350244
v 2.681073 -0.050000 0.346514
v 2.681073 0.050000 0.346514
v 2.678465 -0.050000 0.342617
v 2.678465 0.050000 0.342617
v 2.675583 -0.050000 0.338611
v 2.675583 0.050000 0.338611
v 2.672483 -0.050000 0.334553
v 2.672483 0.050000 0.334553
v 2.669219 -0.050000 0.330500
v 2.669219 0.050000 0.330500
v 2.665845 -0.050000 0.326510
v 2.665845 0.050000 0.326510
v 2.662417 -0.050000 0.322639
v 2.662417 0.050000 0.322639
v 2.658989 -0.050000 0.318945
v 2.658989 0.050000 0.318945
v 2.655615 -0.050000 0.315486
v 2.655615 0.050000 0.315486
v 2.652350 -0.050000 0.312319
v 2.652350 0.050000 0.312319
v 2.649251 -0.050000 0.309500
v 2.649251 0.050000 0.309500
v 2.679234 -0.050000 0.298462
v 2.679234 0.050000 0.298462
v 2.705934 -0.050000 0.286757
v 2.705934 0.050000 0.286757
v 2.729535 -0.050000 0.274438
v 2.729535 0.050000 0.274438
v 2.750222 -0.050000 0.261556
v 2.750222 0.050000 0.261556
v 2.768180 -0.050000 0.248163
v 2.768180 0.050000 0.248163
v 2.783594 -0.050000 0.234312
v 2.783594 0.050000 0.234312
v 2.796648 -0.050000 0.220056
v 2.796648 0.050000 0.220056
v 2.807528 -0.050000 0.205444
v 2.807528 0.050000 0.205444
v 2.816418 -0.050000 0.190531
v 2.816418 0.050000 0.190531
v 2.823503 -0.050000 0.175368
v 2.823503 0.050000 0.175368
v 2.828969 -0.050000 0.160007
v 2.828969 0.050000 0.160007
v 2.833000 -0.050000 0.144500
v 2.833000 0.050000 0.144500
v 2.665000 -0.050000 0.144500
v 2.665000 0.050000 0.144500
v 2.665000 -0.050000 0.092000
v 2.665000 0.050000 0.092000
v 2.839000 -0.050000 0.092000
v 2.839000 0.050000 0.092000
v 2.839000 -0.050000 0.080000
v 2.839000 0.050000 0.080000
v 2.839000 -0.050000 -0.019750
v 2.839000 0.050000 -0.019750
v 2.759500 -0.050000 -0.019750
v 2.759500 0.050000 -0.019750
v 2.759500 -0.050000 -0.049000
v 2.759500 0.050000 -0.049000
v 2.750281 -0.050000 -0.042344
v 2.750281 0.050000 -0.042344
v 2.741006 -0.050000 -0.035879
v 2.741006 0.050000 -0.035879
v 2.731679 -0.050000 -0.029606
v 2.731679 0.050000 -0.029606
v 2.722304 -0.050000 -0.023528
v 2.722304 0.050000 -0.023528
v 2.712889 -0.050000 -0.017648
v 2.712889 0.050000 -0.017648
v 2.703437 -0.050000 -0.011969
v 2.703437 0.050000 -0.011969
v 2.693954 -0.050000 -0.006493
v 2.693954 0.050000 -0.006493
v 2.684444 -0.050000 -0.001222
v 2.684444 0.050000 -0.001222
v 2.674914 -0.050000 0.003840
v 2.674914 0.050000 0.003840
v 2.665368 -0.050000 0.008691
v 2.665368 0.050000 0.008691
v 2.655811 -0.050000 0.013329
v 2.655811 0.050000 0.013329
v 2.646250 -0.050000 0.017750
v 2.646250 0.050000 0.017750
v 2.644210 -0.050000 0.014431
v 2.644210 0.050000 0.014431
v 2.641871 -0.050000 0.010885
v 2.641871 0.050000 0.010885
v 2.639277 -0.050000 0.007168
v 2.639277 0.050000 0.007168
v 2.636472 -0.050000 0.003333
v 2.636472 0.050000 0.003333
v 2.633500 -0.050000 -0.000564
v 2.633500 0.050000 -0.000564
v 2.630405 -0.050000 -0.004469
v 2.630405 0.050000 -0.004469
v 2.627234 -0.050000 -0.008327
v 2.627234 0.050000 -0.008327
v 2.624028 -0.050000 -0.012083
v 2.624028 0.050000 -0.012083
v 2.620832 -0.050000 -0.015684
v 2.620832 0.050000 -0.015684
v 2.617691 -0.050000 -0.019073
v 2.617691 0.050000 -0.019073
v 2.614649 -0.050000 -0.022197
v 2.614649 0.050000 -0.022197
v 2.611751 -0.050000 -0.025000
v 2.611751 0.050000 -0.025000
v 2.624903 -0.050000 -0.030528
v 2.624903 0.050000 -0.030528
v 2.638088 -0.050000 -0.036601
v 2.638088 0.050000 -0.036601
v 2.651279 -0.050000 -0.043199
v 2.651279 0.050000 -0.043199
v 2.664446 -0.050000 -0.050306
v 2.664446 0.050000 -0.050306
v 2.677561 -0.050000 -0.057902
v 2.677561 0.050000 -0.057902
v 2.690595 -0.050000 -0.065969
v 2.690595 0.050000 -0.065969
v 2.703520 -0.050000 -0.074489
v 2.703520 0.050000 -0.074489
v 2.716307 -0.050000 -0.083444
v 2.716307 0.050000 -0.083444
v 2.728927 -0.050000 -0.092816
v 2.728927 0.050000 -0.092816
v 2.741351 -0.050000 -0.102587
v 2.741351 0.050000 -0.102587
v 2.753552 -0.050000 -0.112737
v 2.753552 0.050000 -0.112737
v 2.765500 -0.050000 -0.123250
v 2.765500 0.050000 -0.123250
v 2.759403 -0.050000 -0.129240
v 2.759403 0.050000 -0.129240
v 2.752785 -0.050000 -0.135542
v 2.752785 0.050000 -0.135542
v 2.745718 -0.050000 -0.142094
v 2.745718 0.050000 -0.142094
v 2.738277 -0.050000 -0.148833
v 2.738277 0.050000 -0.148833
v 2.730535 -0.050000 -0.155698
v 2.730535 0.050000 -0.155698
v 2.722562 -0.050000 -0.162625
v 2.722562 0.050000 -0.162625
v 2.714434 -0.050000 -0.169552
v 2.714434 0.050000 -0.169552
v 2.706222 -0.050000 -0.176417
v 2.706222 0.050000 -0.176417
v 2.698000 -0.050000 -0.183156
v 2.698000 0.050000 -0.183156
v 2.689840 -0.050000 -0.189708
v 2.689840 0.050000 -0.189708
v 2.681816 -0.050000 -0.196010
v 2.681816 0.050000 -0.196010
v 2.674001 -0.050000 -0.202000
v 2.674001 0.050000 -0.202000
v 2.710000 -0.050000 -0.232000
v 2.710000 0.050000 -0.232000
v 2.717629 -0.050000 -0.226415
v 2.717629 0.050000 -0.226415
v 2.725472 -0.050000 -0.220566
v 2.725472 0.050000 -0.220566
v 2.733461 -0.050000 -0.214504
v 2.733461 0.050000 -0.214504
v 2.741528 -0.050000 -0.208278
v 2.741528 0.050000 -0.208278
v 2.749605 -0.050000 -0.201937
v 2.749605 0.050000 -0.201937
v 2.757626 -0.050000 -0.195531
v 2.757626 0.050000 -0.195531
v 2.765520 -0.050000 -0.189110
v 2.765520 0.050000 -0.189110
v 2.773223 -0.050000 -0.182722
v 2.773223 0.050000 -0.182722
v 2.780664 -0.050000 -0.176418
v 2.780664 0.050000 -0.176418
v 2.787778 -0.050000 -0.170247
v 2.787778 0.050000 -0.170247
v 2.794496 -0.050000 -0.164257
v 2.794496 0.050000 -0.164257
v 2.800750 -0.050000 -0.158500
v 2.800750 0.050000 -0.158500
v 2.807623 -0.050000 -0.166249
v 2.807623 0.050000 -0.166249
v 2.814358 -0.050000 -0.174118
v 2.814358 0.050000 -0.174118
v 2.820942 -0.050000 -0.182102
v 2.820942 0.050000 -0.182102
v 2.827361 -0.050000 -0.190195
v 2.827361 0.050000 -0.190195
v 2.833604 -0.050000 -0.198392
v 2.833604 0.050000 -0.198392
v 2.839657 -0.050000 -0.206688
v 2.839657 0.050000 -0.206688
v 2.845506 -0.050000 -0.215077
v 2.845506 0.050000 -0.215077
v 2.851139 -0.050000 -0.223556
v 2.851139 0.050000 -0.223556
v 2.856543 -0.050000 -0.232117
v 2.856543 0.050000 -0.232117
v 2.861705 -0.050000 -0.240757
v 2.861705 0.050000 -0.240757
v 2.866611 -0.050000 -0.249470
v 2.866611 0.050000 -0.249470
v 2.871250 -0.050000 -0.258250
v 2.871250 0.050000 -0.258250
v 2.683750 -0.050000 -0.258250
v 2.683750 0.050000 -0.258250
v 2.683750 -0.050000 -0.307750
v 2.683750 0.050000 -0.307750
v 2.898251 -0.050000 -0.307750
v 2.898251 0.050000 -0.307750
v 2.908751 -0.050000 -0.310000
v 2.908751 0.050000 -0.310000
v 2.946250 -0.050000 -0.292000
v 2.946250 0.050000 -0.292000
v 2.937682 -0.050000 -0.270361
v 2.937682 0.050000 -0.270361
v 2.928133 -0.050000 -0.249323
v 2.928133 0.050000 -0.249323
v 2.917657 -0.050000 -0.228895
v 2.917657 0.050000 -0.228895
v 2.906307 -0.050000 -0.209083
v 2.906307 0.050000 -0.209083
v 2.894134 -0.050000 -0.189897
v 2.894134 0.050000 -0.189897
v 2.881188 -0.050000 -0.171344
v 2.881188 0.050000 -0.171344
v 2.867525 -0.050000 -0.153431
v 2.867525 0.050000 -0.153431
v 2.853195 -0.050000 -0.136167
v 2.853195 0.050000 -0.136167
v 2.838250 -0.050000 -0.119559
v 2.838250 0.050000 -0.119559
v 2.822743 -0.050000 -0.103615
v 2.822743 0.050000 -0.103615
v 2.806726 -0.050000 -0.088342
v 2.806726 0.050000 -0.088342
v 2.790250 -0.050000 -0.073750
v 2.790250 0.050000 -0.073750
v 3.142751 -0.050000 -0.073750
v 3.142751 0.050000 -0.073750
v 3.125050 -0.050000 -0.090666
v 3.125050 0.050000 -0.090666
v 3.107965 -0.050000 -0.108392
v 3.107965 0.050000 -0.108392
v 3.091516 -0.050000 -0.126895
v 3.091516 0.050000 -0.126895
v 3.075722 -0.050000 -0.146139
v 3.075722 0.050000 -0.146139
v 3.060606 -0.050000 -0.166092
v 3.060606 0.050000 -0.166092
v 3.046187 -0.050000 -0.186719
v 3.046187 0.050000 -0.186719
v 3.032487 -0.050000 -0.207987
v 3.032487 0.050000 -0.207987
v 3.019527 -0.050000 -0.229861
v 3.019527 0.050000 -0.229861
v 3.007328 -0.050000 -0.252309
v 3.007328 0.050000 -0.252309
v 2.995910 -0.050000 -0.275295
v 2.995910 0.050000 -0.275295
v 2.985293 -0.050000 -0.298787
v 2.985293 0.050000 -0.298787
v 2.975500 -0.050000 -0.322750
v 2.975500 0.050000 -0.322750
v 3.024251 -0.050000 -0.337750
v 3.024251 0.050000 -0.337750
v 3.027501 -0.050000 -0.329531
v 3.027501 0.050000 -0.329531
v 3.030875 -0.050000 -0.321372
v 3.030875 0.050000 -0.321372
v 3.034375 -0.050000 -0.313270
v 3.034375 0.050000 -0.313270
v 3.038000 -0.050000 -0.305222
v 3.038000 0.050000 -0.305222
v 3.041750 -0.050000 -0.297227
v 3.041750 0.050000 -0.297227
v 3.045625 -0.050000 -0.289281
v 3.045625 0.050000 -0.289281
v 3.049625 -0.050000 -0.281382
v 3.049625 0.050000 -0.281382
v 3.053750 -0.050000 -0.273528
v 3.053750 0.050000 -0.273528
v 3.058000 -0.050000 -0.265715
v 3.058000 0.050000 -0.265715
v 3.062375 -0.050000 -0.257941
v 3.062375 0.050000 -0.257941
v 3.066875 -0.050000 -0.250204
v 3.066875 0.050000 -0.250204
v 3.071500 -0.050000 -0.242500
v 3.071500 0.050000 -0.242500
v 3.079819 -0.050000 -0.249584
v 3.079819 0.050000 -0.249584
v 3.088233 -0.050000 -0.256924
v 3.088233 0.050000 -0.256924
v 3.096684 -0.050000 -0.264461
v 3.096684 0.050000 -0.264461
v 3.105111 -0.050000 -0.272139
v 3.105111 0.050000 -0.272139
v 3.113455 -0.050000 -0.279900
v 3.113455 0.050000 -0.279900
v 3.121656 -0.050000 -0.287688
v 3.121656 0.050000 -0.287688
v 3.129654 -0.050000 -0.295444
v 3.129654 0.050000 -0.295444
v 3.137389 -0.050000 -0.303111
v 3.137389 0.050000 -0.303111
v 3.144801 -0.050000 -0.310633
v 3.144801 0.050000 -0.310633
v 3.151830 -0.050000 -0.317951
v 3.151830 0.050000 -0.317951
v 3.158416 -0.050000 -0.325010
v 3.158416 0.050000 -0.325010
v 3.164500 -0.050000 -0.331750
v 3.164500 0.050000 -0.331750
v 3.207250 -0.050000 -0.301750
v 3.207250 0.050000 -0.301750
v 3.198820 -0.050000 -0.293445
v 3.198820 0.050000 -0.293445
v 3.190068 -0.050000 -0.285059
v 3.190068 0.050000 -0.285059
v 3.181046 -0.050000 -0.276637
v 3.181046 0.050000 -0.276637
v 3.171805 -0.050000 -0.268222
v 3.171805 0.050000 -0.268222
v 3.162397 -0.050000 -0.259860
v 3.162397 0.050000 -0.259860
v 3.152874 -0.050000 -0.251594
v 3.152874 0.050000 -0.251594
v 3.143289 -0.050000 -0.243468
v 3.143289 0.050000 -0.243468
v 3.133694 -0.050000 -0.235528
v 3.133694 0.050000 -0.235528
v 3.124140 -0.050000 -0.227816
v 3.124140 0.050000 -0.227816
v 3.114680 -0.050000 -0.220378
v 3.114680 0.050000 -0.220378
v 3.105366 -0.050000 -0.213258
v 3.105366 0.050000 -0.213258
v 3.096251 -0.050000 -0.206500
v 3.096251 0.050000 -0.206500
v 3.100032 -0.050000 -0.201454
v 3.100032 0.050000 -0.201454
v 3.103876 -0.050000 -0.196441
v 3.103876 0.050000 -0.196441
v 3.107781 -0.050000 -0.191465
v 3.107781 0.050000 -0.191465
v 3.111751 -0.050000 -0.186528
v 3.111751 0.050000 -0.186528
v 3.115782 -0.050000 -0.181632
v 3.115782 0.050000 -0.181632
v 3.119875 -0.050000 -0.176781
v 3.119875 0.050000 -0.176781
v 3.124032 -0.050000 -0.171977
v 3.124032 0.050000 -0.171977
v 3.128250 -0.050000 -0.167222
v 3.128250 0.050000 -0.167222
v 3.132532 -0.050000 -0.162520
v 3.132532 0.050000 -0.162520
v 3.136875 -0.050000 -0.157872
v 3.136875 0.050000 -0.157872
v 3.141281 -0.050000 -0.153281
v 3.141281 0.050000 -0.153281
v 3.145750 -0.050000 -0.148750
v 3.145750 0.050000 -0.148750
v 3.155065 -0.050000 -0.156254
v 3.155065 0.050000 -0.156254
v 3.164580 -0.050000 -0.164097
v 3.164580 0.050000 -0.164097
v 3.174215 -0.050000 -0.172211
v 3.174215 0.050000 -0.172211
v 3.183889 -0.050000 -0.180528
v 3.183889 0.050000 -0.180528
v 3.193521 -0.050000 -0.188980
v 3.193521 0.050000 -0.188980
v 3.203032 -0.050000 -0.197500
v 3.203032 0.050000 -0.197500
v 3.212338 -0.050000 -0.206020
v 3.212338 0.050000 -0.206020
v 3.221361 -0.050000 -0.214472
v 3.221361 0.050000 -0.214472
v 3.230020 -0.050000 -0.222789
v 3.230020 0.050000 -0.222789
v 3.238233 -0.050000 -0.230903
v 3.238233 0.050000 -0.230903
v 3.245920 -0.050000 -0.238746
v 3.245920 0.050000 -0.238746
v 3.253000 -0.050000 -0.246250
v 3.253000 0.050000 -0.246250
v 3.295001 -0.050000 -0.216250
v 3.295001 0.050000 -0.216250
v 2.895250 -0.050000 0.080750
v 2.895250 0.050000 0.080750
v 2.895250 -0.050000 -0.019750
v 2.895250 0.050000 -0.019750
v 3.026500 -0.050000 -0.019750
v 3.026500 0.050000 -0.019750
v 3.026500 -0.050000 0.092000
v 3.026500 0.050000 0.092000
v 2.895250 -0.050000 0.092000
v 2.895250 0.050000 0.092000
v 3.793114 -0.050000 -0.031399
v 3.793114 0.050000 -0.031399
v 3.802792 -0.050000 -0.016941
v 3.802792 0.050000 -0.016941
v 3.812219 -0.050000 -0.002020
v 3.812219 0.050000 -0.002020
v 3.821333 -0.050000 0.013222
v 3.821333 0.050000 0.013222
v 3.830072 -0.050000 0.028641
v 3.830072 0.050000 0.028641
v 3.838375 -0.050000 0.044094
v 3.838375 0.050000 0.044094
v 3.846176 -0.050000 0.059437
v 3.846176 0.050000 0.059437
v 3.853416 -0.050000 0.074528
v 3.853416 0.050000 0.074528
v 3.860031 -0.050000 0.089223
v 3.860031 0.050000 0.089223
v 3.865958 -0.050000 0.103378
v 3.865958 0.050000 0.103378
v 3.871136 -0.050000 0.116852
v 3.871136 0.050000 0.116852
v 3.875500 -0.050000 0.129500
v 3.875500 0.050000 0.129500
v 3.827500 -0.050000 0.151250
v 3.827500 0.050000 0.151250
v 3.823653 -0.050000 0.138558
v 3.823653 0.050000 0.138558
v 3.818916 -0.050000 0.124962
v 3.818916 0.050000 0.124962
v 3.813366 -0.050000 0.110621
v 3.813366 0.050000 0.110621
v 3.807083 -0.050000 0.095694
v 3.807083 0.050000 0.095694
v 3.800143 -0.050000 0.080341
v 3.800143 0.050000 0.080341
v 3.792624 -0.050000 0.064719
v 3.792624 0.050000 0.064719
v 3.784607 -0.050000 0.048987
v 3.784607 0.050000 0.048987
v 3.776167 -0.050000 0.033306
v 3.776167 0.050000 0.033306
v 3.767383 -0.050000 0.017832
v 3.767383 0.050000 0.017832
v 3.758333 -0.050000 0.002726
v 3.758333 0.050000 0.002726
v 3.749096 -0.050000 -0.011855
v 3.749096 0.050000 -0.011855
v 3.739750 -0.050000 -0.025750
v 3.739750 0.050000 -0.025750
v 3.783250 -0.050000 -0.045250
v 3.783250 0.050000 -0.045250
v 3.632501 -0.050000 -0.044500
v 3.632501 0.050000 -0.044500
v 3.632501 -0.050000 -0.106750
v 3.632501 0.050000 -0.106750
v 3.483250 -0.050000 -0.106750
v 3.483250 0.050000 -0.106750
v 3.483250 -0.050000 -0.044500
v 3.483250 0.050000 -0.044500
v 3.632501 -0.050000 -0.211000
v 3.632501 0.050000 -0.211000
v 3.483250 -0.050000 -0.211000
v 3.483250 0.050000 -0.211000
v 3.483250 -0.050000 -0.149500
v 3.483250 0.050000 -0.149500
v 3.632501 -0.050000 -0.149500
v 3.632501 0.050000 -0.149500
v 3.632501 -0.050000 0.061250
v 3.632501 0.050000 0.061250
v 3.632501 -0.050000 -0.002500
v 3.632501 0.050000 -0.002500
v 3.483250 -0.050000 -0.002500
v 3.483250 0.050000 -0.002500
v 3.483250 -0.050000 0.061250
v 3.483250 0.050000 0.061250
v 3.432250 -0.050000 -0.256000
v 3.432250 0.050000 -0.256000
v 3.511000 -0.050000 -0.256000
v 3.511000 0.050000 -0.256000
v 3.513622 -0.050000 -0.262709
v 3.513622 0.050000 -0.262709
v 3.516226 -0.050000 -0.269674
v 3.516226 0.050000 -0.269674
v 3.518793 -0.050000 -0.276836
v 3.518793 0.050000 -0.276836
v 3.521305 -0.050000 -0.284139
v 3.521305 0.050000 -0.284139
v 3.523745 -0.050000 -0.291525
v 3.523745 0.050000 -0.291525
v 3.526094 -0.050000 -0.298938
v 3.526094 0.050000 -0.298938
v 3.528334 -0.050000 -0.306319
v 3.528334 0.050000 -0.306319
v 3.530445 -0.050000 -0.313611
v 3.530445 0.050000 -0.313611
v 3.532411 -0.050000 -0.320758
v 3.532411 0.050000 -0.320758
v 3.534212 -0.050000 -0.327701
v 3.534212 0.050000 -0.327701
v 3.535831 -0.050000 -0.334385
v 3.535831 0.050000 -0.334385
v 3.537251 -0.050000 -0.340750
v 3.537251 0.050000 -0.340750
v 3.595000 -0.050000 -0.332500
v 3.595000 0.050000 -0.332500
v 3.592518 -0.050000 -0.325910
v 3.592518 0.050000 -0.325910
v 3.589958 -0.050000 -0.319281
v 3.589958 0.050000 -0.319281
v 3.587337 -0.050000 -0.312637
v 3.587337 0.050000 -0.312637
v 3.584667 -0.050000 -0.306000
v 3.584667 0.050000 -0.306000
v 3.581966 -0.050000 -0.299395
v 3.581966 0.050000 -0.299395
v 3.579250 -0.050000 -0.292844
v 3.579250 0.050000 -0.292844
v 3.576534 -0.050000 -0.286371
v 3.576534 0.050000 -0.286371
v 3.573833 -0.050000 -0.280000
v 3.573833 0.050000 -0.280000
v 3.571164 -0.050000 -0.273754
v 3.571164 0.050000 -0.273754
v 3.568542 -0.050000 -0.267656
v 3.568542 0.050000 -0.267656
v 3.565982 -0.050000 -0.261731
v 3.565982 0.050000 -0.261731
v 3.563500 -0.050000 -0.256000
v 3.563500 0.050000 -0.256000
v 3.685000 -0.050000 -0.256000
v 3.685000 0.050000 -0.256000
v 3.685000 -0.050000 0.287000
v 3.685000 0.050000 0.287000
v 3.684841 -0.050000 0.294207
v 3.684841 0.050000 0.294207
v 3.684354 -0.050000 0.300847
v 3.684354 0.050000 0.300847
v 3.683523 -0.050000 0.306945
v 3.683523 0.050000 0.306945
v 3.682333 -0.050000 0.312528
v 3.682333 0.050000 0.312528
v 3.680768 -0.050000 0.317621
v 3.680768 0.050000 0.317621
v 3.678813 -0.050000 0.322250
v 3.678813 0.050000 0.322250
v 3.676451 -0.050000 0.326442
v 3.676451 0.050000 0.326442
v 3.673667 -0.050000 0.330222
v 3.673667 0.050000 0.330222
v 3.670445 -0.050000 0.333617
v 3.670445 0.050000 0.333617
v 3.666771 -0.050000 0.336653
v 3.666771 0.050000 0.336653
v 3.662628 -0.050000 0.339355
v 3.662628 0.050000 0.339355
v 3.658000 -0.050000 0.341750
v 3.658000 0.050000 0.341750
v 3.652467 -0.050000 0.343503
v 3.652467 0.050000 0.343503
v 3.646355 -0.050000 0.345021
v 3.646355 0.050000 0.345021
v 3.639649 -0.050000 0.346320
v 3.639649 0.050000 0.346320
v 3.632335 -0.050000 0.347417
v 3.632335 0.050000 0.347417
v 3.624394 -0.050000 0.348326
v 3.624394 0.050000 0.348326
v 3.615813 -0.050000 0.349063
v 3.615813 0.050000 0.349063
v 3.606577 -0.050000 0.349643
v 3.606577 0.050000 0.349643
v 3.596667 -0.050000 0.350083
v 3.596667 0.050000 0.350083
v 3.586071 -0.050000 0.350398
v 3.586071 0.050000 0.350398
v 3.574771 -0.050000 0.350604
v 3.574771 0.050000 0.350604
v 3.562753 -0.050000 0.350716
v 3.562753 0.050000 0.350716
v 3.550000 -0.050000 0.350750
v 3.550000 0.050000 0.350750
v 3.549145 -0.050000 0.347198
v 3.549145 0.050000 0.347198
v 3.548094 -0.050000 0.343333
v 3.548094 0.050000 0.343333
v 3.546871 -0.050000 0.339219
v 3.546871 0.050000 0.339219
v 3.545500 -0.050000 0.334917
v 3.545500 0.050000 0.334917
v 3.544004 -0.050000 0.330490
v 3.544004 0.050000 0.330490
v 3.542406 -0.050000 0.326000
v 3.542406 0.050000 0.326000
v 3.540730 -0.050000 0.321510
v 3.540730 0.050000 0.321510
v 3.539000 -0.050000 0.317083
v 3.539000 0.050000 0.317083
v 3.537238 -0.050000 0.312781
v 3.537238 0.050000 0.312781
v 3.535469 -0.050000 0.308667
v 3.535469 0.050000 0.308667
v 3.533715 -0.050000 0.304802
v 3.533715 0.050000 0.304802
v 3.532000 -0.050000 0.301250
v 3.532000 0.050000 0.301250
v 3.541503 -0.050000 0.301579
v 3.541503 0.050000 0.301579
v 3.550833 -0.050000 0.301823
v 3.550833 0.050000 0.301823
v 3.559914 -0.050000 0.301988
v 3.559914 0.050000 0.301988
v 3.568666 -0.050000 0.302083
v 3.568666 0.050000 0.302083
v 3.577013 -0.050000 0.302116
v 3.577013 0.050000 0.302116
v 3.584875 -0.050000 0.302094
v 3.584875 0.050000 0.302094
v 3.592175 -0.050000 0.302025
v 3.592175 0.050000 0.302025
v 3.598833 -0.050000 0.301917
v 3.598833 0.050000 0.301917
v 3.604774 -0.050000 0.301777
v 3.604774 0.050000 0.301777
v 3.609917 -0.050000 0.301615
v 3.609917 0.050000 0.301615
v 3.614185 -0.050000 0.301436
v 3.614185 0.050000 0.301436
v 3.617500 -0.050000 0.301250
v 3.617500 0.050000 0.301250
v 3.620159 -0.050000 0.301170
v 3.620159 0.050000 0.301170
v 3.622518 -0.050000 0.300924
v 3.622518 0.050000 0.300924
v 3.624590 -0.050000 0.300500
v 3.624590 0.050000 0.300500
v 3.626390 -0.050000 0.299889
v 3.626390 0.050000 0.299889
v 3.627928 -0.050000 0.299080
v 3.627928 0.050000 0.299080
v 3.629219 -0.050000 0.298063
v 3.629219 0.050000 0.298063
v 3.630276 -0.050000 0.296826
v 3.630276 0.050000 0.296826
v 3.631111 -0.050000 0.295361
v 3.631111 0.050000 0.295361
v 3.631739 -0.050000 0.293656
v 3.631739 0.050000 0.293656
v 3.632171 -0.050000 0.291701
v 3.632171 0.050000 0.291701
v 3.632421 -0.050000 0.289486
v 3.632421 0.050000 0.289486
v 3.632501 -0.050000 0.287000
v 3.632501 0.050000 0.287000
v 3.632501 -0.050000 0.111500
v 3.632501 0.050000 0.111500
v 3.631001 -0.050000 0.111500
v 3.631001 0.050000 0.111500
v 3.615844 -0.050000 0.132572
v 3.615844 0.050000 0.132572
v 3.599679 -0.050000 0.153017
v 3.599679 0.050000 0.153017
v 3.582591 -0.050000 0.172801
v 3.582591 0.050000 0.172801
v 3.564668 -0.050000 0.191889
v 3.564668 0.050000 0.191889
v 3.545995 -0.050000 0.210248
v 3.545995 0.050000 0.210248
v 3.526657 -0.050000 0.227844
v 3.526657 0.050000 0.227844
v 3.506742 -0.050000 0.244643
v 3.506742 0.050000 0.244643
v 3.486334 -0.050000 0.260611
v 3.486334 0.050000 0.260611
v 3.465520 -0.050000 0.275715
v 3.465520 0.050000 0.275715
v 3.444386 -0.050000 0.289920
v 3.444386 0.050000 0.289920
v 3.423017 -0.050000 0.303193
v 3.423017 0.050000 0.303193
v 3.401500 -0.050000 0.315500
v 3.401500 0.050000 0.315500
v 3.399385 -0.050000 0.312669
v 3.399385 0.050000 0.312669
v 3.396843 -0.050000 0.309479
v 3.396843 0.050000 0.309479
v 3.393940 -0.050000 0.306008
v 3.393940 0.050000 0.306008
v 3.390749 -0.050000 0.302333
v 3.390749 0.050000 0.302333
v 3.387339 -0.050000 0.298534
v 3.387339 0.050000 0.298534
v 3.383780 -0.050000 0.294687
v 3.383780 0.050000 0.294687
v 3.380144 -0.050000 0.290872
v 3.380144 0.050000 0.290872
v 3.376500 -0.050000 0.287167
v 3.376500 0.050000 0.287167
v 3.372918 -0.050000 0.283648
v 3.372918 0.050000 0.283648
v 3.369469 -0.050000 0.280396
v 3.369469 0.050000 0.280396
v 3.366223 -0.050000 0.277487
v 3.366223 0.050000 0.277487
v 3.363250 -0.050000 0.275000
v 3.363250 0.050000 0.275000
v 3.382864 -0.050000 0.265194
v 3.382864 0.050000 0.265194
v 3.402282 -0.050000 0.254556
v 3.402282 0.050000 0.254556
v 3.421434 -0.050000 0.243125
v 3.421434 0.050000 0.243125
v 3.440250 -0.050000 0.230944
v 3.440250 0.050000 0.230944
v 3.458660 -0.050000 0.218056
v 3.458660 0.050000 0.218056
v 3.476594 -0.050000 0.204500
v 3.476594 0.050000 0.204500
v 3.493980 -0.050000 0.190319
v 3.493980 0.050000 0.190319
v 3.510750 -0.050000 0.175556
v 3.510750 0.050000 0.175556
v 3.526832 -0.050000 0.160250
v 3.526832 0.050000 0.160250
v 3.542156 -0.050000 0.144444
v 3.542156 0.050000 0.144444
v 3.556653 -0.050000 0.128181
v 3.556653 0.050000 0.128181
v 3.570251 -0.050000 0.111500
v 3.570251 0.050000 0.111500
v 3.379000 -0.050000 0.111500
v 3.379000 0.050000 0.111500
v 3.379000 -0.050000 0.061250
v 3.379000 0.050000 0.061250
v 3.432250 -0.050000 0.061250
v 3.432250 0.050000 0.061250
v 3.976750 -0.050000 -0.166750
v 3.976750 0.050000 -0.166750
v 4.058500 -0.050000 -0.166750
v 4.058500 0.050000 -0.166750
v 4.058500 -0.050000 -0.112750
v 4.058500 0.050000 -0.112750
v 3.976750 -0.050000 -0.112750
v 3.976750 0.050000 -0.112750
v 3.976750 -0.050000 0.279500
v 3.976750 0.050000 0.279500
v 3.976559 -0.050000 0.287913
v 3.976559 0.050000 0.287913
v 3.975979 -0.050000 0.295556
v 3.975979 0.050000 0.295556
v 3.974991 -0.050000 0.302469
v 3.974991 0.050000 0.302469
v 3.973582 -0.050000 0.308694
v 3.973582 0.050000 0.308694
v 3.971736 -0.050000 0.314274
v 3.971736 0.050000 0.314274
v 3.969437 -0.050000 0.319250
v 3.969437 0.050000 0.319250
v 3.966669 -0.050000 0.323663
v 3.966669 0.050000 0.323663
v 3.963416 -0.050000 0.327556
v 3.963416 0.050000 0.327556
v 3.959664 -0.050000 0.330969
v 3.959664 0.050000 0.330969
v 3.955397 -0.050000 0.333944
v 3.955397 0.050000 0.333944
v 3.950597 -0.050000 0.336524
v 3.950597 0.050000 0.336524
v 3.945251 -0.050000 0.338750
v 3.945251 0.050000 0.338750
v 3.939308 -0.050000 0.341019
v 3.939308 0.050000 0.341019
v 3.932710 -0.050000 0.342965
v 3.932710 0.050000 0.342965
v 3.925424 -0.050000 0.344609
v 3.925424 0.050000 0.344609
v 3.917418 -0.050000 0.345972
v 3.917418 0.050000 0.345972
v 3.908663 -0.050000 0.347075
v 3.908663 0.050000 0.347075
v 3.899126 -0.050000 0.347937
v 3.899126 0.050000 0.347937
v 3.888777 -0.050000 0.348582
v 3.888777 0.050000 0.348582
v 3.877584 -0.050000 0.349028
v 3.877584 0.050000 0.349028
v 3.865517 -0.050000 0.349297
v 3.865517 0.050000 0.349297
v 3.852543 -0.050000 0.349410
v 3.852543 0.050000 0.349410
v 3.838631 -0.050000 0.349387
v 3.838631 0.050000 0.349387
v 3.823750 -0.050000 0.349250
v 3.823750 0.050000 0.349250
v 3.822894 -0.050000 0.345495
v 3.822894 0.050000 0.345495
v 3.821837 -0.050000 0.341399
v 3.821837 0.050000 0.341399
v 3.820598 -0.050000 0.337027
v 3.820598 0.050000 0.337027
v 3.819194 -0.050000 0.332444
v 3.819194 0.050000 0.332444
v 3.817645 -0.050000 0.327716
v 3.817645 0.050000 0.327716
v 3.815969 -0.050000 0.322906
v 3.815969 0.050000 0.322906
v 3.814182 -0.050000 0.318081
v 3.814182 0.050000 0.318081
v 3.812305 -0.050000 0.313306
v 3.812305 0.050000 0.313306
v 3.810356 -0.050000 0.308645
v 3.810356 0.050000 0.308645
v 3.808351 -0.050000 0.304163
v 3.808351 0.050000 0.304163
v 3.806310 -0.050000 0.299927
v 3.806310 0.050000 0.299927
v 3.804251 -0.050000 0.296000
v 3.804251 0.050000 0.296000
v 3.815767 -0.050000 0.296344
v 3.815767 0.050000 0.296344
v 3.827007 -0.050000 0.296628
v 3.827007 0.050000 0.296628
v 3.837883 -0.050000 0.296855
v 3.837883 0.050000 0.296855
v 3.848306 -0.050000 0.297028
v 3.848306 0.050000 0.297028
v 3.858187 -0.050000 0.297148
v 3.858187 0.050000 0.297148
v 3.867438 -0.050000 0.297219
v 3.867438 0.050000 0.297219
v 3.875971 -0.050000 0.297243
v 3.875971 0.050000 0.297243
v 3.883696 -0.050000 0.297222
v 3.883696 0.050000 0.297222
v 3.890525 -0.050000 0.297160
v 3.890525 0.050000 0.297160
v 3.896369 -0.050000 0.297059
v 3.896369 0.050000 0.297059
v 3.901140 -0.050000 0.296921
v 3.901140 0.050000 0.296921
v 3.904751 -0.050000 0.296750
v 3.904751 0.050000 0.296750
v 3.907955 -0.050000 0.296511
v 3.907955 0.050000 0.296511
v 3.910828 -0.050000 0.296149
v 3.910828 0.050000 0.296149
v 3.913376 -0.050000 0.295637
v 3.913376 0.050000 0.295637
v 3.915611 -0.050000 0.294944
v 3.915611 0.050000 0.294944
v 3.917545 -0.050000 0.294044
v 3.917545 0.050000 0.294044
v 3.919188 -0.050000 0.292906
v 3.919188 0.050000 0.292906
v 3.920549 -0.050000 0.291503
v 3.920549 0.050000 0.291503
v 3.921638 -0.050000 0.289806
v 3.921638 0.050000 0.289806
v 3.922468 -0.050000 0.287785
v 3.922468 0.050000 0.287785
v 3.923049 -0.050000 0.285413
v 3.923049 0.050000 0.285413
v 3.923389 -0.050000 0.282661
v 3.923389 0.050000 0.282661
v 3.923500 -0.050000 0.279500
v 3.923500 0.050000 0.279500
v 3.923500 -0.050000 -0.112750
v 3.923500 0.050000 -0.112750
v 3.713500 -0.050000 -0.112750
v 3.713500 0.050000 -0.112750
v 3.713500 -0.050000 -0.166750
v 3.713500 0.050000 -0.166750
v 3.923500 -0.050000 -0.166750
v 3.923500 0.050000 -0.166750
v 3.923500 -0.050000 -0.337000
v 3.923500 0.050000 -0.337000
v 3.976750 -0.050000 -0.337000
v 3.976750 0.050000 -0.337000
vn -0.0000 1.0000 -0.0000
vn -0.0000 -1.0000 -0.0000
vn 0.0001 1.0000 -0.0000
vn -0.0001 1.0000 -0.0000
vn 0.0001 -1.0000 -0.0000
vn -0.0001 -1.0000 -0.0000
vn 0.9103 -0.0000 0.4139
vn 0.9200 -0.0000 0.3918
vn 0.9008 -0.0000 0.4342
vn 0.8912 -0.0000 0.4535
vn 0.8814 -0.0000 0.4723
vn 0.8712 -0.0000 0.4910
vn 0.8602 -0.0000 0.5099
vn 0.8484 -0.0000 0.5294
vn 0.8353 -0.0000 0.5498
vn 0.8207 -0.0000 0.5714
vn 0.8040 -0.0000 0.5946
vn 0.9950 -0.0000 -0.0995
vn 0.6665 -0.0000 -0.7455
vn 0.6800 -0.0000 -0.7332
vn 0.6916 -0.0000 -0.7223
vn 0.7018 -0.0000 -0.7124
vn 0.7110 -0.0000 -0.7032
vn 0.7195 -0.0000 -0.6945
vn 0.7276 -0.0000 -0.6860
vn 0.7355 -0.0000 -0.6775
vn 0.7436 -0.0000 -0.6687
vn 0.7521 -0.0000 -0.6591
vn 0.7615 -0.0000 -0.6482
vn 0.9966 -0.0000 0.0823
vn -0.1031 -0.0000 0.9947
vn -0.7869 -0.0000 0.6171
vn -0.7757 -0.0000 0.6311
vn -0.7653 -0.0000 0.6437
vn -0.7553 -0.0000 0.6554
vn -0.7456 -0.0000 0.6664
vn -0.7358 -0.0000 0.6772
vn -0.7259 -0.0000 0.6878
vn -0.7155 -0.0000 0.6986
vn -0.7046 -0.0000 0.7096
vn -0.6928 -0.0000 0.7211
vn -0.6799 -0.0000 0.7333
vn 0.0351 -0.0000 0.9994
vn 0.7143 -0.0000 0.6998
vn 0.6956 -0.0000 0.7184
vn 0.6758 -0.0000 0.7371
vn 0.6547 -0.0000 0.7559
vn 0.6321 -0.0000 0.7749
vn 0.6077 -0.0000 0.7941
vn 0.5815 -0.0000 0.8136
vn 0.5530 -0.0000 0.8332
vn 0.5221 -0.0000 0.8529
vn 0.4885 -0.0000 0.8726
vn 0.4519 -0.0000 0.8921
vn -0.1794 -0.0000 0.9838
vn -0.9792 -0.0000 -0.2029
vn -0.4124 -0.0000 -0.9110
vn -0.9792 -0.0000 -0.2028
vn -0.4563 -0.0000 -0.8898
vn -0.4962 -0.0000 -0.8682
vn -0.5324 -0.0000 -0.8465
vn -0.5656 -0.0000 -0.8247
vn -0.5961 -0.0000 -0.8029
vn -0.6243 -0.0000 -0.7811
vn -0.6508 -0.0000 -0.7593
vn -0.6244 -0.0000 -0.7811
vn -0.6758 -0.0000 -0.7371
vn -0.6995 -0.0000 -0.7146
vn -0.6757 -0.0000 -0.7371
vn -0.7225 -0.0000 -0.6914
vn -0.7478 -0.0000 -0.6639
vn -0.7722 -0.0000 -0.6353
vn -0.7921 -0.0000 -0.6104
vn -0.8097 -0.0000 -0.5868
vn -0.8259 -0.0000 -0.5638
vn -0.8413 -0.0000 -0.5406
vn -0.8259 -0.0000 -0.5637
vn -0.8563 -0.0000 -0.5165
vn -0.8713 -0.0000 -0.4908
vn -0.8867 -0.0000 -0.4624
vn -0.9029 -0.0000 -0.4299
vn -0.9201 -0.0000 -0.3917
vn -0.9386 -0.0000 -0.3451
vn -0.8121 -0.0000 0.5835
vn -0.0000 -0.0000 1.0000
vn 0.0043 -0.0000 1.0000
vn 0.0157 -0.0000 0.9999
vn 0.0281 -0.0000 0.9996
vn 0.0378 -0.0000 0.9993
vn 0.0456 -0.0000 0.9990
vn 0.0520 -0.0000 0.9986
vn 0.0575 -0.0000 0.9983
vn 0.0623 -0.0000 0.9981
vn 0.0667 -0.0000 0.9978
vn 0.0709 -0.0000 0.9975
vn 0.0754 -0.0000 0.9972
vn 0.0813 -0.0000 0.9967
vn -0.6765 -0.0000 0.7364
vn 0.0812 -0.0000 0.9967
vn -0.6623 -0.0000 -0.7492
vn 0.1119 -0.0000 -0.9937
vn 0.0950 -0.0000 -0.9955
vn 0.0843 -0.0000 -0.9964
vn 0.0763 -0.0000 -0.9971
vn 0.0695 -0.0000 -0.9976
vn 0.0631 -0.0000 -0.9980
vn 0.0566 -0.0000 -0.9984
vn 0.0495 -0.0000 -0.9988
vn 0.0412 -0.0000 -0.9992
vn 0.0310 -0.0000 -0.9995
vn 0.0176 -0.0000 -0.9998
vn 0.0050 -0.0000 -1.0000
vn -0.0000 -0.0000 -1.0000
vn -0.0038 -0.0000 -1.0000
vn -0.0156 -0.0000 -0.9999
vn -0.0319 -0.0000 -0.9995
vn -0.0491 -0.0000 -0.9988
vn -0.0675 -0.0000 -0.9977
vn -0.0872 -0.0000 -0.9962
vn -0.1085 -0.0000 -0.9941
vn -0.1318 -0.0000 -0.9913
vn -0.1576 -0.0000 -0.9875
vn -0.1864 -0.0000 -0.9825
vn -0.2189 -0.0000 -0.9758
vn -0.2561 -0.0000 -0.9666
vn 0.1855 -0.0000 -0.9826
vn -0.2561 -0.0000 -0.9667
vn 0.9892 -0.0000 -0.1468
vn 0.8205 -0.0000 0.5717
vn 0.9891 -0.0000 -0.1469
vn 0.8346 -0.0000 0.5509
vn 0.8206 -0.0000 0.5715
vn 0.8447 -0.0000 0.5352
vn 0.8528 -0.0000 0.5222
vn 0.8600 -0.0000 0.5103
vn 0.8529 -0.0000 0.5221
vn 0.8667 -0.0000 0.4988
vn 0.8600 -0.0000 0.5104
vn 0.8733 -0.0000 0.4872
vn 0.8666 -0.0000 0.4989
vn 0.8802 -0.0000 0.4745
vn 0.8879 -0.0000 0.4601
vn 0.8966 -0.0000 0.4428
vn 0.9070 -0.0000 0.4211
vn 0.8965 -0.0000 0.4430
vn 0.9188 -0.0000 0.3946
vn 0.9069 -0.0000 0.4214
vn 0.9188 -0.0000 0.3947
vn -0.2674 -0.0000 -0.9636
vn -0.1357 -0.0000 -0.9907
vn -0.3918 -0.0000 -0.9200
vn -0.5072 -0.0000 -0.8618
vn -0.6125 -0.0000 -0.7905
vn -0.7071 -0.0000 -0.7071
vn -0.7905 -0.0000 -0.6125
vn -0.8619 -0.0000 -0.5072
vn -0.9200 -0.0000 -0.3918
vn -0.8618 -0.0000 -0.5072
vn -0.9636 -0.0000 -0.2674
vn -0.9907 -0.0000 -0.1357
vn -1.0000 -0.0000 -0.0007
vn -0.9910 -0.0000 0.1336
vn -0.9643 -0.0000 0.2648
vn -0.9207 -0.0000 0.3902
vn -0.8618 -0.0000 0.5072
vn -0.9208 -0.0000 0.3901
vn -0.7890 -0.0000 0.6144
vn -0.7038 -0.0000 0.7104
vn -0.7890 -0.0000 0.6143
vn -0.6074 -0.0000 0.7944
vn -0.5007 -0.0000 0.8656
vn -0.6073 -0.0000 0.7944
vn -0.3850 -0.0000 0.9229
vn -0.2615 -0.0000 0.9652
vn -0.1322 -0.0000 0.9912
vn -0.0007 -0.0000 1.0000
vn 0.1296 -0.0000 0.9916
vn 0.2571 -0.0000 0.9664
vn 0.3799 -0.0000 0.9250
vn 0.4957 -0.0000 0.8685
vn 0.6030 -0.0000 0.7977
vn 0.7005 -0.0000 0.7137
vn 0.7868 -0.0000 0.6172
vn 0.8605 -0.0000 0.5094
vn 0.9202 -0.0000 0.3915
vn 0.8605 -0.0000 0.5095
vn 0.9641 -0.0000 0.2655
vn 0.9201 -0.0000 0.3916
vn 0.9910 -0.0000 0.1339
vn 1.0000 -0.0000 -0.0007
vn 0.9910 -0.0000 0.1338
vn 0.9907 -0.0000 -0.1359
vn 0.9634 -0.0000 -0.2681
vn 0.9907 -0.0000 -0.1360
vn 0.9194 -0.0000 -0.3933
vn 0.8605 -0.0000 -0.5095
vn 0.9194 -0.0000 -0.3932
vn 0.7882 -0.0000 -0.6154
vn 0.8606 -0.0000 -0.5094
vn 0.7038 -0.0000 -0.7104
vn 0.6082 -0.0000 -0.7938
vn 0.5021 -0.0000 -0.8648
vn 0.6081 -0.0000 -0.7938
vn 0.3866 -0.0000 -0.9222
vn 0.2629 -0.0000 -0.9648
vn 0.1330 -0.0000 -0.9911
vn -0.0008 -0.0000 -1.0000
vn 0.2678 -0.0000 -0.9635
vn 0.1356 -0.0000 -0.9908
vn 0.3932 -0.0000 -0.9194
vn 0.5097 -0.0000 -0.8604
vn 0.3932 -0.0000 -0.9195
vn 0.6159 -0.0000 -0.7878
vn 0.7111 -0.0000 -0.7031
vn 0.7944 -0.0000 -0.6074
vn 0.8652 -0.0000 -0.5014
vn 0.9225 -0.0000 -0.3861
vn 0.9649 -0.0000 -0.2627
vn 0.9911 -0.0000 -0.1330
vn 1.0000 -0.0000 0.0001
vn 0.9911 -0.0000 0.1334
vn 1.0000 -0.0000 -0.0000
vn 0.9646 -0.0000 0.2639
vn 0.9911 -0.0000 0.1333
vn 0.9216 -0.0000 0.3882
vn 0.9646 -0.0000 0.2638
vn 0.8634 -0.0000 0.5045
vn 0.7915 -0.0000 0.6111
vn 0.7071 -0.0000 0.7071
vn 0.6111 -0.0000 0.7915
vn 0.5045 -0.0000 0.8634
vn 0.3882 -0.0000 0.9216
vn 0.2639 -0.0000 0.9646
vn 0.3883 -0.0000 0.9216
vn 0.1334 -0.0000 0.9911
vn -0.1330 -0.0000 0.9911
vn -0.2627 -0.0000 0.9649
vn -0.3861 -0.0000 0.9224
vn -0.5014 -0.0000 0.8652
vn -0.3861 -0.0000 0.9225
vn -0.7031 -0.0000 0.7111
vn -0.7878 -0.0000 0.6159
vn -0.8604 -0.0000 0.5097
vn -0.9195 -0.0000 0.3932
vn -0.8603 -0.0000 0.5097
vn -0.9635 -0.0000 0.2678
vn -0.9194 -0.0000 0.3932
vn -0.9908 -0.0000 0.1356
vn -1.0000 -0.0000 -0.0000
vn -0.9908 -0.0000 -0.1352
vn -1.0000 -0.0000 0.0001
vn -0.9638 -0.0000 -0.2666
vn -0.9204 -0.0000 -0.3911
vn -0.8622 -0.0000 -0.5066
vn -0.9204 -0.0000 -0.3910
vn -0.7907 -0.0000 -0.6122
vn -0.6122 -0.0000 -0.7907
vn -0.5066 -0.0000 -0.8622
vn -0.3911 -0.0000 -0.9204
vn -0.2667 -0.0000 -0.9638
vn -0.1352 -0.0000 -0.9908
vn -0.2666 -0.0000 -0.9638
vn -0.7485 -0.0000 -0.6631
vn -0.7347 -0.0000 -0.6784
vn -0.7577 -0.0000 -0.6525
vn -0.7640 -0.0000 -0.6452
vn -0.7578 -0.0000 -0.6525
vn -0.7683 -0.0000 -0.6401
vn -0.7709 -0.0000 -0.6369
vn -0.7724 -0.0000 -0.6352
vn -0.7710 -0.0000 -0.6369
vn -0.7727 -0.0000 -0.6348
vn -0.7724 -0.0000 -0.6351
vn -0.7719 -0.0000 -0.6358
vn -0.7698 -0.0000 -0.6382
vn -0.7664 -0.0000 -0.6424
vn -0.7516 -0.0000 -0.6596
vn -0.7126 -0.0000 -0.7015
vn -0.6488 -0.0000 -0.7610
vn -0.5594 -0.0000 -0.8289
vn -0.4376 -0.0000 -0.8992
vn -0.2806 -0.0000 -0.9598
vn -0.0958 -0.0000 -0.9954
vn 0.0973 -0.0000 -0.9953
vn 0.2755 -0.0000 -0.9613
vn 0.4233 -0.0000 -0.9060
vn 0.5372 -0.0000 -0.8434
vn 0.6218 -0.0000 -0.7832
vn 0.5373 -0.0000 -0.8434
vn 0.6753 -0.0000 -0.7376
vn 0.6964 -0.0000 -0.7177
vn 0.6752 -0.0000 -0.7376
vn 0.7024 -0.0000 -0.7118
vn 0.7073 -0.0000 -0.7069
vn 0.7114 -0.0000 -0.7028
vn 0.7148 -0.0000 -0.6993
vn 0.7178 -0.0000 -0.6963
vn 0.7203 -0.0000 -0.6936
vn 0.7226 -0.0000 -0.6912
vn 0.7247 -0.0000 -0.6891
vn 0.7265 -0.0000 -0.6871
vn 0.7283 -0.0000 -0.6853
vn 0.7288 -0.0000 -0.6848
vn 0.7293 -0.0000 -0.6842
vn 0.7287 -0.0000 -0.6848
vn 0.7308 -0.0000 -0.6826
vn 0.7319 -0.0000 -0.6814
vn 0.7326 -0.0000 -0.6806
vn 0.7330 -0.0000 -0.6802
vn 0.7332 -0.0000 -0.6800
vn 0.7331 -0.0000 -0.6802
vn 0.7333 -0.0000 -0.6800
vn 0.7329 -0.0000 -0.6803
vn 0.7324 -0.0000 -0.6809
vn 0.7316 -0.0000 -0.6818
vn 0.7304 -0.0000 -0.6830
vn 1.0000 -0.0000 0.0022
vn -0.0325 -0.0000 0.9995
vn -0.7686 -0.0000 0.6397
vn -0.7663 -0.0000 0.6424
vn -0.7643 -0.0000 0.6448
vn -0.7625 -0.0000 0.6469
vn -0.7609 -0.0000 0.6489
vn -0.7594 -0.0000 0.6506
vn -0.7580 -0.0000 0.6522
vn -0.7568 -0.0000 0.6537
vn -0.7581 -0.0000 0.6522
vn -0.7555 -0.0000 0.6551
vn -0.7543 -0.0000 0.6565
vn -0.7531 -0.0000 0.6579
vn -0.7505 -0.0000 0.6608
vn -0.7463 -0.0000 0.6656
vn -0.7421 -0.0000 0.6703
vn -0.7386 -0.0000 0.6742
vn -0.7354 -0.0000 0.6776
vn -0.7324 -0.0000 0.6809
vn -0.7294 -0.0000 0.6840
vn -0.7264 -0.0000 0.6873
vn -0.7295 -0.0000 0.6840
vn -0.7230 -0.0000 0.6908
vn -0.7191 -0.0000 0.6949
vn -0.7143 -0.0000 0.6999
vn -0.7077 -0.0000 0.7066
vn -0.7142 -0.0000 0.6999
vn -0.6910 -0.0000 0.7229
vn -0.6512 -0.0000 0.7589
vn -0.6910 -0.0000 0.7228
vn -0.5831 -0.0000 0.8124
vn -0.6513 -0.0000 0.7588
vn -0.4804 -0.0000 0.8771
vn -0.3309 -0.0000 0.9437
vn -0.1315 -0.0000 0.9913
vn 0.0975 -0.0000 0.9952
vn 0.3147 -0.0000 0.9492
vn 0.4869 -0.0000 0.8734
vn 0.6074 -0.0000 0.7944
vn 0.6863 -0.0000 0.7273
vn 0.7366 -0.0000 0.6763
vn 0.7673 -0.0000 0.6413
vn 0.7804 -0.0000 0.6253
vn 0.7837 -0.0000 0.6211
vn 0.7859 -0.0000 0.6183
vn 0.7873 -0.0000 0.6166
vn 0.7880 -0.0000 0.6157
vn 0.7881 -0.0000 0.6155
vn 0.7877 -0.0000 0.6161
vn 0.7867 -0.0000 0.6173
vn 0.7850 -0.0000 0.6195
vn 0.7824 -0.0000 0.6228
vn 0.7784 -0.0000 0.6278
vn 0.7823 -0.0000 0.6228
vn 0.7801 -0.0000 0.6257
vn 0.7872 -0.0000 0.6167
vn 0.7801 -0.0000 0.6256
vn 0.7926 -0.0000 0.6097
vn 0.7972 -0.0000 0.6037
vn 0.8011 -0.0000 0.5985
vn 0.8043 -0.0000 0.5942
vn 0.8011 -0.0000 0.5986
vn 0.8070 -0.0000 0.5905
vn 0.8093 -0.0000 0.5874
vn 0.8111 -0.0000 0.5850
vn 0.8124 -0.0000 0.5830
vn 0.8134 -0.0000 0.5818
vn 0.8124 -0.0000 0.5831
vn 0.8138 -0.0000 0.5812
vn 0.8133 -0.0000 0.5818
vn 0.0793 -0.0000 0.9969
vn -0.9991 -0.0000 -0.0422
vn 0.0792 -0.0000 0.9969
vn -0.6540 -0.0000 -0.7565
vn -0.9991 -0.0000 -0.0423
vn -0.6620 -0.0000 -0.7495
vn -0.6539 -0.0000 -0.7565
vn -0.6699 -0.0000 -0.7424
vn -0.6774 -0.0000 -0.7356
vn -0.6699 -0.0000 -0.7425
vn -0.6844 -0.0000 -0.7291
vn -0.6906 -0.0000 -0.7233
vn -0.6843 -0.0000 -0.7292
vn -0.6958 -0.0000 -0.7183
vn -0.6905 -0.0000 -0.7234
vn -0.7000 -0.0000 -0.7142
vn -0.7032 -0.0000 -0.7110
vn -0.7054 -0.0000 -0.7088
vn -0.7066 -0.0000 -0.7076
vn -0.7053 -0.0000 -0.7089
vn -0.7167 -0.0000 -0.6974
vn -0.0025 -0.0000 -1.0000
vn -0.0098 -0.0000 -1.0000
vn -0.0195 -0.0000 -0.9998
vn -0.0290 -0.0000 -0.9996
vn -0.0381 -0.0000 -0.9993
vn -0.0469 -0.0000 -0.9989
vn -0.0553 -0.0000 -0.9985
vn -0.0633 -0.0000 -0.9980
vn -0.0706 -0.0000 -0.9975
vn -0.0772 -0.0000 -0.9970
vn -0.0828 -0.0000 -0.9966
vn -0.0873 -0.0000 -0.9962
vn 0.6748 -0.0000 -0.7380
vn 0.6868 -0.0000 0.7268
vn 0.6749 -0.0000 -0.7380
vn -0.0607 -0.0000 0.9982
vn -0.0666 -0.0000 0.9978
vn -0.0686 -0.0000 0.9976
vn -0.0677 -0.0000 0.9977
vn -0.0648 -0.0000 0.9979
vn -0.0600 -0.0000 0.9982
vn -0.0537 -0.0000 0.9986
vn -0.0459 -0.0000 0.9989
vn -0.0366 -0.0000 0.9993
vn -0.0259 -0.0000 0.9997
vn -0.0136 -0.0000 0.9999
vn -0.0035 -0.0000 1.0000
vn 0.0015 -0.0000 1.0000
vn 0.0060 -0.0000 1.0000
vn 0.0119 -0.0000 0.9999
vn 0.0178 -0.0000 0.9998
vn 0.0238 -0.0000 0.9997
vn 0.0300 -0.0000 0.9996
vn 0.0365 -0.0000 0.9993
vn 0.0435 -0.0000 0.9991
vn 0.0512 -0.0000 0.9987
vn 0.0599 -0.0000 0.9982
vn 0.0699 -0.0000 0.9976
vn 0.0819 -0.0000 0.9966
vn -0.6751 -0.0000 0.7377
vn 0.0820 -0.0000 0.9966
vn -0.6838 -0.0000 -0.7297
vn 0.0633 -0.0000 -0.9980
vn 0.0597 -0.0000 -0.9982
vn 0.0557 -0.0000 -0.9984
vn 0.0514 -0.0000 -0.9987
vn 0.0467 -0.0000 -0.9989
vn 0.0415 -0.0000 -0.9991
vn 0.0360 -0.0000 -0.9994
vn 0.0299 -0.0000 -0.9996
vn 0.0234 -0.0000 -0.9997
vn 0.0162 -0.0000 -0.9999
vn 0.0084 -0.0000 -1.0000
vn 0.0022 -0.0000 -1.0000
vn 0.8205 -0.0000 0.5716
vn 0.9892 -0.0000 -0.1469
vn 0.8346 -0.0000 0.5508
vn 0.8448 -0.0000 0.5351
vn 0.8667 -0.0000 0.4989
vn 0.8802 -0.0000 0.4746
vn 0.8966 -0.0000 0.4429
vn 0.9070 -0.0000 0.4212
vn 0.9069 -0.0000 0.4212
vn -0.1462 -0.0000 -0.9893
vn -0.1430 -0.0000 -0.9897
vn -0.1485 -0.0000 -0.9889
vn -0.1502 -0.0000 -0.9887
vn -0.1516 -0.0000 -0.9884
vn -0.1526 -0.0000 -0.9883
vn -0.1535 -0.0000 -0.9882
vn -0.1542 -0.0000 -0.9880
vn -0.1547 -0.0000 -0.9880
vn -0.1552 -0.0000 -0.9879
vn -0.1556 -0.0000 -0.9878
vn -0.8203 -0.0000 -0.5720
vn -0.5697 -0.0000 0.8219
vn -0.8202 -0.0000 -0.5720
vn 0.1699 -0.0000 0.9855
vn 0.1810 -0.0000 0.9835
vn 0.1863 -0.0000 0.9825
vn 0.1916 -0.0000 0.9815
vn 0.1969 -0.0000 0.9804
vn 0.2020 -0.0000 0.9794
vn 0.2069 -0.0000 0.9784
vn 0.2114 -0.0000 0.9774
vn 0.2156 -0.0000 0.9765
vn 0.2192 -0.0000 0.9757
vn 0.2224 -0.0000 0.9750
vn 0.2250 -0.0000 0.9744
vn -0.5463 -0.0000 0.8376
vn -0.7836 -0.0000 -0.6213
vn -0.0466 -0.0000 -0.9989
vn -0.7835 -0.0000 -0.6213
vn -0.0534 -0.0000 -0.9986
vn -0.0605 -0.0000 -0.9982
vn -0.0677 -0.0000 -0.9977
vn -0.0750 -0.0000 -0.9972
vn -0.0823 -0.0000 -0.9966
vn -0.0896 -0.0000 -0.9960
vn -0.0968 -0.0000 -0.9953
vn -0.1039 -0.0000 -0.9946
vn -0.1108 -0.0000 -0.9938
vn -0.1175 -0.0000 -0.9931
vn -0.1152 -0.0000 -0.9933
vn -0.1153 -0.0000 -0.9933
vn -0.1250 -0.0000 -0.9922
vn -0.1320 -0.0000 -0.9912
vn -0.1373 -0.0000 -0.9905
vn -0.1415 -0.0000 -0.9899
vn -0.1450 -0.0000 -0.9894
vn -0.1478 -0.0000 -0.9890
vn -0.1503 -0.0000 -0.9886
vn -0.1524 -0.0000 -0.9883
vn -0.1543 -0.0000 -0.9880
vn -0.1560 -0.0000 -0.9878
vn -0.8208 -0.0000 -0.5712
vn -0.9805 -0.0000 0.1966
vn -0.9787 -0.0000 0.2053
vn -0.9752 -0.0000 0.2212
vn -0.9716 -0.0000 0.2364
vn -0.9680 -0.0000 0.2509
vn -0.9643 -0.0000 0.2646
vn -0.9680 -0.0000 0.2510
vn -0.9608 -0.0000 0.2774
vn -0.9644 -0.0000 0.2646
vn -0.9573 -0.0000 0.2891
vn -0.9608 -0.0000 0.2773
vn -0.9540 -0.0000 0.2998
vn -0.9510 -0.0000 0.3092
vn -0.9483 -0.0000 0.3175
vn -0.9510 -0.0000 0.3093
vn -0.9459 -0.0000 0.3245
vn -0.9482 -0.0000 0.3175
vn -0.8626 -0.0000 -0.5060
vn 0.6162 -0.0000 -0.7876
vn -0.8625 -0.0000 -0.5060
vn 0.9969 -0.0000 -0.0785
vn 0.9951 -0.0000 -0.0992
vn 0.9969 -0.0000 -0.0786
vn 0.9934 -0.0000 -0.1150
vn 0.9919 -0.0000 -0.1270
vn 0.9907 -0.0000 -0.1361
vn 0.9898 -0.0000 -0.1425
vn 0.9892 -0.0000 -0.1467
vn 0.9889 -0.0000 -0.1487
vn 0.9892 -0.0000 -0.1466
vn 0.9889 -0.0000 -0.1486
vn 0.9892 -0.0000 -0.1464
vn 0.9899 -0.0000 -0.1419
vn 0.9863 -0.0000 -0.1650
vn 0.5710 -0.0000 -0.8210
vn -0.1626 -0.0000 -0.9867
vn -0.1628 -0.0000 -0.9867
vn -0.1632 -0.0000 -0.9866
vn -0.1639 -0.0000 -0.9865
vn -0.1650 -0.0000 -0.9863
vn -0.1664 -0.0000 -0.9861
vn -0.1683 -0.0000 -0.9857
vn -0.1709 -0.0000 -0.9853
vn -0.1746 -0.0000 -0.9846
vn -0.1798 -0.0000 -0.9837
vn -0.1800 -0.0000 -0.9837
vn -0.1840 -0.0000 -0.9829
vn -0.1975 -0.0000 -0.9803
vn -0.2100 -0.0000 -0.9777
vn -0.2216 -0.0000 -0.9751
vn -0.2324 -0.0000 -0.9726
vn -0.2424 -0.0000 -0.9702
vn -0.2514 -0.0000 -0.9679
vn -0.2596 -0.0000 -0.9657
vn -0.2669 -0.0000 -0.9637
vn -0.2731 -0.0000 -0.9620
vn -0.2781 -0.0000 -0.9605
vn 0.5171 -0.0000 -0.8559
vn 0.8141 -0.0000 0.5807
vn 0.1314 -0.0000 0.9913
vn 0.1312 -0.0000 0.9914
vn 0.1315 -0.0000 0.9913
vn 0.1322 -0.0000 0.9912
vn 0.1333 -0.0000 0.9911
vn 0.1347 -0.0000 0.9909
vn 0.1365 -0.0000 0.9906
vn 0.1386 -0.0000 0.9903
vn 0.1412 -0.0000 0.9900
vn 0.1442 -0.0000 0.9895
vn 0.1478 -0.0000 0.9890
vn 0.1533 -0.0000 0.9882
vn 0.5668 -0.0000 -0.8238
vn -0.1849 -0.0000 -0.9828
vn -0.2023 -0.0000 -0.9793
vn -0.2040 -0.0000 -0.9790
vn -0.2063 -0.0000 -0.9785
vn -0.2092 -0.0000 -0.9779
vn -0.2127 -0.0000 -0.9771
vn -0.2171 -0.0000 -0.9762
vn -0.2222 -0.0000 -0.9750
vn -0.2283 -0.0000 -0.9736
vn -0.2353 -0.0000 -0.9719
vn -0.2435 -0.0000 -0.9699
vn -0.2528 -0.0000 -0.9675
vn 0.5320 -0.0000 -0.8468
vn 0.8020 -0.0000 0.5974
vn 0.5320 -0.0000 -0.8467
vn 0.1081 -0.0000 0.9941
vn 0.1190 -0.0000 0.9929
vn 0.1279 -0.0000 0.9918
vn 0.1351 -0.0000 0.9908
vn 0.1410 -0.0000 0.9900
vn 0.1458 -0.0000 0.9893
vn 0.1498 -0.0000 0.9887
vn 0.1530 -0.0000 0.9882
vn 0.1555 -0.0000 0.9878
vn 0.1575 -0.0000 0.9875
vn 0.1590 -0.0000 0.9873
vn 0.1581 -0.0000 0.9874
vn 0.8218 -0.0000 0.5697
vn 0.9761 -0.0000 -0.2171
vn 0.9722 -0.0000 -0.2343
vn 0.9761 -0.0000 -0.2172
vn 0.9720 -0.0000 -0.2349
vn 0.9721 -0.0000 -0.2344
vn 0.9716 -0.0000 -0.2367
vn 0.9709 -0.0000 -0.2395
vn 0.9700 -0.0000 -0.2433
vn 0.9687 -0.0000 -0.2482
vn 0.9671 -0.0000 -0.2542
vn 0.9652 -0.0000 -0.2616
vn 0.9628 -0.0000 -0.2703
vn 0.9599 -0.0000 -0.2804
vn 0.9563 -0.0000 -0.2924
vn 0.8570 -0.0000 0.5152
vn -0.5823 -0.0000 0.8130
vn 0.8570 -0.0000 0.5153
vn -0.9901 -0.0000 0.1401
vn -0.9907 -0.0000 0.1364
vn -0.9909 -0.0000 0.1348
vn -0.9908 -0.0000 0.1355
vn -0.9904 -0.0000 0.1386
vn -0.9896 -0.0000 0.1441
vn -0.9884 -0.0000 0.1520
vn -0.9867 -0.0000 0.1625
vn -0.9845 -0.0000 0.1753
vn -0.9817 -0.0000 0.1906
vn -0.9781 -0.0000 0.2080
vn -0.9791 -0.0000 0.2035
vn -0.9781 -0.0000 0.2081
vn -0.5702 -0.0000 0.8215
vn 0.1659 -0.0000 0.9861
vn 0.1660 -0.0000 0.9861
vn 0.1663 -0.0000 0.9861
vn 0.1667 -0.0000 0.9860
vn 0.1672 -0.0000 0.9859
vn 0.1678 -0.0000 0.9858
vn 0.1687 -0.0000 0.9857
vn 0.1714 -0.0000 0.9852
vn 0.1735 -0.0000 0.9848
vn 0.1765 -0.0000 0.9843
vn 0.1775 -0.0000 0.9841
vn 0.1771 -0.0000 0.9842
vn 0.1783 -0.0000 0.9840
vn 0.1805 -0.0000 0.9836
vn 0.1839 -0.0000 0.9829
vn 0.1886 -0.0000 0.9821
vn 0.1947 -0.0000 0.9809
vn 0.2026 -0.0000 0.9793
vn 0.2124 -0.0000 0.9772
vn 0.2243 -0.0000 0.9745
vn 0.2386 -0.0000 0.9711
vn 0.2555 -0.0000 0.9668
vn -0.5223 -0.0000 0.8528
vn -0.7913 -0.0000 -0.6114
vn -0.0576 -0.0000 -0.9983
vn -0.0692 -0.0000 -0.9976
vn -0.0788 -0.0000 -0.9969
vn -0.0947 -0.0000 -0.9955
vn -0.1018 -0.0000 -0.9948
vn -0.1088 -0.0000 -0.9941
vn -0.1159 -0.0000 -0.9933
vn -0.1234 -0.0000 -0.9924
vn -0.1317 -0.0000 -0.9913
vn -0.1411 -0.0000 -0.9900
vn -0.1437 -0.0000 -0.9896
vn 0.6749 -0.0000 -0.7379
vn -0.6751 -0.0000 0.7378
vn -0.1022 -0.0000 -0.9948
vn -0.1044 -0.0000 -0.9945
vn -0.1004 -0.0000 -0.9949
vn -0.0987 -0.0000 -0.9951
vn -0.0970 -0.0000 -0.9953
vn -0.0952 -0.0000 -0.9955
vn -0.0934 -0.0000 -0.9956
vn -0.0914 -0.0000 -0.9958
vn -0.0893 -0.0000 -0.9960
vn -0.0869 -0.0000 -0.9962
vn -0.0842 -0.0000 -0.9964
vn -0.0819 -0.0000 -0.9966
vn -0.0796 -0.0000 -0.9968
vn -0.0769 -0.0000 -0.9970
vn -0.0742 -0.0000 -0.9972
vn -0.0715 -0.0000 -0.9974
vn -0.0687 -0.0000 -0.9976
vn -0.0658 -0.0000 -0.9978
vn -0.0628 -0.0000 -0.9980
vn -0.0596 -0.0000 -0.9982
vn -0.0563 -0.0000 -0.9984
vn -0.0528 -0.0000 -0.9986
vn -0.0489 -0.0000 -0.9988
vn 0.6903 -0.0000 -0.7235
vn 0.7078 -0.0000 0.7064
vn 0.0046 -0.0000 1.0000
vn 0.0110 -0.0000 0.9999
vn 0.0196 -0.0000 0.9998
vn 0.0305 -0.0000 0.9995
vn 0.0440 -0.0000 0.9990
vn 0.0603 -0.0000 0.9982
vn 0.0803 -0.0000 0.9968
vn 0.1047 -0.0000 0.9945
vn 0.1350 -0.0000 0.9908
vn 0.1730 -0.0000 0.9849
vn 0.2217 -0.0000 0.9751
vn 0.3096 -0.0000 0.9509
vn 0.4262 -0.0000 0.9046
vn 0.5325 -0.0000 0.8464
vn 0.6250 -0.0000 0.7806
vn 0.7044 -0.0000 0.7098
vn 0.7719 -0.0000 0.6358
vn 0.8290 -0.0000 0.5593
vn 0.8772 -0.0000 0.4802
vn 0.9175 -0.0000 0.3978
vn 0.9505 -0.0000 0.3106
vn 0.9763 -0.0000 0.2166
vn 0.9936 -0.0000 0.1134
vn 0.9999 -0.0000 -0.0103
vn 0.9861 -0.0000 -0.1659
vn 0.9408 -0.0000 -0.3390
vn 0.9862 -0.0000 -0.1659
vn 0.8627 -0.0000 -0.5057
vn 0.7594 -0.0000 -0.6507
vn 0.6436 -0.0000 -0.7654
vn 0.5277 -0.0000 -0.8494
vn 0.4196 -0.0000 -0.9077
vn 0.3229 -0.0000 -0.9464
vn 0.2378 -0.0000 -0.9713
vn 0.1631 -0.0000 -0.9866
vn 0.0971 -0.0000 -0.9953
vn 0.8341 -0.0000 -0.5516
vn 0.5463 -0.0000 0.8376
vn -0.1197 -0.0000 0.9928
vn -0.2027 -0.0000 0.9792
vn -0.2888 -0.0000 0.9574
vn -0.3797 -0.0000 0.9251
vn -0.4763 -0.0000 0.8793
vn -0.5782 -0.0000 0.8159
vn -0.6828 -0.0000 0.7306
vn -0.7844 -0.0000 0.6203
vn -0.8747 -0.0000 0.4847
vn -0.9443 -0.0000 0.3290
vn -0.9865 -0.0000 0.1636
vn -0.9999 -0.0000 0.0149
vn -0.9951 -0.0000 -0.0992
vn -0.9809 -0.0000 -0.1948
vn -0.9586 -0.0000 -0.2849
vn -0.9295 -0.0000 -0.3688
vn -0.8948 -0.0000 -0.4464
vn -0.8553 -0.0000 -0.5181
vn -0.8116 -0.0000 -0.5843
vn -0.7635 -0.0000 -0.6458
vn -0.7109 -0.0000 -0.7033
vn -0.6526 -0.0000 -0.7577
vn -0.5872 -0.0000 -0.8094
vn -0.9405 -0.0000 0.3399
vn 0.1072 -0.0000 0.9942
vn -0.9405 -0.0000 0.3398
vn 0.1053 -0.0000 0.9944
vn 0.1054 -0.0000 0.9944
vn 0.1069 -0.0000 0.9943
vn 0.1098 -0.0000 0.9940
vn 0.1140 -0.0000 0.9935
vn 0.1198 -0.0000 0.9928
vn 0.1277 -0.0000 0.9918
vn 0.1384 -0.0000 0.9904
vn 0.1535 -0.0000 0.9881
vn 0.1759 -0.0000 0.9844
vn -0.5961 -0.0000 0.8029
vn -0.7522 -0.0000 -0.6590
vn -0.0314 -0.0000 -0.9995
vn -0.0364 -0.0000 -0.9993
vn -0.0416 -0.0000 -0.9991
vn -0.0468 -0.0000 -0.9989
vn -0.0522 -0.0000 -0.9986
vn -0.0578 -0.0000 -0.9983
vn -0.0637 -0.0000 -0.9980
vn -0.0701 -0.0000 -0.9975
vn -0.0851 -0.0000 -0.9964
vn -0.0942 -0.0000 -0.9956
vn -0.1023 -0.0000 -0.9948
vn -0.8967 -0.0000 0.4426
vn -0.3327 -0.0000 0.9430
vn -0.8914 -0.0000 0.4531
vn -0.8859 -0.0000 0.4639
vn -0.8800 -0.0000 0.4750
vn -0.8736 -0.0000 0.4866
vn -0.8668 -0.0000 0.4987
vn -0.8593 -0.0000 0.5115
vn -0.8511 -0.0000 0.5251
vn -0.8419 -0.0000 0.5396
vn -0.8317 -0.0000 0.5553
vn -0.8201 -0.0000 0.5723
vn -0.9633 -0.0000 -0.2684
vn 0.2779 -0.0000 -0.9606
vn 0.8291 -0.0000 -0.5592
vn 0.8362 -0.0000 -0.5484
vn 0.8424 -0.0000 -0.5389
vn 0.8480 -0.0000 -0.5300
vn 0.8533 -0.0000 -0.5214
vn 0.8587 -0.0000 -0.5125
vn 0.8642 -0.0000 -0.5032
vn 0.8701 -0.0000 -0.4929
vn 0.8766 -0.0000 -0.4812
vn 0.8840 -0.0000 -0.4675
vn 0.8926 -0.0000 -0.4508
vn 0.9438 -0.0000 0.3304
vn -0.8919 -0.0000 0.4521
vn -0.3242 -0.0000 0.9460
vn -0.8857 -0.0000 0.4643
vn -0.8792 -0.0000 0.4764
vn -0.8725 -0.0000 0.4886
vn -0.8656 -0.0000 0.5008
vn -0.8583 -0.0000 0.5132
vn -0.8506 -0.0000 0.5258
vn -0.8425 -0.0000 0.5387
vn -0.8339 -0.0000 0.5519
vn -0.8248 -0.0000 0.5654
vn -0.8150 -0.0000 0.5794
vn -0.9683 -0.0000 -0.2499
vn 0.2522 -0.0000 -0.9677
vn 0.8161 -0.0000 -0.5779
vn 0.8224 -0.0000 -0.5690
vn 0.8279 -0.0000 -0.5609
vn 0.8330 -0.0000 -0.5533
vn 0.8380 -0.0000 -0.5457
vn 0.8430 -0.0000 -0.5379
vn 0.8483 -0.0000 -0.5294
vn 0.8541 -0.0000 -0.5201
vn 0.8605 -0.0000 -0.5094
vn 0.8678 -0.0000 -0.4969
vn 0.8764 -0.0000 -0.4817
vn 0.9508 -0.0000 0.3097
vn 0.8433 -0.0000 -0.5374
vn 0.8250 -0.0000 -0.5651
vn 0.8592 -0.0000 -0.5117
vn 0.8732 -0.0000 -0.4874
vn 0.8858 -0.0000 -0.4641
vn 0.8975 -0.0000 -0.4411
vn 0.8858 -0.0000 -0.4640
vn 0.9085 -0.0000 -0.4179
vn 0.9191 -0.0000 -0.3940
vn 0.9296 -0.0000 -0.3686
vn 0.9402 -0.0000 -0.3406
vn 0.9512 -0.0000 -0.3087
vn 0.9017 -0.0000 0.4325
vn 0.9511 -0.0000 -0.3087
vn -0.4510 -0.0000 0.8925
vn 0.9017 -0.0000 0.4324
vn -0.9622 -0.0000 0.2724
vn -0.9508 -0.0000 0.3097
vn -0.9400 -0.0000 0.3412
vn -0.9296 -0.0000 0.3686
vn -0.9194 -0.0000 0.3933
vn -0.9092 -0.0000 0.4163
vn -0.8988 -0.0000 0.4383
vn -0.8879 -0.0000 0.4600
vn -0.8762 -0.0000 0.4819
vn -0.8633 -0.0000 0.5046
vn -0.8487 -0.0000 0.5288
vn -0.9481 -0.0000 -0.3180
vn 0.2961 -0.0000 -0.9551
vn 0.2961 -0.0000 -0.9552
vn 0.9010 -0.0000 -0.4339
vn 0.8868 -0.0000 -0.4622
vn 0.9131 -0.0000 -0.4077
vn 0.9238 -0.0000 -0.3829
vn 0.9335 -0.0000 -0.3587
vn 0.9424 -0.0000 -0.3346
vn 0.9508 -0.0000 -0.3099
vn 0.9588 -0.0000 -0.2839
vn 0.9508 -0.0000 -0.3100
vn 0.9667 -0.0000 -0.2557
vn 0.9588 -0.0000 -0.2840
vn 0.9746 -0.0000 -0.2241
vn 0.9667 -0.0000 -0.2558
vn 0.9823 -0.0000 -0.1873
vn 0.8551 -0.0000 0.5185
vn -0.5193 -0.0000 0.8546
vn -0.9830 -0.0000 0.1837
vn -0.9761 -0.0000 0.2172
vn -0.9830 -0.0000 0.1838
vn -0.9693 -0.0000 0.2458
vn -0.9625 -0.0000 0.2711
vn -0.9557 -0.0000 0.2943
vn -0.9625 -0.0000 0.2712
vn -0.9487 -0.0000 0.3162
vn -0.9557 -0.0000 0.2944
vn -0.9414 -0.0000 0.3374
vn -0.9335 -0.0000 0.3585
vn -0.9249 -0.0000 0.3802
vn -0.9152 -0.0000 0.4029
vn -0.9041 -0.0000 0.4273
vn -0.9146 -0.0000 -0.4044
vn 0.3854 -0.0000 -0.9227
vn 0.3854 -0.0000 -0.9228
vn 0.8612 -0.0000 0.5083
vn 0.8644 -0.0000 0.5029
vn 0.8578 -0.0000 0.5139
vn 0.8612 -0.0000 0.5082
vn 0.8541 -0.0000 0.5200
vn 0.8501 -0.0000 0.5266
vn 0.8457 -0.0000 0.5337
vn 0.8407 -0.0000 0.5416
vn 0.8350 -0.0000 0.5503
vn 0.8285 -0.0000 0.5600
vn 0.8210 -0.0000 0.5709
vn 0.8121 -0.0000 0.5835
vn 0.8917 -0.0000 -0.4527
vn 0.8122 -0.0000 0.5834
vn 0.7071 -0.0000 -0.7071
vn 0.8916 -0.0000 -0.4527
vn -0.7071 -0.0000 0.7071
vn -0.9702 -0.0000 -0.2424
vn -0.9727 -0.0000 0.2319
vn -0.9701 -0.0000 -0.2425
vn -0.8244 -0.0000 -0.5661
vn -0.8357 -0.0000 -0.5491
vn -0.8454 -0.0000 -0.5342
vn -0.8358 -0.0000 -0.5491
vn -0.8538 -0.0000 -0.5205
vn -0.8616 -0.0000 -0.5076
vn -0.8690 -0.0000 -0.4949
vn -0.8762 -0.0000 -0.4819
vn -0.8836 -0.0000 -0.4683
vn -0.8913 -0.0000 -0.4534
vn -0.8996 -0.0000 -0.4367
vn -0.9089 -0.0000 -0.4170
vn -0.3488 -0.0000 -0.9372
vn 0.9543 -0.0000 -0.2989
vn 0.6716 -0.0000 0.7410
vn 0.7410 -0.0000 -0.6715
vn 0.6716 -0.0000 0.7409
vn 0.7080 -0.0000 -0.7062
vn 0.7409 -0.0000 -0.6716
vn 1.0000 -0.0000 0.0027
vn 0.7083 -0.0000 -0.7059
vn 1.0000 -0.0000 0.0041
vn 1.0000 -0.0000 0.0033
vn 1.0000 -0.0000 0.0069
vn 1.0000 -0.0000 0.0042
vn 1.0000 -0.0000 0.0100
vn 1.0000 -0.0000 0.0068
vn 0.9999 -0.0000 0.0136
vn 1.0000 -0.0000 0.0099
vn 0.9998 -0.0000 0.0180
vn 0.9997 -0.0000 0.0235
vn 0.9995 -0.0000 0.0306
vn 0.9992 -0.0000 0.0400
vn 0.9986 -0.0000 0.0529
vn 0.9992 -0.0000 0.0399
vn 0.9974 -0.0000 0.0719
vn 0.9986 -0.0000 0.0528
vn 0.9978 -0.0000 0.0668
vn 0.9974 -0.0000 0.0718
vn 0.9986 -0.0000 0.0535
vn 0.9978 -0.0000 0.0667
vn 0.9981 -0.0000 0.0616
vn 0.9974 -0.0000 0.0725
vn 0.9962 -0.0000 0.0874
vn 0.9942 -0.0000 0.1074
vn 0.9909 -0.0000 0.1345
vn 0.9852 -0.0000 0.1714
vn 0.9751 -0.0000 0.2217
vn 0.9569 -0.0000 0.2905
vn 0.9235 -0.0000 0.3837
vn 0.8631 -0.0000 0.5051
vn 0.7886 -0.0000 0.6149
vn 0.8630 -0.0000 0.5051
vn 0.7310 -0.0000 0.6824
vn 0.6792 -0.0000 0.7340
vn 0.6177 -0.0000 0.7864
vn 0.6792 -0.0000 0.7339
vn 0.5479 -0.0000 0.8366
vn 0.6178 -0.0000 0.7864
vn 0.4723 -0.0000 0.8815
vn 0.3947 -0.0000 0.9188
vn 0.4722 -0.0000 0.8815
vn 0.3196 -0.0000 0.9476
vn 0.2505 -0.0000 0.9681
vn 0.1900 -0.0000 0.9818
vn 0.1394 -0.0000 0.9902
vn 0.0989 -0.0000 0.9951
vn 0.0898 -0.0000 0.9960
vn 0.0853 -0.0000 0.9964
vn 0.0615 -0.0000 0.9981
vn 0.0424 -0.0000 0.9991
vn 0.0264 -0.0000 0.9997
vn 0.0125 -0.0000 0.9999
vn 0.0001 -0.0000 1.0000
vn -0.0111 -0.0000 0.9999
vn -0.0217 -0.0000 0.9998
vn -0.0317 -0.0000 0.9995
vn -0.0416 -0.0000 0.9991
vn -0.0513 -0.0000 0.9987
vn -0.6880 -0.0000 0.7257
vn -0.9919 -0.0000 0.1267
vn -0.9871 -0.0000 0.1602
vn -0.9814 -0.0000 0.1919
vn -0.9748 -0.0000 0.2229
vn -0.9672 -0.0000 0.2540
vn -0.9582 -0.0000 0.2860
vn -0.9672 -0.0000 0.2539
vn -0.9475 -0.0000 0.3198
vn -0.9344 -0.0000 0.3563
vn -0.9182 -0.0000 0.3962
vn -0.8978 -0.0000 0.4404
vn -0.8716 -0.0000 0.4902
vn -0.8520 -0.0000 -0.5235
vn -0.8716 -0.0000 0.4901
vn 0.0680 -0.0000 -0.9977
vn -0.8520 -0.0000 -0.5236
vn 0.0573 -0.0000 -0.9984
vn 0.0478 -0.0000 -0.9989
vn 0.0392 -0.0000 -0.9992
vn 0.0315 -0.0000 -0.9995
vn 0.0245 -0.0000 -0.9997
vn 0.0184 -0.0000 -0.9998
vn 0.0129 -0.0000 -0.9999
vn 0.0082 -0.0000 -1.0000
vn 0.0043 -0.0000 -1.0000
vn 0.0015 -0.0000 -1.0000
vn 0.0216 -0.0000 -0.9998
vn 0.0267 -0.0000 -0.9996
vn -0.0107 -0.0000 -0.9999
vn -0.0595 -0.0000 -0.9982
vn -0.1206 -0.0000 -0.9927
vn -0.1943 -0.0000 -0.9809
vn -0.2789 -0.0000 -0.9603
vn -0.3702 -0.0000 -0.9289
vn -0.2788 -0.0000 -0.9603
vn -0.4628 -0.0000 -0.8864
vn -0.3703 -0.0000 -0.9289
vn -0.5502 -0.0000 -0.8350
vn -0.4629 -0.0000 -0.8864
vn -0.6273 -0.0000 -0.7788
vn -0.6914 -0.0000 -0.7225
vn -0.7586 -0.0000 -0.6515
vn -0.8502 -0.0000 -0.5264
vn -0.9232 -0.0000 -0.3842
vn -0.8503 -0.0000 -0.5264
vn -0.9583 -0.0000 -0.2859
vn -0.9760 -0.0000 -0.2180
vn -0.9854 -0.0000 -0.1701
vn -0.9908 -0.0000 -0.1355
vn -0.9939 -0.0000 -0.1100
vn -0.9959 -0.0000 -0.0909
vn -0.9971 -0.0000 -0.0764
vn -0.9979 -0.0000 -0.0653
vn -0.9984 -0.0000 -0.0566
vn -0.7255 -0.0000 0.6882
vn 0.6598 -0.0000 0.7515
vn 0.5907 -0.0000 0.8069
vn -0.8152 -0.0000 0.5792
vn -0.9885 -0.0000 -0.1515
vn -0.9901 -0.0000 -0.1405
vn -0.9914 -0.0000 -0.1310
vn -0.9925 -0.0000 -0.1225
vn -0.9934 -0.0000 -0.1146
vn -0.9943 -0.0000 -0.1068
vn -0.9958 -0.0000 -0.0913
vn -0.9966 -0.0000 -0.0829
vn -0.9973 -0.0000 -0.0738
vn -0.9980 -0.0000 -0.0636
vn -0.6863 -0.0000 -0.7274
vn -0.6862 -0.0000 -0.7274
vn 0.3628 -0.0000 0.9319
vn 0.3570 -0.0000 0.9341
vn 0.3687 -0.0000 0.9295
vn 0.3747 -0.0000 0.9271
vn 0.3808 -0.0000 0.9246
vn 0.3870 -0.0000 0.9221
vn 0.3934 -0.0000 0.9194
vn 0.4000 -0.0000 0.9165
vn 0.4067 -0.0000 0.9136
vn 0.4136 -0.0000 0.9104
vn 0.4208 -0.0000 0.9072
vn 0.8481 -0.0000 0.5299
vn 0.7126 -0.0000 0.7016
vn -0.7234 -0.0000 0.6905
vn -0.9991 -0.0000 -0.0428
vn -0.9994 -0.0000 -0.0360
vn -0.9995 -0.0000 -0.0304
vn -0.9997 -0.0000 -0.0257
vn -0.9998 -0.0000 -0.0217
vn -0.9998 -0.0000 -0.0181
vn -0.9999 -0.0000 -0.0149
vn -0.9999 -0.0000 -0.0119
vn -1.0000 -0.0000 -0.0089
vn -1.0000 -0.0000 -0.0061
vn -1.0000 -0.0000 -0.0031
vn -0.5113 -0.0000 0.8594
vn 0.4925 -0.0000 0.8703
vn 0.5230 -0.0000 0.8523
vn 0.5590 -0.0000 0.8291
vn 0.6012 -0.0000 0.7991
vn 0.6500 -0.0000 0.7599
vn 0.7054 -0.0000 0.7088
vn 0.7667 -0.0000 0.6420
vn 0.8313 -0.0000 0.5558
vn 0.8946 -0.0000 0.4468
vn 0.9493 -0.0000 0.3143
vn 0.9868 -0.0000 0.1622
vn 1.0000 -0.0000 -0.0028
vn 0.9822 -0.0000 -0.1879
vn 0.9193 -0.0000 -0.3935
vn 0.9822 -0.0000 -0.1878
vn 0.8060 -0.0000 -0.5919
vn 0.6589 -0.0000 -0.7522
vn 0.5066 -0.0000 -0.8622
vn 0.3710 -0.0000 -0.9286
vn 0.2605 -0.0000 -0.9655
vn 0.1746 -0.0000 -0.9846
vn 0.1094 -0.0000 -0.9940
vn 0.0609 -0.0000 -0.9981
vn 0.0258 -0.0000 -0.9997
vn 0.0010 -0.0000 -1.0000
vn -0.0177 -0.0000 -0.9998
vn -0.0336 -0.0000 -0.9994
vn -0.0480 -0.0000 -0.9988
vn -0.0614 -0.0000 -0.9981
vn -0.0741 -0.0000 -0.9972
vn -0.0865 -0.0000 -0.9963
vn -0.0988 -0.0000 -0.9951
vn -0.1113 -0.0000 -0.9938
vn -0.1241 -0.0000 -0.9923
vn -0.1377 -0.0000 -0.9905
vn -0.1523 -0.0000 -0.9883
vn 0.6576 -0.0000 -0.7534
vn 0.7412 -0.0000 0.6713
vn 0.1176 -0.0000 0.9931
vn 0.1061 -0.0000 0.9944
vn 0.0957 -0.0000 0.9954
vn 0.0860 -0.0000 0.9963
vn 0.0766 -0.0000 0.9971
vn 0.0674 -0.0000 0.9977
vn 0.0580 -0.0000 0.9983
vn 0.0482 -0.0000 0.9988
vn 0.0379 -0.0000 0.9993
vn 0.0266 -0.0000 0.9996
vn 0.0140 -0.0000 0.9999
vn -0.0060 -0.0000 1.0000
vn -0.0420 -0.0000 0.9991
vn -0.0929 -0.0000 0.9957
vn -0.1562 -0.0000 0.9877
vn -0.2347 -0.0000 0.9721
vn -0.4461 -0.0000 0.8950
vn -0.5774 -0.0000 0.8165
vn -0.7147 -0.0000 0.6995
vn -0.8397 -0.0000 0.5431
vn -0.7146 -0.0000 0.6995
vn -0.9329 -0.0000 0.3601
vn -0.9849 -0.0000 0.1731
vn -1.0000 -0.0000 -0.0012
vn -0.9858 -0.0000 -0.1677
vn -0.9451 -0.0000 -0.3268
vn -0.8849 -0.0000 -0.4658
vn -0.8152 -0.0000 -0.5792
vn -0.7448 -0.0000 -0.6673
vn -0.6795 -0.0000 -0.7337
vn -0.6221 -0.0000 -0.7830
vn -0.5735 -0.0000 -0.8192
vn -0.5338 -0.0000 -0.8456
vn -0.5025 -0.0000 -0.8646
vn -0.4792 -0.0000 -0.8777
vn -0.9221 -0.0000 -0.3869
vn -0.9394 -0.0000 0.3429
vn -0.8879 -0.0000 0.4601
vn -0.8191 -0.0000 0.5737
vn -0.7351 -0.0000 0.6780
vn -0.6399 -0.0000 0.7684
vn -0.5388 -0.0000 0.8425
vn -0.4365 -0.0000 0.8997
vn -0.3369 -0.0000 0.9415
vn -0.2427 -0.0000 0.9701
vn -0.1551 -0.0000 0.9879
vn -0.0746 -0.0000 0.9972
vn 0.0021 -0.0000 1.0000
vn 0.0788 -0.0000 0.9969
vn 0.1532 -0.0000 0.9882
vn 0.2225 -0.0000 0.9749
vn 0.2870 -0.0000 0.9579
vn 0.3470 -0.0000 0.9379
vn 0.4029 -0.0000 0.9152
vn 0.4554 -0.0000 0.8903
vn 0.5049 -0.0000 0.8632
vn 0.5519 -0.0000 0.8339
vn 0.5969 -0.0000 0.8023
vn 0.6403 -0.0000 0.7681
vn 0.6774 -0.0000 0.7356
vn 0.7033 -0.0000 0.7109
vn 0.7218 -0.0000 0.6921
vn 0.7484 -0.0000 0.6633
vn 0.7574 -0.0000 0.6530
vn 0.7639 -0.0000 0.6454
vn 0.7681 -0.0000 0.6403
vn 0.7703 -0.0000 0.6376
vn 0.7707 -0.0000 0.6372
vn 0.7694 -0.0000 0.6388
vn 0.7663 -0.0000 0.6425
vn 0.1178 -0.0000 0.9930
vn -0.9973 -0.0000 0.0741
vn -0.7144 -0.0000 -0.6997
vn -0.9972 -0.0000 0.0741
vn -0.7333 -0.0000 -0.6799
vn -0.7522 -0.0000 -0.6589
vn -0.7711 -0.0000 -0.6367
vn -0.7898 -0.0000 -0.6134
vn -0.8082 -0.0000 -0.5889
vn -0.8262 -0.0000 -0.5634
vn -0.8436 -0.0000 -0.5370
vn -0.8604 -0.0000 -0.5097
vn -0.8763 -0.0000 -0.4818
vn -0.8483 -0.0000 0.5296
vn -0.0019 -0.0000 1.0000
vn -0.8483 -0.0000 0.5295
vn -0.0070 -0.0000 1.0000
vn -0.0133 -0.0000 0.9999
vn -0.0191 -0.0000 0.9998
vn -0.0244 -0.0000 0.9997
vn -0.0296 -0.0000 0.9996
vn -0.0348 -0.0000 0.9994
vn -0.0401 -0.0000 0.9992
vn -0.0456 -0.0000 0.9990
vn -0.0514 -0.0000 0.9987
vn -0.0578 -0.0000 0.9983
vn -0.7309 -0.0000 0.6825
vn -0.6621 -0.0000 -0.7494
vn 0.1164 -0.0000 -0.9932
vn 0.1035 -0.0000 -0.9946
vn 0.0920 -0.0000 -0.9958
vn 0.0816 -0.0000 -0.9967
vn 0.0719 -0.0000 -0.9974
vn 0.0627 -0.0000 -0.9980
vn 0.0536 -0.0000 -0.9986
vn 0.0444 -0.0000 -0.9990
vn 0.0348 -0.0000 -0.9994
vn 0.0130 -0.0000 -0.9999
vn -0.0041 -0.0000 -1.0000
vn -0.5976 -0.0000 -0.8018
vn -0.9568 -0.0000 -0.2909
vn -0.9622 -0.0000 -0.2723
vn -0.9673 -0.0000 -0.2537
vn -0.9720 -0.0000 -0.2349
vn -0.9765 -0.0000 -0.2157
vn -0.9806 -0.0000 -0.1960
vn -0.9845 -0.0000 -0.1756
vn -0.9880 -0.0000 -0.1543
vn -0.9844 -0.0000 -0.1757
vn -0.9913 -0.0000 -0.1318
vn -0.9880 -0.0000 -0.1544
vn -0.9942 -0.0000 -0.1078
vn -0.9966 -0.0000 -0.0819
vn -0.9942 -0.0000 -0.1077
vn 0.7999 -0.0000 -0.6001
vn 0.9801 -0.0000 0.1986
vn 0.9793 -0.0000 0.2025
vn 0.9781 -0.0000 0.2080
vn 0.9766 -0.0000 0.2149
vn 0.9748 -0.0000 0.2231
vn 0.9726 -0.0000 0.2324
vn 0.9701 -0.0000 0.2426
vn 0.9673 -0.0000 0.2537
vn 0.9641 -0.0000 0.2654
vn 0.9673 -0.0000 0.2536
vn 0.9606 -0.0000 0.2778
vn 0.9568 -0.0000 0.2908
vn 0.7897 -0.0000 -0.6135
vn 0.9568 -0.0000 0.2907
vn -0.0621 -0.0000 -0.9981
vn -0.0696 -0.0000 -0.9976
vn -0.0777 -0.0000 -0.9970
vn -0.0866 -0.0000 -0.9962
vn -0.0963 -0.0000 -0.9954
vn -0.1069 -0.0000 -0.9943
vn -0.1186 -0.0000 -0.9929
vn -0.1314 -0.0000 -0.9913
vn -0.1455 -0.0000 -0.9894
vn -0.1610 -0.0000 -0.9869
vn 0.6497 -0.0000 -0.7602
vn 0.7539 -0.0000 0.6570
vn 0.1417 -0.0000 0.9899
vn 0.7539 -0.0000 0.6569
vn 0.1259 -0.0000 0.9920
vn 0.1119 -0.0000 0.9937
vn 0.0996 -0.0000 0.9950
vn 0.0887 -0.0000 0.9961
vn 0.0789 -0.0000 0.9969
vn 0.0700 -0.0000 0.9975
vn 0.0621 -0.0000 0.9981
vn 0.0549 -0.0000 0.9985
vn 0.0483 -0.0000 0.9988
vn 0.0423 -0.0000 0.9991
vn 0.5605 -0.0000 0.8281
vn 0.9087 -0.0000 0.4173
vn 0.5605 -0.0000 0.8282
vn 0.9002 -0.0000 0.4356
vn 0.9087 -0.0000 0.4174
vn 0.8916 -0.0000 0.4529
vn 0.8829 -0.0000 0.4696
vn 0.8740 -0.0000 0.4858
vn 0.8650 -0.0000 0.5018
vn 0.8740 -0.0000 0.4859
vn 0.8555 -0.0000 0.5178
vn 0.8650 -0.0000 0.5019
vn 0.8456 -0.0000 0.5339
vn 0.8350 -0.0000 0.5502
vn 0.8237 -0.0000 0.5671
vn 0.8113 -0.0000 0.5846
vn 0.7441 -0.0000 -0.6680
vn -0.4757 -0.0000 -0.8796
vn 0.7441 -0.0000 -0.6681
vn -0.4219 -0.0000 -0.9067
vn -0.3730 -0.0000 -0.9278
vn -0.3281 -0.0000 -0.9447
vn -0.2861 -0.0000 -0.9582
vn -0.2463 -0.0000 -0.9692
vn -0.2077 -0.0000 -0.9782
vn -0.1695 -0.0000 -0.9855
vn -0.1307 -0.0000 -0.9914
vn -0.0903 -0.0000 -0.9959
vn -0.0470 -0.0000 -0.9989
vn 0.0085 -0.0000 -1.0000
vn 0.0845 -0.0000 -0.9964
vn 0.1722 -0.0000 -0.9851
vn 0.2634 -0.0000 -0.9647
vn 0.3575 -0.0000 -0.9339
vn 0.4533 -0.0000 -0.8913
vn 0.5491 -0.0000 -0.8357
vn 0.6425 -0.0000 -0.7663
vn 0.8096 -0.0000 -0.5869
vn 0.8770 -0.0000 -0.4805
vn 0.9302 -0.0000 -0.3671
vn 0.3967 -0.0000 -0.9179
vn -0.4229 -0.0000 -0.9062
vn -0.4153 -0.0000 -0.9097
vn -0.4087 -0.0000 -0.9127
vn -0.4034 -0.0000 -0.9150
vn -0.3994 -0.0000 -0.9168
vn -0.3969 -0.0000 -0.9179
vn -0.3960 -0.0000 -0.9183
vn -0.3968 -0.0000 -0.9179
vn -0.4039 -0.0000 -0.9148
vn -0.4106 -0.0000 -0.9118
vn -0.4067 -0.0000 -0.9135
vn -0.4007 -0.0000 -0.9162
vn -0.4044 -0.0000 -0.9146
vn -0.4089 -0.0000 -0.9126
vn -0.4142 -0.0000 -0.9102
vn -0.4201 -0.0000 -0.9075
vn -0.4267 -0.0000 -0.9044
vn -0.4338 -0.0000 -0.9010
vn -0.4412 -0.0000 -0.8974
vn -0.4489 -0.0000 -0.8936
vn -0.4568 -0.0000 -0.8896
vn -0.4645 -0.0000 -0.8856
vn 0.3282 -0.0000 -0.9446
vn 0.9045 -0.0000 0.4265
vn 0.2815 -0.0000 0.9596
vn 0.2994 -0.0000 0.9541
vn 0.3141 -0.0000 0.9494
vn 0.3262 -0.0000 0.9453
vn 0.3364 -0.0000 0.9417
vn 0.3452 -0.0000 0.9385
vn 0.3526 -0.0000 0.9358
vn 0.3590 -0.0000 0.9333
vn 0.3646 -0.0000 0.9312
vn 0.3591 -0.0000 0.9333
vn 0.3695 -0.0000 0.9292
vn 0.3736 -0.0000 0.9276
vn 0.3694 -0.0000 0.9293
vn 0.3648 -0.0000 0.9311
vn 0.6761 -0.0000 0.7368
vn 0.6872 -0.0000 0.7264
vn 0.6873 -0.0000 0.7264
vn 0.6658 -0.0000 0.7461
vn 0.6562 -0.0000 0.7546
vn 0.6472 -0.0000 0.7623
vn 0.6385 -0.0000 0.7696
vn 0.6301 -0.0000 0.7765
vn 0.6218 -0.0000 0.7832
vn 0.6135 -0.0000 0.7897
vn 0.6051 -0.0000 0.7962
vn 0.5963 -0.0000 0.8027
vn 0.9994 -0.0000 0.0360
vn 0.5964 -0.0000 0.8027
vn 0.6379 -0.0000 -0.7701
vn 0.6166 -0.0000 -0.7873
vn 0.5947 -0.0000 -0.8039
vn 0.5721 -0.0000 -0.8202
vn 0.5488 -0.0000 -0.8360
vn 0.5248 -0.0000 -0.8512
vn 0.5488 -0.0000 -0.8359
vn 0.5000 -0.0000 -0.8660
vn 0.4745 -0.0000 -0.8803
vn 0.4482 -0.0000 -0.8940
vn 0.4210 -0.0000 -0.9070
vn 0.3931 -0.0000 -0.9195
vn 0.9863 -0.0000 -0.1649
vn 0.6750 -0.0000 0.7378
vn 0.7029 -0.0000 0.7113
vn 0.6751 -0.0000 0.7378
vn 0.7252 -0.0000 0.6886
vn 0.7438 -0.0000 0.6685
vn 0.7598 -0.0000 0.6501
vn 0.7742 -0.0000 0.6330
vn 0.7876 -0.0000 0.6162
vn 0.7742 -0.0000 0.6329
vn 0.8005 -0.0000 0.5994
vn 0.8134 -0.0000 0.5817
vn 0.8269 -0.0000 0.5624
vn 0.8415 -0.0000 0.5403
vn 0.8268 -0.0000 0.5624
vn 0.2856 -0.0000 0.9583
vn 0.8414 -0.0000 0.5403
vn -0.4315 -0.0000 0.9021
vn -0.4513 -0.0000 0.8924
vn -0.4707 -0.0000 0.8823
vn -0.4895 -0.0000 0.8720
vn -0.4706 -0.0000 0.8823
vn -0.5078 -0.0000 0.8615
vn -0.5255 -0.0000 0.8508
vn -0.5428 -0.0000 0.8398
vn -0.5597 -0.0000 0.8287
vn -0.5760 -0.0000 0.8174
vn -0.5919 -0.0000 0.8060
vn -0.5920 -0.0000 0.8060
vn 0.4387 -0.0000 0.8986
vn 1.0000 -0.0000 -0.0093
vn 0.9990 -0.0000 -0.0455
vn 0.9934 -0.0000 -0.1151
vn 0.9752 -0.0000 -0.2215
vn 0.9933 -0.0000 -0.1152
vn 0.9284 -0.0000 -0.3717
vn 0.9751 -0.0000 -0.2216
vn 0.8311 -0.0000 -0.5561
vn 0.9283 -0.0000 -0.3717
vn 0.4884 -0.0000 -0.8726
vn 0.3161 -0.0000 -0.9487
vn 0.1844 -0.0000 -0.9828
vn 0.0943 -0.0000 -0.9955
vn 0.0367 -0.0000 -0.9993
vn 0.0074 -0.0000 -1.0000
vn -0.0292 -0.0000 -0.9996
vn -0.3375 -0.0000 -0.9413
vn -0.5677 -0.0000 -0.8233
vn -0.7653 -0.0000 -0.6437
vn -0.5677 -0.0000 -0.8232
vn -0.8892 -0.0000 -0.4575
vn -0.9511 -0.0000 -0.3089
vn -0.9787 -0.0000 -0.2053
vn -0.9906 -0.0000 -0.1369
vn -0.9957 -0.0000 -0.0928
vn -0.9979 -0.0000 -0.0649
vn -0.9989 -0.0000 -0.0478
vn -0.4387 -0.0000 -0.8986
vn 0.5595 -0.0000 -0.8288
vn 0.5175 -0.0000 -0.8557
vn 0.5594 -0.0000 -0.8289
vn 0.4813 -0.0000 -0.8766
vn 0.4495 -0.0000 -0.8933
vn 0.4207 -0.0000 -0.9072
vn 0.4494 -0.0000 -0.8933
vn 0.3942 -0.0000 -0.9190
vn 0.3689 -0.0000 -0.9295
vn 0.3442 -0.0000 -0.9389
vn 0.3191 -0.0000 -0.9477
vn 0.2927 -0.0000 -0.9562
vn 0.2639 -0.0000 -0.9646
vn 0.8128 -0.0000 -0.5825
vn 0.9956 -0.0000 0.0937
vn 0.9906 -0.0000 0.1367
vn 0.9803 -0.0000 0.1973
vn 0.9598 -0.0000 0.2806
vn 0.9205 -0.0000 0.3909
vn 0.8498 -0.0000 0.5272
vn 0.7361 -0.0000 0.6769
vn 0.8497 -0.0000 0.5272
vn 0.5804 -0.0000 0.8143
vn 0.7360 -0.0000 0.6769
vn 0.4047 -0.0000 0.9145
vn 0.2394 -0.0000 0.9709
vn 0.1045 -0.0000 0.9945
vn 0.0230 -0.0000 0.9997
vn -0.0125 -0.0000 0.9999
vn -0.0579 -0.0000 0.9983
vn -0.1369 -0.0000 0.9906
vn -0.2452 -0.0000 0.9695
vn -0.3851 -0.0000 0.9229
vn -0.5481 -0.0000 0.8364
vn -0.7098 -0.0000 0.7044
vn -0.8403 -0.0000 0.5422
vn -0.9251 -0.0000 0.3797
vn -0.9706 -0.0000 0.2409
vn -0.9251 -0.0000 0.3796
vn -0.9910 -0.0000 0.1340
vn -0.9984 -0.0000 0.0565
vn -0.9999 -0.0000 0.0122
vn 0.6361 -0.0000 0.7716
vn 0.9733 -0.0000 0.2294
vn 0.9173 -0.0000 0.3983
vn 0.8724 -0.0000 0.4887
vn 0.8164 -0.0000 0.5775
vn 0.7510 -0.0000 0.6603
vn 0.6791 -0.0000 0.7340
vn 0.6045 -0.0000 0.7966
vn 0.5304 -0.0000 0.8477
vn 0.4595 -0.0000 0.8882
vn 0.3933 -0.0000 0.9194
vn -0.3453 -0.0000 0.9385
vn -0.8667 -0.0000 0.4988
vn -0.8423 -0.0000 0.5390
vn -0.8666 -0.0000 0.4989
vn -0.8215 -0.0000 0.5702
vn -0.8033 -0.0000 0.5955
vn -0.7868 -0.0000 0.6172
vn -0.7713 -0.0000 0.6365
vn -0.7562 -0.0000 0.6544
vn -0.7712 -0.0000 0.6365
vn -0.7409 -0.0000 0.6717
vn -0.7245 -0.0000 0.6893
vn -0.7062 -0.0000 0.7080
vn -0.6847 -0.0000 0.7289
vn -0.9815 -0.0000 -0.1914
vn -0.6846 -0.0000 0.7289
vn -0.3737 -0.0000 -0.9276
vn -0.9815 -0.0000 -0.1913
vn -0.4324 -0.0000 -0.9017
vn -0.4960 -0.0000 -0.8683
vn -0.5637 -0.0000 -0.8260
vn -0.6338 -0.0000 -0.7735
vn -0.7038 -0.0000 -0.7104
vn -0.7708 -0.0000 -0.6371
vn -0.8316 -0.0000 -0.5554
vn -0.9251 -0.0000 -0.3797
vn -0.9559 -0.0000 -0.2937
vn -0.7911 -0.0000 0.6117
vn -0.4553 -0.0000 0.8903
vn 0.5786 -0.0000 0.8156
vn 0.5650 -0.0000 0.8251
vn 0.5511 -0.0000 0.8345
vn 0.5369 -0.0000 0.8437
vn 0.5224 -0.0000 0.8527
vn 0.5076 -0.0000 0.8616
vn 0.4924 -0.0000 0.8703
vn 0.4770 -0.0000 0.8789
vn 0.4924 -0.0000 0.8704
vn 0.4611 -0.0000 0.8873
vn 0.4769 -0.0000 0.8789
vn 0.4448 -0.0000 0.8956
vn 0.4611 -0.0000 0.8874
vn 0.4282 -0.0000 0.9037
vn -0.2891 -0.0000 0.9573
vn -0.8435 -0.0000 0.5371
vn -0.8275 -0.0000 0.5615
vn -0.8435 -0.0000 0.5372
vn -0.8136 -0.0000 0.5814
vn -0.8012 -0.0000 0.5984
vn -0.7895 -0.0000 0.6137
vn -0.8012 -0.0000 0.5985
vn -0.7781 -0.0000 0.6281
vn -0.7895 -0.0000 0.6138
vn -0.7666 -0.0000 0.6421
vn -0.7666 -0.0000 0.6422
vn -0.7407 -0.0000 0.6718
vn -0.7543 -0.0000 0.6566
vn -0.7250 -0.0000 0.6887
vn -0.7059 -0.0000 0.7083
vn -0.9829 -0.0000 -0.1843
vn -0.4030 -0.0000 -0.9152
vn -0.4329 -0.0000 -0.9014
vn -0.4612 -0.0000 -0.8873
vn -0.4881 -0.0000 -0.8728
vn -0.5138 -0.0000 -0.8579
vn -0.5384 -0.0000 -0.8427
vn -0.5621 -0.0000 -0.8271
vn -0.5850 -0.0000 -0.8110
vn -0.6072 -0.0000 -0.7945
vn -0.6289 -0.0000 -0.7775
vn -0.6501 -0.0000 -0.7598
vn -0.9996 -0.0000 -0.0274
vn -0.6952 -0.0000 0.7188
vn -0.6848 -0.0000 0.7287
vn -0.6756 -0.0000 0.7372
vn -0.6674 -0.0000 0.7447
vn -0.6596 -0.0000 0.7516
vn -0.6523 -0.0000 0.7580
vn -0.6450 -0.0000 0.7642
vn -0.6377 -0.0000 0.7703
vn -0.6300 -0.0000 0.7766
vn -0.6219 -0.0000 0.7831
vn -0.6130 -0.0000 0.7901
vn -0.9998 -0.0000 0.0204
vn 0.5943 -0.0000 -0.8043
vn 0.6011 -0.0000 -0.7991
vn 0.6078 -0.0000 -0.7941
vn 0.6143 -0.0000 -0.7891
vn 0.6077 -0.0000 -0.7941
vn 0.6208 -0.0000 -0.7840
vn 0.6142 -0.0000 -0.7891
vn 0.6275 -0.0000 -0.7786
vn 0.6347 -0.0000 -0.7728
vn 0.6424 -0.0000 -0.7664
vn 0.6509 -0.0000 -0.7592
vn 0.6604 -0.0000 -0.7509
vn 0.6714 -0.0000 -0.7411
vn -0.0506 -0.0000 -0.9987
vn -0.7540 -0.0000 -0.6569
vn -0.7656 -0.0000 -0.6433
vn -0.7775 -0.0000 -0.6289
vn -0.7896 -0.0000 -0.6137
vn -0.8017 -0.0000 -0.5977
vn -0.7895 -0.0000 -0.6137
vn -0.8141 -0.0000 -0.5807
vn -0.8267 -0.0000 -0.5627
vn -0.8393 -0.0000 -0.5436
vn -0.8521 -0.0000 -0.5234
vn -0.8650 -0.0000 -0.5018
vn -0.8521 -0.0000 -0.5233
vn -0.8778 -0.0000 -0.4790
vn -0.8565 -0.0000 0.5162
vn -0.8778 -0.0000 -0.4789
vn -0.1054 -0.0000 -0.9944
vn 0.1179 -0.0000 -0.9930
vn -0.1053 -0.0000 -0.9944
vn 0.9312 -0.0000 -0.3645
vn 0.9005 -0.0000 0.4349
vn 0.8790 -0.0000 0.4768
vn 0.8562 -0.0000 0.5166
vn 0.8324 -0.0000 0.5541
vn 0.8563 -0.0000 0.5166
vn 0.8078 -0.0000 0.5895
vn 0.7824 -0.0000 0.6227
vn 0.7566 -0.0000 0.6539
vn 0.7825 -0.0000 0.6227
vn 0.7302 -0.0000 0.6832
vn 0.7036 -0.0000 0.7106
vn 0.6767 -0.0000 0.7363
vn 0.9350 -0.0000 -0.3546
vn -0.9282 -0.0000 -0.3721
vn 0.9351 -0.0000 -0.3545
vn -0.7056 -0.0000 0.7086
vn -0.9281 -0.0000 -0.3722
vn -0.7338 -0.0000 0.6793
vn -0.7603 -0.0000 0.6495
vn -0.7852 -0.0000 0.6193
vn -0.8085 -0.0000 0.5885
vn -0.8303 -0.0000 0.5573
vn -0.8507 -0.0000 0.5257
vn -0.8696 -0.0000 0.4937
vn -0.8873 -0.0000 0.4613
vn -0.9036 -0.0000 0.4284
vn -0.9186 -0.0000 0.3951
vn -0.9038 -0.0000 -0.4279
vn 0.4331 -0.0000 -0.9014
vn 0.9270 -0.0000 -0.3750
vn 0.4330 -0.0000 -0.9014
vn 0.9211 -0.0000 -0.3894
vn 0.9149 -0.0000 -0.4036
vn 0.9086 -0.0000 -0.4177
vn 0.9149 -0.0000 -0.4037
vn 0.9021 -0.0000 -0.4315
vn 0.8955 -0.0000 -0.4451
vn 0.8888 -0.0000 -0.4584
vn 0.8819 -0.0000 -0.4714
vn 0.8750 -0.0000 -0.4842
vn 0.8680 -0.0000 -0.4966
vn 0.8609 -0.0000 -0.5087
vn 0.8679 -0.0000 -0.4967
vn 0.1616 -0.0000 -0.9868
vn 0.8609 -0.0000 -0.5088
vn -0.6529 -0.0000 -0.7575
vn 0.1616 -0.0000 -0.9869
vn -0.6615 -0.0000 -0.7499
vn -0.6696 -0.0000 -0.7428
vn -0.6615 -0.0000 -0.7500
vn -0.6773 -0.0000 -0.7357
vn -0.6848 -0.0000 -0.7287
vn -0.6924 -0.0000 -0.7215
vn -0.7001 -0.0000 -0.7141
vn -0.7081 -0.0000 -0.7061
vn -0.7001 -0.0000 -0.7140
vn -0.7168 -0.0000 -0.6973
vn -0.7082 -0.0000 -0.7061
vn -0.7262 -0.0000 -0.6875
vn -0.7368 -0.0000 -0.6762
vn -0.1121 -0.0000 -0.9937
vn -0.7367 -0.0000 -0.6762
vn 0.9966 -0.0000 -0.0829
vn 0.6968 -0.0000 0.7172
vn 0.6871 -0.0000 0.7265
vn 0.6778 -0.0000 0.7352
vn 0.6688 -0.0000 0.7434
vn 0.6599 -0.0000 0.7513
vn 0.6511 -0.0000 0.7590
vn 0.6600 -0.0000 0.7513
vn 0.6421 -0.0000 0.7666
vn 0.6328 -0.0000 0.7743
vn 0.6231 -0.0000 0.7821
vn 0.6127 -0.0000 0.7903
vn 0.6015 -0.0000 0.7989
vn 0.9895 -0.0000 0.1444
vn 0.6014 -0.0000 0.7989
vn 0.7969 -0.0000 -0.6041
vn 0.7901 -0.0000 -0.6130
vn 0.7830 -0.0000 -0.6220
vn 0.7757 -0.0000 -0.6311
vn 0.7681 -0.0000 -0.6403
vn 0.7757 -0.0000 -0.6312
vn 0.7603 -0.0000 -0.6496
vn 0.7522 -0.0000 -0.6590
vn 0.7438 -0.0000 -0.6684
vn 0.7521 -0.0000 -0.6590
vn 0.7351 -0.0000 -0.6780
vn 0.7437 -0.0000 -0.6685
vn 0.7261 -0.0000 -0.6876
vn 0.7350 -0.0000 -0.6780
vn 0.7167 -0.0000 -0.6973
vn 0.7260 -0.0000 -0.6876
vn 0.0571 -0.0000 -0.9984
vn 0.7167 -0.0000 -0.6974
vn -0.6317 -0.0000 -0.7752
vn 0.0570 -0.0000 -0.9984
vn -0.6401 -0.0000 -0.7683
vn -0.6480 -0.0000 -0.7616
vn -0.6557 -0.0000 -0.7550
vn -0.6634 -0.0000 -0.7482
vn -0.6558 -0.0000 -0.7550
vn -0.6713 -0.0000 -0.7412
vn -0.6882 -0.0000 -0.7255
vn -0.6978 -0.0000 -0.7163
vn -0.7085 -0.0000 -0.7057
vn -0.7208 -0.0000 -0.6932
vn -0.0969 -0.0000 -0.9953
vn -0.7208 -0.0000 -0.6931
vn 0.9974 -0.0000 -0.0727
vn 0.8383 -0.0000 -0.5452
vn 0.8229 -0.0000 -0.5682
vn 0.8519 -0.0000 -0.5237
vn 0.8755 -0.0000 -0.4832
vn 0.8862 -0.0000 -0.4633
vn 0.8966 -0.0000 -0.4429
vn 0.9068 -0.0000 -0.4216
vn 0.9172 -0.0000 -0.3984
vn 0.9068 -0.0000 -0.4215
vn 0.9280 -0.0000 -0.3725
vn 0.9395 -0.0000 -0.3425
vn 0.9185 -0.0000 0.3954
vn -0.4128 -0.0000 0.9108
vn -0.9509 -0.0000 0.3096
vn -0.9386 -0.0000 0.3450
vn -0.9272 -0.0000 0.3745
vn -0.9165 -0.0000 0.4000
vn -0.9062 -0.0000 0.4228
vn -0.8961 -0.0000 0.4439
vn -0.8858 -0.0000 0.4640
vn -0.8752 -0.0000 0.4838
vn -0.8638 -0.0000 0.5038
vn -0.8514 -0.0000 0.5246
vn -0.8373 -0.0000 0.5467
vn -0.9614 -0.0000 -0.2750
vn 0.2622 -0.0000 -0.9650
vn -0.5639 -0.0000 -0.8259
vn -0.9341 -0.0000 -0.3571
vn -0.5639 -0.0000 -0.8258
vn -0.9390 -0.0000 -0.3438
vn -0.9435 -0.0000 -0.3314
vn -0.9391 -0.0000 -0.3438
vn -0.9476 -0.0000 -0.3195
vn -0.9435 -0.0000 -0.3313
vn -0.9514 -0.0000 -0.3079
vn -0.9551 -0.0000 -0.2962
vn -0.9587 -0.0000 -0.2843
vn -0.9624 -0.0000 -0.2717
vn -0.9588 -0.0000 -0.2842
vn -0.9661 -0.0000 -0.2582
vn -0.9624 -0.0000 -0.2716
vn -0.9699 -0.0000 -0.2433
vn -0.9661 -0.0000 -0.2581
vn -0.9740 -0.0000 -0.2266
vn -0.5686 -0.0000 -0.8226
vn -0.9740 -0.0000 -0.2265
vn 0.8606 -0.0000 -0.5093
vn 0.9343 -0.0000 0.3564
vn 0.9315 -0.0000 0.3636
vn 0.9290 -0.0000 0.3701
vn 0.9315 -0.0000 0.3637
vn 0.9267 -0.0000 0.3758
vn 0.9247 -0.0000 0.3807
vn 0.9229 -0.0000 0.3849
vn 0.9214 -0.0000 0.3886
vn 0.9229 -0.0000 0.3850
vn 0.9191 -0.0000 0.3940
vn 0.9201 -0.0000 0.3917
vn 0.9183 -0.0000 0.3958
vn 0.9178 -0.0000 0.3970
vn 0.8359 -0.0000 -0.5489
vn 0.9178 -0.0000 0.3971
vn 0.9999 -0.0000 0.0111
vn 0.9989 -0.0000 0.0477
vn 0.9946 -0.0000 0.1041
vn 0.9851 -0.0000 0.1718
vn 0.9679 -0.0000 0.2513
vn 0.9851 -0.0000 0.1719
vn 0.9398 -0.0000 0.3418
vn 0.9679 -0.0000 0.2514
vn 0.8976 -0.0000 0.4407
vn 0.8398 -0.0000 0.5430
vn 0.8977 -0.0000 0.4407
vn 0.7668 -0.0000 0.6419
vn 0.8398 -0.0000 0.5429
vn 0.6824 -0.0000 0.7310
vn 0.5926 -0.0000 0.8055
vn 0.5036 -0.0000 0.8639
vn 0.5925 -0.0000 0.8056
vn 0.3822 -0.0000 0.9241
vn 0.5036 -0.0000 0.8640
vn 0.2717 -0.0000 0.9624
vn 0.2157 -0.0000 0.9764
vn 0.2716 -0.0000 0.9624
vn 0.1693 -0.0000 0.9856
vn 0.2157 -0.0000 0.9765
vn 0.1310 -0.0000 0.9914
vn 0.0997 -0.0000 0.9950
vn 0.0742 -0.0000 0.9972
vn 0.0536 -0.0000 0.9986
vn 0.0370 -0.0000 0.9993
vn 0.0240 -0.0000 0.9997
vn 0.0138 -0.0000 0.9999
vn -0.6178 -0.0000 0.7863
vn -0.9687 -0.0000 0.2483
vn -0.9618 -0.0000 0.2736
vn -0.9557 -0.0000 0.2942
vn -0.9618 -0.0000 0.2737
vn -0.9501 -0.0000 0.3119
vn -0.9448 -0.0000 0.3278
vn -0.9501 -0.0000 0.3120
vn -0.9395 -0.0000 0.3425
vn -0.9341 -0.0000 0.3569
vn -0.9395 -0.0000 0.3424
vn -0.9284 -0.0000 0.3715
vn -0.9342 -0.0000 0.3568
vn -0.9221 -0.0000 0.3870
vn -0.9147 -0.0000 0.4042
vn -0.9056 -0.0000 0.4241
vn -0.9147 -0.0000 0.4041
vn -0.8377 -0.0000 -0.5461
vn 0.0304 -0.0000 -0.9995
vn 0.0221 -0.0000 -0.9998
vn 0.0145 -0.0000 -0.9999
vn 0.0005 -0.0000 -1.0000
vn -0.0061 -0.0000 -1.0000
vn -0.0128 -0.0000 -0.9999
vn -0.0198 -0.0000 -0.9998
vn -0.0275 -0.0000 -0.9996
vn -0.0367 -0.0000 -0.9993
vn -0.0430 -0.0000 -0.9991
vn -0.0670 -0.0000 -0.9978
vn -0.0431 -0.0000 -0.9991
vn -0.1522 -0.0000 -0.9883
vn -0.2614 -0.0000 -0.9652
vn -0.3947 -0.0000 -0.9188
vn -0.2615 -0.0000 -0.9652
vn -0.5445 -0.0000 -0.8388
vn -0.3948 -0.0000 -0.9188
vn -0.6929 -0.0000 -0.7210
vn -0.5444 -0.0000 -0.8388
vn -0.8181 -0.0000 -0.5751
vn -0.6928 -0.0000 -0.7212
vn -0.9067 -0.0000 -0.4219
vn -0.9596 -0.0000 -0.2813
vn -0.9067 -0.0000 -0.4217
vn -0.9864 -0.0000 -0.1642
vn -0.9974 -0.0000 -0.0721
vn -0.9999 -0.0000 -0.0161
vn -0.9974 -0.0000 -0.0722
vn -0.9999 -0.0000 -0.0162
vn 0.4561 -0.0000 0.8899
vn 0.7983 -0.0000 0.6022
vn 0.7708 -0.0000 0.6371
vn 0.7431 -0.0000 0.6692
vn 0.7152 -0.0000 0.6989
vn 0.7430 -0.0000 0.6692
vn 0.6872 -0.0000 0.7265
vn 0.6590 -0.0000 0.7521
vn 0.6306 -0.0000 0.7761
vn 0.6019 -0.0000 0.7986
vn 0.5727 -0.0000 0.8198
vn 0.5428 -0.0000 0.8398
vn 0.5121 -0.0000 0.8589
vn -0.2035 -0.0000 0.9791
vn -0.7917 -0.0000 0.6109
vn -0.7746 -0.0000 0.6324
vn -0.7611 -0.0000 0.6487
vn -0.7747 -0.0000 0.6323
vn -0.7496 -0.0000 0.6619
vn -0.7611 -0.0000 0.6486
vn -0.7391 -0.0000 0.6736
vn -0.7496 -0.0000 0.6618
vn -0.7290 -0.0000 0.6845
vn -0.7392 -0.0000 0.6735
vn -0.7184 -0.0000 0.6956
vn -0.7069 -0.0000 0.7074
vn -0.6934 -0.0000 0.7205
vn -0.7069 -0.0000 0.7073
vn -0.6768 -0.0000 0.7362
vn -0.6935 -0.0000 0.7205
vn -0.6546 -0.0000 0.7560
vn -0.6768 -0.0000 0.7361
vn -0.9932 -0.0000 -0.1163
vn -0.4639 -0.0000 -0.8859
vn -0.9932 -0.0000 -0.1162
vn -0.4966 -0.0000 -0.8680
vn -0.5280 -0.0000 -0.8492
vn -0.5586 -0.0000 -0.8295
vn -0.5884 -0.0000 -0.8086
vn -0.6176 -0.0000 -0.7865
vn -0.6465 -0.0000 -0.7629
vn -0.6752 -0.0000 -0.7376
vn -0.7324 -0.0000 -0.6809
vn -0.7610 -0.0000 -0.6488
vn -0.9033 -0.0000 0.4291
vn -0.9033 -0.0000 0.4290
vn 0.9999 -0.0000 0.0114
vn 0.9988 -0.0000 0.0492
vn 0.9941 -0.0000 0.1086
vn 0.9988 -0.0000 0.0493
vn 0.9834 -0.0000 0.1812
vn 0.9635 -0.0000 0.2677
vn 0.9300 -0.0000 0.3674
vn 0.8793 -0.0000 0.4764
vn 0.9301 -0.0000 0.3674
vn 0.8091 -0.0000 0.5876
vn 0.6237 -0.0000 0.7816
vn 0.5236 -0.0000 0.8520
vn 0.6238 -0.0000 0.7816
vn 0.4294 -0.0000 0.9031
vn 0.3706 -0.0000 0.9288
vn 0.3201 -0.0000 0.9474
vn 0.2516 -0.0000 0.9678
vn 0.3200 -0.0000 0.9474
vn 0.1940 -0.0000 0.9810
vn 0.1464 -0.0000 0.9892
vn 0.1075 -0.0000 0.9942
vn 0.0761 -0.0000 0.9971
vn 0.0510 -0.0000 0.9987
vn 0.0311 -0.0000 0.9995
vn 0.0155 -0.0000 0.9999
vn 0.0035 -0.0000 1.0000
vn -0.0054 -0.0000 1.0000
vn -0.6271 -0.0000 0.7789
vn -0.9717 -0.0000 0.2361
vn -0.9652 -0.0000 0.2613
vn -0.9592 -0.0000 0.2829
vn -0.9653 -0.0000 0.2613
vn -0.9533 -0.0000 0.3021
vn -0.9592 -0.0000 0.2828
vn -0.9473 -0.0000 0.3202
vn -0.9411 -0.0000 0.3382
vn -0.9473 -0.0000 0.3203
vn -0.9343 -0.0000 0.3565
vn -0.9267 -0.0000 0.3759
vn -0.9177 -0.0000 0.3972
vn -0.9267 -0.0000 0.3758
vn -0.9069 -0.0000 0.4213
vn -0.9178 -0.0000 0.3971
vn -0.8934 -0.0000 0.4493
vn -0.8479 -0.0000 -0.5302
vn 0.0276 -0.0000 -0.9996
vn 0.0231 -0.0000 -0.9997
vn 0.0187 -0.0000 -0.9998
vn 0.0143 -0.0000 -0.9999
vn 0.0099 -0.0000 -1.0000
vn 0.0052 -0.0000 -1.0000
vn 0.0001 -0.0000 -1.0000
vn -0.0059 -0.0000 -1.0000
vn -0.0132 -0.0000 -0.9999
vn -0.0231 -0.0000 -0.9997
vn -0.0609 -0.0000 -0.9981
vn -0.0997 -0.0000 -0.9950
vn -0.1612 -0.0000 -0.9869
vn -0.2469 -0.0000 -0.9691
vn -0.1611 -0.0000 -0.9869
vn -0.3598 -0.0000 -0.9330
vn -0.2468 -0.0000 -0.9691
vn -0.4976 -0.0000 -0.8674
vn -0.6466 -0.0000 -0.7629
vn -0.8870 -0.0000 -0.4618
vn -0.9508 -0.0000 -0.3098
vn -0.9835 -0.0000 -0.1807
vn -0.9508 -0.0000 -0.3097
vn -0.9969 -0.0000 -0.0789
vn -0.9835 -0.0000 -0.1806
vn -0.9998 -0.0000 -0.0174
vn -0.9969 -0.0000 -0.0791
vn -0.9998 -0.0000 -0.0175
vt 0.991597 0.000000
vt 1.000000 0.000000
vt 0.995798 0.000000
vt 0.705882 0.000000
vt 0.983193 0.000000
vt 0.987395 0.000000
vt 0.710084 0.000000
vt 0.714286 0.000000
vt 0.978992 0.000000
vt 0.974790 0.000000
vt 0.718487 0.000000
vt 0.722689 0.000000
vt 0.697479 0.000000
vt 0.596639 0.000000
vt 0.701681 0.000000
vt 0.600840 0.000000
vt 0.693277 0.000000
vt 0.605042 0.000000
vt 0.689076 0.000000
vt 0.609244 0.000000
vt 0.684874 0.000000
vt 0.613445 0.000000
vt 0.680672 0.000000
vt 0.617647 0.000000
vt 0.676471 0.000000
vt 0.621849 0.000000
vt 0.672269 0.000000
vt 0.626050 0.000000
vt 0.668067 0.000000
vt 0.630252 0.000000
vt 0.663866 0.000000
vt 0.634454 0.000000
vt 0.659664 0.000000
vt 0.638655 0.000000
vt 0.655462 0.000000
vt 0.642857 0.000000
vt 0.651260 0.000000
vt 0.647059 0.000000
vt 0.970588 0.000000
vt 0.726891 0.000000
vt 0.966387 0.000000
vt 0.962185 0.000000
vt 0.957983 0.000000
vt 0.731092 0.000000
vt 0.953781 0.000000
vt 0.949580 0.000000
vt 0.945378 0.000000
vt 0.941176 0.000000
vt 0.936975 0.000000
vt 0.735294 0.000000
vt 0.932773 0.000000
vt 0.869748 0.000000
vt 0.878151 0.000000
vt 0.873950 0.000000
vt 0.928571 0.000000
vt 0.882353 0.000000
vt 0.924370 0.000000
vt 0.886555 0.000000
vt 0.920168 0.000000
vt 0.890756 0.000000
vt 0.915966 0.000000
vt 0.894958 0.000000
vt 0.911765 0.000000
vt 0.899160 0.000000
vt 0.907563 0.000000
vt 0.903361 0.000000
vt 0.865546 0.000000
vt 0.739496 0.000000
vt 0.861345 0.000000
vt 0.857143 0.000000
vt 0.743697 0.000000
vt 0.852941 0.000000
vt 0.747899 0.000000
vt 0.848740 0.000000
vt 0.752101 0.000000
vt 0.844538 0.000000
vt 0.756303 0.000000
vt 0.760504 0.000000
vt 0.840336 0.000000
vt 0.764706 0.000000
vt 0.836134 0.000000
vt 0.768908 0.000000
vt 0.773109 0.000000
vt 0.831933 0.000000
vt 0.777311 0.000000
vt 0.781513 0.000000
vt 0.827731 0.000000
vt 0.785714 0.000000
vt 0.789916 0.000000
vt 0.823529 0.000000
vt 0.794118 0.000000
vt 0.798319 0.000000
vt 0.802521 0.000000
vt 0.806723 0.000000
vt 0.810924 0.000000
vt 0.819328 0.000000
vt 0.815126 0.000000
vt 0.100840 0.000000
vt 0.109244 0.000000
vt 0.105042 0.000000
vt 0.096639 0.000000
vt 0.113445 0.000000
vt 0.092437 0.000000
vt 0.117647 0.000000
vt 0.088235 0.000000
vt 0.121849 0.000000
vt 0.084034 0.000000
vt 0.126050 0.000000
vt 0.079832 0.000000
vt 0.130252 0.000000
vt 0.134454 0.000000
vt 0.075630 0.000000
vt 0.138655 0.000000
vt 0.071429 0.000000
vt 0.142857 0.000000
vt 0.067227 0.000000
vt 0.147059 0.000000
vt 0.063025 0.000000
vt 0.151261 0.000000
vt 0.058824 0.000000
vt 0.155462 0.000000
vt 0.054622 0.000000
vt 0.159664 0.000000
vt 0.592437 0.000000
vt 0.021008 0.000000
vt 0.050420 0.000000
vt 0.163866 0.000000
vt 0.016807 0.000000
vt 0.168067 0.000000
vt 0.025210 0.000000
vt 0.029412 0.000000
vt 0.008403 0.000000
vt 0.004202 0.000000
vt 0.012605 0.000000
vt 0.000000 0.000000
vt 0.042017 0.000000
vt 0.037815 0.000000
vt 0.046218 0.000000
vt 0.033613 0.000000
vt 0.584034 0.000000
vt 0.588235 0.000000
vt 0.579832 0.000000
vt 0.428571 0.000000
vt 0.424370 0.000000
vt 0.575630 0.000000
vt 0.432773 0.000000
vt 0.420168 0.000000
vt 0.571429 0.000000
vt 0.436975 0.000000
vt 0.567227 0.000000
vt 0.441176 0.000000
vt 0.563025 0.000000
vt 0.445378 0.000000
vt 0.558824 0.000000
vt 0.554622 0.000000
vt 0.449580 0.000000
vt 0.550420 0.000000
vt 0.453782 0.000000
vt 0.546219 0.000000
vt 0.457983 0.000000
vt 0.542017 0.000000
vt 0.537815 0.000000
vt 0.462185 0.000000
vt 0.533613 0.000000
vt 0.466387 0.000000
vt 0.529412 0.000000
vt 0.525210 0.000000
vt 0.470588 0.000000
vt 0.521008 0.000000
vt 0.516807 0.000000
vt 0.512605 0.000000
vt 0.415966 0.000000
vt 0.172269 0.000000
vt 0.508403 0.000000
vt 0.411765 0.000000
vt 0.474790 0.000000
vt 0.504202 0.000000
vt 0.407563 0.000000
vt 0.403361 0.000000
vt 0.176471 0.000000
vt 0.500000 0.000000
vt 0.399160 0.000000
vt 0.394958 0.000000
vt 0.390756 0.000000
vt 0.495798 0.000000
vt 0.386555 0.000000
vt 0.382353 0.000000
vt 0.378151 0.000000
vt 0.180672 0.000000
vt 0.373950 0.000000
vt 0.369748 0.000000
vt 0.315126 0.000000
vt 0.323529 0.000000
vt 0.319328 0.000000
vt 0.365546 0.000000
vt 0.361345 0.000000
vt 0.327731 0.000000
vt 0.357143 0.000000
vt 0.352941 0.000000
vt 0.331933 0.000000
vt 0.348740 0.000000
vt 0.336134 0.000000
vt 0.344538 0.000000
vt 0.340336 0.000000
vt 0.491597 0.000000
vt 0.487395 0.000000
vt 0.483193 0.000000
vt 0.478992 0.000000
vt 0.310924 0.000000
vt 0.184874 0.000000
vt 0.306723 0.000000
vt 0.189076 0.000000
vt 0.302521 0.000000
vt 0.298319 0.000000
vt 0.193277 0.000000
vt 0.294118 0.000000
vt 0.197479 0.000000
vt 0.289916 0.000000
vt 0.201681 0.000000
vt 0.205882 0.000000
vt 0.285714 0.000000
vt 0.210084 0.000000
vt 0.281513 0.000000
vt 0.214286 0.000000
vt 0.277311 0.000000
vt 0.218487 0.000000
vt 0.222689 0.000000
vt 0.273109 0.000000
vt 0.226891 0.000000
vt 0.231092 0.000000
vt 0.235294 0.000000
vt 0.268908 0.000000
vt 0.239496 0.000000
vt 0.243697 0.000000
vt 0.247899 0.000000
vt 0.252101 0.000000
vt 0.256303 0.000000
vt 0.260504 0.000000
vt 0.264706 0.000000
vt 0.807910 0.000000
vt 0.813559 0.000000
vt 0.810734 0.000000
vt 0.875706 0.000000
vt 0.881356 0.000000
vt 0.878531 0.000000
vt 0.816384 0.000000
vt 0.872881 0.000000
vt 0.805085 0.000000
vt 0.819209 0.000000
vt 0.870057 0.000000
vt 0.822034 0.000000
vt 0.867232 0.000000
vt 0.731638 0.000000
vt 0.737288 0.000000
vt 0.734463 0.000000
vt 0.725989 0.000000
vt 0.728814 0.000000
vt 0.824859 0.000000
vt 0.864407 0.000000
vt 0.884181 0.000000
vt 0.802260 0.000000
vt 0.827684 0.000000
vt 0.861582 0.000000
vt 0.887006 0.000000
vt 0.740113 0.000000
vt 0.830508 0.000000
vt 0.858757 0.000000
vt 0.889831 0.000000
vt 0.833333 0.000000
vt 0.855932 0.000000
vt 0.892655 0.000000
vt 0.799435 0.000000
vt 0.836158 0.000000
vt 0.853107 0.000000
vt 0.723164 0.000000
vt 0.742938 0.000000
vt 0.895480 0.000000
vt 0.838983 0.000000
vt 0.850282 0.000000
vt 0.898305 0.000000
vt 0.720339 0.000000
vt 0.841808 0.000000
vt 0.847458 0.000000
vt 0.796610 0.000000
vt 0.901130 0.000000
vt 0.844633 0.000000
vt 0.717514 0.000000
vt 0.745763 0.000000
vt 0.980226 0.000000
vt 0.985876 0.000000
vt 0.983051 0.000000
vt 0.903955 0.000000
vt 0.714689 0.000000
vt 0.977401 0.000000
vt 0.906780 0.000000
vt 0.711864 0.000000
vt 0.652542 0.000000
vt 0.658192 0.000000
vt 0.655367 0.000000
vt 0.974576 0.000000
vt 0.793785 0.000000
vt 0.748588 0.000000
vt 0.909605 0.000000
vt 0.661017 0.000000
vt 0.709040 0.000000
vt 0.971751 0.000000
vt 0.663842 0.000000
vt 0.912429 0.000000
vt 0.706215 0.000000
vt 0.666667 0.000000
vt 0.968927 0.000000
vt 0.915254 0.000000
vt 0.751412 0.000000
vt 0.669492 0.000000
vt 0.790960 0.000000
vt 0.002825 0.000000
vt 0.703390 0.000000
vt 0.918079 0.000000
vt 0.966102 0.000000
vt 0.649718 0.000000
vt 0.672316 0.000000
vt 0.920904 0.000000
vt 0.005650 0.000000
vt 0.700565 0.000000
vt 0.963277 0.000000
vt 0.923729 0.000000
vt 0.646893 0.000000
vt 0.675141 0.000000
vt 0.926554 0.000000
vt 0.008475 0.000000
vt 0.697740 0.000000
vt 0.754237 0.000000
vt 0.644068 0.000000
vt 0.677966 0.000000
vt 0.960452 0.000000
vt 0.788136 0.000000
vt 0.929379 0.000000
vt 0.641243 0.000000
vt 0.680791 0.000000
vt 0.694915 0.000000
vt 0.011299 0.000000
vt 0.932203 0.000000
vt 0.957627 0.000000
vt 0.935028 0.000000
vt 0.683616 0.000000
vt 0.638418 0.000000
vt 0.692090 0.000000
vt 0.014124 0.000000
vt 0.954802 0.000000
vt 0.937853 0.000000
vt 0.757062 0.000000
vt 0.686441 0.000000
vt 0.635593 0.000000
vt 0.940678 0.000000
vt 0.689266 0.000000
vt 0.785311 0.000000
vt 0.016949 0.000000
vt 0.951977 0.000000
vt 0.632768 0.000000
vt 0.943503 0.000000
vt 0.946328 0.000000
vt 0.019774 0.000000
vt 0.949153 0.000000
vt 0.629943 0.000000
vt 0.759887 0.000000
vt 0.627119 0.000000
vt 0.022599 0.000000
vt 0.782486 0.000000
vt 0.624294 0.000000
vt 0.025424 0.000000
vt 0.762712 0.000000
vt 0.621469 0.000000
vt 0.028249 0.000000
vt 0.618644 0.000000
vt 0.779661 0.000000
vt 0.031073 0.000000
vt 0.615819 0.000000
vt 0.765537 0.000000
vt 0.033898 0.000000
vt 0.612994 0.000000
vt 0.036723 0.000000
vt 0.776836 0.000000
vt 0.768362 0.000000
vt 0.610169 0.000000
vt 0.039548 0.000000
vt 0.607345 0.000000
vt 0.042373 0.000000
vt 0.774011 0.000000
vt 0.771186 0.000000
vt 0.045198 0.000000
vt 0.604520 0.000000
vt 0.048023 0.000000
vt 0.601695 0.000000
vt 0.050847 0.000000
vt 0.598870 0.000000
vt 0.053672 0.000000
vt 0.596045 0.000000
vt 0.132768 0.000000
vt 0.056497 0.000000
vt 0.593220 0.000000
vt 0.516949 0.000000
vt 0.519774 0.000000
vt 0.514124 0.000000
vt 0.135593 0.000000
vt 0.129944 0.000000
vt 0.059322 0.000000
vt 0.590395 0.000000
vt 0.127119 0.000000
vt 0.522599 0.000000
vt 0.062147 0.000000
vt 0.587571 0.000000
vt 0.064972 0.000000
vt 0.124294 0.000000
vt 0.525424 0.000000
vt 0.067797 0.000000
vt 0.584746 0.000000
vt 0.121469 0.000000
vt 0.528249 0.000000
vt 0.070621 0.000000
vt 0.581921 0.000000
vt 0.073446 0.000000
vt 0.118644 0.000000
vt 0.531073 0.000000
vt 0.579096 0.000000
vt 0.076271 0.000000
vt 0.511299 0.000000
vt 0.508475 0.000000
vt 0.991525 0.000000
vt 0.988701 0.000000
vt 0.994350 0.000000
vt 0.997175 0.000000
vt 0.138418 0.000000
vt 0.141243 0.000000
vt 0.576271 0.000000
vt 0.115819 0.000000
vt 0.533898 0.000000
vt 0.079096 0.000000
vt 0.573446 0.000000
vt 0.081921 0.000000
vt 0.112994 0.000000
vt 0.570621 0.000000
vt 0.536723 0.000000
vt 0.084746 0.000000
vt 0.567797 0.000000
vt 0.110169 0.000000
vt 0.539548 0.000000
vt 0.564972 0.000000
vt 0.087571 0.000000
vt 0.107345 0.000000
vt 0.542373 0.000000
vt 0.562147 0.000000
vt 0.090395 0.000000
vt 0.104520 0.000000
vt 0.559322 0.000000
vt 0.545198 0.000000
vt 0.093220 0.000000
vt 0.556497 0.000000
vt 0.101695 0.000000
vt 0.548023 0.000000
vt 0.096045 0.000000
vt 0.553672 0.000000
vt 0.098870 0.000000
vt 0.550847 0.000000
vt 0.505650 0.000000
vt 0.502825 0.000000
vt 0.144068 0.000000
vt 0.146893 0.000000
vt 0.497175 0.000000
vt 0.494350 0.000000
vt 0.395480 0.000000
vt 0.398305 0.000000
vt 0.392655 0.000000
vt 0.389830 0.000000
vt 0.149718 0.000000
vt 0.152542 0.000000
vt 0.491525 0.000000
vt 0.401130 0.000000
vt 0.488701 0.000000
vt 0.403955 0.000000
vt 0.485876 0.000000
vt 0.251412 0.000000
vt 0.257062 0.000000
vt 0.254237 0.000000
vt 0.259887 0.000000
vt 0.262712 0.000000
vt 0.406780 0.000000
vt 0.483051 0.000000
vt 0.265537 0.000000
vt 0.268362 0.000000
vt 0.271186 0.000000
vt 0.274011 0.000000
vt 0.276836 0.000000
vt 0.279661 0.000000
vt 0.248588 0.000000
vt 0.282486 0.000000
vt 0.285311 0.000000
vt 0.288136 0.000000
vt 0.480226 0.000000
vt 0.290960 0.000000
vt 0.409605 0.000000
vt 0.245763 0.000000
vt 0.477401 0.000000
vt 0.412429 0.000000
vt 0.293785 0.000000
vt 0.242938 0.000000
vt 0.474576 0.000000
vt 0.240113 0.000000
vt 0.415254 0.000000
vt 0.471751 0.000000
vt 0.296610 0.000000
vt 0.387006 0.000000
vt 0.155367 0.000000
vt 0.237288 0.000000
vt 0.158192 0.000000
vt 0.468927 0.000000
vt 0.161017 0.000000
vt 0.234463 0.000000
vt 0.418079 0.000000
vt 0.384181 0.000000
vt 0.163842 0.000000
vt 0.299435 0.000000
vt 0.231638 0.000000
vt 0.166667 0.000000
vt 0.169492 0.000000
vt 0.228814 0.000000
vt 0.466102 0.000000
vt 0.172316 0.000000
vt 0.225989 0.000000
vt 0.175141 0.000000
vt 0.177966 0.000000
vt 0.223164 0.000000
vt 0.180791 0.000000
vt 0.381356 0.000000
vt 0.183616 0.000000
vt 0.220339 0.000000
vt 0.186441 0.000000
vt 0.189266 0.000000
vt 0.192090 0.000000
vt 0.194915 0.000000
vt 0.197740 0.000000
vt 0.200565 0.000000
vt 0.203390 0.000000
vt 0.206215 0.000000
vt 0.209040 0.000000
vt 0.211864 0.000000
vt 0.214689 0.000000
vt 0.217514 0.000000
vt 0.420904 0.000000
vt 0.302260 0.000000
vt 0.463277 0.000000
vt 0.378531 0.000000
vt 0.305085 0.000000
vt 0.460452 0.000000
vt 0.423729 0.000000
vt 0.457627 0.000000
vt 0.375706 0.000000
vt 0.454802 0.000000
vt 0.307910 0.000000
vt 0.451977 0.000000
vt 0.372881 0.000000
vt 0.449153 0.000000
vt 0.426554 0.000000
vt 0.446328 0.000000
vt 0.310734 0.000000
vt 0.370057 0.000000
vt 0.443503 0.000000
vt 0.367232 0.000000
vt 0.313559 0.000000
vt 0.440678 0.000000
vt 0.364407 0.000000
vt 0.437853 0.000000
vt 0.316384 0.000000
vt 0.435028 0.000000
vt 0.432203 0.000000
vt 0.429379 0.000000
vt 0.361582 0.000000
vt 0.319209 0.000000
vt 0.358757 0.000000
vt 0.322034 0.000000
vt 0.355932 0.000000
vt 0.353107 0.000000
vt 0.350282 0.000000
vt 0.347458 0.000000
vt 0.344633 0.000000
vt 0.341808 0.000000
vt 0.338983 0.000000
vt 0.336158 0.000000
vt 0.333333 0.000000
vt 0.330508 0.000000
vt 0.327684 0.000000
vt 0.324859 0.000000
vt 0.622896 0.000000
vt 0.629630 0.000000
vt 0.626263 0.000000
vt 0.632997 0.000000
vt 0.619529 0.000000
vt 0.636364 0.000000
vt 0.616162 0.000000
vt 0.639731 0.000000
vt 0.612795 0.000000
vt 0.643098 0.000000
vt 0.609428 0.000000
vt 0.646465 0.000000
vt 0.649832 0.000000
vt 0.606061 0.000000
vt 0.653199 0.000000
vt 0.602694 0.000000
vt 0.656566 0.000000
vt 0.599327 0.000000
vt 0.659933 0.000000
vt 0.595960 0.000000
vt 0.663300 0.000000
vt 0.707071 0.000000
vt 0.713805 0.000000
vt 0.710438 0.000000
vt 0.592593 0.000000
vt 0.703704 0.000000
vt 0.700337 0.000000
vt 0.696970 0.000000
vt 0.589226 0.000000
vt 0.693603 0.000000
vt 0.690236 0.000000
vt 0.670034 0.000000
vt 0.686869 0.000000
vt 0.585859 0.000000
vt 0.683502 0.000000
vt 0.538721 0.000000
vt 0.545455 0.000000
vt 0.542088 0.000000
vt 0.680135 0.000000
vt 0.548822 0.000000
vt 0.552189 0.000000
vt 0.676768 0.000000
vt 0.555556 0.000000
vt 0.673401 0.000000
vt 0.558923 0.000000
vt 0.562290 0.000000
vt 0.565657 0.000000
vt 0.569024 0.000000
vt 0.572391 0.000000
vt 0.582492 0.000000
vt 0.575758 0.000000
vt 0.579125 0.000000
vt 0.717172 0.000000
vt 0.720539 0.000000
vt 0.723906 0.000000
vt 0.727273 0.000000
vt 0.730640 0.000000
vt 0.734007 0.000000
vt 0.737374 0.000000
vt 0.740741 0.000000
vt 0.744108 0.000000
vt 0.535354 0.000000
vt 0.747475 0.000000
vt 0.531987 0.000000
vt 0.750842 0.000000
vt 0.528620 0.000000
vt 0.525253 0.000000
vt 0.754209 0.000000
vt 0.521886 0.000000
vt 0.518519 0.000000
vt 0.494949 0.000000
vt 0.757576 0.000000
vt 0.515152 0.000000
vt 0.511784 0.000000
vt 0.508417 0.000000
vt 0.505050 0.000000
vt 0.501683 0.000000
vt 0.498316 0.000000
vt 0.491582 0.000000
vt 0.760943 0.000000
vt 0.488215 0.000000
vt 0.764310 0.000000
vt 0.767677 0.000000
vt 0.484848 0.000000
vt 0.771044 0.000000
vt 0.481481 0.000000
vt 0.774411 0.000000
vt 0.777778 0.000000
vt 0.952862 0.000000
vt 0.959596 0.000000
vt 0.956229 0.000000
vt 0.478114 0.000000
vt 0.949495 0.000000
vt 0.781145 0.000000
vt 0.946128 0.000000
vt 0.942761 0.000000
vt 0.939394 0.000000
vt 0.936027 0.000000
vt 0.784512 0.000000
vt 0.932660 0.000000
vt 0.929293 0.000000
vt 0.925926 0.000000
vt 0.474747 0.000000
vt 0.922559 0.000000
vt 0.831650 0.000000
vt 0.838384 0.000000
vt 0.835017 0.000000
vt 0.828283 0.000000
vt 0.841751 0.000000
vt 0.824916 0.000000
vt 0.787879 0.000000
vt 0.821549 0.000000
vt 0.845118 0.000000
vt 0.919192 0.000000
vt 0.818182 0.000000
vt 0.915825 0.000000
vt 0.848485 0.000000
vt 0.814815 0.000000
vt 0.912458 0.000000
vt 0.811448 0.000000
vt 0.851852 0.000000
vt 0.808081 0.000000
vt 0.791246 0.000000
vt 0.909091 0.000000
vt 0.855219 0.000000
vt 0.804714 0.000000
vt 0.905724 0.000000
vt 0.801347 0.000000
vt 0.471380 0.000000
vt 0.858586 0.000000
vt 0.794613 0.000000
vt 0.797980 0.000000
vt 0.902357 0.000000
vt 0.861953 0.000000
vt 0.898990 0.000000
vt 0.895623 0.000000
vt 0.865320 0.000000
vt 0.962963 0.000000
vt 0.892256 0.000000
vt 0.966330 0.000000
vt 0.468013 0.000000
vt 0.969697 0.000000
vt 0.973064 0.000000
vt 0.373737 0.000000
vt 0.370370 0.000000
vt 0.868687 0.000000
vt 0.888889 0.000000
vt 0.976431 0.000000
vt 0.979798 0.000000
vt 0.983165 0.000000
vt 0.885522 0.000000
vt 0.986532 0.000000
vt 0.367003 0.000000
vt 0.872054 0.000000
vt 0.363636 0.000000
vt 0.377104 0.000000
vt 0.360269 0.000000
vt 0.989899 0.000000
vt 0.380471 0.000000
vt 0.356902 0.000000
vt 0.882155 0.000000
vt 0.993266 0.000000
vt 0.383838 0.000000
vt 0.353535 0.000000
vt 0.996633 0.000000
vt 0.387205 0.000000
vt 0.350168 0.000000
vt 0.878788 0.000000
vt 0.464646 0.000000
vt 0.875421 0.000000
vt 0.390572 0.000000
vt 0.346801 0.000000
vt 0.003367 0.000000
vt 0.343434 0.000000
vt 0.393939 0.000000
vt 0.006734 0.000000
vt 0.340067 0.000000
vt 0.397306 0.000000
vt 0.010101 0.000000
vt 0.336700 0.000000
vt 0.400673 0.000000
vt 0.013468 0.000000
vt 0.461279 0.000000
vt 0.404040 0.000000
vt 0.016835 0.000000
vt 0.020202 0.000000
vt 0.329966 0.000000
vt 0.407407 0.000000
vt 0.023569 0.000000
vt 0.326599 0.000000
vt 0.410774 0.000000
vt 0.026936 0.000000
vt 0.457912 0.000000
vt 0.414141 0.000000
vt 0.030303 0.000000
vt 0.323232 0.000000
vt 0.417508 0.000000
vt 0.033670 0.000000
vt 0.420875 0.000000
vt 0.037037 0.000000
vt 0.319865 0.000000
vt 0.424242 0.000000
vt 0.454545 0.000000
vt 0.084175 0.000000
vt 0.040404 0.000000
vt 0.427609 0.000000
vt 0.316498 0.000000
vt 0.430976 0.000000
vt 0.434343 0.000000
vt 0.451178 0.000000
vt 0.313131 0.000000
vt 0.437710 0.000000
vt 0.087542 0.000000
vt 0.080808 0.000000
vt 0.441077 0.000000
vt 0.309764 0.000000
vt 0.444444 0.000000
vt 0.090909 0.000000
vt 0.077441 0.000000
vt 0.447811 0.000000
vt 0.094276 0.000000
vt 0.074074 0.000000
vt 0.306397 0.000000
vt 0.097643 0.000000
vt 0.070707 0.000000
vt 0.101010 0.000000
vt 0.303030 0.000000
vt 0.067340 0.000000
vt 0.104377 0.000000
vt 0.063973 0.000000
vt 0.299663 0.000000
vt 0.107744 0.000000
vt 0.060606 0.000000
vt 0.111111 0.000000
vt 0.057239 0.000000
vt 0.296296 0.000000
vt 0.114478 0.000000
vt 0.053872 0.000000
vt 0.117845 0.000000
vt 0.050505 0.000000
vt 0.292929 0.000000
vt 0.047138 0.000000
vt 0.121212 0.000000
vt 0.043771 0.000000
vt 0.289562 0.000000
vt 0.124579 0.000000
vt 0.127946 0.000000
vt 0.286195 0.000000
vt 0.131313 0.000000
vt 0.134680 0.000000
vt 0.282828 0.000000
vt 0.138047 0.000000
vt 0.141414 0.000000
vt 0.279461 0.000000
vt 0.202020 0.000000
vt 0.208754 0.000000
vt 0.205387 0.000000
vt 0.144781 0.000000
vt 0.198653 0.000000
vt 0.195286 0.000000
vt 0.148148 0.000000
vt 0.191919 0.000000
vt 0.188552 0.000000
vt 0.151515 0.000000
vt 0.185185 0.000000
vt 0.181818 0.000000
vt 0.154882 0.000000
vt 0.178451 0.000000
vt 0.276094 0.000000
vt 0.158249 0.000000
vt 0.175084 0.000000
vt 0.171717 0.000000
vt 0.161616 0.000000
vt 0.168350 0.000000
vt 0.164983 0.000000
vt 0.272727 0.000000
vt 0.269360 0.000000
vt 0.265993 0.000000
vt 0.262626 0.000000
vt 0.212121 0.000000
vt 0.215488 0.000000
vt 0.218855 0.000000
vt 0.259259 0.000000
vt 0.222222 0.000000
vt 0.225589 0.000000
vt 0.228956 0.000000
vt 0.255892 0.000000
vt 0.232323 0.000000
vt 0.235690 0.000000
vt 0.252525 0.000000
vt 0.239057 0.000000
vt 0.242424 0.000000
vt 0.249158 0.000000
vt 0.245791 0.000000
vt 0.739130 0.000000
vt 0.634783 0.000000
vt 0.743478 0.000000
vt 0.921739 0.000000
vt 0.930435 0.000000
vt 0.926087 0.000000
vt 0.639130 0.000000
vt 0.734783 0.000000
vt 0.626087 0.000000
vt 0.521739 0.000000
vt 0.630435 0.000000
vt 0.917391 0.000000
vt 0.643478 0.000000
vt 0.730435 0.000000
vt 0.526087 0.000000
vt 0.747826 0.000000
vt 0.621739 0.000000
vt 0.913043 0.000000
vt 0.647826 0.000000
vt 0.530435 0.000000
vt 0.726087 0.000000
vt 0.617391 0.000000
vt 0.752174 0.000000
vt 0.652174 0.000000
vt 0.908696 0.000000
vt 0.534783 0.000000
vt 0.721739 0.000000
vt 0.613043 0.000000
vt 0.756522 0.000000
vt 0.656522 0.000000
vt 0.539130 0.000000
vt 0.717391 0.000000
vt 0.904348 0.000000
vt 0.608696 0.000000
vt 0.760870 0.000000
vt 0.660870 0.000000
vt 0.543478 0.000000
vt 0.713043 0.000000
vt 0.900000 0.000000
vt 0.604348 0.000000
vt 0.547826 0.000000
vt 0.665217 0.000000
vt 0.765217 0.000000
vt 0.708696 0.000000
vt 0.600000 0.000000
vt 0.895652 0.000000
vt 0.552174 0.000000
vt 0.669565 0.000000
vt 0.769565 0.000000
vt 0.704348 0.000000
vt 0.595652 0.000000
vt 0.556522 0.000000
vt 0.673913 0.000000
vt 0.891304 0.000000
vt 0.773913 0.000000
vt 0.700000 0.000000
vt 0.591304 0.000000
vt 0.560870 0.000000
vt 0.678261 0.000000
vt 0.778261 0.000000
vt 0.886957 0.000000
vt 0.695652 0.000000
vt 0.586957 0.000000
vt 0.565217 0.000000
vt 0.682609 0.000000
vt 0.782609 0.000000
vt 0.691304 0.000000
vt 0.882609 0.000000
vt 0.582609 0.000000
vt 0.569565 0.000000
vt 0.686957 0.000000
vt 0.786957 0.000000
vt 0.578261 0.000000
vt 0.573913 0.000000
vt 0.878261 0.000000
vt 0.791304 0.000000
vt 0.873913 0.000000
vt 0.795652 0.000000
vt 0.869565 0.000000
vt 0.860870 0.000000
vt 0.978261 0.000000
vt 0.865217 0.000000
vt 0.800000 0.000000
vt 0.973913 0.000000
vt 0.995652 0.000000
vt 0.991304 0.000000
vt 0.804348 0.000000
vt 0.982609 0.000000
vt 0.969565 0.000000
vt 0.986957 0.000000
vt 0.943478 0.000000
vt 0.939130 0.000000
vt 0.960870 0.000000
vt 0.956522 0.000000
vt 0.947826 0.000000
vt 0.934783 0.000000
vt 0.965217 0.000000
vt 0.952174 0.000000
vt 0.856522 0.000000
vt 0.852174 0.000000
vt 0.808696 0.000000
vt 0.813043 0.000000
vt 0.843478 0.000000
vt 0.847826 0.000000
vt 0.817391 0.000000
vt 0.821739 0.000000
vt 0.839130 0.000000
vt 0.834783 0.000000
vt 0.826087 0.000000
vt 0.830435 0.000000
vt 0.004348 0.000000
vt 0.013043 0.000000
vt 0.008696 0.000000
vt 0.017391 0.000000
vt 0.517391 0.000000
vt 0.508696 0.000000
vt 0.513043 0.000000
vt 0.504348 0.000000
vt 0.021739 0.000000
vt 0.026087 0.000000
vt 0.495652 0.000000
vt 0.491304 0.000000
vt 0.486957 0.000000
vt 0.482609 0.000000
vt 0.478261 0.000000
vt 0.030435 0.000000
vt 0.034783 0.000000
vt 0.039130 0.000000
vt 0.043478 0.000000
vt 0.047826 0.000000
vt 0.052174 0.000000
vt 0.473913 0.000000
vt 0.056522 0.000000
vt 0.060870 0.000000
vt 0.065217 0.000000
vt 0.069565 0.000000
vt 0.073913 0.000000
vt 0.078261 0.000000
vt 0.082609 0.000000
vt 0.447826 0.000000
vt 0.086957 0.000000
vt 0.469565 0.000000
vt 0.465217 0.000000
vt 0.452174 0.000000
vt 0.456522 0.000000
vt 0.443478 0.000000
vt 0.460870 0.000000
vt 0.091304 0.000000
vt 0.439130 0.000000
vt 0.095652 0.000000
vt 0.434783 0.000000
vt 0.100000 0.000000
vt 0.430435 0.000000
vt 0.426087 0.000000
vt 0.104348 0.000000
vt 0.421739 0.000000
vt 0.108696 0.000000
vt 0.417391 0.000000
vt 0.413043 0.000000
vt 0.113043 0.000000
vt 0.408696 0.000000
vt 0.117391 0.000000
vt 0.404348 0.000000
vt 0.400000 0.000000
vt 0.121739 0.000000
vt 0.395652 0.000000
vt 0.391304 0.000000
vt 0.386957 0.000000
vt 0.382609 0.000000
vt 0.378261 0.000000
vt 0.286957 0.000000
vt 0.295652 0.000000
vt 0.291304 0.000000
vt 0.373913 0.000000
vt 0.300000 0.000000
vt 0.304348 0.000000
vt 0.369565 0.000000
vt 0.308696 0.000000
vt 0.365217 0.000000
vt 0.313043 0.000000
vt 0.317391 0.000000
vt 0.360870 0.000000
vt 0.321739 0.000000
vt 0.326087 0.000000
vt 0.356522 0.000000
vt 0.330435 0.000000
vt 0.334783 0.000000
vt 0.339130 0.000000
vt 0.343478 0.000000
vt 0.347826 0.000000
vt 0.352174 0.000000
vt 0.126087 0.000000
vt 0.282609 0.000000
vt 0.278261 0.000000
vt 0.273913 0.000000
vt 0.130435 0.000000
vt 0.269565 0.000000
vt 0.265217 0.000000
vt 0.134783 0.000000
vt 0.260870 0.000000
vt 0.256522 0.000000
vt 0.139130 0.000000
vt 0.143478 0.000000
vt 0.252174 0.000000
vt 0.147826 0.000000
vt 0.247826 0.000000
vt 0.152174 0.000000
vt 0.156522 0.000000
vt 0.243478 0.000000
vt 0.160870 0.000000
vt 0.165217 0.000000
vt 0.239130 0.000000
vt 0.169565 0.000000
vt 0.173913 0.000000
vt 0.178261 0.000000
vt 0.182609 0.000000
vt 0.186957 0.000000
vt 0.234783 0.000000
vt 0.191304 0.000000
vt 0.230435 0.000000
vt 0.195652 0.000000
vt 0.226087 0.000000
vt 0.200000 0.000000
vt 0.221739 0.000000
vt 0.204348 0.000000
vt 0.217391 0.000000
vt 0.208696 0.000000
vt 0.213043 0.000000
vt 0.135802 0.000000
vt 0.141975 0.000000
vt 0.129630 0.000000
vt 0.123457 0.000000
vt 0.117284 0.000000
vt 0.104938 0.000000
vt 0.098765 0.000000
vt 0.092593 0.000000
vt 0.086420 0.000000
vt 0.080247 0.000000
vt 0.067901 0.000000
vt 0.061728 0.000000
vt 0.055556 0.000000
vt 0.049383 0.000000
vt 0.043210 0.000000
vt 0.030864 0.000000
vt 0.024691 0.000000
vt 0.018519 0.000000
vt 0.012346 0.000000
vt 0.006173 0.000000
vt 0.679012 0.000000
vt 0.672840 0.000000
vt 0.660494 0.000000
vt 0.654321 0.000000
vt 0.648148 0.000000
vt 0.641975 0.000000
vt 0.635802 0.000000
vt 0.623457 0.000000
vt 0.617284 0.000000
vt 0.611111 0.000000
vt 0.604938 0.000000
vt 0.598765 0.000000
vt 0.586420 0.000000
vt 0.580247 0.000000
vt 0.574074 0.000000
vt 0.567901 0.000000
vt 0.561728 0.000000
vt 0.549383 0.000000
vt 0.524691 0.000000
vt 0.179012 0.000000
vt 0.172840 0.000000
vt 0.160494 0.000000
vt 0.154321 0.000000
vt 0.191358 0.000000
vt 0.197531 0.000000
vt 0.203704 0.000000
vt 0.209877 0.000000
vt 0.216049 0.000000
vt 0.543210 0.000000
vt 0.530864 0.000000
vt 0.537037 0.000000
vt 0.228395 0.000000
vt 0.512346 0.000000
vt 0.234568 0.000000
vt 0.506173 0.000000
vt 0.240741 0.000000
vt 0.246914 0.000000
vt 0.919753 0.000000
vt 0.932099 0.000000
vt 0.493827 0.000000
vt 0.938272 0.000000
vt 0.253086 0.000000
vt 0.944444 0.000000
vt 0.913580 0.000000
vt 0.950617 0.000000
vt 0.907407 0.000000
vt 0.487654 0.000000
vt 0.956790 0.000000
vt 0.759259 0.000000
vt 0.771605 0.000000
vt 0.765432 0.000000
vt 0.901235 0.000000
vt 0.895062 0.000000
vt 0.783951 0.000000
vt 0.753086 0.000000
vt 0.969136 0.000000
vt 0.265432 0.000000
vt 0.790123 0.000000
vt 0.746914 0.000000
vt 0.975309 0.000000
vt 0.882716 0.000000
vt 0.796296 0.000000
vt 0.981481 0.000000
vt 0.876543 0.000000
vt 0.475309 0.000000
vt 0.802469 0.000000
vt 0.271605 0.000000
vt 0.734568 0.000000
vt 0.870370 0.000000
vt 0.987654 0.000000
vt 0.808642 0.000000
vt 0.728395 0.000000
vt 0.864198 0.000000
vt 0.993827 0.000000
vt 0.722222 0.000000
vt 0.469136 0.000000
vt 0.858025 0.000000
vt 0.277778 0.000000
vt 0.716049 0.000000
vt 0.820988 0.000000
vt 0.845679 0.000000
vt 0.709877 0.000000
vt 0.827160 0.000000
vt 0.462963 0.000000
vt 0.283951 0.000000
vt 0.697531 0.000000
vt 0.839506 0.000000
vt 0.691358 0.000000
vt 0.685185 0.000000
vt 0.290123 0.000000
vt 0.456790 0.000000
vt 0.450617 0.000000
vt 0.302469 0.000000
vt 0.308642 0.000000
vt 0.438272 0.000000
vt 0.314815 0.000000
vt 0.432099 0.000000
vt 0.320988 0.000000
vt 0.327161 0.000000
vt 0.425926 0.000000
vt 0.419753 0.000000
vt 0.339506 0.000000
vt 0.345679 0.000000
vt 0.413580 0.000000
vt 0.351852 0.000000
vt 0.358025 0.000000
vt 0.364198 0.000000
vt 0.376543 0.000000
vt 0.401235 0.000000
vt 0.395062 0.000000
vt 0.388889 0.000000
vt 0.382716 0.000000
vt 0.821918 0.000000
vt 0.849315 0.000000
vt 0.835616 0.000000
vt 0.301370 0.000000
vt 0.328767 0.000000
vt 0.315068 0.000000
vt 0.863014 0.000000
vt 0.287671 0.000000
vt 0.876712 0.000000
vt 0.273973 0.000000
vt 0.890411 0.000000
vt 0.260274 0.000000
vt 0.904110 0.000000
vt 0.246575 0.000000
vt 0.917808 0.000000
vt 0.232877 0.000000
vt 0.931507 0.000000
vt 0.219178 0.000000
vt 0.945205 0.000000
vt 0.205479 0.000000
vt 0.958904 0.000000
vt 0.191781 0.000000
vt 0.972603 0.000000
vt 0.178082 0.000000
vt 0.986301 0.000000
vt 0.164384 0.000000
vt 0.150685 0.000000
vt 0.013699 0.000000
vt 0.027397 0.000000
vt 0.041096 0.000000
vt 0.054795 0.000000
vt 0.068493 0.000000
vt 0.082192 0.000000
vt 0.095890 0.000000
vt 0.109589 0.000000
vt 0.123288 0.000000
vt 0.136986 0.000000
vt 0.808219 0.000000
vt 0.794521 0.000000
vt 0.780822 0.000000
vt 0.767123 0.000000
vt 0.753425 0.000000
vt 0.739726 0.000000
vt 0.726027 0.000000
vt 0.712329 0.000000
vt 0.698630 0.000000
vt 0.684932 0.000000
vt 0.671233 0.000000
vt 0.657534 0.000000
vt 0.643836 0.000000
vt 0.630137 0.000000
vt 0.616438 0.000000
vt 0.589041 0.000000
vt 0.547945 0.000000
vt 0.506849 0.000000
vt 0.493151 0.000000
vt 0.479452 0.000000
vt 0.465753 0.000000
vt 0.452055 0.000000
vt 0.438356 0.000000
vt 0.424658 0.000000
vt 0.410959 0.000000
vt 0.397260 0.000000
vt 0.602740 0.000000
vt 0.575342 0.000000
vt 0.561644 0.000000
vt 0.534247 0.000000
vt 0.520548 0.000000
vt 0.383562 0.000000
vt 0.369863 0.000000
vt 0.356164 0.000000
vt 0.342466 0.000000
vt 0.314010 0.000000
vt 0.309179 0.000000
vt 0.318841 0.000000
vt 0.323671 0.000000
vt 0.328502 0.000000
vt 0.299517 0.000000
vt 0.294686 0.000000
vt 0.289855 0.000000
vt 0.338164 0.000000
vt 0.285024 0.000000
vt 0.342995 0.000000
vt 0.280193 0.000000
vt 0.275362 0.000000
vt 0.352657 0.000000
vt 0.270531 0.000000
vt 0.357488 0.000000
vt 0.265700 0.000000
vt 0.362319 0.000000
vt 0.367150 0.000000
vt 0.256039 0.000000
vt 0.371981 0.000000
vt 0.251208 0.000000
vt 0.246377 0.000000
vt 0.241546 0.000000
vt 0.483092 0.000000
vt 0.492754 0.000000
vt 0.487923 0.000000
vt 0.473430 0.000000
vt 0.468599 0.000000
vt 0.463768 0.000000
vt 0.458937 0.000000
vt 0.454106 0.000000
vt 0.449275 0.000000
vt 0.439614 0.000000
vt 0.429952 0.000000
vt 0.425121 0.000000
vt 0.420290 0.000000
vt 0.415459 0.000000
vt 0.410628 0.000000
vt 0.405797 0.000000
vt 0.400966 0.000000
vt 0.396135 0.000000
vt 0.386473 0.000000
vt 0.381643 0.000000
vt 0.376812 0.000000
vt 0.236715 0.000000
vt 0.231884 0.000000
vt 0.227053 0.000000
vt 0.497585 0.000000
vt 0.502415 0.000000
vt 0.507246 0.000000
vt 0.212560 0.000000
vt 0.512077 0.000000
vt 0.516908 0.000000
vt 0.207729 0.000000
vt 0.526570 0.000000
vt 0.531401 0.000000
vt 0.536232 0.000000
vt 0.202899 0.000000
vt 0.541063 0.000000
vt 0.545894 0.000000
vt 0.550725 0.000000
vt 0.198068 0.000000
vt 0.193237 0.000000
vt 0.188406 0.000000
vt 0.183575 0.000000
vt 0.178744 0.000000
vt 0.169082 0.000000
vt 0.164251 0.000000
vt 0.159420 0.000000
vt 0.154589 0.000000
vt 0.149758 0.000000
vt 0.144928 0.000000
vt 0.140097 0.000000
vt 0.135266 0.000000
vt 0.125604 0.000000
vt 0.120773 0.000000
vt 0.115942 0.000000
vt 0.106280 0.000000
vt 0.101449 0.000000
vt 0.096618 0.000000
vt 0.091787 0.000000
vt 0.082126 0.000000
vt 0.077295 0.000000
vt 0.072464 0.000000
vt 0.067633 0.000000
vt 0.062802 0.000000
vt 0.057971 0.000000
vt 0.560386 0.000000
vt 0.053140 0.000000
vt 0.618357 0.000000
vt 0.628019 0.000000
vt 0.623188 0.000000
vt 0.613527 0.000000
vt 0.603865 0.000000
vt 0.599034 0.000000
vt 0.594203 0.000000
vt 0.589372 0.000000
vt 0.584541 0.000000
vt 0.579710 0.000000
vt 0.574879 0.000000
vt 0.570048 0.000000
vt 0.048309 0.000000
vt 0.038647 0.000000
vt 0.632850 0.000000
vt 0.637681 0.000000
vt 0.642512 0.000000
vt 0.647343 0.000000
vt 0.657005 0.000000
vt 0.033816 0.000000
vt 0.661836 0.000000
vt 0.671498 0.000000
vt 0.028986 0.000000
vt 0.676328 0.000000
vt 0.681159 0.000000
vt 0.685990 0.000000
vt 0.024155 0.000000
vt 0.690821 0.000000
vt 0.019324 0.000000
vt 0.014493 0.000000
vt 0.009662 0.000000
vt 0.004831 0.000000
vt 0.995169 0.000000
vt 0.990338 0.000000
vt 0.985507 0.000000
vt 0.980676 0.000000
vt 0.975845 0.000000
vt 0.971014 0.000000
vt 0.966184 0.000000
vt 0.961353 0.000000
vt 0.951691 0.000000
vt 0.946860 0.000000
vt 0.942029 0.000000
vt 0.937198 0.000000
vt 0.932367 0.000000
vt 0.927536 0.000000
vt 0.922705 0.000000
vt 0.917874 0.000000
vt 0.908213 0.000000
vt 0.903382 0.000000
vt 0.898551 0.000000
vt 0.893720 0.000000
vt 0.874396 0.000000
vt 0.864734 0.000000
vt 0.859903 0.000000
vt 0.855072 0.000000
vt 0.850242 0.000000
vt 0.845411 0.000000
vt 0.840580 0.000000
vt 0.835749 0.000000
vt 0.830918 0.000000
vt 0.821256 0.000000
vt 0.816425 0.000000
vt 0.884058 0.000000
vt 0.879227 0.000000
vt 0.700483 0.000000
vt 0.705314 0.000000
vt 0.811594 0.000000
vt 0.710145 0.000000
vt 0.806763 0.000000
vt 0.714976 0.000000
vt 0.801932 0.000000
vt 0.719807 0.000000
vt 0.797101 0.000000
vt 0.724638 0.000000
vt 0.792271 0.000000
vt 0.729469 0.000000
vt 0.787440 0.000000
vt 0.734300 0.000000
vt 0.743961 0.000000
vt 0.772947 0.000000
vt 0.748792 0.000000
vt 0.768116 0.000000
vt 0.753623 0.000000
vt 0.758454 0.000000
vt 0.763285 0.000000
vt 0.904762 0.000000
vt 0.918367 0.000000
vt 0.911565 0.000000
vt 0.897959 0.000000
vt 0.659864 0.000000
vt 0.673469 0.000000
vt 0.891156 0.000000
vt 0.680272 0.000000
vt 0.687075 0.000000
vt 0.884354 0.000000
vt 0.693878 0.000000
vt 0.877551 0.000000
vt 0.700680 0.000000
vt 0.707483 0.000000
vt 0.870748 0.000000
vt 0.863946 0.000000
vt 0.721088 0.000000
vt 0.727891 0.000000
vt 0.850340 0.000000
vt 0.734694 0.000000
vt 0.843537 0.000000
vt 0.741497 0.000000
vt 0.836735 0.000000
vt 0.748299 0.000000
vt 0.829932 0.000000
vt 0.755102 0.000000
vt 0.761905 0.000000
vt 0.768707 0.000000
vt 0.775510 0.000000
vt 0.782313 0.000000
vt 0.789116 0.000000
vt 0.795918 0.000000
vt 0.802721 0.000000
vt 0.809524 0.000000
vt 0.816327 0.000000
vt 0.823129 0.000000
vt 0.653061 0.000000
vt 0.925170 0.000000
vt 0.931973 0.000000
vt 0.646259 0.000000
vt 0.938776 0.000000
vt 0.639456 0.000000
vt 0.945578 0.000000
vt 0.632653 0.000000
vt 0.625850 0.000000
vt 0.952381 0.000000
vt 0.619048 0.000000
vt 0.959184 0.000000
vt 0.612245 0.000000
vt 0.605442 0.000000
vt 0.965986 0.000000
vt 0.598639 0.000000
vt 0.972789 0.000000
vt 0.591837 0.000000
vt 0.979592 0.000000
vt 0.986395 0.000000
vt 0.585034 0.000000
vt 0.993197 0.000000
vt 0.578231 0.000000
vt 0.564626 0.000000
vt 0.557823 0.000000
vt 0.551020 0.000000
vt 0.544218 0.000000
vt 0.537415 0.000000
vt 0.530612 0.000000
vt 0.523810 0.000000
vt 0.517007 0.000000
vt 0.510204 0.000000
vt 0.503401 0.000000
vt 0.496599 0.000000
vt 0.489796 0.000000
vt 0.006803 0.000000
vt 0.482993 0.000000
vt 0.013605 0.000000
vt 0.476190 0.000000
vt 0.020408 0.000000
vt 0.469388 0.000000
vt 0.027211 0.000000
vt 0.462585 0.000000
vt 0.034014 0.000000
vt 0.455782 0.000000
vt 0.040816 0.000000
vt 0.448980 0.000000
vt 0.047619 0.000000
vt 0.442177 0.000000
vt 0.435374 0.000000
vt 0.054422 0.000000
vt 0.061224 0.000000
vt 0.421769 0.000000
vt 0.068027 0.000000
vt 0.414966 0.000000
vt 0.074830 0.000000
vt 0.408163 0.000000
vt 0.081633 0.000000
vt 0.401361 0.000000
vt 0.088435 0.000000
vt 0.394558 0.000000
vt 0.244898 0.000000
vt 0.095238 0.000000
vt 0.251701 0.000000
vt 0.238095 0.000000
vt 0.102041 0.000000
vt 0.387755 0.000000
vt 0.231293 0.000000
vt 0.258503 0.000000
vt 0.108844 0.000000
vt 0.380952 0.000000
vt 0.224490 0.000000
vt 0.265306 0.000000
vt 0.115646 0.000000
vt 0.374150 0.000000
vt 0.217687 0.000000
vt 0.272109 0.000000
vt 0.122449 0.000000
vt 0.367347 0.000000
vt 0.210884 0.000000
vt 0.278912 0.000000
vt 0.129252 0.000000
vt 0.360544 0.000000
vt 0.204082 0.000000
vt 0.136054 0.000000
vt 0.353741 0.000000
vt 0.197279 0.000000
vt 0.292517 0.000000
vt 0.346939 0.000000
vt 0.190476 0.000000
vt 0.299320 0.000000
vt 0.340136 0.000000
vt 0.149660 0.000000
vt 0.183673 0.000000
vt 0.306122 0.000000
vt 0.156463 0.000000
vt 0.326531 0.000000
vt 0.176871 0.000000
vt 0.312925 0.000000
vt 0.170068 0.000000
vt 0.163265 0.000000
vt 0.319728 0.000000
vt 0.433180 0.000000
vt 0.221198 0.000000
vt 0.437788 0.000000
vt 0.225806 0.000000
vt 0.423963 0.000000
vt 0.230415 0.000000
vt 0.419355 0.000000
vt 0.235023 0.000000
vt 0.414747 0.000000
vt 0.239631 0.000000
vt 0.410138 0.000000
vt 0.244240 0.000000
vt 0.405530 0.000000
vt 0.248848 0.000000
vt 0.400922 0.000000
vt 0.110599 0.000000
vt 0.105991 0.000000
vt 0.101382 0.000000
vt 0.253456 0.000000
vt 0.096774 0.000000
vt 0.115207 0.000000
vt 0.092166 0.000000
vt 0.119816 0.000000
vt 0.087558 0.000000
vt 0.124424 0.000000
vt 0.082949 0.000000
vt 0.129032 0.000000
vt 0.396313 0.000000
vt 0.258065 0.000000
vt 0.078341 0.000000
vt 0.133641 0.000000
vt 0.073733 0.000000
vt 0.138249 0.000000
vt 0.391705 0.000000
vt 0.262673 0.000000
vt 0.069124 0.000000
vt 0.064516 0.000000
vt 0.147465 0.000000
vt 0.387097 0.000000
vt 0.267281 0.000000
vt 0.059908 0.000000
vt 0.152074 0.000000
vt 0.055300 0.000000
vt 0.156682 0.000000
vt 0.382488 0.000000
vt 0.271889 0.000000
vt 0.516129 0.000000
vt 0.525346 0.000000
vt 0.520737 0.000000
vt 0.529954 0.000000
vt 0.511521 0.000000
vt 0.534562 0.000000
vt 0.050691 0.000000
vt 0.161290 0.000000
vt 0.506912 0.000000
vt 0.539171 0.000000
vt 0.502304 0.000000
vt 0.377880 0.000000
vt 0.165899 0.000000
vt 0.046083 0.000000
vt 0.276498 0.000000
vt 0.543779 0.000000
vt 0.041475 0.000000
vt 0.170507 0.000000
vt 0.497696 0.000000
vt 0.548387 0.000000
vt 0.281106 0.000000
vt 0.373272 0.000000
vt 0.036866 0.000000
vt 0.175115 0.000000
vt 0.493088 0.000000
vt 0.552995 0.000000
vt 0.032258 0.000000
vt 0.179724 0.000000
vt 0.368664 0.000000
vt 0.027650 0.000000
vt 0.184332 0.000000
vt 0.488479 0.000000
vt 0.557604 0.000000
vt 0.023041 0.000000
vt 0.188940 0.000000
vt 0.290323 0.000000
vt 0.364055 0.000000
vt 0.018433 0.000000
vt 0.193548 0.000000
vt 0.483871 0.000000
vt 0.013825 0.000000
vt 0.198157 0.000000
vt 0.562212 0.000000
vt 0.294931 0.000000
vt 0.359447 0.000000
vt 0.009217 0.000000
vt 0.202765 0.000000
vt 0.004608 0.000000
vt 0.207373 0.000000
vt 0.211982 0.000000
vt 0.216590 0.000000
vt 0.299539 0.000000
vt 0.354839 0.000000
vt 0.801843 0.000000
vt 0.797235 0.000000
vt 0.566820 0.000000
vt 0.479263 0.000000
vt 0.806452 0.000000
vt 0.792627 0.000000
vt 0.811060 0.000000
vt 0.788018 0.000000
vt 0.815668 0.000000
vt 0.783410 0.000000
vt 0.304147 0.000000
vt 0.350230 0.000000
vt 0.820276 0.000000
vt 0.778802 0.000000
vt 0.824885 0.000000
vt 0.308756 0.000000
vt 0.345622 0.000000
vt 0.774194 0.000000
vt 0.474654 0.000000
vt 0.829493 0.000000
vt 0.313364 0.000000
vt 0.341014 0.000000
vt 0.769585 0.000000
vt 0.317972 0.000000
vt 0.336406 0.000000
vt 0.576037 0.000000
vt 0.834101 0.000000
vt 0.764977 0.000000
vt 0.322581 0.000000
vt 0.331797 0.000000
vt 0.470046 0.000000
vt 0.327189 0.000000
vt 0.838710 0.000000
vt 0.760369 0.000000
vt 0.580645 0.000000
vt 0.465438 0.000000
vt 0.843318 0.000000
vt 0.755760 0.000000
vt 0.585253 0.000000
vt 0.751152 0.000000
vt 0.460829 0.000000
vt 0.847926 0.000000
vt 0.589862 0.000000
vt 0.746544 0.000000
vt 0.852535 0.000000
vt 0.456221 0.000000
vt 0.594470 0.000000
vt 0.741935 0.000000
vt 0.599078 0.000000
vt 0.451613 0.000000
vt 0.737327 0.000000
vt 0.603687 0.000000
vt 0.447005 0.000000
vt 0.861751 0.000000
vt 0.608295 0.000000
vt 0.732719 0.000000
vt 0.442396 0.000000
vt 0.866359 0.000000
vt 0.612903 0.000000
vt 0.728111 0.000000
vt 0.870968 0.000000
vt 0.995392 0.000000
vt 0.617512 0.000000
vt 0.723502 0.000000
vt 0.990783 0.000000
vt 0.986175 0.000000
vt 0.875576 0.000000
vt 0.981567 0.000000
vt 0.718894 0.000000
vt 0.976959 0.000000
vt 0.622120 0.000000
vt 0.972350 0.000000
vt 0.880184 0.000000
vt 0.967742 0.000000
vt 0.963134 0.000000
vt 0.958525 0.000000
vt 0.626728 0.000000
vt 0.884793 0.000000
vt 0.953917 0.000000
vt 0.949309 0.000000
vt 0.709677 0.000000
vt 0.944700 0.000000
vt 0.889401 0.000000
vt 0.940092 0.000000
vt 0.935484 0.000000
vt 0.930876 0.000000
vt 0.926267 0.000000
vt 0.921659 0.000000
vt 0.917051 0.000000
vt 0.912442 0.000000
vt 0.907834 0.000000
vt 0.903226 0.000000
vt 0.898618 0.000000
vt 0.894009 0.000000
vt 0.631336 0.000000
vt 0.705069 0.000000
vt 0.635945 0.000000
vt 0.700461 0.000000
vt 0.640553 0.000000
vt 0.695853 0.000000
vt 0.645161 0.000000
vt 0.691244 0.000000
vt 0.649770 0.000000
vt 0.686636 0.000000
vt 0.654378 0.000000
vt 0.682028 0.000000
vt 0.658986 0.000000
vt 0.677419 0.000000
vt 0.672811 0.000000
vt 0.668203 0.000000
vt 0.663594 0.000000
vt 0.006757 1.000000
vt 0.000000 1.000000
vt 0.013514 1.000000
vt 0.006757 0.000000
vt 0.020270 1.000000
vt 0.013514 0.000000
vt 0.027027 1.000000
vt 0.020270 0.000000
vt 0.033784 1.000000
vt 0.027027 0.000000
vt 0.040541 1.000000
vt 0.033784 0.000000
vt 0.047297 1.000000
vt 0.040541 0.000000
vt 0.054054 1.000000
vt 0.047297 0.000000
vt 0.060811 1.000000
vt 0.054054 0.000000
vt 0.067568 1.000000
vt 0.060811 0.000000
vt 0.074324 1.000000
vt 0.067568 0.000000
vt 0.081081 1.000000
vt 0.074324 0.000000
vt 0.087838 1.000000
vt 0.081081 0.000000
vt 0.094595 1.000000
vt 0.087838 0.000000
vt 0.101351 1.000000
vt 0.094595 0.000000
vt 0.108108 1.000000
vt 0.101351 0.000000
vt 0.114865 1.000000
vt 0.108108 0.000000
vt 0.121622 1.000000
vt 0.114865 0.000000
vt 0.128378 1.000000
vt 0.121622 0.000000
vt 0.135135 1.000000
vt 0.128378 0.000000
vt 0.141892 1.000000
vt 0.135135 0.000000
vt 0.148649 1.000000
vt 0.141892 0.000000
vt 0.155405 1.000000
vt 0.148649 0.000000
vt 0.162162 1.000000
vt 0.155405 0.000000
vt 0.168919 1.000000
vt 0.162162 0.000000
vt 0.175676 1.000000
vt 0.168919 0.000000
vt 0.182432 1.000000
vt 0.175676 0.000000
vt 0.189189 1.000000
vt 0.182432 0.000000
vt 0.195946 1.000000
vt 0.189189 0.000000
vt 0.202703 1.000000
vt 0.195946 0.000000
vt 0.209459 1.000000
vt 0.202703 0.000000
vt 0.216216 1.000000
vt 0.209459 0.000000
vt 0.222973 1.000000
vt 0.216216 0.000000
vt 0.229730 1.000000
vt 0.222973 0.000000
vt 0.236486 1.000000
vt 0.229730 0.000000
vt 0.243243 1.000000
vt 0.236486 0.000000
vt 0.250000 1.000000
vt 0.243243 0.000000
vt 0.256757 1.000000
vt 0.250000 0.000000
vt 0.263514 1.000000
vt 0.256757 0.000000
vt 0.270270 1.000000
vt 0.263514 0.000000
vt 0.277027 1.000000
vt 0.270270 0.000000
vt 0.283784 1.000000
vt 0.277027 0.000000
vt 0.290541 1.000000
vt 0.283784 0.000000
vt 0.297297 1.000000
vt 0.290541 0.000000
vt 0.304054 1.000000
vt 0.297297 0.000000
vt 0.310811 1.000000
vt 0.304054 0.000000
vt 0.317568 1.000000
vt 0.310811 0.000000
vt 0.324324 1.000000
vt 0.317568 0.000000
vt 0.331081 1.000000
vt 0.324324 0.000000
vt 0.337838 1.000000
vt 0.331081 0.000000
vt 0.344595 1.000000
vt 0.337838 0.000000
vt 0.351351 1.000000
vt 0.344595 0.000000
vt 0.358108 1.000000
vt 0.351351 0.000000
vt 0.364865 1.000000
vt 0.358108 0.000000
vt 0.371622 1.000000
vt 0.364865 0.000000
vt 0.378378 1.000000
vt 0.371622 0.000000
vt 0.385135 1.000000
vt 0.378378 0.000000
vt 0.391892 1.000000
vt 0.385135 0.000000
vt 0.398649 1.000000
vt 0.391892 0.000000
vt 0.405405 1.000000
vt 0.398649 0.000000
vt 0.412162 1.000000
vt 0.405405 0.000000
vt 0.418919 1.000000
vt 0.412162 0.000000
vt 0.425676 1.000000
vt 0.418919 0.000000
vt 0.432432 1.000000
vt 0.425676 0.000000
vt 0.439189 1.000000
vt 0.432432 0.000000
vt 0.445946 1.000000
vt 0.439189 0.000000
vt 0.452703 1.000000
vt 0.445946 0.000000
vt 0.459459 1.000000
vt 0.452703 0.000000
vt 0.466216 1.000000
vt 0.459459 0.000000
vt 0.472973 1.000000
vt 0.466216 0.000000
vt 0.479730 1.000000
vt 0.472973 0.000000
vt 0.486486 1.000000
vt 0.479730 0.000000
vt 0.493243 1.000000
vt 0.486486 0.000000
vt 0.500000 1.000000
vt 0.493243 0.000000
vt 0.506757 1.000000
vt 0.513514 1.000000
vt 0.506757 0.000000
vt 0.520270 1.000000
vt 0.513514 0.000000
vt 0.527027 1.000000
vt 0.520270 0.000000
vt 0.533784 1.000000
vt 0.527027 0.000000
vt 0.540541 1.000000
vt 0.533784 0.000000
vt 0.547297 1.000000
vt 0.540541 0.000000
vt 0.554054 1.000000
vt 0.547297 0.000000
vt 0.560811 1.000000
vt 0.554054 0.000000
vt 0.567568 1.000000
vt 0.560811 0.000000
vt 0.574324 1.000000
vt 0.567568 0.000000
vt 0.581081 1.000000
vt 0.574324 0.000000
vt 0.587838 1.000000
vt 0.581081 0.000000
vt 0.594595 1.000000
vt 0.587838 0.000000
vt 0.601351 1.000000
vt 0.594595 0.000000
vt 0.608108 1.000000
vt 0.601351 0.000000
vt 0.614865 1.000000
vt 0.608108 0.000000
vt 0.621622 1.000000
vt 0.614865 0.000000
vt 0.628378 1.000000
vt 0.621622 0.000000
vt 0.635135 1.000000
vt 0.628378 0.000000
vt 0.641892 1.000000
vt 0.635135 0.000000
vt 0.648649 1.000000
vt 0.641892 0.000000
vt 0.655405 1.000000
vt 0.648649 0.000000
vt 0.662162 1.000000
vt 0.655405 0.000000
vt 0.668919 1.000000
vt 0.662162 0.000000
vt 0.675676 1.000000
vt 0.668919 0.000000
vt 0.682432 1.000000
vt 0.675676 0.000000
vt 0.689189 1.000000
vt 0.682432 0.000000
vt 0.695946 1.000000
vt 0.689189 0.000000
vt 0.702703 1.000000
vt 0.695946 0.000000
vt 0.709459 1.000000
vt 0.702703 0.000000
vt 0.716216 1.000000
vt 0.709459 0.000000
vt 0.722973 1.000000
vt 0.716216 0.000000
vt 0.729730 1.000000
vt 0.722973 0.000000
vt 0.736486 1.000000
vt 0.729730 0.000000
vt 0.743243 1.000000
vt 0.736486 0.000000
vt 0.750000 1.000000
vt 0.743243 0.000000
vt 0.756757 1.000000
vt 0.750000 0.000000
vt 0.763514 1.000000
vt 0.756757 0.000000
vt 0.770270 1.000000
vt 0.763514 0.000000
vt 0.777027 1.000000
vt 0.770270 0.000000
vt 0.783784 1.000000
vt 0.777027 0.000000
vt 0.790541 1.000000
vt 0.783784 0.000000
vt 0.797297 1.000000
vt 0.790541 0.000000
vt 0.804054 1.000000
vt 0.797297 0.000000
vt 0.810811 1.000000
vt 0.804054 0.000000
vt 0.817568 1.000000
vt 0.810811 0.000000
vt 0.824324 1.000000
vt 0.817568 0.000000
vt 0.831081 1.000000
vt 0.824324 0.000000
vt 0.837838 1.000000
vt 0.831081 0.000000
vt 0.844595 1.000000
vt 0.837838 0.000000
vt 0.851351 1.000000
vt 0.844595 0.000000
vt 0.858108 1.000000
vt 0.851351 0.000000
vt 0.864865 1.000000
vt 0.858108 0.000000
vt 0.871622 1.000000
vt 0.864865 0.000000
vt 0.878378 1.000000
vt 0.871622 0.000000
vt 0.885135 1.000000
vt 0.878378 0.000000
vt 0.891892 1.000000
vt 0.885135 0.000000
vt 0.898649 1.000000
vt 0.891892 0.000000
vt 0.905405 1.000000
vt 0.898649 0.000000
vt 0.912162 1.000000
vt 0.905405 0.000000
vt 0.918919 1.000000
vt 0.912162 0.000000
vt 0.925676 1.000000
vt 0.918919 0.000000
vt 0.932432 1.000000
vt 0.925676 0.000000
vt 0.939189 1.000000
vt 0.932432 0.000000
vt 0.945946 1.000000
vt 0.939189 0.000000
vt 0.952703 1.000000
vt 0.945946 0.000000
vt 0.959459 1.000000
vt 0.952703 0.000000
vt 0.966216 1.000000
vt 0.959459 0.000000
vt 0.972973 1.000000
vt 0.966216 0.000000
vt 0.979730 1.000000
vt 0.972973 0.000000
vt 0.986486 1.000000
vt 0.979730 0.000000
vt 0.993243 1.000000
vt 0.986486 0.000000
vt 1.000000 1.000000
vt 0.993243 0.000000
vt 0.020833 1.000000
vt 0.041667 1.000000
vt 0.020833 0.000000
vt 0.062500 1.000000
vt 0.041667 0.000000
vt 0.083333 1.000000
vt 0.062500 0.000000
vt 0.104167 1.000000
vt 0.083333 0.000000
vt 0.125000 1.000000
vt 0.104167 0.000000
vt 0.145833 1.000000
vt 0.125000 0.000000
vt 0.166667 1.000000
vt 0.145833 0.000000
vt 0.187500 1.000000
vt 0.208333 1.000000
vt 0.187500 0.000000
vt 0.229167 1.000000
vt 0.208333 0.000000
vt 0.229167 0.000000
vt 0.270833 1.000000
vt 0.291667 1.000000
vt 0.270833 0.000000
vt 0.312500 1.000000
vt 0.291667 0.000000
vt 0.333333 1.000000
vt 0.312500 0.000000
vt 0.354167 1.000000
vt 0.375000 1.000000
vt 0.354167 0.000000
vt 0.395833 1.000000
vt 0.375000 0.000000
vt 0.416667 1.000000
vt 0.395833 0.000000
vt 0.437500 1.000000
vt 0.416667 0.000000
vt 0.458333 1.000000
vt 0.437500 0.000000
vt 0.479167 1.000000
vt 0.458333 0.000000
vt 0.479167 0.000000
vt 0.520833 1.000000
vt 0.541667 1.000000
vt 0.520833 0.000000
vt 0.562500 1.000000
vt 0.541667 0.000000
vt 0.583333 1.000000
vt 0.562500 0.000000
vt 0.604167 1.000000
vt 0.583333 0.000000
vt 0.625000 1.000000
vt 0.604167 0.000000
vt 0.645833 1.000000
vt 0.625000 0.000000
vt 0.666667 1.000000
vt 0.645833 0.000000
vt 0.687500 1.000000
vt 0.708333 1.000000
vt 0.687500 0.000000
vt 0.729167 1.000000
vt 0.708333 0.000000
vt 0.729167 0.000000
vt 0.770833 1.000000
vt 0.791667 1.000000
vt 0.770833 0.000000
vt 0.812500 1.000000
vt 0.791667 0.000000
vt 0.833333 1.000000
vt 0.812500 0.000000
vt 0.854167 1.000000
vt 0.875000 1.000000
vt 0.854167 0.000000
vt 0.895833 1.000000
vt 0.875000 0.000000
vt 0.916667 1.000000
vt 0.895833 0.000000
vt 0.937500 1.000000
vt 0.916667 0.000000
vt 0.958333 1.000000
vt 0.937500 0.000000
vt 0.979167 1.000000
vt 0.958333 0.000000
vt 0.979167 0.000000
vt 0.008197 1.000000
vt 0.016393 1.000000
vt 0.008197 0.000000
vt 0.024590 1.000000
vt 0.016393 0.000000
vt 0.032787 1.000000
vt 0.024590 0.000000
vt 0.040984 1.000000
vt 0.032787 0.000000
vt 0.049180 1.000000
vt 0.040984 0.000000
vt 0.057377 1.000000
vt 0.049180 0.000000
vt 0.065574 1.000000
vt 0.057377 0.000000
vt 0.073770 1.000000
vt 0.065574 0.000000
vt 0.081967 1.000000
vt 0.073770 0.000000
vt 0.090164 1.000000
vt 0.081967 0.000000
vt 0.098361 1.000000
vt 0.090164 0.000000
vt 0.106557 1.000000
vt 0.098361 0.000000
vt 0.114754 1.000000
vt 0.106557 0.000000
vt 0.122951 1.000000
vt 0.114754 0.000000
vt 0.131148 1.000000
vt 0.122951 0.000000
vt 0.139344 1.000000
vt 0.131148 0.000000
vt 0.147541 1.000000
vt 0.139344 0.000000
vt 0.155738 1.000000
vt 0.147541 0.000000
vt 0.163934 1.000000
vt 0.155738 0.000000
vt 0.172131 1.000000
vt 0.163934 0.000000
vt 0.180328 1.000000
vt 0.172131 0.000000
vt 0.188525 1.000000
vt 0.180328 0.000000
vt 0.196721 1.000000
vt 0.188525 0.000000
vt 0.204918 1.000000
vt 0.196721 0.000000
vt 0.213115 1.000000
vt 0.204918 0.000000
vt 0.221311 1.000000
vt 0.213115 0.000000
vt 0.229508 1.000000
vt 0.221311 0.000000
vt 0.237705 1.000000
vt 0.229508 0.000000
vt 0.245902 1.000000
vt 0.237705 0.000000
vt 0.254098 1.000000
vt 0.245902 0.000000
vt 0.262295 1.000000
vt 0.254098 0.000000
vt 0.270492 1.000000
vt 0.262295 0.000000
vt 0.278689 1.000000
vt 0.270492 0.000000
vt 0.286885 1.000000
vt 0.278689 0.000000
vt 0.295082 1.000000
vt 0.286885 0.000000
vt 0.303279 1.000000
vt 0.295082 0.000000
vt 0.311475 1.000000
vt 0.303279 0.000000
vt 0.319672 1.000000
vt 0.311475 0.000000
vt 0.327869 1.000000
vt 0.319672 0.000000
vt 0.336066 1.000000
vt 0.327869 0.000000
vt 0.344262 1.000000
vt 0.336066 0.000000
vt 0.352459 1.000000
vt 0.344262 0.000000
vt 0.360656 1.000000
vt 0.352459 0.000000
vt 0.368852 1.000000
vt 0.360656 0.000000
vt 0.377049 1.000000
vt 0.368852 0.000000
vt 0.385246 1.000000
vt 0.377049 0.000000
vt 0.393443 1.000000
vt 0.385246 0.000000
vt 0.401639 1.000000
vt 0.393443 0.000000
vt 0.409836 1.000000
vt 0.401639 0.000000
vt 0.418033 1.000000
vt 0.409836 0.000000
vt 0.426230 1.000000
vt 0.418033 0.000000
vt 0.434426 1.000000
vt 0.426230 0.000000
vt 0.442623 1.000000
vt 0.434426 0.000000
vt 0.450820 1.000000
vt 0.442623 0.000000
vt 0.459016 1.000000
vt 0.450820 0.000000
vt 0.467213 1.000000
vt 0.459016 0.000000
vt 0.475410 1.000000
vt 0.467213 0.000000
vt 0.483607 1.000000
vt 0.475410 0.000000
vt 0.491803 1.000000
vt 0.483607 0.000000
vt 0.491803 0.000000
vt 0.508197 1.000000
vt 0.516393 1.000000
vt 0.508197 0.000000
vt 0.524590 1.000000
vt 0.516393 0.000000
vt 0.532787 1.000000
vt 0.524590 0.000000
vt 0.540984 1.000000
vt 0.532787 0.000000
vt 0.549180 1.000000
vt 0.540984 0.000000
vt 0.557377 1.000000
vt 0.549180 0.000000
vt 0.565574 1.000000
vt 0.557377 0.000000
vt 0.573770 1.000000
vt 0.565574 0.000000
vt 0.581967 1.000000
vt 0.573770 0.000000
vt 0.590164 1.000000
vt 0.581967 0.000000
vt 0.598361 1.000000
vt 0.590164 0.000000
vt 0.606557 1.000000
vt 0.598361 0.000000
vt 0.614754 1.000000
vt 0.606557 0.000000
vt 0.622951 1.000000
vt 0.614754 0.000000
vt 0.631148 1.000000
vt 0.622951 0.000000
vt 0.639344 1.000000
vt 0.631148 0.000000
vt 0.647541 1.000000
vt 0.639344 0.000000
vt 0.655738 1.000000
vt 0.647541 0.000000
vt 0.663934 1.000000
vt 0.655738 0.000000
vt 0.672131 1.000000
vt 0.663934 0.000000
vt 0.680328 1.000000
vt 0.672131 0.000000
vt 0.688525 1.000000
vt 0.680328 0.000000
vt 0.696721 1.000000
vt 0.688525 0.000000
vt 0.704918 1.000000
vt 0.696721 0.000000
vt 0.713115 1.000000
vt 0.704918 0.000000
vt 0.721311 1.000000
vt 0.713115 0.000000
vt 0.729508 1.000000
vt 0.721311 0.000000
vt 0.737705 1.000000
vt 0.729508 0.000000
vt 0.745902 1.000000
vt 0.737705 0.000000
vt 0.754098 1.000000
vt 0.745902 0.000000
vt 0.762295 1.000000
vt 0.754098 0.000000
vt 0.770492 1.000000
vt 0.762295 0.000000
vt 0.778689 1.000000
vt 0.770492 0.000000
vt 0.786885 1.000000
vt 0.778689 0.000000
vt 0.795082 1.000000
vt 0.786885 0.000000
vt 0.803279 1.000000
vt 0.795082 0.000000
vt 0.811475 1.000000
vt 0.803279 0.000000
vt 0.819672 1.000000
vt 0.811475 0.000000
vt 0.827869 1.000000
vt 0.819672 0.000000
vt 0.836066 1.000000
vt 0.827869 0.000000
vt 0.844262 1.000000
vt 0.836066 0.000000
vt 0.852459 1.000000
vt 0.844262 0.000000
vt 0.860656 1.000000
vt 0.852459 0.000000
vt 0.868852 1.000000
vt 0.860656 0.000000
vt 0.877049 1.000000
vt 0.868852 0.000000
vt 0.885246 1.000000
vt 0.877049 0.000000
vt 0.893443 1.000000
vt 0.885246 0.000000
vt 0.901639 1.000000
vt 0.893443 0.000000
vt 0.909836 1.000000
vt 0.901639 0.000000
vt 0.918033 1.000000
vt 0.909836 0.000000
vt 0.926230 1.000000
vt 0.918033 0.000000
vt 0.934426 1.000000
vt 0.926230 0.000000
vt 0.942623 1.000000
vt 0.934426 0.000000
vt 0.950820 1.000000
vt 0.942623 0.000000
vt 0.959016 1.000000
vt 0.950820 0.000000
vt 0.967213 1.000000
vt 0.959016 0.000000
vt 0.975410 1.000000
vt 0.967213 0.000000
vt 0.983607 1.000000
vt 0.975410 0.000000
vt 0.991803 1.000000
vt 0.983607 0.000000
vt 0.991803 0.000000
vt 0.004808 1.000000
vt 0.009615 1.000000
vt 0.004808 0.000000
vt 0.014423 1.000000
vt 0.009615 0.000000
vt 0.019231 1.000000
vt 0.014423 0.000000
vt 0.024038 1.000000
vt 0.019231 0.000000
vt 0.028846 1.000000
vt 0.024038 0.000000
vt 0.033654 1.000000
vt 0.028846 0.000000
vt 0.038462 1.000000
vt 0.033654 0.000000
vt 0.043269 1.000000
vt 0.038462 0.000000
vt 0.048077 1.000000
vt 0.043269 0.000000
vt 0.052885 1.000000
vt 0.048077 0.000000
vt 0.057692 1.000000
vt 0.052885 0.000000
vt 0.057692 0.000000
vt 0.067308 1.000000
vt 0.072115 1.000000
vt 0.067308 0.000000
vt 0.076923 1.000000
vt 0.072115 0.000000
vt 0.081731 1.000000
vt 0.076923 0.000000
vt 0.086538 1.000000
vt 0.081731 0.000000
vt 0.091346 1.000000
vt 0.086538 0.000000
vt 0.096154 1.000000
vt 0.091346 0.000000
vt 0.100962 1.000000
vt 0.096154 0.000000
vt 0.105769 1.000000
vt 0.100962 0.000000
vt 0.110577 1.000000
vt 0.105769 0.000000
vt 0.115385 1.000000
vt 0.110577 0.000000
vt 0.120192 1.000000
vt 0.115385 0.000000
vt 0.120192 0.000000
vt 0.129808 1.000000
vt 0.134615 1.000000
vt 0.129808 0.000000
vt 0.139423 1.000000
vt 0.134615 0.000000
vt 0.144231 1.000000
vt 0.139423 0.000000
vt 0.149038 1.000000
vt 0.144231 0.000000
vt 0.153846 1.000000
vt 0.149038 0.000000
vt 0.158654 1.000000
vt 0.153846 0.000000
vt 0.163462 1.000000
vt 0.158654 0.000000
vt 0.168269 1.000000
vt 0.163462 0.000000
vt 0.173077 1.000000
vt 0.168269 0.000000
vt 0.177885 1.000000
vt 0.173077 0.000000
vt 0.182692 1.000000
vt 0.177885 0.000000
vt 0.182692 0.000000
vt 0.192308 1.000000
vt 0.197115 1.000000
vt 0.192308 0.000000
vt 0.201923 1.000000
vt 0.197115 0.000000
vt 0.206731 1.000000
vt 0.201923 0.000000
vt 0.211538 1.000000
vt 0.206731 0.000000
vt 0.216346 1.000000
vt 0.211538 0.000000
vt 0.221154 1.000000
vt 0.216346 0.000000
vt 0.225962 1.000000
vt 0.221154 0.000000
vt 0.230769 1.000000
vt 0.225962 0.000000
vt 0.235577 1.000000
vt 0.230769 0.000000
vt 0.240385 1.000000
vt 0.235577 0.000000
vt 0.245192 1.000000
vt 0.240385 0.000000
vt 0.245192 0.000000
vt 0.254808 1.000000
vt 0.259615 1.000000
vt 0.254808 0.000000
vt 0.264423 1.000000
vt 0.259615 0.000000
vt 0.269231 1.000000
vt 0.264423 0.000000
vt 0.274038 1.000000
vt 0.269231 0.000000
vt 0.278846 1.000000
vt 0.274038 0.000000
vt 0.283654 1.000000
vt 0.278846 0.000000
vt 0.288462 1.000000
vt 0.283654 0.000000
vt 0.293269 1.000000
vt 0.288462 0.000000
vt 0.298077 1.000000
vt 0.293269 0.000000
vt 0.302885 1.000000
vt 0.298077 0.000000
vt 0.307692 1.000000
vt 0.302885 0.000000
vt 0.307692 0.000000
vt 0.317308 1.000000
vt 0.322115 1.000000
vt 0.317308 0.000000
vt 0.326923 1.000000
vt 0.322115 0.000000
vt 0.331731 1.000000
vt 0.326923 0.000000
vt 0.336538 1.000000
vt 0.331731 0.000000
vt 0.341346 1.000000
vt 0.336538 0.000000
vt 0.346154 1.000000
vt 0.341346 0.000000
vt 0.350962 1.000000
vt 0.346154 0.000000
vt 0.355769 1.000000
vt 0.350962 0.000000
vt 0.360577 1.000000
vt 0.355769 0.000000
vt 0.365385 1.000000
vt 0.360577 0.000000
vt 0.370192 1.000000
vt 0.365385 0.000000
vt 0.370192 0.000000
vt 0.379808 1.000000
vt 0.384615 1.000000
vt 0.379808 0.000000
vt 0.389423 1.000000
vt 0.384615 0.000000
vt 0.394231 1.000000
vt 0.389423 0.000000
vt 0.399038 1.000000
vt 0.394231 0.000000
vt 0.403846 1.000000
vt 0.399038 0.000000
vt 0.408654 1.000000
vt 0.403846 0.000000
vt 0.413462 1.000000
vt 0.408654 0.000000
vt 0.418269 1.000000
vt 0.413462 0.000000
vt 0.423077 1.000000
vt 0.418269 0.000000
vt 0.427885 1.000000
vt 0.423077 0.000000
vt 0.432692 1.000000
vt 0.427885 0.000000
vt 0.432692 0.000000
vt 0.442308 1.000000
vt 0.447115 1.000000
vt 0.442308 0.000000
vt 0.451923 1.000000
vt 0.447115 0.000000
vt 0.456731 1.000000
vt 0.451923 0.000000
vt 0.461538 1.000000
vt 0.456731 0.000000
vt 0.466346 1.000000
vt 0.461538 0.000000
vt 0.471154 1.000000
vt 0.466346 0.000000
vt 0.475962 1.000000
vt 0.471154 0.000000
vt 0.480769 1.000000
vt 0.475962 0.000000
vt 0.485577 1.000000
vt 0.480769 0.000000
vt 0.490385 1.000000
vt 0.485577 0.000000
vt 0.495192 1.000000
vt 0.490385 0.000000
vt 0.495192 0.000000
vt 0.504808 1.000000
vt 0.509615 1.000000
vt 0.504808 0.000000
vt 0.514423 1.000000
vt 0.509615 0.000000
vt 0.519231 1.000000
vt 0.514423 0.000000
vt 0.524038 1.000000
vt 0.519231 0.000000
vt 0.528846 1.000000
vt 0.524038 0.000000
vt 0.533654 1.000000
vt 0.528846 0.000000
vt 0.538462 1.000000
vt 0.533654 0.000000
vt 0.543269 1.000000
vt 0.538462 0.000000
vt 0.548077 1.000000
vt 0.543269 0.000000
vt 0.552885 1.000000
vt 0.548077 0.000000
vt 0.557692 1.000000
vt 0.552885 0.000000
vt 0.557692 0.000000
vt 0.567308 1.000000
vt 0.572115 1.000000
vt 0.567308 0.000000
vt 0.576923 1.000000
vt 0.572115 0.000000
vt 0.581731 1.000000
vt 0.576923 0.000000
vt 0.586538 1.000000
vt 0.581731 0.000000
vt 0.591346 1.000000
vt 0.586538 0.000000
vt 0.596154 1.000000
vt 0.591346 0.000000
vt 0.600962 1.000000
vt 0.596154 0.000000
vt 0.605769 1.000000
vt 0.600962 0.000000
vt 0.610577 1.000000
vt 0.605769 0.000000
vt 0.615385 1.000000
vt 0.610577 0.000000
vt 0.620192 1.000000
vt 0.615385 0.000000
vt 0.620192 0.000000
vt 0.629808 1.000000
vt 0.634615 1.000000
vt 0.629808 0.000000
vt 0.639423 1.000000
vt 0.634615 0.000000
vt 0.644231 1.000000
vt 0.639423 0.000000
vt 0.649038 1.000000
vt 0.644231 0.000000
vt 0.653846 1.000000
vt 0.649038 0.000000
vt 0.658654 1.000000
vt 0.653846 0.000000
vt 0.663462 1.000000
vt 0.658654 0.000000
vt 0.668269 1.000000
vt 0.663462 0.000000
vt 0.673077 1.000000
vt 0.668269 0.000000
vt 0.677885 1.000000
vt 0.673077 0.000000
vt 0.682692 1.000000
vt 0.677885 0.000000
vt 0.682692 0.000000
vt 0.692308 1.000000
vt 0.697115 1.000000
vt 0.692308 0.000000
vt 0.701923 1.000000
vt 0.697115 0.000000
vt 0.706731 1.000000
vt 0.701923 0.000000
vt 0.711538 1.000000
vt 0.706731 0.000000
vt 0.716346 1.000000
vt 0.711538 0.000000
vt 0.721154 1.000000
vt 0.716346 0.000000
vt 0.725962 1.000000
vt 0.721154 0.000000
vt 0.730769 1.000000
vt 0.725962 0.000000
vt 0.735577 1.000000
vt 0.730769 0.000000
vt 0.740385 1.000000
vt 0.735577 0.000000
vt 0.745192 1.000000
vt 0.740385 0.000000
vt 0.745192 0.000000
vt 0.754808 1.000000
vt 0.759615 1.000000
vt 0.754808 0.000000
vt 0.764423 1.000000
vt 0.759615 0.000000
vt 0.769231 1.000000
vt 0.764423 0.000000
vt 0.774038 1.000000
vt 0.769231 0.000000
vt 0.778846 1.000000
vt 0.774038 0.000000
vt 0.783654 1.000000
vt 0.778846 0.000000
vt 0.788462 1.000000
vt 0.783654 0.000000
vt 0.793269 1.000000
vt 0.788462 0.000000
vt 0.798077 1.000000
vt 0.793269 0.000000
vt 0.802885 1.000000
vt 0.798077 0.000000
vt 0.807692 1.000000
vt 0.802885 0.000000
vt 0.807692 0.000000
vt 0.817308 1.000000
vt 0.822115 1.000000
vt 0.817308 0.000000
vt 0.826923 1.000000
vt 0.822115 0.000000
vt 0.831731 1.000000
vt 0.826923 0.000000
vt 0.836538 1.000000
vt 0.831731 0.000000
vt 0.841346 1.000000
vt 0.836538 0.000000
vt 0.846154 1.000000
vt 0.841346 0.000000
vt 0.850962 1.000000
vt 0.846154 0.000000
vt 0.855769 1.000000
vt 0.850962 0.000000
vt 0.860577 1.000000
vt 0.855769 0.000000
vt 0.865385 1.000000
vt 0.860577 0.000000
vt 0.870192 1.000000
vt 0.865385 0.000000
vt 0.870192 0.000000
vt 0.879808 1.000000
vt 0.884615 1.000000
vt 0.879808 0.000000
vt 0.889423 1.000000
vt 0.884615 0.000000
vt 0.894231 1.000000
vt 0.889423 0.000000
vt 0.899038 1.000000
vt 0.894231 0.000000
vt 0.903846 1.000000
vt 0.899038 0.000000
vt 0.908654 1.000000
vt 0.903846 0.000000
vt 0.913462 1.000000
vt 0.908654 0.000000
vt 0.918269 1.000000
vt 0.913462 0.000000
vt 0.923077 1.000000
vt 0.918269 0.000000
vt 0.927885 1.000000
vt 0.923077 0.000000
vt 0.932692 1.000000
vt 0.927885 0.000000
vt 0.932692 0.000000
vt 0.942308 1.000000
vt 0.947115 1.000000
vt 0.942308 0.000000
vt 0.951923 1.000000
vt 0.947115 0.000000
vt 0.956731 1.000000
vt 0.951923 0.000000
vt 0.961538 1.000000
vt 0.956731 0.000000
vt 0.966346 1.000000
vt 0.961538 0.000000
vt 0.971154 1.000000
vt 0.966346 0.000000
vt 0.975962 1.000000
vt 0.971154 0.000000
vt 0.980769 1.000000
vt 0.975962 0.000000
vt 0.985577 1.000000
vt 0.980769 0.000000
vt 0.990385 1.000000
vt 0.985577 0.000000
vt 0.995192 1.000000
vt 0.990385 0.000000
vt 0.995192 0.000000
vt 0.009009 1.000000
vt 0.018018 1.000000
vt 0.009009 0.000000
vt 0.018018 0.000000
vt 0.036036 1.000000
vt 0.045045 1.000000
vt 0.036036 0.000000
vt 0.045045 0.000000
vt 0.063063 1.000000
vt 0.072072 1.000000
vt 0.063063 0.000000
vt 0.072072 0.000000
vt 0.090090 1.000000
vt 0.099099 1.000000
vt 0.090090 0.000000
vt 0.099099 0.000000
vt 0.117117 1.000000
vt 0.126126 1.000000
vt 0.117117 0.000000
vt 0.126126 0.000000
vt 0.144144 1.000000
vt 0.153153 1.000000
vt 0.144144 0.000000
vt 0.153153 0.000000
vt 0.171171 1.000000
vt 0.180180 1.000000
vt 0.171171 0.000000
vt 0.180180 0.000000
vt 0.198198 1.000000
vt 0.207207 1.000000
vt 0.198198 0.000000
vt 0.207207 0.000000
vt 0.225225 1.000000
vt 0.234234 1.000000
vt 0.225225 0.000000
vt 0.234234 0.000000
vt 0.252252 1.000000
vt 0.261261 1.000000
vt 0.252252 0.000000
vt 0.261261 0.000000
vt 0.279279 1.000000
vt 0.288288 1.000000
vt 0.279279 0.000000
vt 0.288288 0.000000
vt 0.306306 1.000000
vt 0.315315 1.000000
vt 0.306306 0.000000
vt 0.315315 0.000000
vt 0.342342 1.000000
vt 0.342342 0.000000
vt 0.360360 1.000000
vt 0.369369 1.000000
vt 0.360360 0.000000
vt 0.369369 0.000000
vt 0.387387 1.000000
vt 0.396396 1.000000
vt 0.387387 0.000000
vt 0.396396 0.000000
vt 0.414414 1.000000
vt 0.423423 1.000000
vt 0.414414 0.000000
vt 0.423423 0.000000
vt 0.441441 1.000000
vt 0.450450 1.000000
vt 0.441441 0.000000
vt 0.450450 0.000000
vt 0.468468 1.000000
vt 0.477477 1.000000
vt 0.468468 0.000000
vt 0.477477 0.000000
vt 0.495495 1.000000
vt 0.504505 1.000000
vt 0.495495 0.000000
vt 0.504505 0.000000
vt 0.522523 1.000000
vt 0.531532 1.000000
vt 0.522523 0.000000
vt 0.531532 0.000000
vt 0.549550 1.000000
vt 0.558559 1.000000
vt 0.549550 0.000000
vt 0.558559 0.000000
vt 0.576577 1.000000
vt 0.585586 1.000000
vt 0.576577 0.000000
vt 0.585586 0.000000
vt 0.603604 1.000000
vt 0.612613 1.000000
vt 0.603604 0.000000
vt 0.612613 0.000000
vt 0.630631 1.000000
vt 0.639640 1.000000
vt 0.630631 0.000000
vt 0.639640 0.000000
vt 0.657658 1.000000
vt 0.657658 0.000000
vt 0.684685 1.000000
vt 0.693694 1.000000
vt 0.684685 0.000000
vt 0.693694 0.000000
vt 0.711712 1.000000
vt 0.720721 1.000000
vt 0.711712 0.000000
vt 0.720721 0.000000
vt 0.738739 1.000000
vt 0.747748 1.000000
vt 0.738739 0.000000
vt 0.747748 0.000000
vt 0.765766 1.000000
vt 0.774775 1.000000
vt 0.765766 0.000000
vt 0.774775 0.000000
vt 0.792793 1.000000
vt 0.801802 1.000000
vt 0.792793 0.000000
vt 0.801802 0.000000
vt 0.819820 1.000000
vt 0.828829 1.000000
vt 0.819820 0.000000
vt 0.828829 0.000000
vt 0.846847 1.000000
vt 0.855856 1.000000
vt 0.846847 0.000000
vt 0.855856 0.000000
vt 0.873874 1.000000
vt 0.882883 1.000000
vt 0.873874 0.000000
vt 0.882883 0.000000
vt 0.900901 1.000000
vt 0.909910 1.000000
vt 0.900901 0.000000
vt 0.909910 0.000000
vt 0.927928 1.000000
vt 0.936937 1.000000
vt 0.927928 0.000000
vt 0.936937 0.000000
vt 0.954955 1.000000
vt 0.963964 1.000000
vt 0.954955 0.000000
vt 0.963964 0.000000
vt 0.981982 1.000000
vt 0.990991 1.000000
vt 0.981982 0.000000
vt 0.990991 0.000000
vt 0.023256 1.000000
vt 0.046512 1.000000
vt 0.023256 0.000000
vt 0.069767 1.000000
vt 0.046512 0.000000
vt 0.093023 1.000000
vt 0.069767 0.000000
vt 0.116279 1.000000
vt 0.093023 0.000000
vt 0.139535 1.000000
vt 0.116279 0.000000
vt 0.162791 1.000000
vt 0.139535 0.000000
vt 0.186047 1.000000
vt 0.162791 0.000000
vt 0.209302 1.000000
vt 0.186047 0.000000
vt 0.232558 1.000000
vt 0.209302 0.000000
vt 0.255814 1.000000
vt 0.232558 0.000000
vt 0.279070 1.000000
vt 0.255814 0.000000
vt 0.302326 1.000000
vt 0.279070 0.000000
vt 0.325581 1.000000
vt 0.302326 0.000000
vt 0.348837 1.000000
vt 0.325581 0.000000
vt 0.372093 1.000000
vt 0.348837 0.000000
vt 0.395349 1.000000
vt 0.372093 0.000000
vt 0.418605 1.000000
vt 0.395349 0.000000
vt 0.441860 1.000000
vt 0.418605 0.000000
vt 0.465116 1.000000
vt 0.441860 0.000000
vt 0.488372 1.000000
vt 0.465116 0.000000
vt 0.511628 1.000000
vt 0.488372 0.000000
vt 0.534884 1.000000
vt 0.511628 0.000000
vt 0.558140 1.000000
vt 0.534884 0.000000
vt 0.581395 1.000000
vt 0.558140 0.000000
vt 0.604651 1.000000
vt 0.581395 0.000000
vt 0.627907 1.000000
vt 0.604651 0.000000
vt 0.651163 1.000000
vt 0.627907 0.000000
vt 0.674419 1.000000
vt 0.651163 0.000000
vt 0.697674 1.000000
vt 0.674419 0.000000
vt 0.720930 1.000000
vt 0.697674 0.000000
vt 0.744186 1.000000
vt 0.720930 0.000000
vt 0.767442 1.000000
vt 0.744186 0.000000
vt 0.790698 1.000000
vt 0.767442 0.000000
vt 0.813953 1.000000
vt 0.790698 0.000000
vt 0.837209 1.000000
vt 0.813953 0.000000
vt 0.860465 1.000000
vt 0.837209 0.000000
vt 0.883721 1.000000
vt 0.860465 0.000000
vt 0.906977 1.000000
vt 0.883721 0.000000
vt 0.930233 1.000000
vt 0.906977 0.000000
vt 0.953488 1.000000
vt 0.930233 0.000000
vt 0.976744 1.000000
vt 0.953488 0.000000
vt 0.976744 0.000000
vt 0.008333 1.000000
vt 0.016667 1.000000
vt 0.008333 0.000000
vt 0.025000 1.000000
vt 0.016667 0.000000
vt 0.033333 1.000000
vt 0.025000 0.000000
vt 0.033333 0.000000
vt 0.050000 1.000000
vt 0.058333 1.000000
vt 0.050000 0.000000
vt 0.066667 1.000000
vt 0.058333 0.000000
vt 0.075000 1.000000
vt 0.066667 0.000000
vt 0.075000 0.000000
vt 0.091667 1.000000
vt 0.100000 1.000000
vt 0.091667 0.000000
vt 0.108333 1.000000
vt 0.116667 1.000000
vt 0.108333 0.000000
vt 0.116667 0.000000
vt 0.133333 1.000000
vt 0.141667 1.000000
vt 0.133333 0.000000
vt 0.150000 1.000000
vt 0.141667 0.000000
vt 0.158333 1.000000
vt 0.150000 0.000000
vt 0.158333 0.000000
vt 0.175000 1.000000
vt 0.183333 1.000000
vt 0.175000 0.000000
vt 0.191667 1.000000
vt 0.183333 0.000000
vt 0.200000 1.000000
vt 0.191667 0.000000
vt 0.216667 1.000000
vt 0.225000 1.000000
vt 0.216667 0.000000
vt 0.233333 1.000000
vt 0.225000 0.000000
vt 0.241667 1.000000
vt 0.233333 0.000000
vt 0.241667 0.000000
vt 0.258333 1.000000
vt 0.266667 1.000000
vt 0.258333 0.000000
vt 0.275000 1.000000
vt 0.266667 0.000000
vt 0.283333 1.000000
vt 0.275000 0.000000
vt 0.283333 0.000000
vt 0.300000 1.000000
vt 0.308333 1.000000
vt 0.316667 1.000000
vt 0.308333 0.000000
vt 0.325000 1.000000
vt 0.316667 0.000000
vt 0.325000 0.000000
vt 0.341667 1.000000
vt 0.350000 1.000000
vt 0.341667 0.000000
vt 0.358333 1.000000
vt 0.350000 0.000000
vt 0.366667 1.000000
vt 0.358333 0.000000
vt 0.366667 0.000000
vt 0.383333 1.000000
vt 0.391667 1.000000
vt 0.383333 0.000000
vt 0.400000 1.000000
vt 0.391667 0.000000
vt 0.408333 1.000000
vt 0.408333 0.000000
vt 0.425000 1.000000
vt 0.433333 1.000000
vt 0.425000 0.000000
vt 0.441667 1.000000
vt 0.433333 0.000000
vt 0.450000 1.000000
vt 0.441667 0.000000
vt 0.450000 0.000000
vt 0.466667 1.000000
vt 0.475000 1.000000
vt 0.466667 0.000000
vt 0.483333 1.000000
vt 0.475000 0.000000
vt 0.491667 1.000000
vt 0.483333 0.000000
vt 0.491667 0.000000
vt 0.508333 1.000000
vt 0.516667 1.000000
vt 0.508333 0.000000
vt 0.525000 1.000000
vt 0.516667 0.000000
vt 0.533333 1.000000
vt 0.525000 0.000000
vt 0.533333 0.000000
vt 0.550000 1.000000
vt 0.558333 1.000000
vt 0.550000 0.000000
vt 0.566667 1.000000
vt 0.558333 0.000000
vt 0.575000 1.000000
vt 0.566667 0.000000
vt 0.575000 0.000000
vt 0.591667 1.000000
vt 0.600000 1.000000
vt 0.591667 0.000000
vt 0.608333 1.000000
vt 0.616667 1.000000
vt 0.608333 0.000000
vt 0.616667 0.000000
vt 0.633333 1.000000
vt 0.641667 1.000000
vt 0.633333 0.000000
vt 0.650000 1.000000
vt 0.641667 0.000000
vt 0.658333 1.000000
vt 0.650000 0.000000
vt 0.658333 0.000000
vt 0.675000 1.000000
vt 0.683333 1.000000
vt 0.675000 0.000000
vt 0.691667 1.000000
vt 0.683333 0.000000
vt 0.700000 1.000000
vt 0.691667 0.000000
vt 0.716667 1.000000
vt 0.725000 1.000000
vt 0.716667 0.000000
vt 0.733333 1.000000
vt 0.725000 0.000000
vt 0.741667 1.000000
vt 0.733333 0.000000
vt 0.741667 0.000000
vt 0.758333 1.000000
vt 0.766667 1.000000
vt 0.758333 0.000000
vt 0.775000 1.000000
vt 0.766667 0.000000
vt 0.783333 1.000000
vt 0.775000 0.000000
vt 0.783333 0.000000
vt 0.800000 1.000000
vt 0.808333 1.000000
vt 0.816667 1.000000
vt 0.808333 0.000000
vt 0.825000 1.000000
vt 0.816667 0.000000
vt 0.825000 0.000000
vt 0.841667 1.000000
vt 0.850000 1.000000
vt 0.841667 0.000000
vt 0.858333 1.000000
vt 0.850000 0.000000
vt 0.866667 1.000000
vt 0.858333 0.000000
vt 0.866667 0.000000
vt 0.883333 1.000000
vt 0.891667 1.000000
vt 0.883333 0.000000
vt 0.900000 1.000000
vt 0.891667 0.000000
vt 0.908333 1.000000
vt 0.908333 0.000000
vt 0.925000 1.000000
vt 0.933333 1.000000
vt 0.925000 0.000000
vt 0.941667 1.000000
vt 0.933333 0.000000
vt 0.950000 1.000000
vt 0.941667 0.000000
vt 0.950000 0.000000
vt 0.966667 1.000000
vt 0.975000 1.000000
vt 0.966667 0.000000
vt 0.983333 1.000000
vt 0.975000 0.000000
vt 0.991667 1.000000
vt 0.983333 0.000000
vt 0.991667 0.000000
vt 0.003356 1.000000
vt 0.006711 1.000000
vt 0.003356 0.000000
vt 0.010067 1.000000
vt 0.006711 0.000000
vt 0.013423 1.000000
vt 0.010067 0.000000
vt 0.016779 1.000000
vt 0.013423 0.000000
vt 0.020134 1.000000
vt 0.016779 0.000000
vt 0.023490 1.000000
vt 0.020134 0.000000
vt 0.026846 1.000000
vt 0.023490 0.000000
vt 0.030201 1.000000
vt 0.026846 0.000000
vt 0.033557 1.000000
vt 0.030201 0.000000
vt 0.036913 1.000000
vt 0.033557 0.000000
vt 0.040268 1.000000
vt 0.036913 0.000000
vt 0.043624 1.000000
vt 0.040268 0.000000
vt 0.046980 1.000000
vt 0.043624 0.000000
vt 0.050336 1.000000
vt 0.046980 0.000000
vt 0.053691 1.000000
vt 0.050336 0.000000
vt 0.057047 1.000000
vt 0.053691 0.000000
vt 0.060403 1.000000
vt 0.057047 0.000000
vt 0.063758 1.000000
vt 0.060403 0.000000
vt 0.067114 1.000000
vt 0.063758 0.000000
vt 0.070470 1.000000
vt 0.067114 0.000000
vt 0.073826 1.000000
vt 0.070470 0.000000
vt 0.077181 1.000000
vt 0.073826 0.000000
vt 0.080537 1.000000
vt 0.077181 0.000000
vt 0.083893 1.000000
vt 0.080537 0.000000
vt 0.087248 1.000000
vt 0.083893 0.000000
vt 0.090604 1.000000
vt 0.087248 0.000000
vt 0.093960 1.000000
vt 0.090604 0.000000
vt 0.097315 1.000000
vt 0.093960 0.000000
vt 0.100671 1.000000
vt 0.097315 0.000000
vt 0.104027 1.000000
vt 0.100671 0.000000
vt 0.107383 1.000000
vt 0.104027 0.000000
vt 0.110738 1.000000
vt 0.107383 0.000000
vt 0.114094 1.000000
vt 0.110738 0.000000
vt 0.117450 1.000000
vt 0.114094 0.000000
vt 0.120805 1.000000
vt 0.117450 0.000000
vt 0.124161 1.000000
vt 0.120805 0.000000
vt 0.127517 1.000000
vt 0.124161 0.000000
vt 0.130872 1.000000
vt 0.127517 0.000000
vt 0.134228 1.000000
vt 0.130872 0.000000
vt 0.137584 1.000000
vt 0.134228 0.000000
vt 0.140940 1.000000
vt 0.137584 0.000000
vt 0.144295 1.000000
vt 0.140940 0.000000
vt 0.147651 1.000000
vt 0.144295 0.000000
vt 0.151007 1.000000
vt 0.147651 0.000000
vt 0.154362 1.000000
vt 0.151007 0.000000
vt 0.157718 1.000000
vt 0.154362 0.000000
vt 0.161074 1.000000
vt 0.157718 0.000000
vt 0.164430 1.000000
vt 0.161074 0.000000
vt 0.167785 1.000000
vt 0.164430 0.000000
vt 0.171141 1.000000
vt 0.167785 0.000000
vt 0.174497 1.000000
vt 0.171141 0.000000
vt 0.177852 1.000000
vt 0.174497 0.000000
vt 0.181208 1.000000
vt 0.177852 0.000000
vt 0.184564 1.000000
vt 0.181208 0.000000
vt 0.187919 1.000000
vt 0.184564 0.000000
vt 0.191275 1.000000
vt 0.187919 0.000000
vt 0.194631 1.000000
vt 0.191275 0.000000
vt 0.197987 1.000000
vt 0.194631 0.000000
vt 0.201342 1.000000
vt 0.197987 0.000000
vt 0.204698 1.000000
vt 0.201342 0.000000
vt 0.208054 1.000000
vt 0.204698 0.000000
vt 0.211409 1.000000
vt 0.208054 0.000000
vt 0.214765 1.000000
vt 0.211409 0.000000
vt 0.218121 1.000000
vt 0.214765 0.000000
vt 0.221477 1.000000
vt 0.218121 0.000000
vt 0.224832 1.000000
vt 0.221477 0.000000
vt 0.228188 1.000000
vt 0.224832 0.000000
vt 0.231544 1.000000
vt 0.228188 0.000000
vt 0.234899 1.000000
vt 0.231544 0.000000
vt 0.238255 1.000000
vt 0.234899 0.000000
vt 0.241611 1.000000
vt 0.238255 0.000000
vt 0.244966 1.000000
vt 0.241611 0.000000
vt 0.248322 1.000000
vt 0.244966 0.000000
vt 0.251678 1.000000
vt 0.248322 0.000000
vt 0.255034 1.000000
vt 0.251678 0.000000
vt 0.258389 1.000000
vt 0.255034 0.000000
vt 0.261745 1.000000
vt 0.258389 0.000000
vt 0.265101 1.000000
vt 0.261745 0.000000
vt 0.268456 1.000000
vt 0.265101 0.000000
vt 0.271812 1.000000
vt 0.268456 0.000000
vt 0.275168 1.000000
vt 0.271812 0.000000
vt 0.278524 1.000000
vt 0.275168 0.000000
vt 0.281879 1.000000
vt 0.278524 0.000000
vt 0.285235 1.000000
vt 0.281879 0.000000
vt 0.288591 1.000000
vt 0.285235 0.000000
vt 0.291946 1.000000
vt 0.288591 0.000000
vt 0.295302 1.000000
vt 0.291946 0.000000
vt 0.298658 1.000000
vt 0.295302 0.000000
vt 0.302013 1.000000
vt 0.298658 0.000000
vt 0.305369 1.000000
vt 0.302013 0.000000
vt 0.308725 1.000000
vt 0.305369 0.000000
vt 0.312081 1.000000
vt 0.308725 0.000000
vt 0.315436 1.000000
vt 0.312081 0.000000
vt 0.318792 1.000000
vt 0.315436 0.000000
vt 0.322148 1.000000
vt 0.318792 0.000000
vt 0.325503 1.000000
vt 0.322148 0.000000
vt 0.328859 1.000000
vt 0.325503 0.000000
vt 0.332215 1.000000
vt 0.328859 0.000000
vt 0.335570 1.000000
vt 0.332215 0.000000
vt 0.338926 1.000000
vt 0.335570 0.000000
vt 0.342282 1.000000
vt 0.338926 0.000000
vt 0.345638 1.000000
vt 0.342282 0.000000
vt 0.348993 1.000000
vt 0.345638 0.000000
vt 0.352349 1.000000
vt 0.348993 0.000000
vt 0.355705 1.000000
vt 0.352349 0.000000
vt 0.359060 1.000000
vt 0.355705 0.000000
vt 0.362416 1.000000
vt 0.359060 0.000000
vt 0.365772 1.000000
vt 0.362416 0.000000
vt 0.369128 1.000000
vt 0.365772 0.000000
vt 0.372483 1.000000
vt 0.369128 0.000000
vt 0.375839 1.000000
vt 0.372483 0.000000
vt 0.379195 1.000000
vt 0.375839 0.000000
vt 0.382550 1.000000
vt 0.379195 0.000000
vt 0.385906 1.000000
vt 0.382550 0.000000
vt 0.389262 1.000000
vt 0.385906 0.000000
vt 0.392617 1.000000
vt 0.389262 0.000000
vt 0.395973 1.000000
vt 0.392617 0.000000
vt 0.399329 1.000000
vt 0.395973 0.000000
vt 0.402685 1.000000
vt 0.399329 0.000000
vt 0.406040 1.000000
vt 0.402685 0.000000
vt 0.409396 1.000000
vt 0.406040 0.000000
vt 0.412752 1.000000
vt 0.409396 0.000000
vt 0.416107 1.000000
vt 0.412752 0.000000
vt 0.419463 1.000000
vt 0.416107 0.000000
vt 0.422819 1.000000
vt 0.419463 0.000000
vt 0.426174 1.000000
vt 0.422819 0.000000
vt 0.429530 1.000000
vt 0.426174 0.000000
vt 0.432886 1.000000
vt 0.429530 0.000000
vt 0.436242 1.000000
vt 0.432886 0.000000
vt 0.439597 1.000000
vt 0.436242 0.000000
vt 0.442953 1.000000
vt 0.439597 0.000000
vt 0.446309 1.000000
vt 0.442953 0.000000
vt 0.449664 1.000000
vt 0.446309 0.000000
vt 0.453020 1.000000
vt 0.449664 0.000000
vt 0.456376 1.000000
vt 0.453020 0.000000
vt 0.459732 1.000000
vt 0.456376 0.000000
vt 0.463087 1.000000
vt 0.459732 0.000000
vt 0.466443 1.000000
vt 0.463087 0.000000
vt 0.469799 1.000000
vt 0.466443 0.000000
vt 0.473154 1.000000
vt 0.469799 0.000000
vt 0.476510 1.000000
vt 0.473154 0.000000
vt 0.479866 1.000000
vt 0.476510 0.000000
vt 0.483221 1.000000
vt 0.479866 0.000000
vt 0.486577 1.000000
vt 0.483221 0.000000
vt 0.489933 1.000000
vt 0.486577 0.000000
vt 0.493289 1.000000
vt 0.489933 0.000000
vt 0.496644 1.000000
vt 0.493289 0.000000
vt 0.496644 0.000000
vt 0.503356 1.000000
vt 0.506711 1.000000
vt 0.503356 0.000000
vt 0.510067 1.000000
vt 0.506711 0.000000
vt 0.513423 1.000000
vt 0.510067 0.000000
vt 0.516779 1.000000
vt 0.513423 0.000000
vt 0.520134 1.000000
vt 0.516779 0.000000
vt 0.523490 1.000000
vt 0.520134 0.000000
vt 0.526846 1.000000
vt 0.523490 0.000000
vt 0.530201 1.000000
vt 0.526846 0.000000
vt 0.533557 1.000000
vt 0.530201 0.000000
vt 0.536913 1.000000
vt 0.533557 0.000000
vt 0.540268 1.000000
vt 0.536913 0.000000
vt 0.543624 1.000000
vt 0.540268 0.000000
vt 0.546980 1.000000
vt 0.543624 0.000000
vt 0.550336 1.000000
vt 0.546980 0.000000
vt 0.553691 1.000000
vt 0.550336 0.000000
vt 0.557047 1.000000
vt 0.553691 0.000000
vt 0.560403 1.000000
vt 0.557047 0.000000
vt 0.563758 1.000000
vt 0.560403 0.000000
vt 0.567114 1.000000
vt 0.563758 0.000000
vt 0.570470 1.000000
vt 0.567114 0.000000
vt 0.573825 1.000000
vt 0.570470 0.000000
vt 0.577181 1.000000
vt 0.573825 0.000000
vt 0.580537 1.000000
vt 0.577181 0.000000
vt 0.583893 1.000000
vt 0.580537 0.000000
vt 0.587248 1.000000
vt 0.583893 0.000000
vt 0.590604 1.000000
vt 0.587248 0.000000
vt 0.593960 1.000000
vt 0.590604 0.000000
vt 0.597315 1.000000
vt 0.593960 0.000000
vt 0.600671 1.000000
vt 0.597315 0.000000
vt 0.604027 1.000000
vt 0.600671 0.000000
vt 0.607383 1.000000
vt 0.604027 0.000000
vt 0.610738 1.000000
vt 0.607383 0.000000
vt 0.614094 1.000000
vt 0.610738 0.000000
vt 0.617450 1.000000
vt 0.614094 0.000000
vt 0.620805 1.000000
vt 0.617450 0.000000
vt 0.624161 1.000000
vt 0.620805 0.000000
vt 0.627517 1.000000
vt 0.624161 0.000000
vt 0.630872 1.000000
vt 0.627517 0.000000
vt 0.634228 1.000000
vt 0.630872 0.000000
vt 0.637584 1.000000
vt 0.634228 0.000000
vt 0.640940 1.000000
vt 0.637584 0.000000
vt 0.644295 1.000000
vt 0.640940 0.000000
vt 0.647651 1.000000
vt 0.644295 0.000000
vt 0.651007 1.000000
vt 0.647651 0.000000
vt 0.654362 1.000000
vt 0.651007 0.000000
vt 0.657718 1.000000
vt 0.654362 0.000000
vt 0.661074 1.000000
vt 0.657718 0.000000
vt 0.664430 1.000000
vt 0.661074 0.000000
vt 0.667785 1.000000
vt 0.664430 0.000000
vt 0.671141 1.000000
vt 0.667785 0.000000
vt 0.674497 1.000000
vt 0.671141 0.000000
vt 0.677852 1.000000
vt 0.674497 0.000000
vt 0.681208 1.000000
vt 0.677852 0.000000
vt 0.684564 1.000000
vt 0.681208 0.000000
vt 0.687919 1.000000
vt 0.684564 0.000000
vt 0.691275 1.000000
vt 0.687919 0.000000
vt 0.694631 1.000000
vt 0.691275 0.000000
vt 0.697987 1.000000
vt 0.694631 0.000000
vt 0.701342 1.000000
vt 0.697987 0.000000
vt 0.704698 1.000000
vt 0.701342 0.000000
vt 0.708054 1.000000
vt 0.704698 0.000000
vt 0.711409 1.000000
vt 0.708054 0.000000
vt 0.714765 1.000000
vt 0.711409 0.000000
vt 0.718121 1.000000
vt 0.714765 0.000000
vt 0.721476 1.000000
vt 0.718121 0.000000
vt 0.724832 1.000000
vt 0.721476 0.000000
vt 0.728188 1.000000
vt 0.724832 0.000000
vt 0.731544 1.000000
vt 0.728188 0.000000
vt 0.734899 1.000000
vt 0.731544 0.000000
vt 0.738255 1.000000
vt 0.734899 0.000000
vt 0.741611 1.000000
vt 0.738255 0.000000
vt 0.744966 1.000000
vt 0.741611 0.000000
vt 0.748322 1.000000
vt 0.744966 0.000000
vt 0.751678 1.000000
vt 0.748322 0.000000
vt 0.755034 1.000000
vt 0.751678 0.000000
vt 0.758389 1.000000
vt 0.755034 0.000000
vt 0.761745 1.000000
vt 0.758389 0.000000
vt 0.765101 1.000000
vt 0.761745 0.000000
vt 0.768456 1.000000
vt 0.765101 0.000000
vt 0.771812 1.000000
vt 0.768456 0.000000
vt 0.775168 1.000000
vt 0.771812 0.000000
vt 0.778524 1.000000
vt 0.775168 0.000000
vt 0.781879 1.000000
vt 0.778524 0.000000
vt 0.785235 1.000000
vt 0.781879 0.000000
vt 0.788591 1.000000
vt 0.785235 0.000000
vt 0.791946 1.000000
vt 0.788591 0.000000
vt 0.795302 1.000000
vt 0.791946 0.000000
vt 0.798658 1.000000
vt 0.795302 0.000000
vt 0.802013 1.000000
vt 0.798658 0.000000
vt 0.805369 1.000000
vt 0.802013 0.000000
vt 0.808725 1.000000
vt 0.805369 0.000000
vt 0.812081 1.000000
vt 0.808725 0.000000
vt 0.815436 1.000000
vt 0.812081 0.000000
vt 0.818792 1.000000
vt 0.815436 0.000000
vt 0.822148 1.000000
vt 0.818792 0.000000
vt 0.825503 1.000000
vt 0.822148 0.000000
vt 0.828859 1.000000
vt 0.825503 0.000000
vt 0.832215 1.000000
vt 0.828859 0.000000
vt 0.835570 1.000000
vt 0.832215 0.000000
vt 0.838926 1.000000
vt 0.835570 0.000000
vt 0.842282 1.000000
vt 0.838926 0.000000
vt 0.845638 1.000000
vt 0.842282 0.000000
vt 0.848993 1.000000
vt 0.845638 0.000000
vt 0.852349 1.000000
vt 0.848993 0.000000
vt 0.855705 1.000000
vt 0.852349 0.000000
vt 0.859060 1.000000
vt 0.855705 0.000000
vt 0.862416 1.000000
vt 0.859060 0.000000
vt 0.865772 1.000000
vt 0.862416 0.000000
vt 0.869128 1.000000
vt 0.865772 0.000000
vt 0.872483 1.000000
vt 0.869128 0.000000
vt 0.875839 1.000000
vt 0.872483 0.000000
vt 0.879195 1.000000
vt 0.875839 0.000000
vt 0.882550 1.000000
vt 0.879195 0.000000
vt 0.885906 1.000000
vt 0.882550 0.000000
vt 0.889262 1.000000
vt 0.885906 0.000000
vt 0.892617 1.000000
vt 0.889262 0.000000
vt 0.895973 1.000000
vt 0.892617 0.000000
vt 0.899329 1.000000
vt 0.895973 0.000000
vt 0.902685 1.000000
vt 0.899329 0.000000
vt 0.906040 1.000000
vt 0.902685 0.000000
vt 0.909396 1.000000
vt 0.906040 0.000000
vt 0.912752 1.000000
vt 0.909396 0.000000
vt 0.916107 1.000000
vt 0.912752 0.000000
vt 0.919463 1.000000
vt 0.916107 0.000000
vt 0.922819 1.000000
vt 0.919463 0.000000
vt 0.926175 1.000000
vt 0.922819 0.000000
vt 0.929530 1.000000
vt 0.926175 0.000000
vt 0.932886 1.000000
vt 0.929530 0.000000
vt 0.936242 1.000000
vt 0.932886 0.000000
vt 0.939597 1.000000
vt 0.936242 0.000000
vt 0.942953 1.000000
vt 0.939597 0.000000
vt 0.946309 1.000000
vt 0.942953 0.000000
vt 0.949664 1.000000
vt 0.946309 0.000000
vt 0.953020 1.000000
vt 0.949664 0.000000
vt 0.956376 1.000000
vt 0.953020 0.000000
vt 0.959732 1.000000
vt 0.956376 0.000000
vt 0.963087 1.000000
vt 0.959732 0.000000
vt 0.966443 1.000000
vt 0.963087 0.000000
vt 0.969799 1.000000
vt 0.966443 0.000000
vt 0.973154 1.000000
vt 0.969799 0.000000
vt 0.976510 1.000000
vt 0.973154 0.000000
vt 0.979866 1.000000
vt 0.976510 0.000000
vt 0.983221 1.000000
vt 0.979866 0.000000
vt 0.986577 1.000000
vt 0.983221 0.000000
vt 0.989933 1.000000
vt 0.986577 0.000000
vt 0.993289 1.000000
vt 0.989933 0.000000
vt 0.996644 1.000000
vt 0.993289 0.000000
vt 0.996644 0.000000
vt 0.002857 1.000000
vt 0.005714 1.000000
vt 0.002857 0.000000
vt 0.008571 1.000000
vt 0.005714 0.000000
vt 0.011429 1.000000
vt 0.008571 0.000000
vt 0.014286 1.000000
vt 0.011429 0.000000
vt 0.017143 1.000000
vt 0.014286 0.000000
vt 0.020000 1.000000
vt 0.017143 0.000000
vt 0.022857 1.000000
vt 0.020000 0.000000
vt 0.025714 1.000000
vt 0.022857 0.000000
vt 0.028571 1.000000
vt 0.025714 0.000000
vt 0.031429 1.000000
vt 0.028571 0.000000
vt 0.034286 1.000000
vt 0.031429 0.000000
vt 0.037143 1.000000
vt 0.034286 0.000000
vt 0.040000 1.000000
vt 0.037143 0.000000
vt 0.042857 1.000000
vt 0.040000 0.000000
vt 0.045714 1.000000
vt 0.042857 0.000000
vt 0.048571 1.000000
vt 0.045714 0.000000
vt 0.051429 1.000000
vt 0.048571 0.000000
vt 0.054286 1.000000
vt 0.051429 0.000000
vt 0.057143 1.000000
vt 0.054286 0.000000
vt 0.060000 1.000000
vt 0.057143 0.000000
vt 0.062857 1.000000
vt 0.060000 0.000000
vt 0.065714 1.000000
vt 0.062857 0.000000
vt 0.068571 1.000000
vt 0.065714 0.000000
vt 0.071429 1.000000
vt 0.068571 0.000000
vt 0.074286 1.000000
vt 0.077143 1.000000
vt 0.074286 0.000000
vt 0.080000 1.000000
vt 0.077143 0.000000
vt 0.082857 1.000000
vt 0.080000 0.000000
vt 0.085714 1.000000
vt 0.082857 0.000000
vt 0.088571 1.000000
vt 0.085714 0.000000
vt 0.091429 1.000000
vt 0.088571 0.000000
vt 0.094286 1.000000
vt 0.091429 0.000000
vt 0.097143 1.000000
vt 0.094286 0.000000
vt 0.097143 0.000000
vt 0.102857 1.000000
vt 0.105714 1.000000
vt 0.102857 0.000000
vt 0.108571 1.000000
vt 0.105714 0.000000
vt 0.111429 1.000000
vt 0.108571 0.000000
vt 0.114286 1.000000
vt 0.111429 0.000000
vt 0.117143 1.000000
vt 0.114286 0.000000
vt 0.120000 1.000000
vt 0.117143 0.000000
vt 0.122857 1.000000
vt 0.120000 0.000000
vt 0.125714 1.000000
vt 0.122857 0.000000
vt 0.128571 1.000000
vt 0.125714 0.000000
vt 0.131429 1.000000
vt 0.128571 0.000000
vt 0.134286 1.000000
vt 0.131429 0.000000
vt 0.137143 1.000000
vt 0.134286 0.000000
vt 0.140000 1.000000
vt 0.137143 0.000000
vt 0.142857 1.000000
vt 0.140000 0.000000
vt 0.145714 1.000000
vt 0.148571 1.000000
vt 0.145714 0.000000
vt 0.151429 1.000000
vt 0.148571 0.000000
vt 0.154286 1.000000
vt 0.151429 0.000000
vt 0.157143 1.000000
vt 0.154286 0.000000
vt 0.160000 1.000000
vt 0.157143 0.000000
vt 0.162857 1.000000
vt 0.160000 0.000000
vt 0.165714 1.000000
vt 0.162857 0.000000
vt 0.168571 1.000000
vt 0.165714 0.000000
vt 0.171429 1.000000
vt 0.168571 0.000000
vt 0.174286 1.000000
vt 0.171429 0.000000
vt 0.177143 1.000000
vt 0.174286 0.000000
vt 0.180000 1.000000
vt 0.177143 0.000000
vt 0.182857 1.000000
vt 0.180000 0.000000
vt 0.185714 1.000000
vt 0.182857 0.000000
vt 0.188571 1.000000
vt 0.185714 0.000000
vt 0.191429 1.000000
vt 0.188571 0.000000
vt 0.194286 1.000000
vt 0.191429 0.000000
vt 0.197143 1.000000
vt 0.194286 0.000000
vt 0.197143 0.000000
vt 0.202857 1.000000
vt 0.205714 1.000000
vt 0.202857 0.000000
vt 0.208571 1.000000
vt 0.205714 0.000000
vt 0.211429 1.000000
vt 0.208571 0.000000
vt 0.214286 1.000000
vt 0.211429 0.000000
vt 0.217143 1.000000
vt 0.220000 1.000000
vt 0.217143 0.000000
vt 0.222857 1.000000
vt 0.220000 0.000000
vt 0.225714 1.000000
vt 0.222857 0.000000
vt 0.228571 1.000000
vt 0.225714 0.000000
vt 0.231429 1.000000
vt 0.228571 0.000000
vt 0.234286 1.000000
vt 0.231429 0.000000
vt 0.237143 1.000000
vt 0.234286 0.000000
vt 0.240000 1.000000
vt 0.237143 0.000000
vt 0.242857 1.000000
vt 0.240000 0.000000
vt 0.245714 1.000000
vt 0.242857 0.000000
vt 0.248571 1.000000
vt 0.245714 0.000000
vt 0.251429 1.000000
vt 0.248571 0.000000
vt 0.254286 1.000000
vt 0.251429 0.000000
vt 0.257143 1.000000
vt 0.254286 0.000000
vt 0.260000 1.000000
vt 0.257143 0.000000
vt 0.262857 1.000000
vt 0.260000 0.000000
vt 0.265714 1.000000
vt 0.262857 0.000000
vt 0.268571 1.000000
vt 0.265714 0.000000
vt 0.271429 1.000000
vt 0.268571 0.000000
vt 0.274286 1.000000
vt 0.271429 0.000000
vt 0.277143 1.000000
vt 0.274286 0.000000
vt 0.280000 1.000000
vt 0.277143 0.000000
vt 0.282857 1.000000
vt 0.280000 0.000000
vt 0.285714 1.000000
vt 0.282857 0.000000
vt 0.288571 1.000000
vt 0.291429 1.000000
vt 0.288571 0.000000
vt 0.294286 1.000000
vt 0.291429 0.000000
vt 0.297143 1.000000
vt 0.294286 0.000000
vt 0.297143 0.000000
vt 0.302857 1.000000
vt 0.305714 1.000000
vt 0.302857 0.000000
vt 0.308571 1.000000
vt 0.305714 0.000000
vt 0.311429 1.000000
vt 0.308571 0.000000
vt 0.314286 1.000000
vt 0.311429 0.000000
vt 0.317143 1.000000
vt 0.314286 0.000000
vt 0.320000 1.000000
vt 0.317143 0.000000
vt 0.322857 1.000000
vt 0.320000 0.000000
vt 0.325714 1.000000
vt 0.322857 0.000000
vt 0.328571 1.000000
vt 0.325714 0.000000
vt 0.331429 1.000000
vt 0.328571 0.000000
vt 0.334286 1.000000
vt 0.331429 0.000000
vt 0.337143 1.000000
vt 0.334286 0.000000
vt 0.340000 1.000000
vt 0.337143 0.000000
vt 0.342857 1.000000
vt 0.340000 0.000000
vt 0.345714 1.000000
vt 0.342857 0.000000
vt 0.348571 1.000000
vt 0.345714 0.000000
vt 0.351429 1.000000
vt 0.348571 0.000000
vt 0.354286 1.000000
vt 0.351429 0.000000
vt 0.357143 1.000000
vt 0.354286 0.000000
vt 0.360000 1.000000
vt 0.362857 1.000000
vt 0.360000 0.000000
vt 0.365714 1.000000
vt 0.362857 0.000000
vt 0.368571 1.000000
vt 0.365714 0.000000
vt 0.371429 1.000000
vt 0.368571 0.000000
vt 0.374286 1.000000
vt 0.371429 0.000000
vt 0.377143 1.000000
vt 0.374286 0.000000
vt 0.380000 1.000000
vt 0.377143 0.000000
vt 0.382857 1.000000
vt 0.380000 0.000000
vt 0.385714 1.000000
vt 0.382857 0.000000
vt 0.388571 1.000000
vt 0.385714 0.000000
vt 0.391429 1.000000
vt 0.388571 0.000000
vt 0.394286 1.000000
vt 0.391429 0.000000
vt 0.397143 1.000000
vt 0.394286 0.000000
vt 0.397143 0.000000
vt 0.402857 1.000000
vt 0.405714 1.000000
vt 0.402857 0.000000
vt 0.408571 1.000000
vt 0.405714 0.000000
vt 0.411429 1.000000
vt 0.408571 0.000000
vt 0.414286 1.000000
vt 0.411429 0.000000
vt 0.417143 1.000000
vt 0.414286 0.000000
vt 0.420000 1.000000
vt 0.417143 0.000000
vt 0.422857 1.000000
vt 0.420000 0.000000
vt 0.425714 1.000000
vt 0.422857 0.000000
vt 0.428571 1.000000
vt 0.425714 0.000000
vt 0.431429 1.000000
vt 0.434286 1.000000
vt 0.431429 0.000000
vt 0.437143 1.000000
vt 0.434286 0.000000
vt 0.440000 1.000000
vt 0.437143 0.000000
vt 0.442857 1.000000
vt 0.440000 0.000000
vt 0.445714 1.000000
vt 0.442857 0.000000
vt 0.448571 1.000000
vt 0.445714 0.000000
vt 0.451429 1.000000
vt 0.448571 0.000000
vt 0.454286 1.000000
vt 0.451429 0.000000
vt 0.457143 1.000000
vt 0.454286 0.000000
vt 0.460000 1.000000
vt 0.457143 0.000000
vt 0.462857 1.000000
vt 0.460000 0.000000
vt 0.465714 1.000000
vt 0.462857 0.000000
vt 0.468571 1.000000
vt 0.465714 0.000000
vt 0.471429 1.000000
vt 0.468571 0.000000
vt 0.474286 1.000000
vt 0.471429 0.000000
vt 0.477143 1.000000
vt 0.474286 0.000000
vt 0.480000 1.000000
vt 0.477143 0.000000
vt 0.482857 1.000000
vt 0.480000 0.000000
vt 0.485714 1.000000
vt 0.482857 0.000000
vt 0.488571 1.000000
vt 0.485714 0.000000
vt 0.491429 1.000000
vt 0.488571 0.000000
vt 0.494286 1.000000
vt 0.491429 0.000000
vt 0.497143 1.000000
vt 0.494286 0.000000
vt 0.497143 0.000000
vt 0.502857 1.000000
vt 0.505714 1.000000
vt 0.502857 0.000000
vt 0.508571 1.000000
vt 0.505714 0.000000
vt 0.511429 1.000000
vt 0.508571 0.000000
vt 0.514286 1.000000
vt 0.511429 0.000000
vt 0.517143 1.000000
vt 0.514286 0.000000
vt 0.520000 1.000000
vt 0.517143 0.000000
vt 0.522857 1.000000
vt 0.520000 0.000000
vt 0.525714 1.000000
vt 0.522857 0.000000
vt 0.528571 1.000000
vt 0.525714 0.000000
vt 0.531429 1.000000
vt 0.528571 0.000000
vt 0.534286 1.000000
vt 0.531429 0.000000
vt 0.537143 1.000000
vt 0.534286 0.000000
vt 0.540000 1.000000
vt 0.537143 0.000000
vt 0.542857 1.000000
vt 0.540000 0.000000
vt 0.545714 1.000000
vt 0.542857 0.000000
vt 0.548571 1.000000
vt 0.545714 0.000000
vt 0.551429 1.000000
vt 0.548571 0.000000
vt 0.554286 1.000000
vt 0.551429 0.000000
vt 0.557143 1.000000
vt 0.554286 0.000000
vt 0.560000 1.000000
vt 0.557143 0.000000
vt 0.562857 1.000000
vt 0.560000 0.000000
vt 0.565714 1.000000
vt 0.562857 0.000000
vt 0.568571 1.000000
vt 0.565714 0.000000
vt 0.571429 1.000000
vt 0.568571 0.000000
vt 0.574286 1.000000
vt 0.577143 1.000000
vt 0.574286 0.000000
vt 0.580000 1.000000
vt 0.577143 0.000000
vt 0.582857 1.000000
vt 0.580000 0.000000
vt 0.585714 1.000000
vt 0.582857 0.000000
vt 0.588571 1.000000
vt 0.585714 0.000000
vt 0.591429 1.000000
vt 0.588571 0.000000
vt 0.594286 1.000000
vt 0.591429 0.000000
vt 0.597143 1.000000
vt 0.594286 0.000000
vt 0.597143 0.000000
vt 0.602857 1.000000
vt 0.605714 1.000000
vt 0.602857 0.000000
vt 0.608571 1.000000
vt 0.605714 0.000000
vt 0.611429 1.000000
vt 0.608571 0.000000
vt 0.614286 1.000000
vt 0.611429 0.000000
vt 0.617143 1.000000
vt 0.614286 0.000000
vt 0.620000 1.000000
vt 0.617143 0.000000
vt 0.622857 1.000000
vt 0.620000 0.000000
vt 0.625714 1.000000
vt 0.622857 0.000000
vt 0.628571 1.000000
vt 0.625714 0.000000
vt 0.631429 1.000000
vt 0.628571 0.000000
vt 0.634286 1.000000
vt 0.631429 0.000000
vt 0.637143 1.000000
vt 0.634286 0.000000
vt 0.640000 1.000000
vt 0.637143 0.000000
vt 0.642857 1.000000
vt 0.640000 0.000000
vt 0.645714 1.000000
vt 0.648571 1.000000
vt 0.645714 0.000000
vt 0.651429 1.000000
vt 0.648571 0.000000
vt 0.654286 1.000000
vt 0.651429 0.000000
vt 0.657143 1.000000
vt 0.654286 0.000000
vt 0.660000 1.000000
vt 0.657143 0.000000
vt 0.662857 1.000000
vt 0.660000 0.000000
vt 0.665714 1.000000
vt 0.662857 0.000000
vt 0.668571 1.000000
vt 0.665714 0.000000
vt 0.671429 1.000000
vt 0.668571 0.000000
vt 0.674286 1.000000
vt 0.671429 0.000000
vt 0.677143 1.000000
vt 0.674286 0.000000
vt 0.680000 1.000000
vt 0.677143 0.000000
vt 0.682857 1.000000
vt 0.680000 0.000000
vt 0.685714 1.000000
vt 0.682857 0.000000
vt 0.688571 1.000000
vt 0.685714 0.000000
vt 0.691429 1.000000
vt 0.688571 0.000000
vt 0.694286 1.000000
vt 0.691429 0.000000
vt 0.697143 1.000000
vt 0.694286 0.000000
vt 0.697143 0.000000
vt 0.702857 1.000000
vt 0.705714 1.000000
vt 0.702857 0.000000
vt 0.708571 1.000000
vt 0.705714 0.000000
vt 0.711429 1.000000
vt 0.708571 0.000000
vt 0.714286 1.000000
vt 0.711429 0.000000
vt 0.717143 1.000000
vt 0.720000 1.000000
vt 0.717143 0.000000
vt 0.722857 1.000000
vt 0.720000 0.000000
vt 0.725714 1.000000
vt 0.722857 0.000000
vt 0.728571 1.000000
vt 0.725714 0.000000
vt 0.731429 1.000000
vt 0.728571 0.000000
vt 0.734286 1.000000
vt 0.731429 0.000000
vt 0.737143 1.000000
vt 0.734286 0.000000
vt 0.740000 1.000000
vt 0.737143 0.000000
vt 0.742857 1.000000
vt 0.740000 0.000000
vt 0.745714 1.000000
vt 0.742857 0.000000
vt 0.748571 1.000000
vt 0.745714 0.000000
vt 0.751429 1.000000
vt 0.748571 0.000000
vt 0.754286 1.000000
vt 0.751429 0.000000
vt 0.757143 1.000000
vt 0.754286 0.000000
vt 0.760000 1.000000
vt 0.757143 0.000000
vt 0.762857 1.000000
vt 0.760000 0.000000
vt 0.765714 1.000000
vt 0.762857 0.000000
vt 0.768571 1.000000
vt 0.765714 0.000000
vt 0.771429 1.000000
vt 0.768571 0.000000
vt 0.774286 1.000000
vt 0.771429 0.000000
vt 0.777143 1.000000
vt 0.774286 0.000000
vt 0.780000 1.000000
vt 0.777143 0.000000
vt 0.782857 1.000000
vt 0.780000 0.000000
vt 0.785714 1.000000
vt 0.782857 0.000000
vt 0.788571 1.000000
vt 0.791429 1.000000
vt 0.788571 0.000000
vt 0.794286 1.000000
vt 0.791429 0.000000
vt 0.797143 1.000000
vt 0.794286 0.000000
vt 0.797143 0.000000
vt 0.802857 1.000000
vt 0.805714 1.000000
vt 0.802857 0.000000
vt 0.808571 1.000000
vt 0.805714 0.000000
vt 0.811429 1.000000
vt 0.808571 0.000000
vt 0.814286 1.000000
vt 0.811429 0.000000
vt 0.817143 1.000000
vt 0.814286 0.000000
vt 0.820000 1.000000
vt 0.817143 0.000000
vt 0.822857 1.000000
vt 0.820000 0.000000
vt 0.825714 1.000000
vt 0.822857 0.000000
vt 0.828571 1.000000
vt 0.825714 0.000000
vt 0.831429 1.000000
vt 0.828571 0.000000
vt 0.834286 1.000000
vt 0.831429 0.000000
vt 0.837143 1.000000
vt 0.834286 0.000000
vt 0.840000 1.000000
vt 0.837143 0.000000
vt 0.842857 1.000000
vt 0.840000 0.000000
vt 0.845714 1.000000
vt 0.842857 0.000000
vt 0.848571 1.000000
vt 0.845714 0.000000
vt 0.851429 1.000000
vt 0.848571 0.000000
vt 0.854286 1.000000
vt 0.851429 0.000000
vt 0.857143 1.000000
vt 0.854286 0.000000
vt 0.860000 1.000000
vt 0.862857 1.000000
vt 0.860000 0.000000
vt 0.865714 1.000000
vt 0.862857 0.000000
vt 0.868571 1.000000
vt 0.865714 0.000000
vt 0.871429 1.000000
vt 0.868571 0.000000
vt 0.874286 1.000000
vt 0.871429 0.000000
vt 0.877143 1.000000
vt 0.874286 0.000000
vt 0.880000 1.000000
vt 0.877143 0.000000
vt 0.882857 1.000000
vt 0.880000 0.000000
vt 0.885714 1.000000
vt 0.882857 0.000000
vt 0.888571 1.000000
vt 0.885714 0.000000
vt 0.891429 1.000000
vt 0.888571 0.000000
vt 0.894286 1.000000
vt 0.891429 0.000000
vt 0.897143 1.000000
vt 0.894286 0.000000
vt 0.897143 0.000000
vt 0.902857 1.000000
vt 0.905714 1.000000
vt 0.902857 0.000000
vt 0.908571 1.000000
vt 0.905714 0.000000
vt 0.911429 1.000000
vt 0.908571 0.000000
vt 0.914286 1.000000
vt 0.911429 0.000000
vt 0.917143 1.000000
vt 0.914286 0.000000
vt 0.920000 1.000000
vt 0.917143 0.000000
vt 0.922857 1.000000
vt 0.920000 0.000000
vt 0.925714 1.000000
vt 0.922857 0.000000
vt 0.928571 1.000000
vt 0.925714 0.000000
vt 0.931429 1.000000
vt 0.934286 1.000000
vt 0.931429 0.000000
vt 0.937143 1.000000
vt 0.934286 0.000000
vt 0.940000 1.000000
vt 0.937143 0.000000
vt 0.942857 1.000000
vt 0.940000 0.000000
vt 0.945714 1.000000
vt 0.942857 0.000000
vt 0.948571 1.000000
vt 0.945714 0.000000
vt 0.951429 1.000000
vt 0.948571 0.000000
vt 0.954286 1.000000
vt 0.951429 0.000000
vt 0.957143 1.000000
vt 0.954286 0.000000
vt 0.960000 1.000000
vt 0.957143 0.000000
vt 0.962857 1.000000
vt 0.960000 0.000000
vt 0.965714 1.000000
vt 0.962857 0.000000
vt 0.968571 1.000000
vt 0.965714 0.000000
vt 0.971429 1.000000
vt 0.968571 0.000000
vt 0.974286 1.000000
vt 0.971429 0.000000
vt 0.977143 1.000000
vt 0.974286 0.000000
vt 0.980000 1.000000
vt 0.977143 0.000000
vt 0.982857 1.000000
vt 0.980000 0.000000
vt 0.985714 1.000000
vt 0.982857 0.000000
vt 0.988571 1.000000
vt 0.985714 0.000000
vt 0.991429 1.000000
vt 0.988571 0.000000
vt 0.994286 1.000000
vt 0.991429 0.000000
vt 0.997143 1.000000
vt 0.994286 0.000000
vt 0.997143 0.000000
vt 0.007692 1.000000
vt 0.015385 1.000000
vt 0.007692 0.000000
vt 0.023077 1.000000
vt 0.015385 0.000000
vt 0.030769 1.000000
vt 0.023077 0.000000
vt 0.030769 0.000000
vt 0.046154 1.000000
vt 0.053846 1.000000
vt 0.046154 0.000000
vt 0.061538 1.000000
vt 0.053846 0.000000
vt 0.069231 1.000000
vt 0.061538 0.000000
vt 0.069231 0.000000
vt 0.084615 1.000000
vt 0.092308 1.000000
vt 0.084615 0.000000
vt 0.092308 0.000000
vt 0.107692 1.000000
vt 0.107692 0.000000
vt 0.123077 1.000000
vt 0.130769 1.000000
vt 0.123077 0.000000
vt 0.138462 1.000000
vt 0.130769 0.000000
vt 0.146154 1.000000
vt 0.138462 0.000000
vt 0.146154 0.000000
vt 0.161538 1.000000
vt 0.169231 1.000000
vt 0.161538 0.000000
vt 0.176923 1.000000
vt 0.169231 0.000000
vt 0.184615 1.000000
vt 0.176923 0.000000
vt 0.184615 0.000000
vt 0.207692 1.000000
vt 0.215385 1.000000
vt 0.207692 0.000000
vt 0.223077 1.000000
vt 0.215385 0.000000
vt 0.223077 0.000000
vt 0.238462 1.000000
vt 0.246154 1.000000
vt 0.238462 0.000000
vt 0.253846 1.000000
vt 0.246154 0.000000
vt 0.261538 1.000000
vt 0.253846 0.000000
vt 0.261538 0.000000
vt 0.276923 1.000000
vt 0.284615 1.000000
vt 0.276923 0.000000
vt 0.292308 1.000000
vt 0.284615 0.000000
vt 0.292308 0.000000
vt 0.315385 1.000000
vt 0.323077 1.000000
vt 0.315385 0.000000
vt 0.330769 1.000000
vt 0.323077 0.000000
vt 0.338462 1.000000
vt 0.330769 0.000000
vt 0.338462 0.000000
vt 0.353846 1.000000
vt 0.361538 1.000000
vt 0.353846 0.000000
vt 0.369231 1.000000
vt 0.361538 0.000000
vt 0.376923 1.000000
vt 0.369231 0.000000
vt 0.376923 0.000000
vt 0.392308 1.000000
vt 0.392308 0.000000
vt 0.407692 1.000000
vt 0.415385 1.000000
vt 0.407692 0.000000
vt 0.415385 0.000000
vt 0.430769 1.000000
vt 0.438462 1.000000
vt 0.430769 0.000000
vt 0.446154 1.000000
vt 0.438462 0.000000
vt 0.453846 1.000000
vt 0.446154 0.000000
vt 0.453846 0.000000
vt 0.469231 1.000000
vt 0.476923 1.000000
vt 0.469231 0.000000
vt 0.484615 1.000000
vt 0.476923 0.000000
vt 0.492308 1.000000
vt 0.484615 0.000000
vt 0.492308 0.000000
vt 0.507692 1.000000
vt 0.515385 1.000000
vt 0.507692 0.000000
vt 0.523077 1.000000
vt 0.515385 0.000000
vt 0.530769 1.000000
vt 0.523077 0.000000
vt 0.530769 0.000000
vt 0.546154 1.000000
vt 0.553846 1.000000
vt 0.546154 0.000000
vt 0.561538 1.000000
vt 0.553846 0.000000
vt 0.569231 1.000000
vt 0.561538 0.000000
vt 0.569231 0.000000
vt 0.584615 1.000000
vt 0.592308 1.000000
vt 0.584615 0.000000
vt 0.592308 0.000000
vt 0.607692 1.000000
vt 0.607692 0.000000
vt 0.623077 1.000000
vt 0.630769 1.000000
vt 0.623077 0.000000
vt 0.638462 1.000000
vt 0.630769 0.000000
vt 0.646154 1.000000
vt 0.638462 0.000000
vt 0.646154 0.000000
vt 0.661538 1.000000
vt 0.669231 1.000000
vt 0.661538 0.000000
vt 0.676923 1.000000
vt 0.669231 0.000000
vt 0.684615 1.000000
vt 0.676923 0.000000
vt 0.684615 0.000000
vt 0.707692 1.000000
vt 0.715385 1.000000
vt 0.707692 0.000000
vt 0.723077 1.000000
vt 0.715385 0.000000
vt 0.723077 0.000000
vt 0.738462 1.000000
vt 0.746154 1.000000
vt 0.738462 0.000000
vt 0.753846 1.000000
vt 0.746154 0.000000
vt 0.761538 1.000000
vt 0.753846 0.000000
vt 0.761538 0.000000
vt 0.776923 1.000000
vt 0.784615 1.000000
vt 0.776923 0.000000
vt 0.792308 1.000000
vt 0.784615 0.000000
vt 0.792308 0.000000
vt 0.815385 1.000000
vt 0.823077 1.000000
vt 0.815385 0.000000
vt 0.830769 1.000000
vt 0.823077 0.000000
vt 0.838462 1.000000
vt 0.830769 0.000000
vt 0.838462 0.000000
vt 0.853846 1.000000
vt 0.861538 1.000000
vt 0.853846 0.000000
vt 0.869231 1.000000
vt 0.861538 0.000000
vt 0.876923 1.000000
vt 0.869231 0.000000
vt 0.876923 0.000000
vt 0.892308 1.000000
vt 0.892308 0.000000
vt 0.907692 1.000000
vt 0.915385 1.000000
vt 0.907692 0.000000
vt 0.915385 0.000000
vt 0.930769 1.000000
vt 0.938462 1.000000
vt 0.930769 0.000000
vt 0.946154 1.000000
vt 0.938462 0.000000
vt 0.953846 1.000000
vt 0.946154 0.000000
vt 0.953846 0.000000
vt 0.969231 1.000000
vt 0.976923 1.000000
vt 0.969231 0.000000
vt 0.984615 1.000000
vt 0.976923 0.000000
vt 0.992308 1.000000
vt 0.984615 0.000000
vt 0.992308 0.000000
vt 0.014085 1.000000
vt 0.028169 1.000000
vt 0.014085 0.000000
vt 0.042254 1.000000
vt 0.028169 0.000000
vt 0.056338 1.000000
vt 0.042254 0.000000
vt 0.070423 1.000000
vt 0.056338 0.000000
vt 0.084507 1.000000
vt 0.070423 0.000000
vt 0.098592 1.000000
vt 0.084507 0.000000
vt 0.112676 1.000000
vt 0.098592 0.000000
vt 0.126761 1.000000
vt 0.112676 0.000000
vt 0.140845 1.000000
vt 0.126761 0.000000
vt 0.154930 1.000000
vt 0.140845 0.000000
vt 0.169014 1.000000
vt 0.154930 0.000000
vt 0.183099 1.000000
vt 0.169014 0.000000
vt 0.197183 1.000000
vt 0.183099 0.000000
vt 0.211268 1.000000
vt 0.197183 0.000000
vt 0.225352 1.000000
vt 0.211268 0.000000
vt 0.239437 1.000000
vt 0.225352 0.000000
vt 0.253521 1.000000
vt 0.239437 0.000000
vt 0.267606 1.000000
vt 0.253521 0.000000
vt 0.281690 1.000000
vt 0.267606 0.000000
vt 0.295775 1.000000
vt 0.281690 0.000000
vt 0.309859 1.000000
vt 0.295775 0.000000
vt 0.323944 1.000000
vt 0.309859 0.000000
vt 0.338028 1.000000
vt 0.323944 0.000000
vt 0.352113 1.000000
vt 0.338028 0.000000
vt 0.366197 1.000000
vt 0.352113 0.000000
vt 0.380282 1.000000
vt 0.366197 0.000000
vt 0.394366 1.000000
vt 0.380282 0.000000
vt 0.408451 1.000000
vt 0.394366 0.000000
vt 0.422535 1.000000
vt 0.408451 0.000000
vt 0.436620 1.000000
vt 0.422535 0.000000
vt 0.450704 1.000000
vt 0.436620 0.000000
vt 0.464789 1.000000
vt 0.450704 0.000000
vt 0.478873 1.000000
vt 0.464789 0.000000
vt 0.492958 1.000000
vt 0.478873 0.000000
vt 0.507042 1.000000
vt 0.492958 0.000000
vt 0.521127 1.000000
vt 0.507042 0.000000
vt 0.535211 1.000000
vt 0.521127 0.000000
vt 0.549296 1.000000
vt 0.535211 0.000000
vt 0.563380 1.000000
vt 0.549296 0.000000
vt 0.577465 1.000000
vt 0.563380 0.000000
vt 0.591549 1.000000
vt 0.577465 0.000000
vt 0.605634 1.000000
vt 0.591549 0.000000
vt 0.619718 1.000000
vt 0.605634 0.000000
vt 0.633803 1.000000
vt 0.619718 0.000000
vt 0.647887 1.000000
vt 0.633803 0.000000
vt 0.661972 1.000000
vt 0.647887 0.000000
vt 0.676056 1.000000
vt 0.661972 0.000000
vt 0.690141 1.000000
vt 0.676056 0.000000
vt 0.704225 1.000000
vt 0.690141 0.000000
vt 0.718310 1.000000
vt 0.704225 0.000000
vt 0.732394 1.000000
vt 0.718310 0.000000
vt 0.746479 1.000000
vt 0.732394 0.000000
vt 0.760563 1.000000
vt 0.746479 0.000000
vt 0.774648 1.000000
vt 0.760563 0.000000
vt 0.788732 1.000000
vt 0.774648 0.000000
vt 0.802817 1.000000
vt 0.788732 0.000000
vt 0.816901 1.000000
vt 0.802817 0.000000
vt 0.830986 1.000000
vt 0.816901 0.000000
vt 0.845070 1.000000
vt 0.830986 0.000000
vt 0.859155 1.000000
vt 0.845070 0.000000
vt 0.873239 1.000000
vt 0.859155 0.000000
vt 0.887324 1.000000
vt 0.873239 0.000000
vt 0.901408 1.000000
vt 0.887324 0.000000
vt 0.915493 1.000000
vt 0.901408 0.000000
vt 0.929577 1.000000
vt 0.915493 0.000000
vt 0.943662 1.000000
vt 0.929577 0.000000
vt 0.957747 1.000000
vt 0.943662 0.000000
vt 0.971831 1.000000
vt 0.957747 0.000000
vt 0.985915 1.000000
vt 0.971831 0.000000
vt 0.985915 0.000000
s 0
usemtl マテリアル.001
f 237/1/1 239/2/1 238/3/1
f 237/1/1 169/4/1 239/2/1
f 235/5/1 237/1/1 236/6/1
f 235/5/1 169/4/1 237/1/1
f 235/5/1 170/7/1 169/4/1
f 235/5/1 171/8/1 170/7/1
f 234/9/1 171/8/1 235/5/1
f 233/10/1 172/11/1 234/9/1
f 172/11/1 171/8/1 234/9/1
f 233/10/1 173/12/1 172/11/1
f 167/13/1 143/14/1 168/15/1
f 167/13/1 144/16/1 143/14/1
f 166/17/1 144/16/1 167/13/1
f 166/17/1 145/18/1 144/16/1
f 165/19/1 145/18/1 166/17/1
f 165/19/1 146/20/1 145/18/1
f 164/21/1 146/20/1 165/19/1
f 164/21/1 147/22/1 146/20/1
f 163/23/1 147/22/1 164/21/1
f 163/23/1 148/24/1 147/22/1
f 162/25/1 148/24/1 163/23/1
f 162/25/1 149/26/1 148/24/1
f 161/27/1 149/26/1 162/25/1
f 161/27/1 150/28/1 149/26/1
f 160/29/1 150/28/1 161/27/1
f 160/29/1 151/30/1 150/28/1
f 159/31/1 151/30/1 160/29/1
f 159/31/1 152/32/1 151/30/1
f 158/33/1 152/32/1 159/31/1
f 158/33/1 153/34/1 152/32/1
f 157/35/1 153/34/1 158/33/1
f 157/35/1 154/36/1 153/34/1
f 156/37/1 154/36/1 157/35/1
f 156/37/1 155/38/1 154/36/1
f 232/39/1 173/12/1 233/10/1
f 232/39/1 174/40/1 173/12/1
f 231/41/1 174/40/1 232/39/1
f 230/42/1 174/40/1 231/41/1
f 229/43/1 174/40/1 230/42/1
f 229/43/1 175/44/1 174/40/1
f 228/45/1 175/44/1 229/43/1
f 227/46/1 175/44/1 228/45/1
f 226/47/1 175/44/1 227/46/1
f 225/48/1 175/44/1 226/47/1
f 224/49/1 175/44/1 225/48/1
f 224/49/1 176/50/1 175/44/1
f 223/51/1 176/50/1 224/49/1
f 208/52/1 210/53/1 209/54/1
f 222/55/1 176/50/1 223/51/1
f 208/52/1 211/56/1 210/53/1
f 221/57/1 176/50/1 222/55/1
f 208/52/1 212/58/1 211/56/1
f 220/59/1 176/50/1 221/57/1
f 208/52/1 213/60/1 212/58/1
f 219/61/1 176/50/1 220/59/1
f 208/52/1 214/62/1 213/60/1
f 218/63/1 176/50/1 219/61/1
f 208/52/1 215/64/1 214/62/1
f 217/65/1 176/50/1 218/63/1
f 208/52/1 216/66/1 215/64/1
f 216/66/1 176/50/1 217/65/1
f 208/52/1 176/50/1 216/66/1
f 207/67/1 176/50/1 208/52/1
f 207/67/1 177/68/1 176/50/1
f 206/69/1 177/68/1 207/67/1
f 205/70/1 177/68/1 206/69/1
f 205/70/1 178/71/1 177/68/1
f 204/72/1 178/71/1 205/70/1
f 204/72/1 179/73/1 178/71/1
f 203/74/1 179/73/1 204/72/1
f 203/74/1 180/75/1 179/73/1
f 202/76/1 180/75/1 203/74/1
f 202/76/1 181/77/1 180/75/1
f 202/76/1 182/78/1 181/77/1
f 201/79/1 182/78/1 202/76/1
f 201/79/1 183/80/1 182/78/1
f 200/81/1 183/80/1 201/79/1
f 200/81/1 184/82/1 183/80/1
f 200/81/1 185/83/1 184/82/1
f 199/84/1 185/83/1 200/81/1
f 199/84/1 186/85/1 185/83/1
f 199/84/1 187/86/1 186/85/1
f 198/87/1 187/86/1 199/84/1
f 198/87/1 188/88/1 187/86/1
f 198/87/1 189/89/1 188/88/1
f 197/90/1 189/89/1 198/87/1
f 197/90/1 190/91/1 189/89/1
f 197/90/1 191/92/1 190/91/1
f 197/90/1 192/93/1 191/92/1
f 197/90/1 193/94/1 192/93/1
f 197/90/1 194/95/1 193/94/1
f 196/96/1 194/95/1 197/90/1
f 196/96/1 195/97/1 194/95/1
f 25/98/1 27/99/1 26/100/1
f 24/101/1 27/99/1 25/98/1
f 24/101/1 28/102/1 27/99/1
f 23/103/1 28/102/1 24/101/1
f 23/103/1 29/104/1 28/102/1
f 22/105/1 29/104/1 23/103/1
f 22/105/1 30/106/1 29/104/1
f 21/107/1 30/106/1 22/105/1
f 21/107/1 31/108/1 30/106/1
f 20/109/1 31/108/1 21/107/1
f 20/109/1 32/110/1 31/108/1
f 20/109/1 33/111/1 32/110/1
f 19/112/1 33/111/1 20/109/1
f 19/112/1 34/113/1 33/111/1
f 18/114/1 34/113/1 19/112/1
f 18/114/1 35/115/1 34/113/1
f 17/116/1 35/115/1 18/114/1
f 17/116/1 36/117/1 35/115/1
f 16/118/1 36/117/1 17/116/1
f 16/118/1 37/119/1 36/117/1
f 15/120/1 37/119/1 16/118/1
f 15/120/1 38/121/1 37/119/1
f 14/122/1 38/121/1 15/120/1
f 14/122/1 39/123/1 38/121/1
f 142/124/1 6/125/1 13/126/1
f 6/125/1 14/122/1 13/126/1
f 6/125/1 39/123/1 14/122/1
f 6/125/1 40/127/1 39/123/1
f 6/125/1 5/128/1 40/127/1
f 5/128/1 41/129/1 40/127/1
f 142/124/1 7/130/1 6/125/1
f 8/131/1 41/129/1 5/128/1
f 142/124/1 3/132/1 7/130/1
f 3/132/1 8/131/1 7/130/1
f 3/132/1 2/133/1 8/131/1
f 2/133/1 41/129/1 8/131/1
f 142/124/1 4/134/1 3/132/1
f 1/135/1 41/129/1 2/133/1
f 142/124/1 11/136/1 4/134/1
f 11/136/1 1/135/1 4/134/1
f 11/136/1 10/137/1 1/135/1
f 10/137/1 41/129/1 1/135/1
f 142/124/1 12/138/1 11/136/1
f 9/139/1 41/129/1 10/137/1
f 140/140/1 142/124/1 141/141/1
f 140/140/1 12/138/1 142/124/1
f 140/140/1 9/139/1 12/138/1
f 140/140/1 139/142/1 9/139/1
f 139/142/1 103/143/1 9/139/1
f 103/143/1 102/144/1 9/139/1
f 102/144/1 41/129/1 9/139/1
f 138/145/1 103/143/1 139/142/1
f 138/145/1 104/146/1 103/143/1
f 101/147/1 41/129/1 102/144/1
f 137/148/1 104/146/1 138/145/1
f 137/148/1 105/149/1 104/146/1
f 136/150/1 105/149/1 137/148/1
f 136/150/1 106/151/1 105/149/1
f 135/152/1 106/151/1 136/150/1
f 135/152/1 107/153/1 106/151/1
f 134/154/1 107/153/1 135/152/1
f 133/155/1 107/153/1 134/154/1
f 133/155/1 108/156/1 107/153/1
f 132/157/1 108/156/1 133/155/1
f 132/157/1 109/158/1 108/156/1
f 131/159/1 109/158/1 132/157/1
f 131/159/1 110/160/1 109/158/1
f 130/161/1 110/160/1 131/159/1
f 129/162/1 110/160/1 130/161/1
f 129/162/1 111/163/1 110/160/1
f 128/164/1 111/163/1 129/162/1
f 128/164/1 112/165/1 111/163/1
f 127/166/1 112/165/1 128/164/1
f 126/167/1 112/165/1 127/166/1
f 126/167/1 113/168/1 112/165/1
f 125/169/1 113/168/1 126/167/1
f 124/170/1 113/168/1 125/169/1
f 123/171/1 113/168/1 124/170/1
f 100/172/1 41/129/1 101/147/1
f 100/172/1 42/173/1 41/129/1
f 122/174/1 113/168/1 123/171/1
f 99/175/1 42/173/1 100/172/1
f 122/174/1 114/176/1 113/168/1
f 121/177/1 114/176/1 122/174/1
f 98/178/1 42/173/1 99/175/1
f 97/179/1 42/173/1 98/178/1
f 97/179/1 43/180/1 42/173/1
f 120/181/1 114/176/1 121/177/1
f 96/182/1 43/180/1 97/179/1
f 95/183/1 43/180/1 96/182/1
f 94/184/1 43/180/1 95/183/1
f 119/185/1 114/176/1 120/181/1
f 93/186/1 43/180/1 94/184/1
f 92/187/1 43/180/1 93/186/1
f 91/188/1 43/180/1 92/187/1
f 91/188/1 44/189/1 43/180/1
f 90/190/1 44/189/1 91/188/1
f 89/191/1 44/189/1 90/190/1
f 76/192/1 78/193/1 77/194/1
f 88/195/1 44/189/1 89/191/1
f 87/196/1 44/189/1 88/195/1
f 76/192/1 79/197/1 78/193/1
f 86/198/1 44/189/1 87/196/1
f 85/199/1 44/189/1 86/198/1
f 76/192/1 80/200/1 79/197/1
f 84/201/1 44/189/1 85/199/1
f 76/192/1 81/202/1 80/200/1
f 83/203/1 44/189/1 84/201/1
f 76/192/1 82/204/1 81/202/1
f 82/204/1 44/189/1 83/203/1
f 76/192/1 44/189/1 82/204/1
f 118/205/1 114/176/1 119/185/1
f 118/205/1 117/206/1 114/176/1
f 117/206/1 116/207/1 114/176/1
f 116/207/1 115/208/1 114/176/1
f 75/209/1 44/189/1 76/192/1
f 75/209/1 45/210/1 44/189/1
f 74/211/1 45/210/1 75/209/1
f 74/211/1 46/212/1 45/210/1
f 73/213/1 46/212/1 74/211/1
f 72/214/1 46/212/1 73/213/1
f 72/214/1 47/215/1 46/212/1
f 71/216/1 47/215/1 72/214/1
f 71/216/1 48/217/1 47/215/1
f 70/218/1 48/217/1 71/216/1
f 70/218/1 49/219/1 48/217/1
f 70/218/1 50/220/1 49/219/1
f 69/221/1 50/220/1 70/218/1
f 69/221/1 51/222/1 50/220/1
f 68/223/1 51/222/1 69/221/1
f 68/223/1 52/224/1 51/222/1
f 67/225/1 52/224/1 68/223/1
f 67/225/1 53/226/1 52/224/1
f 67/225/1 54/227/1 53/226/1
f 66/228/1 54/227/1 67/225/1
f 66/228/1 55/229/1 54/227/1
f 66/228/1 56/230/1 55/229/1
f 66/228/1 57/231/1 56/230/1
f 65/232/1 57/231/1 66/228/1
f 65/232/1 58/233/1 57/231/1
f 65/232/1 59/234/1 58/233/1
f 65/232/1 60/235/1 59/234/1
f 65/232/1 61/236/1 60/235/1
f 65/232/1 62/237/1 61/236/1
f 65/232/1 63/238/1 62/237/1
f 65/232/1 64/239/1 63/238/1
f 526/240/1 528/241/1 527/242/1
f 550/243/1 552/244/1 551/245/1
f 526/240/1 529/246/1 528/241/1
f 549/247/1 552/244/1 550/243/1
f 525/248/1 529/246/1 526/240/1
f 525/248/1 530/249/1 529/246/1
f 548/250/1 552/244/1 549/247/1
f 525/248/1 531/251/1 530/249/1
f 547/252/1 552/244/1 548/250/1
f 499/253/1 501/254/1 500/255/1
f 497/256/1 499/253/1 498/257/1
f 497/256/1 501/254/1 499/253/1
f 525/248/1 532/258/1 531/251/1
f 546/259/1 552/244/1 547/252/1
f 546/259/1 553/260/1 552/244/1
f 524/261/1 532/258/1 525/248/1
f 524/261/1 533/262/1 532/258/1
f 545/263/1 553/260/1 546/259/1
f 545/263/1 554/264/1 553/260/1
f 497/256/1 502/265/1 501/254/1
f 524/261/1 534/266/1 533/262/1
f 544/267/1 554/264/1 545/263/1
f 544/267/1 555/268/1 554/264/1
f 524/261/1 535/269/1 534/266/1
f 543/270/1 555/268/1 544/267/1
f 543/270/1 556/271/1 555/268/1
f 523/272/1 535/269/1 524/261/1
f 523/272/1 536/273/1 535/269/1
f 542/274/1 556/271/1 543/270/1
f 497/256/1 496/275/1 502/265/1
f 496/275/1 503/276/1 502/265/1
f 542/274/1 557/277/1 556/271/1
f 523/272/1 537/278/1 536/273/1
f 541/279/1 557/277/1 542/274/1
f 541/279/1 558/280/1 557/277/1
f 495/281/1 503/276/1 496/275/1
f 523/272/1 538/282/1 537/278/1
f 540/283/1 558/280/1 541/279/1
f 522/284/1 538/282/1 523/272/1
f 540/283/1 559/285/1 558/280/1
f 522/284/1 539/286/1 538/282/1
f 539/286/1 559/285/1 540/283/1
f 494/287/1 503/276/1 495/281/1
f 494/287/1 504/288/1 503/276/1
f 587/289/1 589/290/1 588/291/1
f 539/286/1 560/292/1 559/285/1
f 522/284/1 560/292/1 539/286/1
f 493/293/1 504/288/1 494/287/1
f 586/294/1 589/290/1 587/289/1
f 522/284/1 561/295/1 560/292/1
f 492/296/1 504/288/1 493/293/1
f 471/297/1 473/298/1 472/299/1
f 585/300/1 589/290/1 586/294/1
f 521/301/1 561/295/1 522/284/1
f 492/296/1 505/302/1 504/288/1
f 521/301/1 562/303/1 561/295/1
f 471/297/1 474/304/1 473/298/1
f 491/305/1 505/302/1 492/296/1
f 584/306/1 589/290/1 585/300/1
f 471/297/1 475/307/1 474/304/1
f 521/301/1 563/308/1 562/303/1
f 584/306/1 240/135/1 589/290/1
f 490/309/1 505/302/1 491/305/1
f 471/297/1 476/310/1 475/307/1
f 583/311/1 240/135/1 584/306/1
f 521/301/1 564/312/1 563/308/1
f 490/309/1 506/313/1 505/302/1
f 471/297/1 477/314/1 476/310/1
f 520/315/1 564/312/1 521/301/1
f 583/311/1 241/316/1 240/135/1
f 489/317/1 506/313/1 490/309/1
f 520/315/1 565/318/1 564/312/1
f 582/319/1 241/316/1 583/311/1
f 470/320/1 477/314/1 471/297/1
f 470/320/1 478/321/1 477/314/1
f 520/315/1 566/322/1 565/318/1
f 582/319/1 242/323/1 241/316/1
f 488/324/1 506/313/1 489/317/1
f 581/325/1 242/323/1 582/319/1
f 520/315/1 567/326/1 566/322/1
f 469/327/1 478/321/1 470/320/1
f 469/327/1 479/328/1 478/321/1
f 520/315/1 568/329/1 567/326/1
f 581/325/1 243/330/1 242/323/1
f 487/331/1 506/313/1 488/324/1
f 487/331/1 507/332/1 506/313/1
f 468/333/1 479/328/1 469/327/1
f 468/333/1 480/334/1 479/328/1
f 580/335/1 243/330/1 581/325/1
f 519/336/1 568/329/1 520/315/1
f 519/336/1 569/337/1 568/329/1
f 467/338/1 480/334/1 468/333/1
f 467/338/1 481/339/1 480/334/1
f 486/340/1 507/332/1 487/331/1
f 580/335/1 244/341/1 243/330/1
f 519/336/1 570/342/1 569/337/1
f 579/343/1 244/341/1 580/335/1
f 519/336/1 571/344/1 570/342/1
f 467/338/1 482/345/1 481/339/1
f 466/346/1 482/345/1 467/338/1
f 485/347/1 507/332/1 486/340/1
f 579/343/1 245/348/1 244/341/1
f 578/349/1 245/348/1 579/343/1
f 519/336/1 572/350/1 571/344/1
f 485/347/1 508/351/1 507/332/1
f 466/346/1 483/352/1 482/345/1
f 465/353/1 483/352/1 466/346/1
f 519/336/1 573/354/1 572/350/1
f 484/355/1 508/351/1 485/347/1
f 518/356/1 573/354/1 519/336/1
f 578/349/1 246/357/1 245/348/1
f 465/353/1 484/355/1 483/352/1
f 577/358/1 246/357/1 578/349/1
f 464/359/1 484/355/1 465/353/1
f 518/356/1 574/360/1 573/354/1
f 464/359/1 508/351/1 484/355/1
f 518/356/1 575/361/1 574/360/1
f 577/358/1 247/362/1 246/357/1
f 576/363/1 247/362/1 577/358/1
f 463/364/1 508/351/1 464/359/1
f 463/364/1 509/365/1 508/351/1
f 518/356/1 576/363/1 575/361/1
f 462/366/1 509/365/1 463/364/1
f 518/356/1 247/362/1 576/363/1
f 518/356/1 248/367/1 247/362/1
f 517/368/1 248/367/1 518/356/1
f 461/369/1 509/365/1 462/366/1
f 517/368/1 249/370/1 248/367/1
f 461/369/1 510/371/1 509/365/1
f 460/372/1 510/371/1 461/369/1
f 517/368/1 250/373/1 249/370/1
f 459/374/1 510/371/1 460/372/1
f 516/375/1 250/373/1 517/368/1
f 516/375/1 251/376/1 250/373/1
f 458/377/1 510/371/1 459/374/1
f 458/377/1 511/378/1 510/371/1
f 516/375/1 252/379/1 251/376/1
f 457/380/1 511/378/1 458/377/1
f 516/375/1 253/381/1 252/379/1
f 515/382/1 253/381/1 516/375/1
f 457/380/1 512/383/1 511/378/1
f 456/384/1 512/383/1 457/380/1
f 515/382/1 254/385/1 253/381/1
f 455/386/1 512/383/1 456/384/1
f 515/382/1 255/387/1 254/385/1
f 514/388/1 255/387/1 515/382/1
f 455/386/1 513/389/1 512/383/1
f 514/388/1 256/390/1 255/387/1
f 454/391/1 513/389/1 455/386/1
f 514/388/1 257/392/1 256/390/1
f 453/393/1 513/389/1 454/391/1
f 453/393/1 514/388/1 513/389/1
f 453/393/1 257/392/1 514/388/1
f 453/393/1 258/394/1 257/392/1
f 452/395/1 258/394/1 453/393/1
f 452/395/1 259/396/1 258/394/1
f 451/397/1 259/396/1 452/395/1
f 451/397/1 287/398/1 259/396/1
f 287/398/1 260/399/1 259/396/1
f 450/400/1 423/401/1 451/397/1
f 423/401/1 287/398/1 451/397/1
f 450/400/1 424/402/1 423/401/1
f 422/403/1 287/398/1 423/401/1
f 422/403/1 288/404/1 287/398/1
f 286/405/1 260/399/1 287/398/1
f 286/405/1 261/406/1 260/399/1
f 449/407/1 424/402/1 450/400/1
f 285/408/1 261/406/1 286/405/1
f 449/407/1 425/409/1 424/402/1
f 285/408/1 262/410/1 261/406/1
f 448/411/1 425/409/1 449/407/1
f 285/408/1 263/412/1 262/410/1
f 284/413/1 263/412/1 285/408/1
f 448/411/1 426/414/1 425/409/1
f 284/413/1 264/415/1 263/412/1
f 447/416/1 426/414/1 448/411/1
f 283/417/1 264/415/1 284/413/1
f 447/416/1 427/418/1 426/414/1
f 283/417/1 265/419/1 264/415/1
f 446/420/1 427/418/1 447/416/1
f 283/417/1 266/421/1 265/419/1
f 282/422/1 266/421/1 283/417/1
f 446/420/1 428/423/1 427/418/1
f 445/424/1 428/423/1 446/420/1
f 282/422/1 267/425/1 266/421/1
f 421/426/1 288/404/1 422/403/1
f 420/427/1 591/428/1 421/426/1
f 591/428/2 288/404/2 421/426/2
f 420/427/1 590/429/1 591/428/1
f 592/430/1 288/404/1 591/428/1
f 593/431/1 289/432/1 592/430/1
f 289/432/1 288/404/1 592/430/1
f 593/431/1 290/433/1 289/432/1
f 444/434/1 428/423/1 445/424/1
f 281/435/1 267/425/1 282/422/1
f 444/434/1 429/436/1 428/423/1
f 281/435/1 268/437/1 267/425/1
f 443/438/1 429/436/1 444/434/1
f 281/435/1 269/439/1 268/437/1
f 280/440/1 269/439/1 281/435/1
f 442/441/1 429/436/1 443/438/1
f 442/441/1 430/442/1 429/436/1
f 280/440/1 270/443/1 269/439/1
f 441/444/1 430/442/1 442/441/1
f 279/445/1 270/443/1 280/440/1
f 441/444/1 431/446/1 430/442/1
f 440/447/1 431/446/1 441/444/1
f 279/445/1 271/448/1 270/443/1
f 278/449/1 271/448/1 279/445/1
f 440/447/1 432/450/1 431/446/1
f 439/451/1 432/450/1 440/447/1
f 278/449/1 272/452/1 271/448/1
f 277/453/1 272/452/1 278/449/1
f 438/454/1 432/450/1 439/451/1
f 438/454/1 433/455/1 432/450/1
f 277/453/1 273/456/1 272/452/1
f 437/457/1 433/455/1 438/454/1
f 276/458/1 273/456/1 277/453/1
f 437/457/1 434/459/1 433/455/1
f 276/458/1 274/460/1 273/456/1
f 436/461/1 434/459/1 437/457/1
f 275/462/1 274/460/1 276/458/1
f 436/461/1 435/463/1 434/459/1
f 419/464/1 590/429/1 420/427/1
f 419/464/1 594/2/1 590/429/1
f 417/181/1 419/464/1 418/465/1
f 417/181/1 594/2/1 419/464/1
f 417/181/1 593/431/1 594/2/1
f 417/181/1 290/433/1 593/431/1
f 417/181/1 291/466/1 290/433/1
f 417/181/1 292/467/1 291/466/1
f 416/468/1 292/467/1 417/181/1
f 415/469/1 380/470/1 416/468/1
f 380/470/1 292/467/1 416/468/1
f 415/469/1 381/471/1 380/470/1
f 379/472/1 292/467/1 380/470/1
f 378/473/1 293/474/1 379/472/1
f 293/474/1 292/467/1 379/472/1
f 378/473/1 294/475/1 293/474/1
f 414/476/1 381/471/1 415/469/1
f 414/476/1 382/477/1 381/471/1
f 413/478/1 382/477/1 414/476/1
f 413/478/1 383/479/1 382/477/1
f 412/480/1 383/479/1 413/478/1
f 329/481/1 331/482/1 330/483/1
f 329/481/1 332/484/1 331/482/1
f 329/481/1 333/485/1 332/484/1
f 412/480/1 384/486/1 383/479/1
f 411/487/1 384/486/1 412/480/1
f 329/481/1 334/488/1 333/485/1
f 329/481/1 335/489/1 334/488/1
f 329/481/1 336/490/1 335/489/1
f 329/481/1 337/491/1 336/490/1
f 329/481/1 338/492/1 337/491/1
f 329/481/1 339/493/1 338/492/1
f 328/494/1 339/493/1 329/481/1
f 328/494/1 340/495/1 339/493/1
f 328/494/1 341/496/1 340/495/1
f 328/494/1 342/497/1 341/496/1
f 410/498/1 384/486/1 411/487/1
f 328/494/1 343/499/1 342/497/1
f 410/498/1 385/500/1 384/486/1
f 327/501/1 343/499/1 328/494/1
f 409/502/1 385/500/1 410/498/1
f 409/502/1 386/503/1 385/500/1
f 327/501/1 344/504/1 343/499/1
f 326/505/1 344/504/1 327/501/1
f 408/506/1 386/503/1 409/502/1
f 325/507/1 344/504/1 326/505/1
f 408/506/1 387/508/1 386/503/1
f 407/509/1 387/508/1 408/506/1
f 325/507/1 345/510/1 344/504/1
f 377/511/1 294/475/1 378/473/1
f 377/511/1 295/512/1 294/475/1
f 324/513/1 345/510/1 325/507/1
f 377/511/1 296/514/1 295/512/1
f 406/515/1 387/508/1 407/509/1
f 377/511/1 297/516/1 296/514/1
f 323/517/1 345/510/1 324/513/1
f 406/515/1 388/518/1 387/508/1
f 376/519/1 297/516/1 377/511/1
f 376/519/1 298/520/1 297/516/1
f 323/517/1 346/521/1 345/510/1
f 322/522/1 346/521/1 323/517/1
f 376/519/1 299/523/1 298/520/1
f 376/519/1 300/524/1 299/523/1
f 321/525/1 346/521/1 322/522/1
f 405/526/1 388/518/1 406/515/1
f 376/519/1 301/527/1 300/524/1
f 320/528/1 346/521/1 321/525/1
f 376/519/1 302/529/1 301/527/1
f 376/519/1 303/530/1 302/529/1
f 319/531/1 346/521/1 320/528/1
f 376/519/1 304/532/1 303/530/1
f 375/533/1 304/532/1 376/519/1
f 375/533/1 305/534/1 304/532/1
f 318/535/1 346/521/1 319/531/1
f 375/533/1 306/536/1 305/534/1
f 375/533/1 307/537/1 306/536/1
f 375/533/1 308/538/1 307/537/1
f 375/533/1 309/539/1 308/538/1
f 375/533/1 310/540/1 309/539/1
f 375/533/1 311/541/1 310/540/1
f 375/533/1 312/542/1 311/541/1
f 375/533/1 313/543/1 312/542/1
f 375/533/1 314/544/1 313/543/1
f 375/533/1 315/545/1 314/544/1
f 375/533/1 316/546/1 315/545/1
f 375/533/1 317/547/1 316/546/1
f 375/533/1 318/535/1 317/547/1
f 375/533/1 346/521/1 318/535/1
f 405/526/1 389/548/1 388/518/1
f 375/533/1 347/549/1 346/521/1
f 404/550/1 389/548/1 405/526/1
f 374/551/1 347/549/1 375/533/1
f 374/551/1 348/552/1 347/549/1
f 403/553/1 389/548/1 404/550/1
f 403/553/1 390/554/1 389/548/1
f 402/555/1 390/554/1 403/553/1
f 373/556/1 348/552/1 374/551/1
f 401/557/1 390/554/1 402/555/1
f 373/556/1 349/558/1 348/552/1
f 400/559/1 390/554/1 401/557/1
f 372/560/1 349/558/1 373/556/1
f 399/561/1 390/554/1 400/559/1
f 399/561/1 391/562/1 390/554/1
f 398/563/1 391/562/1 399/561/1
f 372/560/1 350/564/1 349/558/1
f 371/565/1 350/564/1 372/560/1
f 397/566/1 391/562/1 398/563/1
f 370/567/1 350/564/1 371/565/1
f 370/567/1 351/568/1 350/564/1
f 396/569/1 391/562/1 397/566/1
f 369/570/1 351/568/1 370/567/1
f 395/571/1 391/562/1 396/569/1
f 369/570/1 352/572/1 351/568/1
f 395/571/1 394/573/1 391/562/1
f 394/573/1 393/574/1 391/562/1
f 393/574/1 392/575/1 391/562/1
f 368/576/1 352/572/1 369/570/1
f 368/576/1 353/577/1 352/572/1
f 367/578/1 353/577/1 368/576/1
f 367/578/1 354/579/1 353/577/1
f 366/580/1 354/579/1 367/578/1
f 365/581/1 354/579/1 366/580/1
f 364/582/1 354/579/1 365/581/1
f 363/583/1 354/579/1 364/582/1
f 362/584/1 354/579/1 363/583/1
f 361/585/1 354/579/1 362/584/1
f 360/586/2 354/579/2 361/585/2
f 359/587/1 354/579/1 360/586/1
f 358/588/1 354/579/1 359/587/1
f 357/589/2 354/579/2 358/588/2
f 356/590/1 354/579/1 357/589/1
f 355/591/1 354/579/1 356/590/1
f 780/592/1 782/593/1 781/594/1
f 780/592/1 783/595/1 782/593/1
f 779/596/1 783/595/1 780/592/1
f 779/596/1 784/597/1 783/595/1
f 778/598/1 784/597/1 779/596/1
f 778/598/1 785/599/1 784/597/1
f 777/600/1 785/599/1 778/598/1
f 777/600/1 786/601/1 785/599/1
f 776/602/1 786/601/1 777/600/1
f 776/602/1 787/603/1 786/601/1
f 776/602/1 788/604/1 787/603/1
f 775/605/1 788/604/1 776/602/1
f 775/605/1 789/606/1 788/604/1
f 774/607/1 789/606/1 775/605/1
f 774/607/1 790/608/1 789/606/1
f 773/609/1 790/608/1 774/607/1
f 773/609/1 791/610/1 790/608/1
f 772/611/1 791/610/1 773/609/1
f 772/611/1 792/612/1 791/610/1
f 805/613/1 807/614/1 806/615/1
f 771/616/1 792/612/1 772/611/1
f 804/617/1 807/614/1 805/613/1
f 803/618/1 807/614/1 804/617/1
f 771/616/1 793/310/1 792/612/1
f 802/619/1 807/614/1 803/618/1
f 770/620/1 793/310/1 771/616/1
f 801/621/1 807/614/1 802/619/1
f 800/622/1 807/614/1 801/621/1
f 770/620/1 794/623/1 793/310/1
f 799/624/1 807/614/1 800/622/1
f 769/625/1 794/623/1 770/620/1
f 798/626/1 807/614/1 799/624/1
f 755/627/1 757/628/1 756/629/1
f 797/630/1 807/614/1 798/626/1
f 755/627/1 758/631/1 757/628/1
f 755/627/1 759/632/1 758/631/1
f 796/633/1 807/614/1 797/630/1
f 755/627/1 760/634/1 759/632/1
f 795/635/1 807/614/1 796/633/1
f 755/627/1 761/636/1 760/634/1
f 794/623/1 807/614/1 795/635/1
f 755/627/1 762/637/1 761/636/1
f 769/625/1 807/614/1 794/623/1
f 755/627/1 763/638/1 762/637/1
f 755/627/1 764/639/1 763/638/1
f 755/627/1 765/640/1 764/639/1
f 768/641/1 807/614/1 769/625/1
f 755/627/1 766/642/1 765/640/1
f 755/627/1 767/643/1 766/642/1
f 755/627/1 768/641/1 767/643/1
f 755/627/1 807/614/1 768/641/1
f 755/627/1 808/644/1 807/614/1
f 755/627/1 809/645/1 808/644/1
f 755/627/1 810/646/1 809/645/1
f 755/627/1 811/647/1 810/646/1
f 755/627/1 812/648/1 811/647/1
f 755/627/1 813/649/1 812/648/1
f 755/627/1 814/650/1 813/649/1
f 755/627/1 815/651/1 814/650/1
f 755/627/1 816/652/1 815/651/1
f 754/653/1 816/652/1 755/627/1
f 754/653/1 817/654/1 816/652/1
f 753/655/1 817/654/1 754/653/1
f 753/655/1 818/656/1 817/654/1
f 752/657/1 818/656/1 753/655/1
f 751/658/1 818/656/1 752/657/1
f 751/658/1 819/659/1 818/656/1
f 750/660/1 819/659/1 751/658/1
f 749/661/1 819/659/1 750/660/1
f 749/661/1 742/662/1 819/659/1
f 742/662/1 820/663/1 819/659/1
f 748/664/1 742/662/1 749/661/1
f 747/665/1 742/662/1 748/664/1
f 746/666/1 742/662/1 747/665/1
f 745/667/1 742/662/1 746/666/1
f 744/668/1 742/662/1 745/667/1
f 743/669/1 742/662/1 744/668/1
f 741/670/1 820/663/1 742/662/1
f 741/670/1 821/671/1 820/663/1
f 740/672/1 821/671/1 741/670/1
f 740/672/1 822/673/1 821/671/1
f 740/672/1 823/674/1 822/673/1
f 739/675/1 823/674/1 740/672/1
f 739/675/1 824/676/1 823/674/1
f 738/677/1 824/676/1 739/675/1
f 738/677/1 825/678/1 824/676/1
f 738/677/1 826/679/1 825/678/1
f 878/680/1 880/681/1 879/682/1
f 737/683/1 826/679/1 738/677/1
f 877/684/1 880/681/1 878/680/1
f 737/683/1 827/685/1 826/679/1
f 876/686/1 880/681/1 877/684/1
f 875/687/1 880/681/1 876/686/1
f 874/688/1 880/681/1 875/687/1
f 873/689/1 880/681/1 874/688/1
f 737/683/1 828/690/1 827/685/1
f 872/691/1 880/681/1 873/689/1
f 871/692/1 880/681/1 872/691/1
f 870/693/1 880/681/1 871/692/1
f 736/694/1 828/690/1 737/683/1
f 869/695/1 880/681/1 870/693/1
f 842/696/1 844/697/1 843/698/1
f 841/699/1 844/697/1 842/696/1
f 841/699/1 845/700/1 844/697/1
f 840/701/1 845/700/1 841/699/1
f 736/694/1 829/702/1 828/690/1
f 839/703/1 845/700/1 840/701/1
f 839/703/1 846/704/1 845/700/1
f 868/705/1 880/681/1 869/695/1
f 838/706/1 846/704/1 839/703/1
f 867/707/1 880/681/1 868/705/1
f 838/706/1 847/708/1 846/704/1
f 837/709/1 847/708/1 838/706/1
f 866/710/1 880/681/1 867/707/1
f 836/711/1 847/708/1 837/709/1
f 836/711/1 848/712/1 847/708/1
f 835/713/1 848/712/1 836/711/1
f 736/694/1 830/714/1 829/702/1
f 865/715/1 880/681/1 866/710/1
f 835/713/1 849/716/1 848/712/1
f 834/717/1 849/716/1 835/713/1
f 864/718/1 880/681/1 865/715/1
f 833/719/1 849/716/1 834/717/1
f 735/720/1 830/714/1 736/694/1
f 833/719/1 850/721/1 849/716/1
f 735/720/1 831/722/1 830/714/1
f 832/723/1 850/721/1 833/719/1
f 863/724/1 880/681/1 864/718/1
f 831/722/1 850/721/1 832/723/1
f 831/722/1 851/725/1 850/721/1
f 862/726/1 880/681/1 863/724/1
f 735/720/1 851/725/1 831/722/1
f 861/727/1 880/681/1 862/726/1
f 735/720/1 852/728/1 851/725/1
f 861/727/1 881/729/1 880/681/1
f 860/730/1 881/729/1 861/727/1
f 860/730/1 882/731/1 881/729/1
f 734/732/1 852/728/1 735/720/1
f 860/730/1 883/733/1 882/731/1
f 860/730/1 884/734/1 883/733/1
f 734/732/1 706/735/1 852/728/1
f 706/735/1 705/736/1 852/728/1
f 705/736/1 853/737/1 852/728/1
f 859/738/1 884/734/1 860/730/1
f 859/738/1 885/739/1 884/734/1
f 859/738/1 886/740/1 885/739/1
f 859/738/1 887/741/1 886/740/1
f 858/742/1 887/741/1 859/738/1
f 858/742/1 888/743/1 887/741/1
f 704/744/1 853/737/1 705/736/1
f 704/744/1 854/745/1 853/737/1
f 703/746/1 854/745/1 704/744/1
f 734/732/1 707/747/1 706/735/1
f 702/748/1 854/745/1 703/746/1
f 858/742/1 889/749/1 888/743/1
f 734/732/1 708/750/1 707/747/1
f 701/751/1 854/745/1 702/748/1
f 857/752/1 889/749/1 858/742/1
f 857/752/1 890/753/1 889/749/1
f 734/732/1 709/754/1 708/750/1
f 700/755/1 854/745/1 701/751/1
f 857/752/1 891/756/1 890/753/1
f 734/732/1 710/757/1 709/754/1
f 699/758/1 854/745/1 700/755/1
f 857/752/1 892/2/1 891/756/1
f 856/759/1 892/2/1 857/752/1
f 733/760/1 710/757/1 734/732/1
f 699/758/1 855/761/1 854/745/1
f 856/759/1 595/135/1 892/2/1
f 733/760/1 711/762/1 710/757/1
f 698/763/1 855/761/1 699/758/1
f 855/761/1 595/135/1 856/759/1
f 855/761/1 596/764/1 595/135/1
f 697/765/1 855/761/1 698/763/1
f 733/760/1 712/766/1 711/762/1
f 855/761/1 597/767/1 596/764/1
f 696/768/1 855/761/1 697/765/1
f 696/768/1 597/767/1 855/761/1
f 733/760/1 713/769/1 712/766/1
f 696/768/1 598/770/1 597/767/1
f 695/771/1 598/770/1 696/768/1
f 733/760/1 714/772/1 713/769/1
f 695/771/1 599/773/1 598/770/1
f 732/774/1 714/772/1 733/760/1
f 694/588/1 599/773/1 695/771/1
f 732/774/1 715/775/1 714/772/1
f 694/588/1 600/776/1 599/773/1
f 694/588/1 601/777/1 600/776/1
f 693/778/1 601/777/1 694/588/1
f 732/774/1 716/779/1 715/775/1
f 693/778/1 602/780/1 601/777/1
f 692/781/1 602/780/1 693/778/1
f 732/774/1 717/782/1 716/779/1
f 692/781/1 603/783/1 602/780/1
f 731/784/1 717/782/1 732/774/1
f 731/784/1 718/785/1 717/782/1
f 692/781/1 604/786/1 603/783/1
f 691/787/1 604/786/1 692/781/1
f 731/784/1 719/788/1 718/785/1
f 691/787/1 605/789/1 604/786/1
f 731/784/1 720/790/1 719/788/1
f 691/787/1 606/791/1 605/789/1
f 690/792/1 606/791/1 691/787/1
f 731/784/1 721/793/1 720/790/1
f 730/794/1 721/793/1 731/784/1
f 690/792/1 620/795/1 606/791/1
f 620/795/1 607/796/1 606/791/1
f 730/794/1 722/797/1 721/793/1
f 689/798/1 620/795/1 690/792/1
f 730/794/1 723/799/1 722/797/1
f 730/794/1 724/800/1 723/799/1
f 729/801/1 724/800/1 730/794/1
f 688/802/1 620/795/1 689/798/1
f 729/801/3 725/803/3 724/800/3
f 688/802/1 621/804/1 620/795/1
f 619/805/1 607/796/1 620/795/1
f 729/801/1 726/806/1 725/803/1
f 687/807/1 621/804/1 688/802/1
f 729/801/1 727/808/1 726/806/1
f 687/807/1 622/809/1 621/804/1
f 618/810/1 607/796/1 619/805/1
f 729/801/3 728/811/3 727/808/3
f 687/807/1 623/812/1 622/809/1
f 617/813/1 607/796/1 618/810/1
f 686/814/1 623/812/1 687/807/1
f 686/814/1 624/815/1 623/812/1
f 616/816/1 607/796/1 617/813/1
f 686/814/1 625/817/1 624/815/1
f 685/818/1 625/817/1 686/814/1
f 615/819/1 607/796/1 616/816/1
f 685/818/1 626/820/1 625/817/1
f 614/821/1 607/796/1 615/819/1
f 684/822/1 626/820/1 685/818/1
f 684/822/1 627/823/1 626/820/1
f 613/824/1 607/796/1 614/821/1
f 684/822/1 628/825/1 627/823/1
f 612/826/1 607/796/1 613/824/1
f 683/827/1 628/825/1 684/822/1
f 683/827/1 629/828/1 628/825/1
f 611/829/1 607/796/1 612/826/1
f 683/827/1 630/830/1 629/828/1
f 610/831/1 607/796/1 611/829/1
f 682/832/1 630/830/1 683/827/1
f 609/833/1 607/796/1 610/831/1
f 682/832/1 631/834/1 630/830/1
f 608/835/1 607/796/1 609/833/1
f 681/836/1 631/834/1 682/832/1
f 681/836/1 632/837/1 631/834/1
f 681/836/1 633/838/1 632/837/1
f 680/839/1 633/838/1 681/836/1
f 680/839/1 634/840/1 633/838/1
f 680/839/1 635/841/1 634/840/1
f 679/842/1 635/841/1 680/839/1
f 679/842/1 636/843/1 635/841/1
f 679/842/1 637/844/1 636/843/1
f 678/845/1 637/844/1 679/842/1
f 655/846/1 657/847/1 656/848/1
f 678/845/1 638/849/1 637/844/1
f 654/850/1 657/847/1 655/846/1
f 653/851/1 657/847/1 654/850/1
f 678/845/1 639/852/1 638/849/1
f 652/853/1 657/847/1 653/851/1
f 651/854/1 657/847/1 652/853/1
f 678/845/1 640/855/1 639/852/1
f 650/856/1 657/847/1 651/854/1
f 649/857/1 657/847/1 650/856/1
f 678/845/1 641/858/1 640/855/1
f 648/859/1 657/847/1 649/857/1
f 677/860/1 641/858/1 678/845/1
f 677/860/1 642/861/1 641/858/1
f 647/862/1 657/847/1 648/859/1
f 646/863/1 657/847/1 647/862/1
f 677/860/1 643/864/1 642/861/1
f 645/865/1 657/847/1 646/863/1
f 677/860/1 644/866/1 643/864/1
f 644/866/1 657/847/1 645/865/1
f 677/860/1 657/847/1 644/866/1
f 676/867/1 657/847/1 677/860/1
f 675/868/1 657/847/1 676/867/1
f 674/869/1 657/847/1 675/868/1
f 673/870/1 657/847/1 674/869/1
f 673/870/1 658/871/1 657/847/1
f 673/870/1 659/872/1 658/871/1
f 673/870/1 660/873/1 659/872/1
f 672/874/1 660/873/1 673/870/1
f 672/874/1 661/875/1 660/873/1
f 672/874/1 662/876/1 661/875/1
f 672/874/1 663/877/1 662/876/1
f 671/878/1 663/877/1 672/874/1
f 671/878/1 664/879/1 663/877/1
f 671/878/1 665/880/1 664/879/1
f 670/881/1 665/880/1 671/878/1
f 670/881/1 666/882/1 665/880/1
f 670/881/1 667/883/1 666/882/1
f 669/884/1 667/883/1 670/881/1
f 669/884/1 668/885/1 667/883/1
f 1063/886/1 1039/887/1 1064/888/1
f 1105/889/1 1107/890/1 1106/891/1
f 1063/886/1 1040/892/1 1039/887/1
f 1062/893/1 1040/892/1 1063/886/1
f 1037/894/1 1013/895/1 1038/896/1
f 1104/897/1 1107/890/1 1105/889/1
f 1062/893/1 1041/898/1 1040/892/1
f 1061/899/1 1041/898/1 1062/893/1
f 1037/894/1 1014/900/1 1013/895/1
f 1104/897/1 1065/901/1 1107/890/1
f 1036/902/1 1014/900/1 1037/894/1
f 1103/903/1 1065/901/1 1104/897/1
f 1061/899/1 1042/904/1 1041/898/1
f 1036/902/1 1015/905/1 1014/900/1
f 1060/906/1 1042/904/1 1061/899/1
f 1035/907/1 1015/905/1 1036/902/1
f 1103/903/1 1066/908/1 1065/901/1
f 1060/906/1 1043/909/1 1042/904/1
f 1102/910/1 1066/908/1 1103/903/1
f 1035/907/1 1016/911/1 1015/905/1
f 1059/912/1 1043/909/1 1060/906/1
f 1034/913/1 1016/911/1 1035/907/1
f 1102/910/1 1067/914/1 1066/908/1
f 1059/912/1 1044/915/1 1043/909/1
f 1034/913/1 1017/916/1 1016/911/1
f 1058/917/1 1044/915/1 1059/912/1
f 1101/918/1 1067/914/1 1102/910/1
f 1033/919/1 1017/916/1 1034/913/1
f 1101/918/1 1068/920/1 1067/914/1
f 1058/917/1 1045/921/1 1044/915/1
f 1033/919/1 1018/922/1 1017/916/1
f 1057/923/1 1045/921/1 1058/917/1
f 1100/924/1 1068/920/1 1101/918/1
f 1032/925/1 1018/922/1 1033/919/1
f 1032/925/1 1019/926/1 1018/922/1
f 1057/923/1 1046/927/1 1045/921/1
f 1100/924/1 1069/928/1 1068/920/1
f 1056/929/1 1046/927/1 1057/923/1
f 1031/930/1 1019/926/1 1032/925/1
f 1099/931/1 1069/928/1 1100/924/1
f 1031/930/1 1020/932/1 1019/926/1
f 1056/929/1 1047/933/1 1046/927/1
f 1099/931/1 1070/934/1 1069/928/1
f 1055/935/1 1047/933/1 1056/929/1
f 1030/936/1 1020/932/1 1031/930/1
f 1030/936/1 1021/937/1 1020/932/1
f 1055/935/1 1048/938/1 1047/933/1
f 1098/939/1 1070/934/1 1099/931/1
f 1098/939/1 1071/940/1 1070/934/1
f 1054/941/1 1048/938/1 1055/935/1
f 1029/942/1 1021/937/1 1030/936/1
f 1029/942/1 1022/943/1 1021/937/1
f 1054/941/1 1049/944/1 1048/938/1
f 1098/939/1 1072/945/1 1071/940/1
f 1097/946/1 1072/945/1 1098/939/1
f 1053/947/1 1049/944/1 1054/941/1
f 1028/948/1 1022/943/1 1029/942/1
f 1028/948/1 1023/949/1 1022/943/1
f 1053/947/1 1050/950/1 1049/944/1
f 1097/946/1 1073/951/1 1072/945/1
f 1052/952/1 1050/950/1 1053/947/1
f 1096/953/1 1073/951/1 1097/946/1
f 1027/954/1 1023/949/1 1028/948/1
f 1027/954/1 1024/955/1 1023/949/1
f 1052/952/1 1051/956/1 1050/950/1
f 1096/953/1 1074/957/1 1073/951/1
f 1027/954/1 1026/958/1 1024/955/1
f 1026/958/1 1025/959/1 1024/955/1
f 1095/960/1 1074/957/1 1096/953/1
f 1095/960/1 1075/961/1 1074/957/1
f 1094/962/1 1075/961/1 1095/960/1
f 1094/962/1 1076/963/1 1075/961/1
f 1093/964/1 1076/963/1 1094/962/1
f 1091/965/1 1118/966/1 1092/967/1
f 1118/966/1 1093/964/1 1092/967/1
f 1118/966/1 1076/963/1 1093/964/1
f 1118/966/1 1077/968/1 1076/963/1
f 1118/966/1 1117/969/1 1077/968/1
f 1117/969/1 1122/970/1 1077/968/1
f 1122/970/1 1121/971/1 1077/968/1
f 1121/971/1 1078/972/1 1077/968/1
f 1091/965/1 1119/973/1 1118/966/1
f 1116/974/1 1122/970/1 1117/969/1
f 1116/974/1 1123/2/1 1122/970/1
f 1120/975/1 1078/972/1 1121/971/1
f 1091/965/1 1110/976/1 1119/973/1
f 1110/976/1 1116/974/1 1119/973/1
f 1110/976/1 1123/2/1 1116/974/1
f 1110/976/1 1120/975/1 1123/2/1
f 1110/976/1 1109/977/1 1120/975/1
f 1109/977/1 1114/978/1 1120/975/1
f 1114/978/1 1113/979/1 1120/975/1
f 1113/979/1 1078/972/1 1120/975/1
f 1091/965/1 1111/980/1 1110/976/1
f 1108/981/1 1114/978/1 1109/977/1
f 1108/981/1 1115/982/1 1114/978/1
f 1112/983/1 1078/972/1 1113/979/1
f 1091/965/1 1108/981/1 1111/980/1
f 1091/965/1 1115/982/1 1108/981/1
f 1091/965/1 1112/983/1 1115/982/1
f 1091/965/1 1078/972/1 1112/983/1
f 1090/984/1 1078/972/1 1091/965/1
f 1089/985/1 1079/986/1 1090/984/1
f 1079/986/1 1078/972/1 1090/984/1
f 1089/985/1 1080/987/1 1079/986/1
f 1087/988/1 1089/985/1 1088/989/1
f 1087/988/1 1080/987/1 1089/985/1
f 1087/988/1 1081/990/1 1080/987/1
f 1087/988/1 1082/991/1 1081/990/1
f 1086/992/1 1082/991/1 1087/988/1
f 1085/993/1 1083/994/1 1086/992/1
f 1083/994/1 1082/991/1 1086/992/1
f 1085/993/1 1084/995/1 1083/994/1
f 894/996/1 896/997/1 895/998/1
f 894/996/1 893/135/1 896/997/1
f 893/135/1 897/999/1 896/997/1
f 1012/1000/1 897/999/1 893/135/1
f 1010/1001/1 1012/1000/1 1011/1002/1
f 1010/1001/1 897/999/1 1012/1000/1
f 1009/1003/1 897/999/1 1010/1001/1
f 1008/181/1 898/1004/1 1009/1003/1
f 898/1004/1 897/999/1 1009/1003/1
f 1008/181/1 899/1005/1 898/1004/1
f 1007/1006/1 899/1005/1 1008/181/1
f 1006/1007/1 899/1005/1 1007/1006/1
f 1005/1008/1 899/1005/1 1006/1007/1
f 1004/1009/1 899/1005/1 1005/1008/1
f 1003/1010/1 899/1005/1 1004/1009/1
f 1003/1010/1 900/1011/1 899/1005/1
f 1003/1010/1 901/1012/1 900/1011/1
f 1003/1010/1 902/1013/1 901/1012/1
f 1003/1010/1 903/1014/1 902/1013/1
f 1003/1010/1 904/1015/1 903/1014/1
f 1003/1010/1 905/1016/1 904/1015/1
f 1002/1017/1 905/1016/1 1003/1010/1
f 1002/1017/1 906/1018/1 905/1016/1
f 1002/1017/1 907/1019/1 906/1018/1
f 1002/1017/1 908/1020/1 907/1019/1
f 1002/1017/1 909/1021/1 908/1020/1
f 1002/1017/1 910/1022/1 909/1021/1
f 1002/1017/1 911/1023/1 910/1022/1
f 1002/1017/1 912/1024/1 911/1023/1
f 1002/1017/1 996/1025/1 912/1024/1
f 996/1025/1 913/1026/1 912/1024/1
f 1001/1027/1 996/1025/1 1002/1017/1
f 1000/1028/1 997/1029/1 1001/1027/1
f 997/1029/1 996/1025/1 1001/1027/1
f 1000/1028/1 998/1030/1 997/1029/1
f 995/1031/1 913/1026/1 996/1025/1
f 999/1032/1 998/1030/1 1000/1028/1
f 995/1031/1 914/1033/1 913/1026/1
f 994/1034/1 914/1033/1 995/1031/1
f 994/1034/1 915/1035/1 914/1033/1
f 993/1036/1 915/1035/1 994/1034/1
f 993/1036/1 916/1037/1 915/1035/1
f 992/1038/1 916/1037/1 993/1036/1
f 991/1039/1 916/1037/1 992/1038/1
f 991/1039/1 917/1040/1 916/1037/1
f 990/1041/1 917/1040/1 991/1039/1
f 990/1041/1 918/1042/1 917/1040/1
f 989/1043/1 918/1042/1 990/1041/1
f 988/1044/1 918/1042/1 989/1043/1
f 988/1044/1 919/1045/1 918/1042/1
f 987/1046/1 919/1045/1 988/1044/1
f 987/1046/1 920/1047/1 919/1045/1
f 986/1048/1 920/1047/1 987/1046/1
f 985/1049/1 920/1047/1 986/1048/1
f 985/1049/1 921/1050/1 920/1047/1
f 984/1051/1 921/1050/1 985/1049/1
f 983/1052/1 921/1050/1 984/1051/1
f 982/1053/1 921/1050/1 983/1052/1
f 981/1054/1 921/1050/1 982/1053/1
f 980/1055/1 921/1050/1 981/1054/1
f 959/1056/1 961/1057/1 960/1058/1
f 979/1059/1 921/1050/1 980/1055/1
f 959/1056/1 962/1060/1 961/1057/1
f 959/1056/1 963/1061/1 962/1060/1
f 978/1062/1 921/1050/1 979/1059/1
f 959/1056/1 964/1063/1 963/1061/1
f 977/1064/1 921/1050/1 978/1062/1
f 959/1056/1 965/1065/1 964/1063/1
f 959/1056/1 966/1066/1 965/1065/1
f 976/1067/1 921/1050/1 977/1064/1
f 959/1056/1 967/1068/1 966/1066/1
f 959/1056/1 968/1069/1 967/1068/1
f 975/1070/1 921/1050/1 976/1067/1
f 959/1056/1 969/1071/1 968/1069/1
f 959/1056/1 970/1072/1 969/1071/1
f 959/1056/1 971/1073/1 970/1072/1
f 959/1056/1 972/1074/1 971/1073/1
f 959/1056/1 973/1075/1 972/1074/1
f 974/1076/1 921/1050/1 975/1070/1
f 959/1056/1 974/1076/1 973/1075/1
f 959/1056/1 921/1050/1 974/1076/1
f 959/1056/1 922/1077/1 921/1050/1
f 958/1078/1 922/1077/1 959/1056/1
f 957/1079/1 922/1077/1 958/1078/1
f 956/1080/1 922/1077/1 957/1079/1
f 956/1080/1 923/1081/1 922/1077/1
f 955/1082/1 923/1081/1 956/1080/1
f 954/1083/1 923/1081/1 955/1082/1
f 954/1083/1 924/1084/1 923/1081/1
f 953/1085/1 924/1084/1 954/1083/1
f 952/1086/1 924/1084/1 953/1085/1
f 952/1086/1 925/1087/1 924/1084/1
f 952/1086/1 926/1088/1 925/1087/1
f 951/1089/1 926/1088/1 952/1086/1
f 951/1089/1 927/1090/1 926/1088/1
f 950/1091/1 927/1090/1 951/1089/1
f 950/1091/1 928/1092/1 927/1090/1
f 950/1091/1 929/1093/1 928/1092/1
f 949/1094/1 929/1093/1 950/1091/1
f 949/1094/1 930/1095/1 929/1093/1
f 949/1094/1 931/1096/1 930/1095/1
f 948/1097/1 931/1096/1 949/1094/1
f 948/1097/1 932/1098/1 931/1096/1
f 948/1097/1 933/1099/1 932/1098/1
f 948/1097/1 934/1100/1 933/1099/1
f 948/1097/1 935/1101/1 934/1100/1
f 948/1097/1 936/1102/1 935/1101/1
f 947/1103/1 936/1102/1 948/1097/1
f 947/1103/1 937/1104/1 936/1102/1
f 946/1105/1 937/1104/1 947/1103/1
f 946/1105/1 938/1106/1 937/1104/1
f 945/1107/1 938/1106/1 946/1105/1
f 945/1107/1 939/1108/1 938/1106/1
f 944/1109/1 939/1108/1 945/1107/1
f 944/1109/1 940/1110/1 939/1108/1
f 943/1111/1 940/1110/1 944/1109/1
f 943/1111/1 941/1112/1 940/1110/1
f 942/1113/1 941/1112/1 943/1111/1
f 1146/1114/1 1148/852/1 1147/1115/1
f 1145/1116/1 1148/852/1 1146/1114/1
f 1144/1117/1 1148/852/1 1145/1116/1
f 1143/1118/1 1148/852/1 1144/1117/1
f 1142/825/1 1148/852/1 1143/1118/1
f 1141/1119/1 1148/852/1 1142/825/1
f 1140/1120/1 1148/852/1 1141/1119/1
f 1139/1121/1 1148/852/1 1140/1120/1
f 1138/1122/1 1148/852/1 1139/1121/1
f 1137/1123/1 1148/852/1 1138/1122/1
f 1136/813/1 1148/852/1 1137/1123/1
f 1135/1124/1 1148/852/1 1136/813/1
f 1134/1125/1 1148/852/1 1135/1124/1
f 1133/1126/1 1148/852/1 1134/1125/1
f 1132/1127/1 1148/852/1 1133/1126/1
f 1131/1128/1 1148/852/1 1132/1127/1
f 1130/791/1 1148/852/1 1131/1128/1
f 1129/1129/1 1148/852/1 1130/791/1
f 1128/1130/1 1148/852/1 1129/1129/1
f 1127/1131/1 1148/852/1 1128/1130/1
f 1126/1132/1 1148/852/1 1127/1131/1
f 1125/1133/1 1148/852/1 1126/1132/1
f 1124/135/1 1148/852/1 1125/1133/1
f 1234/1134/1 1148/852/1 1124/135/1
f 1233/1135/1 1148/852/1 1234/1134/1
f 1232/310/1 1148/852/1 1233/1135/1
f 1231/1136/1 1148/852/1 1232/310/1
f 1230/1137/1 1148/852/1 1231/1136/1
f 1229/1138/1 1148/852/1 1230/1137/1
f 1228/1139/1 1148/852/1 1229/1138/1
f 1227/1140/1 1148/852/1 1228/1139/1
f 1226/593/1 1148/852/1 1227/1140/1
f 1225/1141/1 1148/852/1 1226/593/1
f 1224/1142/1 1148/852/1 1225/1141/1
f 1223/1143/1 1148/852/1 1224/1142/1
f 1222/1144/1 1148/852/1 1223/1143/1
f 1221/1145/1 1220/616/1 1222/1144/1
f 1220/616/1 1219/1146/1 1222/1144/1
f 1219/1146/1 1218/1147/1 1222/1144/1
f 1218/1147/1 1217/1148/1 1222/1144/1
f 1217/1148/1 1216/1149/1 1222/1144/1
f 1216/1149/1 1215/1150/1 1222/1144/1
f 1215/1150/1 1214/634/1 1222/1144/1
f 1214/634/1 1213/1151/1 1222/1144/1
f 1213/1151/1 1209/1152/1 1222/1144/1
f 1209/1152/1 1153/1153/1 1222/1144/1
f 1153/1153/1 1152/1154/1 1222/1144/1
f 1152/1154/1 1151/523/1 1222/1144/1
f 1151/523/1 1150/1155/1 1222/1144/1
f 1150/1155/1 1149/1156/1 1222/1144/1
f 1149/1156/1 1148/852/1 1222/1144/1
f 1209/1152/1 1154/856/1 1153/1153/1
f 1209/1152/1 1155/1157/1 1154/856/1
f 1209/1152/1 1156/1158/1 1155/1157/1
f 1209/1152/1 1157/1159/1 1156/1158/1
f 1209/1152/1 1158/1160/1 1157/1159/1
f 1209/1152/1 1159/1161/1 1158/1160/1
f 1213/1151/1 1212/1162/1 1209/1152/1
f 1212/1162/1 1210/1163/1 1209/1152/1
f 1208/661/1 1159/1161/1 1209/1152/1
f 1208/661/1 1160/875/1 1159/1161/1
f 1212/1162/1 1211/1164/1 1210/1163/1
f 1208/661/1 1161/1165/1 1160/875/1
f 1207/1166/1 1161/1165/1 1208/661/1
f 1207/1166/1 1162/1167/1 1161/1165/1
f 1206/1168/1 1162/1167/1 1207/1166/1
f 1206/1168/1 1163/1169/1 1162/1167/1
f 1205/181/1 1163/1169/1 1206/1168/1
f 1205/181/1 1164/1170/1 1163/1169/1
f 1273/1171/1 1275/1172/1 1274/693/1
f 1204/1173/1 1164/1170/1 1205/181/1
f 1273/1171/1 1276/1174/1 1275/1172/1
f 1204/1173/1 1165/1175/1 1164/1170/1
f 1273/1171/1 1277/1176/1 1276/1174/1
f 1272/1177/1 1277/1176/1 1273/1171/1
f 1272/1177/1 1278/1178/1 1277/1176/1
f 1271/1179/1 1278/1178/1 1272/1177/1
f 1203/1180/1 1165/1175/1 1204/1173/1
f 1203/1180/1 1166/874/1 1165/1175/1
f 1271/1179/1 1279/1181/1 1278/1178/1
f 1247/1182/1 1249/1183/1 1248/1184/1
f 1270/1185/1 1279/1181/1 1271/1179/1
f 1247/1182/1 1250/679/1 1249/1183/1
f 1270/1185/1 1280/729/1 1279/1181/1
f 1269/1186/1 1280/729/1 1270/1185/1
f 1247/1182/1 1251/1187/1 1250/679/1
f 1202/677/1 1166/874/1 1203/1180/1
f 1246/1188/1 1251/1187/1 1247/1182/1
f 1269/1186/1 1281/1189/1 1280/729/1
f 1202/677/1 1167/1190/1 1166/874/1
f 1268/738/1 1281/1189/1 1269/1186/1
f 1246/1188/1 1252/1191/1 1251/1187/1
f 1245/1192/1 1252/1191/1 1246/1188/1
f 1268/738/1 1282/1193/1 1281/1189/1
f 1267/1194/1 1282/1193/1 1268/738/1
f 1245/1192/1 1253/1195/1 1252/1191/1
f 1244/651/1 1253/1195/1 1245/1192/1
f 1267/1194/1 1283/1196/1 1282/1193/1
f 1266/1197/1 1283/1196/1 1267/1194/1
f 1201/1198/1 1167/1190/1 1202/677/1
f 1244/651/1 1254/1199/1 1253/1195/1
f 1201/1198/1 1168/1200/1 1167/1190/1
f 1243/1201/1 1254/1199/1 1244/651/1
f 1265/1202/1 1283/1196/1 1266/1197/1
f 1265/1202/1 1284/1203/1 1283/1196/1
f 1243/1201/1 1255/1204/1 1254/1199/1
f 1242/1205/1 1255/1204/1 1243/1201/1
f 1264/1206/1 1284/1203/1 1265/1202/1
f 1264/1206/1 1285/1207/1 1284/1203/1
f 1241/1208/1 1255/1204/1 1242/1205/1
f 1241/1208/1 1256/709/1 1255/1204/1
f 1200/1209/1 1168/1200/1 1201/1198/1
f 1263/1210/1 1285/1207/1 1264/1206/1
f 1263/1210/1 1286/2/1 1285/1207/1
f 1200/1209/1 1169/1211/1 1168/1200/1
f 1240/1212/1 1256/709/1 1241/1208/1
f 1240/1212/1 1257/1213/1 1256/709/1
f 1263/1210/1 1262/712/1 1286/2/1
f 1262/712/1 1261/1214/1 1286/2/1
f 1239/1215/1 1257/1213/1 1240/1212/1
f 1239/1215/1 1258/1216/1 1257/1213/1
f 1238/617/1 1258/1216/1 1239/1215/1
f 1238/617/1 1259/269/1 1258/1216/1
f 1199/1217/1 1169/1211/1 1200/1209/1
f 1199/1217/1 1170/1218/1 1169/1211/1
f 1237/1219/1 1259/269/1 1238/617/1
f 1237/1219/1 1260/1220/1 1259/269/1
f 1236/1221/1 1260/1220/1 1237/1219/1
f 1236/1221/1 1235/1222/1 1260/1220/1
f 1199/1217/1 1171/1223/1 1170/1218/1
f 1198/1224/1 1171/1223/1 1199/1217/1
f 1198/1224/1 1172/827/1 1171/1223/1
f 1197/1225/1 1172/827/1 1198/1224/1
f 1197/1225/1 1173/1226/1 1172/827/1
f 1196/808/1 1173/1226/1 1197/1225/1
f 1196/808/1 1174/1227/1 1173/1226/1
f 1195/1228/1 1174/1227/1 1196/808/1
f 1195/1228/1 1175/1229/1 1174/1227/1
f 1194/1230/1 1175/1229/1 1195/1228/1
f 1194/1230/1 1176/1231/1 1175/1229/1
f 1194/1230/1 1177/1232/1 1176/1231/1
f 1193/1233/1 1177/1232/1 1194/1230/1
f 1193/1233/1 1178/588/1 1177/1232/1
f 1192/1234/1 1178/588/1 1193/1233/1
f 1192/1234/1 1179/1235/1 1178/588/1
f 1192/1234/1 1180/1236/1 1179/1235/1
f 1191/1237/1 1180/1236/1 1192/1234/1
f 1191/1237/1 1181/1238/1 1180/1236/1
f 1191/1237/1 1182/1239/1 1181/1238/1
f 1191/1237/1 1183/1240/1 1182/1239/1
f 1191/1237/1 1184/736/1 1183/1240/1
f 1190/779/1 1184/736/1 1191/1237/1
f 1190/779/1 1185/1241/1 1184/736/1
f 1189/1242/1 1185/1241/1 1190/779/1
f 1188/1243/1 1185/1241/1 1189/1242/1
f 1187/1244/1 1185/1241/1 1188/1243/1
f 1186/1245/1 1185/1241/1 1187/1244/1
f 1347/1246/1 1349/1247/1 1348/1248/1
f 1309/1249/1 1311/1250/1 1310/1251/1
f 1347/1246/1 1350/1252/1 1349/1247/1
f 1308/1253/1 1311/1250/1 1309/1249/1
f 1347/1246/1 1351/1254/1 1350/1252/1
f 1307/1255/1 1311/1250/1 1308/1253/1
f 1347/1246/1 1352/1256/1 1351/1254/1
f 1306/1257/1 1311/1250/1 1307/1255/1
f 1347/1246/1 1353/1258/1 1352/1256/1
f 1305/1259/1 1311/1250/1 1306/1257/1
f 1347/1246/1 1354/1260/1 1353/1258/1
f 1304/1261/1 1311/1250/1 1305/1259/1
f 1347/1246/1 1355/1262/1 1354/1260/1
f 1303/1263/1 1311/1250/1 1304/1261/1
f 1347/1246/1 1356/1264/1 1355/1262/1
f 1302/1265/1 1311/1250/1 1303/1263/1
f 1347/1246/1 1357/1266/1 1356/1264/1
f 1301/1267/1 1311/1250/1 1302/1265/1
f 1347/1246/1 1358/1268/1 1357/1266/1
f 1300/1269/1 1311/1250/1 1301/1267/1
f 1347/1246/1 1359/1270/1 1358/1268/1
f 1299/1271/1 1311/1250/1 1300/1269/1
f 1347/1246/1 1360/2/1 1359/1270/1
f 1298/1272/1 1311/1250/1 1299/1271/1
f 1347/1246/1 1287/135/1 1360/2/1
f 1347/1246/1 1288/1273/1 1287/135/1
f 1347/1246/1 1289/1274/1 1288/1273/1
f 1347/1246/1 1290/1275/1 1289/1274/1
f 1347/1246/1 1291/1276/1 1290/1275/1
f 1347/1246/1 1292/1277/1 1291/1276/1
f 1347/1246/1 1293/1278/1 1292/1277/1
f 1347/1246/1 1294/1279/1 1293/1278/1
f 1347/1246/1 1295/1280/1 1294/1279/1
f 1347/1246/1 1296/1281/1 1295/1280/1
f 1347/1246/1 1297/1282/1 1296/1281/1
f 1347/1246/1 1298/1272/1 1297/1282/1
f 1347/1246/1 1346/1283/1 1298/1272/1
f 1346/1283/1 1345/1284/1 1298/1272/1
f 1345/1284/1 1344/1285/1 1298/1272/1
f 1344/1285/1 1343/1286/1 1298/1272/1
f 1343/1286/1 1342/1287/1 1298/1272/1
f 1342/1287/1 1341/1288/1 1298/1272/1
f 1341/1288/1 1340/1289/1 1298/1272/1
f 1340/1289/1 1339/1290/1 1298/1272/1
f 1339/1290/1 1338/1291/1 1298/1272/1
f 1338/1291/1 1337/1292/1 1298/1272/1
f 1337/1292/1 1336/1293/1 1298/1272/1
f 1336/1293/1 1335/1294/1 1298/1272/1
f 1335/1294/1 1334/1295/1 1298/1272/1
f 1334/1295/1 1333/1296/1 1298/1272/1
f 1333/1296/1 1332/1297/1 1298/1272/1
f 1332/1297/1 1330/1298/1 1298/1272/1
f 1330/1298/1 1327/1299/1 1298/1272/1
f 1327/1299/1 1324/1300/1 1298/1272/1
f 1324/1300/1 1323/1301/1 1298/1272/1
f 1323/1301/1 1322/1302/1 1298/1272/1
f 1322/1302/1 1321/1303/1 1298/1272/1
f 1321/1303/1 1320/1304/1 1298/1272/1
f 1320/1304/1 1319/1305/1 1298/1272/1
f 1319/1305/1 1318/1306/1 1298/1272/1
f 1318/1306/1 1317/1307/1 1298/1272/1
f 1317/1307/1 1316/1308/1 1298/1272/1
f 1316/1308/1 1311/1250/1 1298/1272/1
f 1331/1309/1 1330/1298/1 1332/1297/1
f 1329/1310/1 1327/1299/1 1330/1298/1
f 1328/1311/1 1327/1299/1 1329/1310/1
f 1326/1312/1 1324/1300/1 1327/1299/1
f 1325/1313/1 1324/1300/1 1326/1312/1
f 1315/1314/1 1311/1250/1 1316/1308/1
f 1314/1315/1 1311/1250/1 1315/1314/1
f 1313/1316/1 1311/1250/1 1314/1315/1
f 1312/1317/1 1311/1250/1 1313/1316/1
f 1424/1061/1 1426/1318/1 1425/1319/1
f 1424/1061/1 1427/1320/1 1426/1318/1
f 1424/1061/1 1428/1321/1 1427/1320/1
f 1424/1061/1 1429/1322/1 1428/1321/1
f 1423/1323/1 1429/1322/1 1424/1061/1
f 1422/1324/1 1429/1322/1 1423/1323/1
f 1422/1324/1 1430/588/1 1429/1322/1
f 1421/1325/1 1430/588/1 1422/1324/1
f 1421/1325/1 1431/1326/1 1430/588/1
f 1420/1327/1 1431/1326/1 1421/1325/1
f 1420/1327/1 1432/1328/1 1431/1326/1
f 1419/1329/1 1432/1328/1 1420/1327/1
f 1419/1329/1 1433/1075/1 1432/1328/1
f 1418/1330/1 1433/1075/1 1419/1329/1
f 1418/1330/1 1434/1331/1 1433/1075/1
f 1417/1332/1 1434/1331/1 1418/1330/1
f 1417/1332/1 1435/1333/1 1434/1331/1
f 1416/1334/1 1435/1333/1 1417/1332/1
f 1416/1334/1 1436/1335/1 1435/1333/1
f 1415/1085/1 1436/1335/1 1416/1334/1
f 1415/1085/1 1437/1336/1 1436/1335/1
f 1414/1337/1 1437/1336/1 1415/1085/1
f 1414/1337/1 1438/1338/1 1437/1336/1
f 1413/1339/1 1438/1338/1 1414/1337/1
f 1412/1340/1 1438/1338/1 1413/1339/1
f 1411/1341/1 1438/1338/1 1412/1340/1
f 1461/1342/1 1463/1343/1 1462/1344/1
f 1460/1010/1 1463/1343/1 1461/1342/1
f 1459/1345/1 1463/1343/1 1460/1010/1
f 1458/1346/1 1463/1343/1 1459/1345/1
f 1457/1347/1 1463/1343/1 1458/1346/1
f 1456/1348/1 1463/1343/1 1457/1347/1
f 1455/1349/1 1463/1343/1 1456/1348/1
f 1454/1350/1 1463/1343/1 1455/1349/1
f 1453/808/1 1463/1343/1 1454/1350/1
f 1452/1351/1 1463/1343/1 1453/808/1
f 1451/1036/1 1463/1343/1 1452/1351/1
f 1450/1352/1 1463/1343/1 1451/1036/1
f 1449/1353/1 1463/1343/1 1450/1352/1
f 1448/1354/1 1463/1343/1 1449/1353/1
f 1447/1355/1 1463/1343/1 1448/1354/1
f 1446/1356/1 1463/1343/1 1447/1355/1
f 1445/1357/1 1463/1343/1 1446/1356/1
f 1444/1358/1 1463/1343/1 1445/1357/1
f 1443/1359/1 1463/1343/1 1444/1358/1
f 1442/1052/1 1463/1343/1 1443/1359/1
f 1441/1360/1 1463/1343/1 1442/1052/1
f 1440/1361/1 1463/1343/1 1441/1360/1
f 1439/1362/1 1463/1343/1 1440/1361/1
f 1438/1338/1 1463/1343/1 1439/1362/1
f 1411/1341/1 1463/1343/1 1438/1338/1
f 1410/1363/1 1463/1343/1 1411/1341/1
f 1409/1364/1 1463/1343/1 1410/1363/1
f 1408/1365/1 1463/1343/1 1409/1364/1
f 1407/875/1 1463/1343/1 1408/1365/1
f 1406/1111/1 1463/1343/1 1407/875/1
f 1406/1111/1 1464/1366/1 1463/1343/1
f 1406/1111/1 1465/1367/1 1464/1366/1
f 1406/1111/1 1466/1368/1 1465/1367/1
f 1405/1369/1 1466/1368/1 1406/1111/1
f 1405/1369/1 1467/1370/1 1466/1368/1
f 1405/1369/1 1468/1371/1 1467/1370/1
f 1405/1369/1 1469/895/1 1468/1371/1
f 1404/1372/1 1469/895/1 1405/1369/1
f 1404/1372/1 1470/1373/1 1469/895/1
f 1404/1372/1 1471/1374/1 1470/1373/1
f 1404/1372/1 1472/1375/1 1471/1374/1
f 1403/1376/1 1472/1375/1 1404/1372/1
f 1403/1376/1 1473/1377/1 1472/1375/1
f 1403/1376/1 1474/1378/1 1473/1377/1
f 1403/1376/1 1475/1379/1 1474/1378/1
f 1402/1380/1 1475/1379/1 1403/1376/1
f 1402/1380/1 1476/634/1 1475/1379/1
f 1401/1381/1 1476/634/1 1402/1380/1
f 1400/1382/1 1476/634/1 1401/1381/1
f 1399/1383/1 1476/634/1 1400/1382/1
f 1398/1384/1 1476/634/1 1399/1383/1
f 1397/1099/1 1476/634/1 1398/1384/1
f 1396/1385/1 1476/634/1 1397/1099/1
f 1395/1386/1 1476/634/1 1396/1385/1
f 1394/1387/1 1476/634/1 1395/1386/1
f 1393/1388/1 1476/634/1 1394/1387/1
f 1392/1389/1 1476/634/1 1393/1388/1
f 1391/1390/1 1476/634/1 1392/1389/1
f 1390/1391/1 1476/634/1 1391/1390/1
f 1389/1392/1 1476/634/1 1390/1391/1
f 1388/1081/1 1476/634/1 1389/1392/1
f 1387/1393/1 1476/634/1 1388/1081/1
f 1386/1394/1 1385/1395/1 1387/1393/1
f 1385/1395/1 1384/825/1 1387/1393/1
f 1384/825/1 1383/1396/1 1387/1393/1
f 1383/1396/1 1382/1397/1 1387/1393/1
f 1382/1397/1 1381/1398/1 1387/1393/1
f 1381/1398/1 1380/1399/1 1387/1393/1
f 1380/1399/1 1379/1026/1 1387/1393/1
f 1379/1026/1 1378/1400/1 1387/1393/1
f 1378/1400/1 1377/1401/1 1387/1393/1
f 1377/1401/1 1376/1402/1 1387/1393/1
f 1376/1402/1 1375/1403/1 1387/1393/1
f 1375/1403/1 1374/1404/1 1387/1393/1
f 1374/1404/1 1476/634/1 1387/1393/1
f 1374/1404/1 1373/1405/1 1476/634/1
f 1373/1405/1 1477/1406/1 1476/634/1
f 1372/1407/1 1477/1406/1 1373/1405/1
f 1489/1408/1 1491/1409/1 1490/1410/1
f 1488/1411/1 1491/1409/1 1489/1408/1
f 1487/919/1 1491/1409/1 1488/1411/1
f 1486/1412/1 1491/1409/1 1487/919/1
f 1485/1413/1 1491/1409/1 1486/1412/1
f 1484/1414/1 1491/1409/1 1485/1413/1
f 1483/1415/1 1491/1409/1 1484/1414/1
f 1482/1416/1 1491/1409/1 1483/1415/1
f 1481/1417/1 1491/1409/1 1482/1416/1
f 1480/1418/1 1491/1409/1 1481/1417/1
f 1479/1419/1 1491/1409/1 1480/1418/1
f 1478/949/1 1491/1409/1 1479/1419/1
f 1477/1406/1 1491/1409/1 1478/949/1
f 1372/1407/1 1491/1409/1 1477/1406/1
f 1371/1420/1 1491/1409/1 1372/1407/1
f 1370/1014/1 1491/1409/1 1371/1420/1
f 1369/1421/1 1491/1409/1 1370/1014/1
f 1369/1421/1 1492/1422/1 1491/1409/1
f 1369/1421/1 1493/1423/1 1492/1422/1
f 1369/1421/1 1494/1424/1 1493/1423/1
f 1369/1421/1 1495/1425/1 1494/1424/1
f 1369/1421/1 1496/909/1 1495/1425/1
f 1369/1421/1 1497/1426/1 1496/909/1
f 1368/1427/1 1497/1426/1 1369/1421/1
f 1368/1427/1 1498/1428/1 1497/1426/1
f 1368/1427/1 1499/310/1 1498/1428/1
f 1368/1427/1 1500/1429/1 1499/310/1
f 1367/1430/1 1500/1429/1 1368/1427/1
f 1367/1430/1 1501/1431/1 1500/1429/1
f 1367/1430/1 1502/1432/1 1501/1431/1
f 1367/1430/1 1503/1433/1 1502/1432/1
f 1366/1434/1 1503/1433/1 1367/1430/1
f 1366/1434/1 1504/1435/1 1503/1433/1
f 1365/1436/1 1504/1435/1 1366/1434/1
f 1364/1437/1 1504/1435/1 1365/1436/1
f 1363/1438/1 1504/1435/1 1364/1437/1
f 1362/1439/1 1504/1435/1 1363/1438/1
f 1361/135/1 1504/1435/1 1362/1439/1
f 1568/2/1 1504/1435/1 1361/135/1
f 1567/1440/1 1504/1435/1 1568/2/1
f 1566/1441/1 1504/1435/1 1567/1440/1
f 1565/1442/1 1504/1435/1 1566/1441/1
f 1564/1443/1 1504/1435/1 1565/1442/1
f 1563/1444/1 1504/1435/1 1564/1443/1
f 1562/1445/1 1504/1435/1 1563/1444/1
f 1561/1446/1 1504/1435/1 1562/1445/1
f 1560/1447/1 1504/1435/1 1561/1446/1
f 1559/979/1 1504/1435/1 1560/1447/1
f 1558/1448/1 1504/1435/1 1559/979/1
f 1557/1449/1 1504/1435/1 1558/1448/1
f 1556/1450/1 1504/1435/1 1557/1449/1
f 1555/1451/1 1554/1452/1 1556/1450/1
f 1554/1452/1 1553/1453/1 1556/1450/1
f 1553/1453/1 1552/1454/1 1556/1450/1
f 1552/1454/1 1551/1455/1 1556/1450/1
f 1551/1455/1 1550/903/1 1556/1450/1
f 1550/903/1 1549/1456/1 1556/1450/1
f 1549/1456/1 1548/1457/1 1556/1450/1
f 1548/1457/1 1547/1458/1 1556/1450/1
f 1547/1458/1 1546/1459/1 1556/1450/1
f 1546/1459/1 1545/738/1 1556/1450/1
f 1545/738/1 1542/1460/1 1556/1450/1
f 1542/1460/1 1541/964/1 1556/1450/1
f 1541/964/1 1540/1461/1 1556/1450/1
f 1540/1461/1 1539/1462/1 1556/1450/1
f 1539/1462/1 1538/1463/1 1556/1450/1
f 1538/1463/1 1537/1464/1 1556/1450/1
f 1537/1464/1 1536/1465/1 1556/1450/1
f 1536/1465/1 1535/1466/1 1556/1450/1
f 1535/1466/1 1534/1467/1 1556/1450/1
f 1534/1467/1 1533/1468/1 1556/1450/1
f 1533/1468/1 1532/994/1 1556/1450/1
f 1532/994/1 1531/1469/1 1556/1450/1
f 1531/1469/1 1504/1435/1 1556/1450/1
f 1531/1469/1 1505/947/1 1504/1435/1
f 1530/1470/1 1505/947/1 1531/1469/1
f 1545/738/1 1544/1471/1 1542/1460/1
f 1544/1471/4 1543/1472/4 1542/1460/4
f 1530/1470/1 1506/1473/1 1505/947/1
f 1530/1470/1 1507/1474/1 1506/1473/1
f 1529/1475/1 1507/1474/1 1530/1470/1
f 1529/1475/1 1508/1476/1 1507/1474/1
f 1528/1477/1 1508/1476/1 1529/1475/1
f 1528/1477/1 1509/1478/1 1508/1476/1
f 1527/1479/1 1509/1478/1 1528/1477/1
f 1527/1479/1 1510/1480/1 1509/1478/1
f 1526/1481/1 1510/1480/1 1527/1479/1
f 1526/1481/1 1511/1482/1 1510/1480/1
f 1525/1483/1 1511/1482/1 1526/1481/1
f 1525/1483/1 1512/1484/1 1511/1482/1
f 1524/1485/1 1512/1484/1 1525/1483/1
f 1524/1485/1 1513/1486/1 1512/1484/1
f 1523/951/1 1513/1486/1 1524/1485/1
f 1523/951/1 1514/886/1 1513/1486/1
f 1522/679/1 1514/886/1 1523/951/1
f 1522/679/1 1515/1487/1 1514/886/1
f 1521/1488/1 1515/1487/1 1522/679/1
f 1521/1488/1 1516/1489/1 1515/1487/1
f 1520/1490/1 1516/1489/1 1521/1488/1
f 1520/1490/1 1517/1491/1 1516/1489/1
f 1520/1490/1 1518/1492/1 1517/1491/1
f 1519/1493/1 1518/1492/1 1520/1490/1
f 1702/1494/1 1704/1495/1 1703/1496/1
f 1701/1497/1 1704/1495/1 1702/1494/1
f 1666/1498/1 1668/1499/1 1667/310/1
f 1700/1500/1 1704/1495/1 1701/1497/1
f 1666/1498/1 1669/1501/1 1668/1499/1
f 1666/1498/1 1670/1502/1 1669/1501/1
f 1699/1503/1 1704/1495/1 1700/1500/1
f 1666/1498/1 1671/1504/1 1670/1502/1
f 1698/1505/1 1704/1495/1 1699/1503/1
f 1666/1498/1 1672/1506/1 1671/1504/1
f 1666/1498/1 1673/1507/1 1672/1506/1
f 1697/1508/1 1704/1495/1 1698/1505/1
f 1666/1498/1 1674/8/1 1673/1507/1
f 1696/1509/1 1704/1495/1 1697/1508/1
f 1666/1498/1 1675/1510/1 1674/8/1
f 1695/70/1 1704/1495/1 1696/1509/1
f 1666/1498/1 1676/1511/1 1675/1510/1
f 1694/1512/1 1704/1495/1 1695/70/1
f 1666/1498/1 1677/1513/1 1676/1511/1
f 1693/1514/1 1704/1495/1 1694/1512/1
f 1666/1498/1 1678/1515/1 1677/1513/1
f 1692/1516/1 1704/1495/1 1693/1514/1
f 1666/1498/1 1679/1517/1 1678/1515/1
f 1691/1518/1 1704/1495/1 1692/1516/1
f 1666/1498/1 1680/1519/1 1679/1517/1
f 1666/1498/1 1681/1520/1 1680/1519/1
f 1666/1498/1 1682/1521/1 1681/1520/1
f 1666/1498/1 1683/1522/1 1682/1521/1
f 1666/1498/1 1684/1523/1 1683/1522/1
f 1666/1498/1 1685/1524/1 1684/1523/1
f 1666/1498/1 1686/1525/1 1685/1524/1
f 1666/1498/1 1687/1526/1 1686/1525/1
f 1666/1498/1 1688/1527/1 1687/1526/1
f 1666/1498/1 1689/1528/1 1688/1527/1
f 1666/1498/1 1690/1529/1 1689/1528/1
f 1666/1498/1 1691/1518/1 1690/1529/1
f 1666/1498/1 1704/1495/1 1691/1518/1
f 1666/1498/1 1665/1530/1 1704/1495/1
f 1665/1530/1 1705/1531/1 1704/1495/1
f 1665/1530/1 1706/1532/1 1705/1531/1
f 1665/1530/1 1664/1533/1 1706/1532/1
f 1664/1533/1 1707/1534/1 1706/1532/1
f 1664/1533/1 1663/1535/1 1707/1534/1
f 1663/1535/1 1708/1536/1 1707/1534/1
f 1663/1535/1 1662/1537/1 1708/1536/1
f 1662/1537/1 1661/1538/1 1708/1536/1
f 1661/1538/1 1709/1539/1 1708/1536/1
f 1661/1538/1 1660/1540/1 1709/1539/1
f 1660/1540/1 1710/1541/1 1709/1539/1
f 1660/1540/4 1659/1542/4 1710/1541/4
f 1659/1542/1 1658/1543/1 1710/1541/1
f 1658/1543/1 1711/1544/1 1710/1541/1
f 1658/1543/1 1657/1545/1 1711/1544/1
f 1657/1545/1 1712/1546/1 1711/1544/1
f 1657/1545/1 1656/1547/1 1712/1546/1
f 1656/1547/1 1713/1548/1 1712/1546/1
f 1656/1547/1 1714/1549/1 1713/1548/1
f 1656/1547/1 1655/1550/1 1714/1549/1
f 1655/1550/1 1715/1551/1 1714/1549/1
f 1655/1550/1 1716/2/1 1715/1551/1
f 1655/1550/1 1654/1552/1 1716/2/1
f 1654/1552/1 1652/1553/1 1716/2/1
f 1652/1553/1 1651/1554/1 1716/2/1
f 1651/1554/1 1650/1555/1 1716/2/1
f 1650/1555/1 1649/1556/1 1716/2/1
f 1649/1556/1 1648/1557/1 1716/2/1
f 1648/1557/1 1647/1558/1 1716/2/1
f 1647/1558/1 1646/1559/1 1716/2/1
f 1646/1559/1 1645/1560/1 1716/2/1
f 1645/1560/1 1644/1561/1 1716/2/1
f 1644/1561/1 1643/1562/1 1716/2/1
f 1643/1562/1 1642/1563/1 1716/2/1
f 1642/1563/1 1569/135/1 1716/2/1
f 1653/148/1 1652/1553/1 1654/1552/1
f 1641/1564/1 1569/135/1 1642/1563/1
f 1641/1564/1 1570/1565/1 1569/135/1
f 1640/1566/1 1570/1565/1 1641/1564/1
f 1640/1566/1 1571/1567/1 1570/1565/1
f 1639/1568/1 1571/1567/1 1640/1566/1
f 1639/1568/1 1572/1569/1 1571/1567/1
f 1638/1570/1 1572/1569/1 1639/1568/1
f 1638/1570/1 1573/1571/1 1572/1569/1
f 1637/1572/1 1573/1571/1 1638/1570/1
f 1637/1572/1 1574/1573/1 1573/1571/1
f 1636/1574/1 1574/1573/1 1637/1572/1
f 1636/1574/1 1575/1575/1 1574/1573/1
f 1635/1576/1 1575/1575/1 1636/1574/1
f 1635/1576/1 1576/1577/1 1575/1575/1
f 1634/1578/1 1576/1577/1 1635/1576/1
f 1633/1579/1 1576/1577/1 1634/1578/1
f 1633/1579/1 1577/1580/1 1576/1577/1
f 1632/143/1 1577/1580/1 1633/1579/1
f 1632/143/1 1578/1581/1 1577/1580/1
f 1631/1582/1 1578/1581/1 1632/143/1
f 1631/1582/1 1579/1583/1 1578/1581/1
f 1630/1584/1 1579/1583/1 1631/1582/1
f 1630/1584/1 1580/1585/1 1579/1583/1
f 1629/1586/1 1580/1585/1 1630/1584/1
f 1629/1586/1 1581/1587/1 1580/1585/1
f 1628/1588/1 1581/1587/1 1629/1586/1
f 1628/1588/1 1582/1589/1 1581/1587/1
f 1627/1590/1 1582/1589/1 1628/1588/1
f 1627/1590/1 1605/1591/1 1582/1589/1
f 1605/1591/1 1583/1592/1 1582/1589/1
f 1627/1590/1 1606/1593/1 1605/1591/1
f 1604/1594/1 1583/1592/1 1605/1591/1
f 1604/1594/1 1584/1595/1 1583/1592/1
f 1626/1596/1 1606/1593/1 1627/1590/1
f 1603/1597/1 1584/1595/1 1604/1594/1
f 1626/1596/1 1607/1598/1 1606/1593/1
f 1603/1597/1 1585/1599/1 1584/1595/1
f 1625/1600/1 1607/1598/1 1626/1596/1
f 1602/1601/1 1585/1599/1 1603/1597/1
f 1625/1600/1 1608/1602/1 1607/1598/1
f 1602/1601/1 1586/1603/1 1585/1599/1
f 1624/1604/1 1608/1602/1 1625/1600/1
f 1601/1605/1 1586/1603/1 1602/1601/1
f 1624/1604/1 1609/1606/1 1608/1602/1
f 1601/1605/1 1587/1607/1 1586/1603/1
f 1623/1608/1 1609/1606/1 1624/1604/1
f 1600/1609/1 1587/1607/1 1601/1605/1
f 1623/1608/1 1610/1610/1 1609/1606/1
f 1600/1609/1 1588/1611/1 1587/1607/1
f 1622/1612/1 1610/1610/1 1623/1608/1
f 1599/1613/1 1588/1611/1 1600/1609/1
f 1622/1612/1 1611/221/1 1610/1610/1
f 1599/1613/1 1589/1614/1 1588/1611/1
f 1621/1615/1 1611/221/1 1622/1612/1
f 1598/1616/1 1589/1614/1 1599/1613/1
f 1621/1615/1 1612/1617/1 1611/221/1
f 1620/1618/1 1612/1617/1 1621/1615/1
f 1598/1616/1 1590/115/1 1589/1614/1
f 1597/1619/1 1590/115/1 1598/1616/1
f 1620/1618/1 1613/1620/1 1612/1617/1
f 1619/1621/1 1613/1620/1 1620/1618/1
f 1597/1619/1 1591/1622/1 1590/115/1
f 1596/1623/1 1591/1622/1 1597/1619/1
f 1618/588/1 1613/1620/1 1619/1621/1
f 1618/588/1 1614/1624/1 1613/1620/1
f 1596/1623/1 1592/1625/1 1591/1622/1
f 1617/1626/1 1614/1624/1 1618/588/1
f 1595/1627/1 1592/1625/1 1596/1623/1
f 1617/1626/1 1615/1628/1 1614/1624/1
f 1595/1627/1 1594/1629/1 1592/1625/1
f 1594/1629/1 1593/1630/1 1592/1625/1
f 1617/1626/1 1616/1631/1 1615/1628/1
f 1777/1246/1 1779/1247/1 1778/1248/1
f 1739/1249/1 1741/1250/1 1740/1251/1
f 1777/1246/1 1780/1252/1 1779/1247/1
f 1738/1253/1 1741/1250/1 1739/1249/1
f 1777/1246/1 1781/1254/1 1780/1252/1
f 1737/1255/1 1741/1250/1 1738/1253/1
f 1777/1246/1 1782/1256/1 1781/1254/1
f 1736/1257/1 1741/1250/1 1737/1255/1
f 1777/1246/1 1783/1258/1 1782/1256/1
f 1735/1259/1 1741/1250/1 1736/1257/1
f 1777/1246/1 1784/1260/1 1783/1258/1
f 1734/1261/1 1741/1250/1 1735/1259/1
f 1777/1246/1 1785/1262/1 1784/1260/1
f 1733/1263/1 1741/1250/1 1734/1261/1
f 1777/1246/1 1786/1264/1 1785/1262/1
f 1732/1265/1 1741/1250/1 1733/1263/1
f 1777/1246/1 1787/1266/1 1786/1264/1
f 1731/1267/1 1741/1250/1 1732/1265/1
f 1777/1246/1 1788/1268/1 1787/1266/1
f 1730/1269/1 1741/1250/1 1731/1267/1
f 1777/1246/1 1789/1270/1 1788/1268/1
f 1729/1271/1 1741/1250/1 1730/1269/1
f 1777/1246/1 1790/2/1 1789/1270/1
f 1728/1272/1 1741/1250/1 1729/1271/1
f 1777/1246/1 1717/135/1 1790/2/1
f 1777/1246/1 1718/1273/1 1717/135/1
f 1777/1246/1 1719/1274/1 1718/1273/1
f 1777/1246/1 1720/1275/1 1719/1274/1
f 1777/1246/1 1721/1276/1 1720/1275/1
f 1777/1246/1 1722/1277/1 1721/1276/1
f 1777/1246/1 1723/1278/1 1722/1277/1
f 1777/1246/1 1724/1279/1 1723/1278/1
f 1777/1246/1 1725/1280/1 1724/1279/1
f 1777/1246/1 1726/1281/1 1725/1280/1
f 1777/1246/1 1727/1282/1 1726/1281/1
f 1777/1246/1 1728/1272/1 1727/1282/1
f 1777/1246/1 1776/1283/1 1728/1272/1
f 1776/1283/1 1775/1284/1 1728/1272/1
f 1775/1284/1 1774/1285/1 1728/1272/1
f 1774/1285/1 1773/1286/1 1728/1272/1
f 1773/1286/1 1772/1287/1 1728/1272/1
f 1772/1287/1 1771/1288/1 1728/1272/1
f 1771/1288/1 1770/1289/1 1728/1272/1
f 1770/1289/1 1769/1290/1 1728/1272/1
f 1769/1290/1 1768/1291/1 1728/1272/1
f 1768/1291/1 1767/1292/1 1728/1272/1
f 1767/1292/1 1766/1293/1 1728/1272/1
f 1766/1293/1 1765/1294/1 1728/1272/1
f 1765/1294/1 1764/1295/1 1728/1272/1
f 1764/1295/1 1763/1296/1 1728/1272/1
f 1763/1296/1 1762/1297/1 1728/1272/1
f 1762/1297/1 1760/1298/1 1728/1272/1
f 1760/1298/1 1757/1299/1 1728/1272/1
f 1757/1299/1 1754/1300/1 1728/1272/1
f 1754/1300/1 1753/1301/1 1728/1272/1
f 1753/1301/1 1752/1302/1 1728/1272/1
f 1752/1302/1 1751/1303/1 1728/1272/1
f 1751/1303/1 1750/1304/1 1728/1272/1
f 1750/1304/1 1749/1305/1 1728/1272/1
f 1749/1305/1 1748/1306/1 1728/1272/1
f 1748/1306/1 1747/1307/1 1728/1272/1
f 1747/1307/1 1746/1308/1 1728/1272/1
f 1746/1308/1 1741/1250/1 1728/1272/1
f 1761/1309/1 1760/1298/1 1762/1297/1
f 1759/1310/1 1757/1299/1 1760/1298/1
f 1758/1311/1 1757/1299/1 1759/1310/1
f 1756/1312/1 1754/1300/1 1757/1299/1
f 1755/1313/1 1754/1300/1 1756/1312/1
f 1745/1314/1 1741/1250/1 1746/1308/1
f 1744/1315/1 1741/1250/1 1745/1314/1
f 1743/1316/1 1741/1250/1 1744/1315/1
f 1742/1317/1 1741/1250/1 1743/1316/1
f 1885/1632/1 1839/1633/1 1886/1634/1
f 1884/143/1 1839/1633/1 1885/1632/1
f 1884/143/1 1840/1635/1 1839/1633/1
f 1883/1636/1 1840/1635/1 1884/143/1
f 1883/1636/1 1841/1637/1 1840/1635/1
f 1882/1638/1 1841/1637/1 1883/1636/1
f 1882/1638/1 1842/1639/1 1841/1637/1
f 1881/1640/1 1842/1639/1 1882/1638/1
f 1881/1640/1 1843/1641/1 1842/1639/1
f 1880/1642/1 1843/1641/1 1881/1640/1
f 1880/1642/1 1844/1643/1 1843/1641/1
f 1879/1644/1 1844/1643/1 1880/1642/1
f 1879/1644/1 1845/1645/1 1844/1643/1
f 1878/1646/1 1815/1647/1 1879/1644/1
f 1815/1647/1 1814/1648/1 1879/1644/1
f 1814/1648/1 1845/1645/1 1879/1644/1
f 1814/1648/1 1813/1649/1 1845/1645/1
f 1813/1649/1 1846/1650/1 1845/1645/1
f 1812/1651/1 1846/1650/1 1813/1649/1
f 1878/1646/1 1816/1652/1 1815/1647/1
f 1811/1653/1 1846/1650/1 1812/1651/1
f 1878/1646/1 1817/1654/1 1816/1652/1
f 1810/1655/1 1846/1650/1 1811/1653/1
f 1878/1646/1 1818/1656/1 1817/1654/1
f 1809/1657/1 1846/1650/1 1810/1655/1
f 1878/1646/1 1819/1658/1 1818/1656/1
f 1877/1659/1 1819/1658/1 1878/1646/1
f 1809/1657/1 1847/1660/1 1846/1650/1
f 1808/1661/1 1847/1660/1 1809/1657/1
f 1877/1659/1 1820/1662/1 1819/1658/1
f 1807/1663/1 1847/1660/1 1808/1661/1
f 1877/1659/1 1821/1664/1 1820/1662/1
f 1876/1665/1 1821/1664/1 1877/1659/1
f 1807/1663/1 1848/1666/1 1847/1660/1
f 1806/1667/1 1848/1666/1 1807/1663/1
f 1876/1665/1 1822/115/1 1821/1664/1
f 1805/1668/1 1848/1666/1 1806/1667/1
f 1876/1665/1 1823/1669/1 1822/115/1
f 1875/1670/1 1823/1669/1 1876/1665/1
f 1805/1668/1 1849/1671/1 1848/1666/1
f 1804/1672/1 1849/1671/1 1805/1668/1
f 1875/1670/1 1824/1673/1 1823/1669/1
f 1803/1674/1 1849/1671/1 1804/1672/1
f 1875/1670/1 1825/1675/1 1824/1673/1
f 1874/1676/1 1825/1675/1 1875/1670/1
f 1803/1674/1 1850/1677/1 1849/1671/1
f 1903/1678/1 1905/1679/1 1904/1680/1
f 1903/1678/1 1906/1681/1 1905/1679/1
f 1902/1682/1 1906/1681/1 1903/1678/1
f 1902/1682/1 1907/1683/1 1906/1681/1
f 1802/1684/1 1850/1677/1 1803/1674/1
f 1874/1676/1 1826/1685/1 1825/1675/1
f 1901/1686/1 1907/1683/1 1902/1682/1
f 1901/1686/1 1908/1687/1 1907/1683/1
f 1900/1688/1 1908/1687/1 1901/1686/1
f 1873/1689/1 1826/1685/1 1874/1676/1
f 1873/1689/1 1827/1690/1 1826/1685/1
f 1801/1691/1 1850/1677/1 1802/1684/1
f 1801/1691/1 1851/1692/1 1850/1677/1
f 1900/1688/1 1909/1693/1 1908/1687/1
f 1800/1694/1 1851/1692/1 1801/1691/1
f 1873/1689/1 1828/1695/1 1827/1690/1
f 1899/1696/1 1909/1693/1 1900/1688/1
f 1899/1696/1 1910/1697/1 1909/1693/1
f 1800/1694/1 1852/1698/1 1851/1692/1
f 1872/1699/1 1828/1695/1 1873/1689/1
f 1799/1700/1 1852/1698/1 1800/1694/1
f 1872/1699/1 1829/1701/1 1828/1695/1
f 1898/1702/1 1910/1697/1 1899/1696/1
f 1898/1702/1 1911/1703/1 1910/1697/1
f 1798/1704/1 1852/1698/1 1799/1700/1
f 1872/1699/1 1830/1705/1 1829/1701/1
f 1798/1704/1 1853/221/1 1852/1698/1
f 1871/1706/1 1830/1705/1 1872/1699/1
f 1797/1707/1 1853/221/1 1798/1704/1
f 1871/1706/1 1831/1708/1 1830/1705/1
f 1897/1709/1 1911/1703/1 1898/1702/1
f 1897/1709/1 1912/1710/1 1911/1703/1
f 1796/1711/1 1853/221/1 1797/1707/1
f 1871/1706/1 1832/1712/1 1831/1708/1
f 1796/1711/1 1854/1713/1 1853/221/1
f 1870/1714/1 1832/1712/1 1871/1706/1
f 1795/1715/1 1854/1713/1 1796/1711/1
f 1870/1714/1 1833/1716/1 1832/1712/1
f 1896/1717/1 1912/1710/1 1897/1709/1
f 1794/1718/1 1854/1713/1 1795/1715/1
f 1870/1714/1 1834/1719/1 1833/1716/1
f 1896/1717/1 1913/1720/1 1912/1710/1
f 1794/1718/1 1855/1721/1 1854/1713/1
f 1869/1722/1 1834/1719/1 1870/1714/1
f 1793/1723/1 1855/1721/1 1794/1718/1
f 1869/1722/1 1835/1724/1 1834/1719/1
f 1792/1725/1 1855/1721/1 1793/1723/1
f 1869/1722/1 1836/1726/1 1835/1724/1
f 1791/135/1 1855/1721/1 1792/1725/1
f 1869/1722/1 1837/1727/1 1836/1726/1
f 1838/1728/1 1855/1721/1 1791/135/1
f 1869/1722/1 1838/1728/1 1837/1727/1
f 1869/1722/1 1855/1721/1 1838/1728/1
f 1869/1722/1 1856/1729/1 1855/1721/1
f 1868/1730/1 1856/1729/1 1869/1722/1
f 1896/1717/1 1965/1731/1 1913/1720/1
f 1965/1731/1 1964/1732/1 1913/1720/1
f 1964/1732/1 1914/1733/1 1913/1720/1
f 1895/1734/1 1965/1731/1 1896/1717/1
f 1895/1734/1 1966/1735/1 1965/1731/1
f 1963/1736/1 1914/1733/1 1964/1732/1
f 1895/1734/1 1967/1737/1 1966/1735/1
f 1962/1738/1 1914/1733/1 1963/1736/1
f 1895/1734/1 1968/1739/1 1967/1737/1
f 1961/1740/1 1914/1733/1 1962/1738/1
f 1868/1730/1 1857/1741/1 1856/1729/1
f 1867/1742/1 1857/1741/1 1868/1730/1
f 1895/1734/1 1969/1743/1 1968/1739/1
f 1960/1744/1 1914/1733/1 1961/1740/1
f 1960/1744/1 1915/148/1 1914/1733/1
f 1895/1734/1 1970/1745/1 1969/1743/1
f 1867/1742/1 1858/1746/1 1857/1741/1
f 1866/1747/1 1858/1746/1 1867/1742/1
f 1959/1748/1 1915/148/1 1960/1744/1
f 1894/1749/1 1970/1745/1 1895/1734/1
f 1894/1749/1 1971/1750/1 1970/1745/1
f 1866/1747/1 1859/1751/1 1858/1746/1
f 1865/1752/1 1859/1751/1 1866/1747/1
f 1958/1753/1 1915/148/1 1959/1748/1
f 1865/1752/1 1860/1754/1 1859/1751/1
f 1864/1755/1 1860/1754/1 1865/1752/1
f 1958/1753/1 1916/1756/1 1915/148/1
f 1894/1749/1 1972/1757/1 1971/1750/1
f 1957/1758/1 1916/1756/1 1958/1753/1
f 1864/1755/1 1861/1759/1 1860/1754/1
f 1863/1760/1 1861/1759/1 1864/1755/1
f 1893/1761/1 1972/1757/1 1894/1749/1
f 1863/1760/1 1862/1762/1 1861/1759/1
f 1893/1761/1 1973/1763/1 1972/1757/1
f 1956/1764/1 1916/1756/1 1957/1758/1
f 1956/1764/1 1917/1765/1 1916/1756/1
f 1892/1766/1 1973/1763/1 1893/1761/1
f 1892/1766/1 1974/1767/1 1973/1763/1
f 1955/1768/1 1917/1765/1 1956/1764/1
f 1955/1768/1 1918/1769/1 1917/1765/1
f 1954/1770/1 1918/1769/1 1955/1768/1
f 1891/1771/1 1974/1767/1 1892/1766/1
f 1891/1771/1 1975/1772/1 1974/1767/1
f 1954/1770/1 1919/1773/1 1918/1769/1
f 1953/1774/1 1919/1773/1 1954/1770/1
f 1891/1771/1 1976/1775/1 1975/1772/1
f 1890/1776/1 1976/1775/1 1891/1771/1
f 1953/1774/1 1920/1777/1 1919/1773/1
f 1952/1778/1 1920/1777/1 1953/1774/1
f 1952/1778/1 1921/1779/1 1920/1777/1
f 1890/1776/1 1977/70/1 1976/1775/1
f 1889/1780/1 1977/70/1 1890/1776/1
f 1951/1781/1 1921/1779/1 1952/1778/1
f 1951/1781/1 1922/1782/1 1921/1779/1
f 1888/1783/1 1977/70/1 1889/1780/1
f 1888/1783/1 1978/1784/1 1977/70/1
f 1951/1781/1 1923/1785/1 1922/1782/1
f 1950/1786/1 1923/1785/1 1951/1781/1
f 1887/1787/1 1978/1784/1 1888/1783/1
f 1887/1787/1 1979/1788/1 1978/1784/1
f 1950/1786/1 1924/1789/1 1923/1785/1
f 1949/1790/1 1924/1789/1 1950/1786/1
f 2008/2/1 1979/1788/1 1887/1787/1
f 2008/2/1 1980/1791/1 1979/1788/1
f 2007/1792/1 1980/1791/1 2008/2/1
f 1949/1790/1 1925/1793/1 1924/1789/1
f 1948/1794/1 1925/1793/1 1949/1790/1
f 2006/1795/1 1980/1791/1 2007/1792/1
f 2005/1796/1 1980/1791/1 2006/1795/1
f 2005/1796/1 1981/1797/1 1980/1791/1
f 2004/1798/1 1981/1797/1 2005/1796/1
f 1947/1799/1 1925/1793/1 1948/1794/1
f 2003/1800/1 1981/1797/1 2004/1798/1
f 1947/1799/1 1926/1801/1 1925/1793/1
f 2002/1802/1 1981/1797/1 2003/1800/1
f 2002/1802/1 1982/1803/1 1981/1797/1
f 2001/1804/1 1982/1803/1 2002/1802/1
f 2000/1805/1 1982/1803/1 2001/1804/1
f 1946/8/1 1926/1801/1 1947/1799/1
f 1999/1806/1 1982/1803/1 2000/1805/1
f 1946/8/1 1927/1807/1 1926/1801/1
f 1999/1806/1 1983/1808/1 1982/1803/1
f 1998/1809/1 1983/1808/1 1999/1806/1
f 1997/1810/1 1983/1808/1 1998/1809/1
f 1945/1811/1 1927/1807/1 1946/8/1
f 1996/1812/1 1983/1808/1 1997/1810/1
f 1996/1812/1 1984/1813/1 1983/1808/1
f 1995/1814/1 1994/1815/1 1996/1812/1
f 1994/1815/1 1993/1816/1 1996/1812/1
f 1993/1816/1 1992/1817/1 1996/1812/1
f 1992/1817/1 1991/1818/1 1996/1812/1
f 1991/1818/1 1990/1819/1 1996/1812/1
f 1990/1819/1 1989/1820/1 1996/1812/1
f 1989/1820/1 1988/1821/1 1996/1812/1
f 1988/1821/1 1987/1822/1 1996/1812/1
f 1987/1822/1 1986/1823/1 1996/1812/1
f 1986/1823/1 1985/1824/1 1996/1812/1
f 1985/1824/1 1984/1813/1 1996/1812/1
f 1945/1811/1 1928/1825/1 1927/1807/1
f 1944/1826/1 1928/1825/1 1945/1811/1
f 1944/1826/1 1929/1827/1 1928/1825/1
f 1943/1828/1 1929/1827/1 1944/1826/1
f 1943/1828/1 1930/1829/1 1929/1827/1
f 1942/1830/1 1930/1829/1 1943/1828/1
f 1942/1830/1 1931/1831/1 1930/1829/1
f 1941/1832/1 1931/1831/1 1942/1830/1
f 1941/1832/1 1932/1833/1 1931/1831/1
f 1940/1834/1 1932/1833/1 1941/1832/1
f 1940/1834/1 1933/1835/1 1932/1833/1
f 1939/1836/1 1933/1835/1 1940/1834/1
f 1939/1836/1 1934/1837/1 1933/1835/1
f 1938/1838/1 1934/1837/1 1939/1836/1
f 1938/1838/1 1937/1839/1 1934/1837/1
f 1937/1839/1 1936/1840/1 1934/1837/1
f 1936/1840/1 1935/1841/1 1934/1837/1
f 2142/1494/1 2144/1495/1 2143/1496/1
f 2141/1497/1 2144/1495/1 2142/1494/1
f 2106/1498/1 2108/1499/1 2107/310/1
f 2140/1500/1 2144/1495/1 2141/1497/1
f 2106/1498/1 2109/1501/1 2108/1499/1
f 2106/1498/1 2110/1502/1 2109/1501/1
f 2139/1503/1 2144/1495/1 2140/1500/1
f 2106/1498/1 2111/1504/1 2110/1502/1
f 2138/1505/1 2144/1495/1 2139/1503/1
f 2106/1498/1 2112/1506/1 2111/1504/1
f 2106/1498/1 2113/1507/1 2112/1506/1
f 2137/1508/1 2144/1495/1 2138/1505/1
f 2106/1498/1 2114/8/1 2113/1507/1
f 2136/1509/1 2144/1495/1 2137/1508/1
f 2106/1498/1 2115/1510/1 2114/8/1
f 2135/70/1 2144/1495/1 2136/1509/1
f 2106/1498/1 2116/1511/1 2115/1510/1
f 2134/1512/1 2144/1495/1 2135/70/1
f 2106/1498/1 2117/1513/1 2116/1511/1
f 2133/1514/1 2144/1495/1 2134/1512/1
f 2106/1498/1 2118/1515/1 2117/1513/1
f 2132/1516/1 2144/1495/1 2133/1514/1
f 2106/1498/1 2119/1517/1 2118/1515/1
f 2131/1518/1 2144/1495/1 2132/1516/1
f 2106/1498/1 2120/1519/1 2119/1517/1
f 2106/1498/1 2121/1520/1 2120/1519/1
f 2106/1498/1 2122/1521/1 2121/1520/1
f 2106/1498/1 2123/1522/1 2122/1521/1
f 2106/1498/1 2124/1523/1 2123/1522/1
f 2106/1498/1 2125/1524/1 2124/1523/1
f 2106/1498/1 2126/1525/1 2125/1524/1
f 2106/1498/1 2127/1526/1 2126/1525/1
f 2106/1498/1 2128/1527/1 2127/1526/1
f 2106/1498/1 2129/1528/1 2128/1527/1
f 2106/1498/1 2130/1529/1 2129/1528/1
f 2106/1498/1 2131/1518/1 2130/1529/1
f 2106/1498/1 2144/1495/1 2131/1518/1
f 2106/1498/1 2105/1530/1 2144/1495/1
f 2105/1530/1 2145/1531/1 2144/1495/1
f 2105/1530/1 2146/1532/1 2145/1531/1
f 2105/1530/1 2104/1533/1 2146/1532/1
f 2104/1533/1 2147/1534/1 2146/1532/1
f 2104/1533/1 2103/1535/1 2147/1534/1
f 2103/1535/1 2148/1536/1 2147/1534/1
f 2103/1535/1 2102/1537/1 2148/1536/1
f 2102/1537/1 2101/1538/1 2148/1536/1
f 2101/1538/1 2149/1539/1 2148/1536/1
f 2101/1538/1 2100/1540/1 2149/1539/1
f 2100/1540/1 2150/1541/1 2149/1539/1
f 2100/1540/4 2099/1542/4 2150/1541/4
f 2099/1542/1 2098/1543/1 2150/1541/1
f 2098/1543/1 2151/1544/1 2150/1541/1
f 2098/1543/1 2097/1545/1 2151/1544/1
f 2097/1545/1 2152/1546/1 2151/1544/1
f 2097/1545/1 2096/1547/1 2152/1546/1
f 2096/1547/1 2153/1548/1 2152/1546/1
f 2096/1547/1 2154/1549/1 2153/1548/1
f 2096/1547/1 2095/1550/1 2154/1549/1
f 2095/1550/1 2155/1551/1 2154/1549/1
f 2095/1550/1 2156/2/1 2155/1551/1
f 2095/1550/1 2094/1552/1 2156/2/1
f 2094/1552/1 2092/1553/1 2156/2/1
f 2092/1553/1 2091/1554/1 2156/2/1
f 2091/1554/1 2090/1555/1 2156/2/1
f 2090/1555/1 2089/1556/1 2156/2/1
f 2089/1556/1 2087/1558/1 2156/2/1
f 2087/1558/1 2086/1559/1 2156/2/1
f 2086/1559/1 2084/1561/1 2156/2/1
f 2084/1561/1 2082/1563/1 2156/2/1
f 2082/1563/1 2009/135/1 2156/2/1
f 2093/148/1 2092/1553/1 2094/1552/1
f 2088/1557/1 2087/1558/1 2089/1556/1
f 2085/1560/2 2084/1561/2 2086/1559/2
f 2083/1562/1 2082/1563/1 2084/1561/1
f 2081/1564/1 2009/135/1 2082/1563/1
f 2081/1564/1 2010/1565/1 2009/135/1
f 2080/1566/1 2010/1565/1 2081/1564/1
f 2080/1566/1 2011/1567/1 2010/1565/1
f 2079/1568/1 2011/1567/1 2080/1566/1
f 2079/1568/1 2012/1569/1 2011/1567/1
f 2078/1570/1 2012/1569/1 2079/1568/1
f 2078/1570/1 2013/1571/1 2012/1569/1
f 2077/1572/1 2013/1571/1 2078/1570/1
f 2077/1572/1 2014/1573/1 2013/1571/1
f 2076/1574/1 2014/1573/1 2077/1572/1
f 2076/1574/1 2015/1575/1 2014/1573/1
f 2075/1576/1 2015/1575/1 2076/1574/1
f 2075/1576/1 2016/1577/1 2015/1575/1
f 2074/1578/1 2016/1577/1 2075/1576/1
f 2073/1579/1 2016/1577/1 2074/1578/1
f 2073/1579/1 2017/1580/1 2016/1577/1
f 2072/143/1 2017/1580/1 2073/1579/1
f 2072/143/1 2018/1581/1 2017/1580/1
f 2071/1582/1 2018/1581/1 2072/143/1
f 2071/1582/1 2019/1583/1 2018/1581/1
f 2070/1584/1 2019/1583/1 2071/1582/1
f 2070/1584/1 2020/1585/1 2019/1583/1
f 2069/1586/1 2020/1585/1 2070/1584/1
f 2069/1586/1 2021/1587/1 2020/1585/1
f 2068/1588/1 2021/1587/1 2069/1586/1
f 2068/1588/1 2022/1589/1 2021/1587/1
f 2067/1590/1 2022/1589/1 2068/1588/1
f 2067/1590/1 2045/1591/1 2022/1589/1
f 2045/1591/1 2023/1592/1 2022/1589/1
f 2067/1590/1 2046/1593/1 2045/1591/1
f 2044/1594/1 2023/1592/1 2045/1591/1
f 2044/1594/1 2024/1595/1 2023/1592/1
f 2066/1596/1 2046/1593/1 2067/1590/1
f 2043/1597/1 2024/1595/1 2044/1594/1
f 2066/1596/1 2047/1598/1 2046/1593/1
f 2043/1597/1 2025/1599/1 2024/1595/1
f 2065/1600/1 2047/1598/1 2066/1596/1
f 2042/1601/1 2025/1599/1 2043/1597/1
f 2065/1600/1 2048/1602/1 2047/1598/1
f 2042/1601/1 2026/1603/1 2025/1599/1
f 2064/1604/1 2048/1602/1 2065/1600/1
f 2041/1605/1 2026/1603/1 2042/1601/1
f 2064/1604/1 2049/1606/1 2048/1602/1
f 2041/1605/1 2027/1607/1 2026/1603/1
f 2063/1608/1 2049/1606/1 2064/1604/1
f 2040/1609/1 2027/1607/1 2041/1605/1
f 2063/1608/1 2050/1610/1 2049/1606/1
f 2040/1609/1 2028/1611/1 2027/1607/1
f 2062/1612/1 2050/1610/1 2063/1608/1
f 2039/1613/1 2028/1611/1 2040/1609/1
f 2062/1612/1 2051/221/1 2050/1610/1
f 2039/1613/1 2029/1614/1 2028/1611/1
f 2061/1615/1 2051/221/1 2062/1612/1
f 2038/1616/1 2029/1614/1 2039/1613/1
f 2061/1615/1 2052/1617/1 2051/221/1
f 2060/1618/1 2052/1617/1 2061/1615/1
f 2038/1616/1 2030/115/1 2029/1614/1
f 2037/1619/1 2030/115/1 2038/1616/1
f 2060/1618/1 2053/1620/1 2052/1617/1
f 2059/1621/1 2053/1620/1 2060/1618/1
f 2037/1619/1 2031/1622/1 2030/115/1
f 2036/1623/1 2031/1622/1 2037/1619/1
f 2058/588/1 2053/1620/1 2059/1621/1
f 2058/588/1 2054/1624/1 2053/1620/1
f 2036/1623/1 2032/1625/1 2031/1622/1
f 2057/1626/1 2054/1624/1 2058/588/1
f 2035/1627/1 2032/1625/1 2036/1623/1
f 2057/1626/1 2055/1628/1 2054/1624/1
f 2035/1627/1 2034/1629/1 2032/1625/1
f 2034/1629/1 2033/1630/1 2032/1625/1
f 2057/1626/1 2056/1631/1 2055/1628/1
f 2393/1/2 2394/3/2 2395/2/2
f 2393/1/2 2395/2/2 2325/4/2
f 2391/5/2 2392/6/2 2393/1/2
f 2391/5/2 2393/1/2 2325/4/2
f 2391/5/2 2325/4/2 2326/7/2
f 2391/5/2 2326/7/2 2327/8/2
f 2390/9/1 2391/5/1 2327/8/1
f 2389/10/2 2390/9/2 2328/11/2
f 2328/11/1 2390/9/1 2327/8/1
f 2389/10/2 2328/11/2 2329/12/2
f 2323/13/2 2324/15/2 2299/14/2
f 2323/13/2 2299/14/2 2300/16/2
f 2322/17/2 2323/13/2 2300/16/2
f 2322/17/2 2300/16/2 2301/18/2
f 2321/19/2 2322/17/2 2301/18/2
f 2321/19/2 2301/18/2 2302/20/2
f 2320/21/2 2321/19/2 2302/20/2
f 2320/21/2 2302/20/2 2303/22/2
f 2319/23/2 2320/21/2 2303/22/2
f 2319/23/2 2303/22/2 2304/24/2
f 2318/25/2 2319/23/2 2304/24/2
f 2318/25/2 2304/24/2 2305/26/2
f 2317/27/2 2318/25/2 2305/26/2
f 2317/27/2 2305/26/2 2306/28/2
f 2316/29/2 2317/27/2 2306/28/2
f 2316/29/2 2306/28/2 2307/30/2
f 2315/31/2 2316/29/2 2307/30/2
f 2315/31/2 2307/30/2 2308/32/2
f 2314/33/2 2315/31/2 2308/32/2
f 2314/33/2 2308/32/2 2309/34/2
f 2313/35/2 2314/33/2 2309/34/2
f 2313/35/2 2309/34/2 2310/36/2
f 2312/37/2 2313/35/2 2310/36/2
f 2312/37/2 2310/36/2 2311/38/2
f 2388/39/2 2389/10/2 2329/12/2
f 2388/39/2 2329/12/2 2330/40/2
f 2387/41/2 2388/39/2 2330/40/2
f 2386/42/2 2387/41/2 2330/40/2
f 2385/43/2 2386/42/2 2330/40/2
f 2385/43/2 2330/40/2 2331/44/2
f 2384/45/2 2385/43/2 2331/44/2
f 2383/46/2 2384/45/2 2331/44/2
f 2382/47/2 2383/46/2 2331/44/2
f 2381/48/2 2382/47/2 2331/44/2
f 2380/49/2 2381/48/2 2331/44/2
f 2380/49/2 2331/44/2 2332/50/2
f 2379/51/2 2380/49/2 2332/50/2
f 2364/52/2 2365/54/2 2366/53/2
f 2378/55/2 2379/51/2 2332/50/2
f 2364/52/2 2366/53/2 2367/56/2
f 2377/57/2 2378/55/2 2332/50/2
f 2364/52/2 2367/56/2 2368/58/2
f 2376/59/2 2377/57/2 2332/50/2
f 2364/52/2 2368/58/2 2369/60/2
f 2375/61/2 2376/59/2 2332/50/2
f 2364/52/2 2369/60/2 2370/62/2
f 2374/63/2 2375/61/2 2332/50/2
f 2364/52/2 2370/62/2 2371/64/2
f 2373/65/2 2374/63/2 2332/50/2
f 2364/52/2 2371/64/2 2372/66/2
f 2372/66/2 2373/65/2 2332/50/2
f 2364/52/2 2372/66/2 2332/50/2
f 2363/67/2 2364/52/2 2332/50/2
f 2363/67/2 2332/50/2 2333/68/2
f 2362/69/2 2363/67/2 2333/68/2
f 2361/70/2 2362/69/2 2333/68/2
f 2361/70/2 2333/68/2 2334/71/2
f 2360/72/2 2361/70/2 2334/71/2
f 2360/72/2 2334/71/2 2335/73/2
f 2359/74/2 2360/72/2 2335/73/2
f 2359/74/2 2335/73/2 2336/75/2
f 2358/76/2 2359/74/2 2336/75/2
f 2358/76/2 2336/75/2 2337/77/2
f 2358/76/2 2337/77/2 2338/78/2
f 2357/79/2 2358/76/2 2338/78/2
f 2357/79/2 2338/78/2 2339/80/2
f 2356/81/2 2357/79/2 2339/80/2
f 2356/81/2 2339/80/2 2340/82/2
f 2356/81/2 2340/82/2 2341/83/2
f 2355/84/2 2356/81/2 2341/83/2
f 2355/84/2 2341/83/2 2342/85/2
f 2355/84/2 2342/85/2 2343/86/2
f 2354/87/2 2355/84/2 2343/86/2
f 2354/87/2 2343/86/2 2344/88/2
f 2354/87/2 2344/88/2 2345/89/2
f 2353/90/2 2354/87/2 2345/89/2
f 2353/90/2 2345/89/2 2346/91/2
f 2353/90/2 2346/91/2 2347/92/2
f 2353/90/2 2347/92/2 2348/93/2
f 2353/90/2 2348/93/2 2349/94/2
f 2353/90/2 2349/94/2 2350/95/2
f 2352/96/2 2353/90/2 2350/95/2
f 2352/96/2 2350/95/2 2351/97/2
f 2181/98/2 2182/100/2 2183/99/2
f 2180/101/2 2181/98/2 2183/99/2
f 2180/101/2 2183/99/2 2184/102/2
f 2179/103/2 2180/101/2 2184/102/2
f 2179/103/2 2184/102/2 2185/104/2
f 2178/105/2 2179/103/2 2185/104/2
f 2178/105/2 2185/104/2 2186/106/2
f 2177/107/2 2178/105/2 2186/106/2
f 2177/107/2 2186/106/2 2187/108/2
f 2176/109/2 2177/107/2 2187/108/2
f 2176/109/2 2187/108/2 2188/110/2
f 2176/109/2 2188/110/2 2189/111/2
f 2175/112/2 2176/109/2 2189/111/2
f 2175/112/2 2189/111/2 2190/113/2
f 2174/114/2 2175/112/2 2190/113/2
f 2174/114/2 2190/113/2 2191/115/2
f 2173/116/2 2174/114/2 2191/115/2
f 2173/116/2 2191/115/2 2192/117/2
f 2172/118/2 2173/116/2 2192/117/2
f 2172/118/2 2192/117/2 2193/119/2
f 2171/120/2 2172/118/2 2193/119/2
f 2171/120/2 2193/119/2 2194/121/2
f 2170/122/2 2171/120/2 2194/121/2
f 2170/122/2 2194/121/2 2195/123/2
f 2298/124/2 2169/126/2 2162/125/2
f 2162/125/2 2169/126/2 2170/122/2
f 2162/125/2 2170/122/2 2195/123/2
f 2162/125/2 2195/123/2 2196/127/2
f 2162/125/2 2196/127/2 2161/128/2
f 2161/128/2 2196/127/2 2197/129/2
f 2298/124/2 2162/125/2 2163/130/2
f 2164/131/2 2161/128/2 2197/129/2
f 2298/124/2 2163/130/2 2159/132/2
f 2159/132/2 2163/130/2 2164/131/2
f 2159/132/2 2164/131/2 2158/133/2
f 2158/133/2 2164/131/2 2197/129/2
f 2298/124/2 2159/132/2 2160/134/2
f 2157/135/2 2158/133/2 2197/129/2
f 2298/124/2 2160/134/2 2167/136/2
f 2167/136/2 2160/134/2 2157/135/2
f 2167/136/2 2157/135/2 2166/137/2
f 2166/137/2 2157/135/2 2197/129/2
f 2298/124/2 2167/136/2 2168/138/2
f 2165/139/2 2166/137/2 2197/129/2
f 2296/140/2 2297/141/2 2298/124/2
f 2296/140/2 2298/124/2 2168/138/2
f 2296/140/2 2168/138/2 2165/139/2
f 2296/140/2 2165/139/2 2295/142/2
f 2295/142/2 2165/139/2 2259/143/2
f 2259/143/2 2165/139/2 2258/144/2
f 2258/144/2 2165/139/2 2197/129/2
f 2294/145/2 2295/142/2 2259/143/2
f 2294/145/2 2259/143/2 2260/146/2
f 2257/147/2 2258/144/2 2197/129/2
f 2293/148/2 2294/145/2 2260/146/2
f 2293/148/2 2260/146/2 2261/149/2
f 2292/150/2 2293/148/2 2261/149/2
f 2292/150/2 2261/149/2 2262/151/2
f 2291/152/2 2292/150/2 2262/151/2
f 2291/152/2 2262/151/2 2263/153/2
f 2290/154/2 2291/152/2 2263/153/2
f 2289/155/2 2290/154/2 2263/153/2
f 2289/155/2 2263/153/2 2264/156/2
f 2288/157/2 2289/155/2 2264/156/2
f 2288/157/2 2264/156/2 2265/158/2
f 2287/159/2 2288/157/2 2265/158/2
f 2287/159/2 2265/158/2 2266/160/2
f 2286/161/2 2287/159/2 2266/160/2
f 2285/162/2 2286/161/2 2266/160/2
f 2285/162/2 2266/160/2 2267/163/2
f 2284/164/2 2285/162/2 2267/163/2
f 2284/164/2 2267/163/2 2268/165/2
f 2283/166/2 2284/164/2 2268/165/2
f 2282/167/2 2283/166/2 2268/165/2
f 2282/167/2 2268/165/2 2269/168/2
f 2281/169/2 2282/167/2 2269/168/2
f 2280/170/2 2281/169/2 2269/168/2
f 2279/171/2 2280/170/2 2269/168/2
f 2256/172/2 2257/147/2 2197/129/2
f 2256/172/2 2197/129/2 2198/173/2
f 2278/174/2 2279/171/2 2269/168/2
f 2255/175/2 2256/172/2 2198/173/2
f 2278/174/2 2269/168/2 2270/176/2
f 2277/177/2 2278/174/2 2270/176/2
f 2254/178/2 2255/175/2 2198/173/2
f 2253/179/2 2254/178/2 2198/173/2
f 2253/179/2 2198/173/2 2199/180/2
f 2276/181/2 2277/177/2 2270/176/2
f 2252/182/2 2253/179/2 2199/180/2
f 2251/183/2 2252/182/2 2199/180/2
f 2250/184/2 2251/183/2 2199/180/2
f 2275/185/2 2276/181/2 2270/176/2
f 2249/186/2 2250/184/2 2199/180/2
f 2248/187/2 2249/186/2 2199/180/2
f 2247/188/2 2248/187/2 2199/180/2
f 2247/188/2 2199/180/2 2200/189/2
f 2246/190/2 2247/188/2 2200/189/2
f 2245/191/2 2246/190/2 2200/189/2
f 2232/192/2 2233/194/2 2234/193/2
f 2244/195/2 2245/191/2 2200/189/2
f 2243/196/2 2244/195/2 2200/189/2
f 2232/192/2 2234/193/2 2235/197/2
f 2242/198/2 2243/196/2 2200/189/2
f 2241/199/2 2242/198/2 2200/189/2
f 2232/192/2 2235/197/2 2236/200/2
f 2240/201/2 2241/199/2 2200/189/2
f 2232/192/2 2236/200/2 2237/202/2
f 2239/203/2 2240/201/2 2200/189/2
f 2232/192/2 2237/202/2 2238/204/2
f 2238/204/2 2239/203/2 2200/189/2
f 2232/192/2 2238/204/2 2200/189/2
f 2274/205/2 2275/185/2 2270/176/2
f 2274/205/2 2270/176/2 2273/206/2
f 2273/206/2 2270/176/2 2272/207/2
f 2272/207/2 2270/176/2 2271/208/2
f 2231/209/2 2232/192/2 2200/189/2
f 2231/209/2 2200/189/2 2201/210/2
f 2230/211/2 2231/209/2 2201/210/2
f 2230/211/2 2201/210/2 2202/212/2
f 2229/213/2 2230/211/2 2202/212/2
f 2228/214/2 2229/213/2 2202/212/2
f 2228/214/2 2202/212/2 2203/215/2
f 2227/216/2 2228/214/2 2203/215/2
f 2227/216/2 2203/215/2 2204/217/2
f 2226/218/2 2227/216/2 2204/217/2
f 2226/218/2 2204/217/2 2205/219/2
f 2226/218/2 2205/219/2 2206/220/2
f 2225/221/2 2226/218/2 2206/220/2
f 2225/221/2 2206/220/2 2207/222/2
f 2224/223/2 2225/221/2 2207/222/2
f 2224/223/2 2207/222/2 2208/224/2
f 2223/225/2 2224/223/2 2208/224/2
f 2223/225/2 2208/224/2 2209/226/2
f 2223/225/2 2209/226/2 2210/227/2
f 2222/228/2 2223/225/2 2210/227/2
f 2222/228/2 2210/227/2 2211/229/2
f 2222/228/2 2211/229/2 2212/230/2
f 2222/228/2 2212/230/2 2213/231/2
f 2221/232/2 2222/228/2 2213/231/2
f 2221/232/2 2213/231/2 2214/233/2
f 2221/232/2 2214/233/2 2215/234/2
f 2221/232/2 2215/234/2 2216/235/2
f 2221/232/2 2216/235/2 2217/236/2
f 2221/232/2 2217/236/2 2218/237/2
f 2221/232/2 2218/237/2 2219/238/2
f 2221/232/2 2219/238/2 2220/239/2
f 2682/240/2 2683/242/2 2684/241/2
f 2706/243/2 2707/245/2 2708/244/2
f 2682/240/2 2684/241/2 2685/246/2
f 2705/247/2 2706/243/2 2708/244/2
f 2681/248/2 2682/240/2 2685/246/2
f 2681/248/2 2685/246/2 2686/249/2
f 2704/250/2 2705/247/2 2708/244/2
f 2681/248/2 2686/249/2 2687/251/2
f 2703/252/2 2704/250/2 2708/244/2
f 2655/253/2 2656/255/2 2657/254/2
f 2653/256/2 2654/257/2 2655/253/2
f 2653/256/2 2655/253/2 2657/254/2
f 2681/248/2 2687/251/2 2688/258/2
f 2702/259/2 2703/252/2 2708/244/2
f 2702/259/2 2708/244/2 2709/260/2
f 2680/261/2 2681/248/2 2688/258/2
f 2680/261/2 2688/258/2 2689/262/2
f 2701/263/2 2702/259/2 2709/260/2
f 2701/263/2 2709/260/2 2710/264/2
f 2653/256/2 2657/254/2 2658/265/2
f 2680/261/2 2689/262/2 2690/266/2
f 2700/267/2 2701/263/2 2710/264/2
f 2700/267/2 2710/264/2 2711/268/2
f 2680/261/2 2690/266/2 2691/269/2
f 2699/270/2 2700/267/2 2711/268/2
f 2699/270/2 2711/268/2 2712/271/2
f 2679/272/2 2680/261/2 2691/269/2
f 2679/272/2 2691/269/2 2692/273/2
f 2698/274/2 2699/270/2 2712/271/2
f 2653/256/2 2658/265/2 2652/275/2
f 2652/275/2 2658/265/2 2659/276/2
f 2698/274/2 2712/271/2 2713/277/2
f 2679/272/2 2692/273/2 2693/278/2
f 2697/279/2 2698/274/2 2713/277/2
f 2697/279/2 2713/277/2 2714/280/2
f 2651/281/2 2652/275/2 2659/276/2
f 2679/272/2 2693/278/2 2694/282/2
f 2696/283/2 2697/279/2 2714/280/2
f 2678/284/2 2679/272/2 2694/282/2
f 2696/283/2 2714/280/2 2715/285/2
f 2678/284/2 2694/282/2 2695/286/2
f 2695/286/2 2696/283/2 2715/285/2
f 2650/287/2 2651/281/2 2659/276/2
f 2650/287/2 2659/276/2 2660/288/2
f 2743/289/2 2744/291/2 2745/290/2
f 2695/286/2 2715/285/2 2716/292/2
f 2678/284/2 2695/286/2 2716/292/2
f 2649/293/2 2650/287/2 2660/288/2
f 2742/294/2 2743/289/2 2745/290/2
f 2678/284/2 2716/292/2 2717/295/2
f 2648/296/2 2649/293/2 2660/288/2
f 2627/297/2 2628/299/2 2629/298/2
f 2741/300/2 2742/294/2 2745/290/2
f 2677/301/2 2678/284/2 2717/295/2
f 2648/296/2 2660/288/2 2661/302/2
f 2677/301/2 2717/295/2 2718/303/2
f 2627/297/2 2629/298/2 2630/304/2
f 2647/305/2 2648/296/2 2661/302/2
f 2740/306/2 2741/300/2 2745/290/2
f 2627/297/2 2630/304/2 2631/307/2
f 2677/301/2 2718/303/2 2719/308/2
f 2740/306/2 2745/290/2 2396/135/2
f 2646/309/2 2647/305/2 2661/302/2
f 2627/297/2 2631/307/2 2632/310/2
f 2739/311/2 2740/306/2 2396/135/2
f 2677/301/2 2719/308/2 2720/312/2
f 2646/309/2 2661/302/2 2662/313/2
f 2627/297/2 2632/310/2 2633/314/2
f 2676/315/2 2677/301/2 2720/312/2
f 2739/311/2 2396/135/2 2397/316/2
f 2645/317/2 2646/309/2 2662/313/2
f 2676/315/2 2720/312/2 2721/318/2
f 2738/319/2 2739/311/2 2397/316/2
f 2626/320/2 2627/297/2 2633/314/2
f 2626/320/2 2633/314/2 2634/321/2
f 2676/315/2 2721/318/2 2722/322/2
f 2738/319/2 2397/316/2 2398/323/2
f 2644/324/2 2645/317/2 2662/313/2
f 2737/325/2 2738/319/2 2398/323/2
f 2676/315/2 2722/322/2 2723/326/2
f 2625/327/2 2626/320/2 2634/321/2
f 2625/327/2 2634/321/2 2635/328/2
f 2676/315/2 2723/326/2 2724/329/2
f 2737/325/2 2398/323/2 2399/330/2
f 2643/331/2 2644/324/2 2662/313/2
f 2643/331/2 2662/313/2 2663/332/2
f 2624/333/2 2625/327/2 2635/328/2
f 2624/333/2 2635/328/2 2636/334/2
f 2736/335/2 2737/325/2 2399/330/2
f 2675/336/2 2676/315/2 2724/329/2
f 2675/336/2 2724/329/2 2725/337/2
f 2623/338/2 2624/333/2 2636/334/2
f 2623/338/2 2636/334/2 2637/339/2
f 2642/340/2 2643/331/2 2663/332/2
f 2736/335/2 2399/330/2 2400/341/2
f 2675/336/2 2725/337/2 2726/342/2
f 2735/343/2 2736/335/2 2400/341/2
f 2675/336/2 2726/342/2 2727/344/2
f 2623/338/2 2637/339/2 2638/345/2
f 2622/346/2 2623/338/2 2638/345/2
f 2641/347/2 2642/340/2 2663/332/2
f 2735/343/2 2400/341/2 2401/348/2
f 2734/349/2 2735/343/2 2401/348/2
f 2675/336/2 2727/344/2 2728/350/2
f 2641/347/2 2663/332/2 2664/351/2
f 2622/346/2 2638/345/2 2639/352/2
f 2621/353/2 2622/346/2 2639/352/2
f 2675/336/2 2728/350/2 2729/354/2
f 2640/355/2 2641/347/2 2664/351/2
f 2674/356/2 2675/336/2 2729/354/2
f 2734/349/2 2401/348/2 2402/357/2
f 2621/353/2 2639/352/2 2640/355/2
f 2733/358/2 2734/349/2 2402/357/2
f 2620/359/2 2621/353/2 2640/355/2
f 2674/356/2 2729/354/2 2730/360/2
f 2620/359/2 2640/355/2 2664/351/2
f 2674/356/2 2730/360/2 2731/361/2
f 2733/358/2 2402/357/2 2403/362/2
f 2732/363/2 2733/358/2 2403/362/2
f 2619/364/2 2620/359/2 2664/351/2
f 2619/364/2 2664/351/2 2665/365/2
f 2674/356/2 2731/361/2 2732/363/2
f 2618/366/2 2619/364/2 2665/365/2
f 2674/356/2 2732/363/2 2403/362/2
f 2674/356/2 2403/362/2 2404/367/2
f 2673/368/2 2674/356/2 2404/367/2
f 2617/369/2 2618/366/2 2665/365/2
f 2673/368/2 2404/367/2 2405/370/2
f 2617/369/2 2665/365/2 2666/371/2
f 2616/372/2 2617/369/2 2666/371/2
f 2673/368/2 2405/370/2 2406/373/2
f 2615/374/2 2616/372/2 2666/371/2
f 2672/375/2 2673/368/2 2406/373/2
f 2672/375/2 2406/373/2 2407/376/2
f 2614/377/2 2615/374/2 2666/371/2
f 2614/377/2 2666/371/2 2667/378/2
f 2672/375/2 2407/376/2 2408/379/2
f 2613/380/2 2614/377/2 2667/378/2
f 2672/375/2 2408/379/2 2409/381/2
f 2671/382/2 2672/375/2 2409/381/2
f 2613/380/2 2667/378/2 2668/383/2
f 2612/384/2 2613/380/2 2668/383/2
f 2671/382/2 2409/381/2 2410/385/2
f 2611/386/2 2612/384/2 2668/383/2
f 2671/382/2 2410/385/2 2411/387/2
f 2670/388/2 2671/382/2 2411/387/2
f 2611/386/2 2668/383/2 2669/389/2
f 2670/388/2 2411/387/2 2412/390/2
f 2610/391/2 2611/386/2 2669/389/2
f 2670/388/2 2412/390/2 2413/392/2
f 2609/393/2 2610/391/2 2669/389/2
f 2609/393/2 2669/389/2 2670/388/2
f 2609/393/2 2670/388/2 2413/392/2
f 2609/393/2 2413/392/2 2414/394/2
f 2608/395/2 2609/393/2 2414/394/2
f 2608/395/2 2414/394/2 2415/396/2
f 2607/397/2 2608/395/2 2415/396/2
f 2607/397/2 2415/396/2 2443/398/2
f 2443/398/2 2415/396/2 2416/399/2
f 2606/400/2 2607/397/2 2579/401/2
f 2579/401/2 2607/397/2 2443/398/2
f 2606/400/2 2579/401/2 2580/402/2
f 2578/403/2 2579/401/2 2443/398/2
f 2578/403/2 2443/398/2 2444/404/2
f 2442/405/2 2443/398/2 2416/399/2
f 2442/405/2 2416/399/2 2417/406/2
f 2605/407/2 2606/400/2 2580/402/2
f 2441/408/2 2442/405/2 2417/406/2
f 2605/407/2 2580/402/2 2581/409/2
f 2441/408/2 2417/406/2 2418/410/2
f 2604/411/2 2605/407/2 2581/409/2
f 2441/408/2 2418/410/2 2419/412/2
f 2440/413/2 2441/408/2 2419/412/2
f 2604/411/2 2581/409/2 2582/414/2
f 2440/413/2 2419/412/2 2420/415/2
f 2603/416/2 2604/411/2 2582/414/2
f 2439/417/2 2440/413/2 2420/415/2
f 2603/416/2 2582/414/2 2583/418/2
f 2439/417/2 2420/415/2 2421/419/2
f 2602/420/2 2603/416/2 2583/418/2
f 2439/417/2 2421/419/2 2422/421/2
f 2438/422/2 2439/417/2 2422/421/2
f 2602/420/2 2583/418/2 2584/423/2
f 2601/424/2 2602/420/2 2584/423/2
f 2438/422/2 2422/421/2 2423/425/2
f 2577/426/1 2578/403/1 2444/404/1
f 2576/427/2 2577/426/2 2747/428/2
f 2747/428/1 2577/426/1 2444/404/1
f 2576/427/2 2747/428/2 2746/429/2
f 2748/430/1 2747/428/1 2444/404/1
f 2749/431/2 2748/430/2 2445/432/2
f 2445/432/1 2748/430/1 2444/404/1
f 2749/431/2 2445/432/2 2446/433/2
f 2600/434/2 2601/424/2 2584/423/2
f 2437/435/2 2438/422/2 2423/425/2
f 2600/434/2 2584/423/2 2585/436/2
f 2437/435/2 2423/425/2 2424/437/2
f 2599/438/2 2600/434/2 2585/436/2
f 2437/435/2 2424/437/2 2425/439/2
f 2436/440/2 2437/435/2 2425/439/2
f 2598/441/2 2599/438/2 2585/436/2
f 2598/441/2 2585/436/2 2586/442/2
f 2436/440/2 2425/439/2 2426/443/2
f 2597/444/2 2598/441/2 2586/442/2
f 2435/445/2 2436/440/2 2426/443/2
f 2597/444/2 2586/442/2 2587/446/2
f 2596/447/2 2597/444/2 2587/446/2
f 2435/445/2 2426/443/2 2427/448/2
f 2434/449/2 2435/445/2 2427/448/2
f 2596/447/2 2587/446/2 2588/450/2
f 2595/451/2 2596/447/2 2588/450/2
f 2434/449/2 2427/448/2 2428/452/2
f 2433/453/2 2434/449/2 2428/452/2
f 2594/454/2 2595/451/2 2588/450/2
f 2594/454/2 2588/450/2 2589/455/2
f 2433/453/2 2428/452/2 2429/456/2
f 2593/457/2 2594/454/2 2589/455/2
f 2432/458/2 2433/453/2 2429/456/2
f 2593/457/2 2589/455/2 2590/459/2
f 2432/458/2 2429/456/2 2430/460/2
f 2592/461/2 2593/457/2 2590/459/2
f 2431/462/2 2432/458/2 2430/460/2
f 2592/461/2 2590/459/2 2591/463/2
f 2575/464/2 2576/427/2 2746/429/2
f 2575/464/2 2746/429/2 2750/2/2
f 2573/181/2 2574/465/2 2575/464/2
f 2573/181/2 2575/464/2 2750/2/2
f 2573/181/2 2750/2/2 2749/431/2
f 2573/181/2 2749/431/2 2446/433/2
f 2573/181/2 2446/433/2 2447/466/2
f 2573/181/2 2447/466/2 2448/467/2
f 2572/468/1 2573/181/1 2448/467/1
f 2571/469/2 2572/468/2 2536/470/2
f 2536/470/1 2572/468/1 2448/467/1
f 2571/469/2 2536/470/2 2537/471/2
f 2535/472/1 2536/470/1 2448/467/1
f 2534/473/2 2535/472/2 2449/474/2
f 2449/474/1 2535/472/1 2448/467/1
f 2534/473/2 2449/474/2 2450/475/2
f 2570/476/2 2571/469/2 2537/471/2
f 2570/476/2 2537/471/2 2538/477/2
f 2569/478/2 2570/476/2 2538/477/2
f 2569/478/2 2538/477/2 2539/479/2
f 2568/480/2 2569/478/2 2539/479/2
f 2485/481/2 2486/483/2 2487/482/2
f 2485/481/2 2487/482/2 2488/484/2
f 2485/481/2 2488/484/2 2489/485/2
f 2568/480/2 2539/479/2 2540/486/2
f 2567/487/2 2568/480/2 2540/486/2
f 2485/481/2 2489/485/2 2490/488/2
f 2485/481/2 2490/488/2 2491/489/2
f 2485/481/2 2491/489/2 2492/490/2
f 2485/481/2 2492/490/2 2493/491/2
f 2485/481/2 2493/491/2 2494/492/2
f 2485/481/2 2494/492/2 2495/493/2
f 2484/494/2 2485/481/2 2495/493/2
f 2484/494/2 2495/493/2 2496/495/2
f 2484/494/2 2496/495/2 2497/496/2
f 2484/494/2 2497/496/2 2498/497/2
f 2566/498/2 2567/487/2 2540/486/2
f 2484/494/2 2498/497/2 2499/499/2
f 2566/498/2 2540/486/2 2541/500/2
f 2483/501/2 2484/494/2 2499/499/2
f 2565/502/2 2566/498/2 2541/500/2
f 2565/502/2 2541/500/2 2542/503/2
f 2483/501/2 2499/499/2 2500/504/2
f 2482/505/2 2483/501/2 2500/504/2
f 2564/506/2 2565/502/2 2542/503/2
f 2481/507/2 2482/505/2 2500/504/2
f 2564/506/2 2542/503/2 2543/508/2
f 2563/509/2 2564/506/2 2543/508/2
f 2481/507/2 2500/504/2 2501/510/2
f 2533/511/2 2534/473/2 2450/475/2
f 2533/511/2 2450/475/2 2451/512/2
f 2480/513/2 2481/507/2 2501/510/2
f 2533/511/2 2451/512/2 2452/514/2
f 2562/515/2 2563/509/2 2543/508/2
f 2533/511/2 2452/514/2 2453/516/2
f 2479/517/2 2480/513/2 2501/510/2
f 2562/515/2 2543/508/2 2544/518/2
f 2532/519/2 2533/511/2 2453/516/2
f 2532/519/2 2453/516/2 2454/520/2
f 2479/517/2 2501/510/2 2502/521/2
f 2478/522/2 2479/517/2 2502/521/2
f 2532/519/2 2454/520/2 2455/523/2
f 2532/519/2 2455/523/2 2456/524/2
f 2477/525/2 2478/522/2 2502/521/2
f 2561/526/2 2562/515/2 2544/518/2
f 2532/519/2 2456/524/2 2457/527/2
f 2476/528/2 2477/525/2 2502/521/2
f 2532/519/2 2457/527/2 2458/529/2
f 2532/519/2 2458/529/2 2459/530/2
f 2475/531/2 2476/528/2 2502/521/2
f 2532/519/2 2459/530/2 2460/532/2
f 2531/533/2 2532/519/2 2460/532/2
f 2531/533/2 2460/532/2 2461/534/2
f 2474/535/2 2475/531/2 2502/521/2
f 2531/533/2 2461/534/2 2462/536/2
f 2531/533/2 2462/536/2 2463/537/2
f 2531/533/2 2463/537/2 2464/538/2
f 2531/533/2 2464/538/2 2465/539/2
f 2531/533/2 2465/539/2 2466/540/2
f 2531/533/2 2466/540/2 2467/541/2
f 2531/533/2 2467/541/2 2468/542/2
f 2531/533/2 2468/542/2 2469/543/2
f 2531/533/2 2469/543/2 2470/544/2
f 2531/533/2 2470/544/2 2471/545/2
f 2531/533/2 2471/545/2 2472/546/2
f 2531/533/2 2472/546/2 2473/547/2
f 2531/533/2 2473/547/2 2474/535/2
f 2531/533/2 2474/535/2 2502/521/2
f 2561/526/2 2544/518/2 2545/548/2
f 2531/533/2 2502/521/2 2503/549/2
f 2560/550/2 2561/526/2 2545/548/2
f 2530/551/2 2531/533/2 2503/549/2
f 2530/551/2 2503/549/2 2504/552/2
f 2559/553/2 2560/550/2 2545/548/2
f 2559/553/2 2545/548/2 2546/554/2
f 2558/555/2 2559/553/2 2546/554/2
f 2529/556/2 2530/551/2 2504/552/2
f 2557/557/2 2558/555/2 2546/554/2
f 2529/556/2 2504/552/2 2505/558/2
f 2556/559/2 2557/557/2 2546/554/2
f 2528/560/2 2529/556/2 2505/558/2
f 2555/561/2 2556/559/2 2546/554/2
f 2555/561/2 2546/554/2 2547/562/2
f 2554/563/2 2555/561/2 2547/562/2
f 2528/560/2 2505/558/2 2506/564/2
f 2527/565/2 2528/560/2 2506/564/2
f 2553/566/2 2554/563/2 2547/562/2
f 2526/567/2 2527/565/2 2506/564/2
f 2526/567/2 2506/564/2 2507/568/2
f 2552/569/2 2553/566/2 2547/562/2
f 2525/570/2 2526/567/2 2507/568/2
f 2551/571/2 2552/569/2 2547/562/2
f 2525/570/2 2507/568/2 2508/572/2
f 2551/571/2 2547/562/2 2550/573/2
f 2550/573/2 2547/562/2 2549/574/2
f 2549/574/2 2547/562/2 2548/575/2
f 2524/576/2 2525/570/2 2508/572/2
f 2524/576/2 2508/572/2 2509/577/2
f 2523/578/2 2524/576/2 2509/577/2
f 2523/578/2 2509/577/2 2510/579/2
f 2522/580/2 2523/578/2 2510/579/2
f 2521/581/1 2522/580/1 2510/579/1
f 2520/582/1 2521/581/1 2510/579/1
f 2519/583/2 2520/582/2 2510/579/2
f 2518/584/1 2519/583/1 2510/579/1
f 2517/585/1 2518/584/1 2510/579/1
f 2516/586/1 2517/585/1 2510/579/1
f 2515/587/1 2516/586/1 2510/579/1
f 2514/588/1 2515/587/1 2510/579/1
f 2513/589/1 2514/588/1 2510/579/1
f 2512/590/1 2513/589/1 2510/579/1
f 2511/591/2 2512/590/2 2510/579/2
f 2936/592/2 2937/594/2 2938/593/2
f 2936/592/2 2938/593/2 2939/595/2
f 2935/596/2 2936/592/2 2939/595/2
f 2935/596/2 2939/595/2 2940/597/2
f 2934/598/2 2935/596/2 2940/597/2
f 2934/598/2 2940/597/2 2941/599/2
f 2933/600/2 2934/598/2 2941/599/2
f 2933/600/2 2941/599/2 2942/601/2
f 2932/602/2 2933/600/2 2942/601/2
f 2932/602/2 2942/601/2 2943/603/2
f 2932/602/2 2943/603/2 2944/604/2
f 2931/605/2 2932/602/2 2944/604/2
f 2931/605/2 2944/604/2 2945/606/2
f 2930/607/2 2931/605/2 2945/606/2
f 2930/607/2 2945/606/2 2946/608/2
f 2929/609/2 2930/607/2 2946/608/2
f 2929/609/2 2946/608/2 2947/610/2
f 2928/611/2 2929/609/2 2947/610/2
f 2928/611/2 2947/610/2 2948/612/2
f 2961/613/2 2962/615/2 2963/614/2
f 2927/616/2 2928/611/2 2948/612/2
f 2960/617/2 2961/613/2 2963/614/2
f 2959/618/2 2960/617/2 2963/614/2
f 2927/616/2 2948/612/2 2949/310/2
f 2958/619/2 2959/618/2 2963/614/2
f 2926/620/2 2927/616/2 2949/310/2
f 2957/621/2 2958/619/2 2963/614/2
f 2956/622/2 2957/621/2 2963/614/2
f 2926/620/2 2949/310/2 2950/623/2
f 2955/624/2 2956/622/2 2963/614/2
f 2925/625/2 2926/620/2 2950/623/2
f 2954/626/2 2955/624/2 2963/614/2
f 2911/627/2 2912/629/2 2913/628/2
f 2953/630/2 2954/626/2 2963/614/2
f 2911/627/2 2913/628/2 2914/631/2
f 2911/627/2 2914/631/2 2915/632/2
f 2952/633/2 2953/630/2 2963/614/2
f 2911/627/2 2915/632/2 2916/634/2
f 2951/635/2 2952/633/2 2963/614/2
f 2911/627/2 2916/634/2 2917/636/2
f 2950/623/2 2951/635/2 2963/614/2
f 2911/627/2 2917/636/2 2918/637/2
f 2925/625/2 2950/623/2 2963/614/2
f 2911/627/2 2918/637/2 2919/638/2
f 2911/627/2 2919/638/2 2920/639/2
f 2911/627/2 2920/639/2 2921/640/2
f 2924/641/2 2925/625/2 2963/614/2
f 2911/627/2 2921/640/2 2922/642/2
f 2911/627/2 2922/642/2 2923/643/2
f 2911/627/2 2923/643/2 2924/641/2
f 2911/627/2 2924/641/2 2963/614/2
f 2911/627/2 2963/614/2 2964/644/2
f 2911/627/2 2964/644/2 2965/645/2
f 2911/627/2 2965/645/2 2966/646/2
f 2911/627/2 2966/646/2 2967/647/2
f 2911/627/2 2967/647/2 2968/648/2
f 2911/627/2 2968/648/2 2969/649/2
f 2911/627/2 2969/649/2 2970/650/2
f 2911/627/2 2970/650/2 2971/651/2
f 2911/627/2 2971/651/2 2972/652/2
f 2910/653/2 2911/627/2 2972/652/2
f 2910/653/2 2972/652/2 2973/654/2
f 2909/655/2 2910/653/2 2973/654/2
f 2909/655/2 2973/654/2 2974/656/2
f 2908/657/2 2909/655/2 2974/656/2
f 2907/658/2 2908/657/2 2974/656/2
f 2907/658/2 2974/656/2 2975/659/2
f 2906/660/2 2907/658/2 2975/659/2
f 2905/661/2 2906/660/2 2975/659/2
f 2905/661/2 2975/659/2 2898/662/2
f 2898/662/2 2975/659/2 2976/663/2
f 2904/664/2 2905/661/2 2898/662/2
f 2903/665/2 2904/664/2 2898/662/2
f 2902/666/2 2903/665/2 2898/662/2
f 2901/667/2 2902/666/2 2898/662/2
f 2900/668/2 2901/667/2 2898/662/2
f 2899/669/2 2900/668/2 2898/662/2
f 2897/670/2 2898/662/2 2976/663/2
f 2897/670/2 2976/663/2 2977/671/2
f 2896/672/2 2897/670/2 2977/671/2
f 2896/672/2 2977/671/2 2978/673/2
f 2896/672/2 2978/673/2 2979/674/2
f 2895/675/2 2896/672/2 2979/674/2
f 2895/675/2 2979/674/2 2980/676/2
f 2894/677/2 2895/675/2 2980/676/2
f 2894/677/2 2980/676/2 2981/678/2
f 2894/677/2 2981/678/2 2982/679/2
f 3034/680/2 3035/682/2 3036/681/2
f 2893/683/2 2894/677/2 2982/679/2
f 3033/684/2 3034/680/2 3036/681/2
f 2893/683/2 2982/679/2 2983/685/2
f 3032/686/2 3033/684/2 3036/681/2
f 3031/687/2 3032/686/2 3036/681/2
f 3030/688/2 3031/687/2 3036/681/2
f 3029/689/2 3030/688/2 3036/681/2
f 2893/683/2 2983/685/2 2984/690/2
f 3028/691/2 3029/689/2 3036/681/2
f 3027/692/2 3028/691/2 3036/681/2
f 3026/693/2 3027/692/2 3036/681/2
f 2892/694/2 2893/683/2 2984/690/2
f 3025/695/2 3026/693/2 3036/681/2
f 2998/696/2 2999/698/2 3000/697/2
f 2997/699/2 2998/696/2 3000/697/2
f 2997/699/2 3000/697/2 3001/700/2
f 2996/701/2 2997/699/2 3001/700/2
f 2892/694/2 2984/690/2 2985/702/2
f 2995/703/2 2996/701/2 3001/700/2
f 2995/703/2 3001/700/2 3002/704/2
f 3024/705/2 3025/695/2 3036/681/2
f 2994/706/2 2995/703/2 3002/704/2
f 3023/707/2 3024/705/2 3036/681/2
f 2994/706/2 3002/704/2 3003/708/2
f 2993/709/2 2994/706/2 3003/708/2
f 3022/710/2 3023/707/2 3036/681/2
f 2992/711/2 2993/709/2 3003/708/2
f 2992/711/2 3003/708/2 3004/712/2
f 2991/713/2 2992/711/2 3004/712/2
f 2892/694/2 2985/702/2 2986/714/2
f 3021/715/2 3022/710/2 3036/681/2
f 2991/713/2 3004/712/2 3005/716/2
f 2990/717/2 2991/713/2 3005/716/2
f 3020/718/2 3021/715/2 3036/681/2
f 2989/719/2 2990/717/2 3005/716/2
f 2891/720/2 2892/694/2 2986/714/2
f 2989/719/2 3005/716/2 3006/721/2
f 2891/720/2 2986/714/2 2987/722/2
f 2988/723/2 2989/719/2 3006/721/2
f 3019/724/2 3020/718/2 3036/681/2
f 2987/722/2 2988/723/2 3006/721/2
f 2987/722/2 3006/721/2 3007/725/2
f 3018/726/2 3019/724/2 3036/681/2
f 2891/720/2 2987/722/2 3007/725/2
f 3017/727/2 3018/726/2 3036/681/2
f 2891/720/2 3007/725/2 3008/728/2
f 3017/727/2 3036/681/2 3037/729/2
f 3016/730/2 3017/727/2 3037/729/2
f 3016/730/2 3037/729/2 3038/731/2
f 2890/732/2 2891/720/2 3008/728/2
f 3016/730/2 3038/731/2 3039/733/2
f 3016/730/2 3039/733/2 3040/734/2
f 2890/732/2 3008/728/2 2862/735/2
f 2862/735/2 3008/728/2 2861/736/2
f 2861/736/2 3008/728/2 3009/737/2
f 3015/738/2 3016/730/2 3040/734/2
f 3015/738/2 3040/734/2 3041/739/2
f 3015/738/2 3041/739/2 3042/740/2
f 3015/738/2 3042/740/2 3043/741/2
f 3014/742/2 3015/738/2 3043/741/2
f 3014/742/2 3043/741/2 3044/743/2
f 2860/744/2 2861/736/2 3009/737/2
f 2860/744/2 3009/737/2 3010/745/2
f 2859/746/2 2860/744/2 3010/745/2
f 2890/732/2 2862/735/2 2863/747/2
f 2858/748/2 2859/746/2 3010/745/2
f 3014/742/2 3044/743/2 3045/749/2
f 2890/732/2 2863/747/2 2864/750/2
f 2857/751/2 2858/748/2 3010/745/2
f 3013/752/2 3014/742/2 3045/749/2
f 3013/752/2 3045/749/2 3046/753/2
f 2890/732/2 2864/750/2 2865/754/2
f 2856/755/2 2857/751/2 3010/745/2
f 3013/752/2 3046/753/2 3047/756/2
f 2890/732/2 2865/754/2 2866/757/2
f 2855/758/2 2856/755/2 3010/745/2
f 3013/752/2 3047/756/2 3048/2/2
f 3012/759/2 3013/752/2 3048/2/2
f 2889/760/2 2890/732/2 2866/757/2
f 2855/758/2 3010/745/2 3011/761/2
f 3012/759/2 3048/2/2 2751/135/2
f 2889/760/2 2866/757/2 2867/762/2
f 2854/763/2 2855/758/2 3011/761/2
f 3011/761/2 3012/759/2 2751/135/2
f 3011/761/2 2751/135/2 2752/764/2
f 2853/765/2 2854/763/2 3011/761/2
f 2889/760/2 2867/762/2 2868/766/2
f 3011/761/2 2752/764/2 2753/767/2
f 2852/768/2 2853/765/2 3011/761/2
f 2852/768/2 3011/761/2 2753/767/2
f 2889/760/2 2868/766/2 2869/769/2
f 2852/768/2 2753/767/2 2754/770/2
f 2851/771/2 2852/768/2 2754/770/2
f 2889/760/2 2869/769/2 2870/772/2
f 2851/771/2 2754/770/2 2755/773/2
f 2888/774/2 2889/760/2 2870/772/2
f 2850/588/2 2851/771/2 2755/773/2
f 2888/774/2 2870/772/2 2871/775/2
f 2850/588/2 2755/773/2 2756/776/2
f 2850/588/2 2756/776/2 2757/777/2
f 2849/778/2 2850/588/2 2757/777/2
f 2888/774/2 2871/775/2 2872/779/2
f 2849/778/2 2757/777/2 2758/780/2
f 2848/781/2 2849/778/2 2758/780/2
f 2888/774/2 2872/779/2 2873/782/2
f 2848/781/2 2758/780/2 2759/783/2
f 2887/784/2 2888/774/2 2873/782/2
f 2887/784/2 2873/782/2 2874/785/2
f 2848/781/2 2759/783/2 2760/786/2
f 2847/787/2 2848/781/2 2760/786/2
f 2887/784/2 2874/785/2 2875/788/2
f 2847/787/2 2760/786/2 2761/789/2
f 2887/784/2 2875/788/2 2876/790/2
f 2847/787/2 2761/789/2 2762/791/2
f 2846/792/2 2847/787/2 2762/791/2
f 2887/784/2 2876/790/2 2877/793/2
f 2886/794/2 2887/784/2 2877/793/2
f 2846/792/2 2762/791/2 2776/795/2
f 2776/795/2 2762/791/2 2763/796/2
f 2886/794/2 2877/793/2 2878/797/2
f 2845/798/2 2846/792/2 2776/795/2
f 2886/794/2 2878/797/2 2879/799/2
f 2886/794/2 2879/799/2 2880/800/2
f 2885/801/2 2886/794/2 2880/800/2
f 2844/802/2 2845/798/2 2776/795/2
f 2885/801/5 2880/800/5 2881/803/5
f 2844/802/2 2776/795/2 2777/804/2
f 2775/805/2 2776/795/2 2763/796/2
f 2885/801/2 2881/803/2 2882/806/2
f 2843/807/2 2844/802/2 2777/804/2
f 2885/801/2 2882/806/2 2883/808/2
f 2843/807/2 2777/804/2 2778/809/2
f 2774/810/2 2775/805/2 2763/796/2
f 2885/801/5 2883/808/5 2884/811/5
f 2843/807/2 2778/809/2 2779/812/2
f 2773/813/2 2774/810/2 2763/796/2
f 2842/814/2 2843/807/2 2779/812/2
f 2842/814/2 2779/812/2 2780/815/2
f 2772/816/2 2773/813/2 2763/796/2
f 2842/814/2 2780/815/2 2781/817/2
f 2841/818/2 2842/814/2 2781/817/2
f 2771/819/2 2772/816/2 2763/796/2
f 2841/818/2 2781/817/2 2782/820/2
f 2770/821/2 2771/819/2 2763/796/2
f 2840/822/2 2841/818/2 2782/820/2
f 2840/822/2 2782/820/2 2783/823/2
f 2769/824/2 2770/821/2 2763/796/2
f 2840/822/2 2783/823/2 2784/825/2
f 2768/826/2 2769/824/2 2763/796/2
f 2839/827/2 2840/822/2 2784/825/2
f 2839/827/2 2784/825/2 2785/828/2
f 2767/829/2 2768/826/2 2763/796/2
f 2839/827/2 2785/828/2 2786/830/2
f 2766/831/2 2767/829/2 2763/796/2
f 2838/832/2 2839/827/2 2786/830/2
f 2765/833/2 2766/831/2 2763/796/2
f 2838/832/2 2786/830/2 2787/834/2
f 2764/835/2 2765/833/2 2763/796/2
f 2837/836/2 2838/832/2 2787/834/2
f 2837/836/2 2787/834/2 2788/837/2
f 2837/836/2 2788/837/2 2789/838/2
f 2836/839/2 2837/836/2 2789/838/2
f 2836/839/2 2789/838/2 2790/840/2
f 2836/839/2 2790/840/2 2791/841/2
f 2835/842/2 2836/839/2 2791/841/2
f 2835/842/2 2791/841/2 2792/843/2
f 2835/842/2 2792/843/2 2793/844/2
f 2834/845/2 2835/842/2 2793/844/2
f 2811/846/2 2812/848/2 2813/847/2
f 2834/845/2 2793/844/2 2794/849/2
f 2810/850/2 2811/846/2 2813/847/2
f 2809/851/2 2810/850/2 2813/847/2
f 2834/845/2 2794/849/2 2795/852/2
f 2808/853/2 2809/851/2 2813/847/2
f 2807/854/2 2808/853/2 2813/847/2
f 2834/845/2 2795/852/2 2796/855/2
f 2806/856/2 2807/854/2 2813/847/2
f 2805/857/2 2806/856/2 2813/847/2
f 2834/845/2 2796/855/2 2797/858/2
f 2804/859/2 2805/857/2 2813/847/2
f 2833/860/2 2834/845/2 2797/858/2
f 2833/860/2 2797/858/2 2798/861/2
f 2803/862/2 2804/859/2 2813/847/2
f 2802/863/2 2803/862/2 2813/847/2
f 2833/860/2 2798/861/2 2799/864/2
f 2801/865/2 2802/863/2 2813/847/2
f 2833/860/2 2799/864/2 2800/866/2
f 2800/866/2 2801/865/2 2813/847/2
f 2833/860/2 2800/866/2 2813/847/2
f 2832/867/2 2833/860/2 2813/847/2
f 2831/868/2 2832/867/2 2813/847/2
f 2830/869/2 2831/868/2 2813/847/2
f 2829/870/2 2830/869/2 2813/847/2
f 2829/870/2 2813/847/2 2814/871/2
f 2829/870/2 2814/871/2 2815/872/2
f 2829/870/2 2815/872/2 2816/873/2
f 2828/874/2 2829/870/2 2816/873/2
f 2828/874/2 2816/873/2 2817/875/2
f 2828/874/2 2817/875/2 2818/876/2
f 2828/874/2 2818/876/2 2819/877/2
f 2827/878/2 2828/874/2 2819/877/2
f 2827/878/2 2819/877/2 2820/879/2
f 2827/878/2 2820/879/2 2821/880/2
f 2826/881/2 2827/878/2 2821/880/2
f 2826/881/2 2821/880/2 2822/882/2
f 2826/881/2 2822/882/2 2823/883/2
f 2825/884/2 2826/881/2 2823/883/2
f 2825/884/2 2823/883/2 2824/885/2
f 3219/886/2 3220/888/2 3195/887/2
f 3261/889/2 3262/891/2 3263/890/2
f 3219/886/2 3195/887/2 3196/892/2
f 3218/893/2 3219/886/2 3196/892/2
f 3193/894/2 3194/896/2 3169/895/2
f 3260/897/2 3261/889/2 3263/890/2
f 3218/893/2 3196/892/2 3197/898/2
f 3217/899/2 3218/893/2 3197/898/2
f 3193/894/2 3169/895/2 3170/900/2
f 3260/897/2 3263/890/2 3221/901/2
f 3192/902/2 3193/894/2 3170/900/2
f 3259/903/2 3260/897/2 3221/901/2
f 3217/899/2 3197/898/2 3198/904/2
f 3192/902/2 3170/900/2 3171/905/2
f 3216/906/2 3217/899/2 3198/904/2
f 3191/907/2 3192/902/2 3171/905/2
f 3259/903/2 3221/901/2 3222/908/2
f 3216/906/2 3198/904/2 3199/909/2
f 3258/910/2 3259/903/2 3222/908/2
f 3191/907/2 3171/905/2 3172/911/2
f 3215/912/2 3216/906/2 3199/909/2
f 3190/913/2 3191/907/2 3172/911/2
f 3258/910/2 3222/908/2 3223/914/2
f 3215/912/2 3199/909/2 3200/915/2
f 3190/913/2 3172/911/2 3173/916/2
f 3214/917/2 3215/912/2 3200/915/2
f 3257/918/2 3258/910/2 3223/914/2
f 3189/919/2 3190/913/2 3173/916/2
f 3257/918/2 3223/914/2 3224/920/2
f 3214/917/2 3200/915/2 3201/921/2
f 3189/919/2 3173/916/2 3174/922/2
f 3213/923/2 3214/917/2 3201/921/2
f 3256/924/2 3257/918/2 3224/920/2
f 3188/925/2 3189/919/2 3174/922/2
f 3188/925/2 3174/922/2 3175/926/2
f 3213/923/2 3201/921/2 3202/927/2
f 3256/924/2 3224/920/2 3225/928/2
f 3212/929/2 3213/923/2 3202/927/2
f 3187/930/2 3188/925/2 3175/926/2
f 3255/931/2 3256/924/2 3225/928/2
f 3187/930/2 3175/926/2 3176/932/2
f 3212/929/2 3202/927/2 3203/933/2
f 3255/931/2 3225/928/2 3226/934/2
f 3211/935/2 3212/929/2 3203/933/2
f 3186/936/2 3187/930/2 3176/932/2
f 3186/936/2 3176/932/2 3177/937/2
f 3211/935/2 3203/933/2 3204/938/2
f 3254/939/2 3255/931/2 3226/934/2
f 3254/939/2 3226/934/2 3227/940/2
f 3210/941/2 3211/935/2 3204/938/2
f 3185/942/2 3186/936/2 3177/937/2
f 3185/942/2 3177/937/2 3178/943/2
f 3210/941/2 3204/938/2 3205/944/2
f 3254/939/2 3227/940/2 3228/945/2
f 3253/946/2 3254/939/2 3228/945/2
f 3209/947/2 3210/941/2 3205/944/2
f 3184/948/2 3185/942/2 3178/943/2
f 3184/948/2 3178/943/2 3179/949/2
f 3209/947/2 3205/944/2 3206/950/2
f 3253/946/2 3228/945/2 3229/951/2
f 3208/952/2 3209/947/2 3206/950/2
f 3252/953/2 3253/946/2 3229/951/2
f 3183/954/2 3184/948/2 3179/949/2
f 3183/954/2 3179/949/2 3180/955/2
f 3208/952/2 3206/950/2 3207/956/2
f 3252/953/2 3229/951/2 3230/957/2
f 3183/954/2 3180/955/2 3182/958/2
f 3182/958/2 3180/955/2 3181/959/2
f 3251/960/2 3252/953/2 3230/957/2
f 3251/960/2 3230/957/2 3231/961/2
f 3250/962/2 3251/960/2 3231/961/2
f 3250/962/2 3231/961/2 3232/963/2
f 3249/964/2 3250/962/2 3232/963/2
f 3247/965/2 3248/967/2 3274/966/2
f 3274/966/2 3248/967/2 3249/964/2
f 3274/966/2 3249/964/2 3232/963/2
f 3274/966/2 3232/963/2 3233/968/2
f 3274/966/2 3233/968/2 3273/969/2
f 3273/969/2 3233/968/2 3278/970/2
f 3278/970/2 3233/968/2 3277/971/2
f 3277/971/2 3233/968/2 3234/972/2
f 3247/965/2 3274/966/2 3275/973/2
f 3272/974/2 3273/969/2 3278/970/2
f 3272/974/2 3278/970/2 3279/2/2
f 3276/975/2 3277/971/2 3234/972/2
f 3247/965/2 3275/973/2 3266/976/2
f 3266/976/2 3275/973/2 3272/974/2
f 3266/976/2 3272/974/2 3279/2/2
f 3266/976/2 3279/2/2 3276/975/2
f 3266/976/2 3276/975/2 3265/977/2
f 3265/977/2 3276/975/2 3270/978/2
f 3270/978/2 3276/975/2 3269/979/2
f 3269/979/2 3276/975/2 3234/972/2
f 3247/965/2 3266/976/2 3267/980/2
f 3264/981/2 3265/977/2 3270/978/2
f 3264/981/2 3270/978/2 3271/982/2
f 3268/983/2 3269/979/2 3234/972/2
f 3247/965/2 3267/980/2 3264/981/2
f 3247/965/2 3264/981/2 3271/982/2
f 3247/965/2 3271/982/2 3268/983/2
f 3247/965/2 3268/983/2 3234/972/2
f 3246/984/1 3247/965/1 3234/972/1
f 3245/985/2 3246/984/2 3235/986/2
f 3235/986/2 3246/984/2 3234/972/2
f 3245/985/2 3235/986/2 3236/987/2
f 3243/988/2 3244/989/2 3245/985/2
f 3243/988/2 3245/985/2 3236/987/2
f 3243/988/2 3236/987/2 3237/990/2
f 3243/988/2 3237/990/2 3238/991/2
f 3242/992/1 3243/988/1 3238/991/1
f 3241/993/2 3242/992/2 3239/994/2
f 3239/994/1 3242/992/1 3238/991/1
f 3241/993/2 3239/994/2 3240/995/2
f 3050/996/2 3051/998/2 3052/997/2
f 3050/996/2 3052/997/2 3049/135/2
f 3049/135/2 3052/997/2 3053/999/2
f 3168/1000/2 3049/135/2 3053/999/2
f 3166/1001/2 3167/1002/2 3168/1000/2
f 3166/1001/2 3168/1000/2 3053/999/2
f 3165/1003/2 3166/1001/2 3053/999/2
f 3164/181/2 3165/1003/2 3054/1004/2
f 3054/1004/2 3165/1003/2 3053/999/2
f 3164/181/2 3054/1004/2 3055/1005/2
f 3163/1006/2 3164/181/2 3055/1005/2
f 3162/1007/2 3163/1006/2 3055/1005/2
f 3161/1008/2 3162/1007/2 3055/1005/2
f 3160/1009/2 3161/1008/2 3055/1005/2
f 3159/1010/2 3160/1009/2 3055/1005/2
f 3159/1010/2 3055/1005/2 3056/1011/2
f 3159/1010/2 3056/1011/2 3057/1012/2
f 3159/1010/2 3057/1012/2 3058/1013/2
f 3159/1010/2 3058/1013/2 3059/1014/2
f 3159/1010/2 3059/1014/2 3060/1015/2
f 3159/1010/2 3060/1015/2 3061/1016/2
f 3158/1017/2 3159/1010/2 3061/1016/2
f 3158/1017/2 3061/1016/2 3062/1018/2
f 3158/1017/2 3062/1018/2 3063/1019/2
f 3158/1017/2 3063/1019/2 3064/1020/2
f 3158/1017/2 3064/1020/2 3065/1021/2
f 3158/1017/2 3065/1021/2 3066/1022/2
f 3158/1017/2 3066/1022/2 3067/1023/2
f 3158/1017/2 3067/1023/2 3068/1024/2
f 3158/1017/2 3068/1024/2 3152/1025/2
f 3152/1025/2 3068/1024/2 3069/1026/2
f 3157/1027/2 3158/1017/2 3152/1025/2
f 3156/1028/2 3157/1027/2 3153/1029/2
f 3153/1029/2 3157/1027/2 3152/1025/2
f 3156/1028/2 3153/1029/2 3154/1030/2
f 3151/1031/2 3152/1025/2 3069/1026/2
f 3155/1032/2 3156/1028/2 3154/1030/2
f 3151/1031/2 3069/1026/2 3070/1033/2
f 3150/1034/2 3151/1031/2 3070/1033/2
f 3150/1034/2 3070/1033/2 3071/1035/2
f 3149/1036/2 3150/1034/2 3071/1035/2
f 3149/1036/2 3071/1035/2 3072/1037/2
f 3148/1038/2 3149/1036/2 3072/1037/2
f 3147/1039/2 3148/1038/2 3072/1037/2
f 3147/1039/2 3072/1037/2 3073/1040/2
f 3146/1041/2 3147/1039/2 3073/1040/2
f 3146/1041/2 3073/1040/2 3074/1042/2
f 3145/1043/2 3146/1041/2 3074/1042/2
f 3144/1044/2 3145/1043/2 3074/1042/2
f 3144/1044/2 3074/1042/2 3075/1045/2
f 3143/1046/2 3144/1044/2 3075/1045/2
f 3143/1046/2 3075/1045/2 3076/1047/2
f 3142/1048/2 3143/1046/2 3076/1047/2
f 3141/1049/2 3142/1048/2 3076/1047/2
f 3141/1049/2 3076/1047/2 3077/1050/2
f 3140/1051/2 3141/1049/2 3077/1050/2
f 3139/1052/2 3140/1051/2 3077/1050/2
f 3138/1053/2 3139/1052/2 3077/1050/2
f 3137/1054/2 3138/1053/2 3077/1050/2
f 3136/1055/2 3137/1054/2 3077/1050/2
f 3115/1056/2 3116/1058/2 3117/1057/2
f 3135/1059/2 3136/1055/2 3077/1050/2
f 3115/1056/2 3117/1057/2 3118/1060/2
f 3115/1056/2 3118/1060/2 3119/1061/2
f 3134/1062/2 3135/1059/2 3077/1050/2
f 3115/1056/2 3119/1061/2 3120/1063/2
f 3133/1064/2 3134/1062/2 3077/1050/2
f 3115/1056/2 3120/1063/2 3121/1065/2
f 3115/1056/2 3121/1065/2 3122/1066/2
f 3132/1067/2 3133/1064/2 3077/1050/2
f 3115/1056/2 3122/1066/2 3123/1068/2
f 3115/1056/2 3123/1068/2 3124/1069/2
f 3131/1070/2 3132/1067/2 3077/1050/2
f 3115/1056/2 3124/1069/2 3125/1071/2
f 3115/1056/2 3125/1071/2 3126/1072/2
f 3115/1056/2 3126/1072/2 3127/1073/2
f 3115/1056/2 3127/1073/2 3128/1074/2
f 3115/1056/2 3128/1074/2 3129/1075/2
f 3130/1076/2 3131/1070/2 3077/1050/2
f 3115/1056/2 3129/1075/2 3130/1076/2
f 3115/1056/2 3130/1076/2 3077/1050/2
f 3115/1056/2 3077/1050/2 3078/1077/2
f 3114/1078/2 3115/1056/2 3078/1077/2
f 3113/1079/2 3114/1078/2 3078/1077/2
f 3112/1080/2 3113/1079/2 3078/1077/2
f 3112/1080/2 3078/1077/2 3079/1081/2
f 3111/1082/2 3112/1080/2 3079/1081/2
f 3110/1083/2 3111/1082/2 3079/1081/2
f 3110/1083/2 3079/1081/2 3080/1084/2
f 3109/1085/2 3110/1083/2 3080/1084/2
f 3108/1086/2 3109/1085/2 3080/1084/2
f 3108/1086/2 3080/1084/2 3081/1087/2
f 3108/1086/2 3081/1087/2 3082/1088/2
f 3107/1089/2 3108/1086/2 3082/1088/2
f 3107/1089/2 3082/1088/2 3083/1090/2
f 3106/1091/2 3107/1089/2 3083/1090/2
f 3106/1091/2 3083/1090/2 3084/1092/2
f 3106/1091/2 3084/1092/2 3085/1093/2
f 3105/1094/2 3106/1091/2 3085/1093/2
f 3105/1094/2 3085/1093/2 3086/1095/2
f 3105/1094/2 3086/1095/2 3087/1096/2
f 3104/1097/2 3105/1094/2 3087/1096/2
f 3104/1097/2 3087/1096/2 3088/1098/2
f 3104/1097/2 3088/1098/2 3089/1099/2
f 3104/1097/2 3089/1099/2 3090/1100/2
f 3104/1097/2 3090/1100/2 3091/1101/2
f 3104/1097/2 3091/1101/2 3092/1102/2
f 3103/1103/2 3104/1097/2 3092/1102/2
f 3103/1103/2 3092/1102/2 3093/1104/2
f 3102/1105/2 3103/1103/2 3093/1104/2
f 3102/1105/2 3093/1104/2 3094/1106/2
f 3101/1107/2 3102/1105/2 3094/1106/2
f 3101/1107/2 3094/1106/2 3095/1108/2
f 3100/1109/2 3101/1107/2 3095/1108/2
f 3100/1109/2 3095/1108/2 3096/1110/2
f 3099/1111/2 3100/1109/2 3096/1110/2
f 3099/1111/2 3096/1110/2 3097/1112/2
f 3098/1113/2 3099/1111/2 3097/1112/2
f 3302/1114/2 3303/1115/2 3304/852/2
f 3301/1116/2 3302/1114/2 3304/852/2
f 3300/1117/2 3301/1116/2 3304/852/2
f 3299/1118/2 3300/1117/2 3304/852/2
f 3298/825/2 3299/1118/2 3304/852/2
f 3297/1119/2 3298/825/2 3304/852/2
f 3296/1120/2 3297/1119/2 3304/852/2
f 3295/1121/2 3296/1120/2 3304/852/2
f 3294/1122/2 3295/1121/2 3304/852/2
f 3293/1123/2 3294/1122/2 3304/852/2
f 3292/813/2 3293/1123/2 3304/852/2
f 3291/1124/2 3292/813/2 3304/852/2
f 3290/1125/2 3291/1124/2 3304/852/2
f 3289/1126/2 3290/1125/2 3304/852/2
f 3288/1127/2 3289/1126/2 3304/852/2
f 3287/1128/2 3288/1127/2 3304/852/2
f 3286/791/2 3287/1128/2 3304/852/2
f 3285/1129/2 3286/791/2 3304/852/2
f 3284/1130/2 3285/1129/2 3304/852/2
f 3283/1131/2 3284/1130/2 3304/852/2
f 3282/1132/2 3283/1131/2 3304/852/2
f 3281/1133/2 3282/1132/2 3304/852/2
f 3280/135/2 3281/1133/2 3304/852/2
f 3390/1134/2 3280/135/2 3304/852/2
f 3389/1135/2 3390/1134/2 3304/852/2
f 3388/310/2 3389/1135/2 3304/852/2
f 3387/1136/2 3388/310/2 3304/852/2
f 3386/1137/2 3387/1136/2 3304/852/2
f 3385/1138/2 3386/1137/2 3304/852/2
f 3384/1139/2 3385/1138/2 3304/852/2
f 3383/1140/2 3384/1139/2 3304/852/2
f 3382/593/2 3383/1140/2 3304/852/2
f 3381/1141/2 3382/593/2 3304/852/2
f 3380/1142/2 3381/1141/2 3304/852/2
f 3379/1143/2 3380/1142/2 3304/852/2
f 3378/1144/2 3379/1143/2 3304/852/2
f 3377/1145/2 3378/1144/2 3376/616/2
f 3376/616/2 3378/1144/2 3375/1146/2
f 3375/1146/2 3378/1144/2 3374/1147/2
f 3374/1147/2 3378/1144/2 3373/1148/2
f 3373/1148/2 3378/1144/2 3372/1149/2
f 3372/1149/2 3378/1144/2 3371/1150/2
f 3371/1150/2 3378/1144/2 3370/634/2
f 3370/634/2 3378/1144/2 3369/1151/2
f 3369/1151/2 3378/1144/2 3365/1152/2
f 3365/1152/2 3378/1144/2 3309/1153/2
f 3309/1153/2 3378/1144/2 3308/1154/2
f 3308/1154/2 3378/1144/2 3307/523/2
f 3307/523/2 3378/1144/2 3306/1155/2
f 3306/1155/2 3378/1144/2 3305/1156/2
f 3305/1156/2 3378/1144/2 3304/852/2
f 3365/1152/2 3309/1153/2 3310/856/2
f 3365/1152/2 3310/856/2 3311/1157/2
f 3365/1152/2 3311/1157/2 3312/1158/2
f 3365/1152/2 3312/1158/2 3313/1159/2
f 3365/1152/2 3313/1159/2 3314/1160/2
f 3365/1152/2 3314/1160/2 3315/1161/2
f 3369/1151/2 3365/1152/2 3368/1162/2
f 3368/1162/2 3365/1152/2 3366/1163/2
f 3364/661/2 3365/1152/2 3315/1161/2
f 3364/661/2 3315/1161/2 3316/875/2
f 3368/1162/2 3366/1163/2 3367/1164/2
f 3364/661/2 3316/875/2 3317/1165/2
f 3363/1166/2 3364/661/2 3317/1165/2
f 3363/1166/2 3317/1165/2 3318/1167/2
f 3362/1168/2 3363/1166/2 3318/1167/2
f 3362/1168/2 3318/1167/2 3319/1169/2
f 3361/181/2 3362/1168/2 3319/1169/2
f 3361/181/2 3319/1169/2 3320/1170/2
f 3429/1171/2 3430/693/2 3431/1172/2
f 3360/1173/2 3361/181/2 3320/1170/2
f 3429/1171/2 3431/1172/2 3432/1174/2
f 3360/1173/2 3320/1170/2 3321/1175/2
f 3429/1171/2 3432/1174/2 3433/1176/2
f 3428/1177/2 3429/1171/2 3433/1176/2
f 3428/1177/2 3433/1176/2 3434/1178/2
f 3427/1179/2 3428/1177/2 3434/1178/2
f 3359/1180/2 3360/1173/2 3321/1175/2
f 3359/1180/2 3321/1175/2 3322/874/2
f 3427/1179/2 3434/1178/2 3435/1181/2
f 3403/1182/2 3404/1184/2 3405/1183/2
f 3426/1185/2 3427/1179/2 3435/1181/2
f 3403/1182/2 3405/1183/2 3406/679/2
f 3426/1185/2 3435/1181/2 3436/729/2
f 3425/1186/2 3426/1185/2 3436/729/2
f 3403/1182/2 3406/679/2 3407/1187/2
f 3358/677/2 3359/1180/2 3322/874/2
f 3402/1188/2 3403/1182/2 3407/1187/2
f 3425/1186/2 3436/729/2 3437/1189/2
f 3358/677/2 3322/874/2 3323/1190/2
f 3424/738/2 3425/1186/2 3437/1189/2
f 3402/1188/2 3407/1187/2 3408/1191/2
f 3401/1192/2 3402/1188/2 3408/1191/2
f 3424/738/2 3437/1189/2 3438/1193/2
f 3423/1194/2 3424/738/2 3438/1193/2
f 3401/1192/2 3408/1191/2 3409/1195/2
f 3400/651/2 3401/1192/2 3409/1195/2
f 3423/1194/2 3438/1193/2 3439/1196/2
f 3422/1197/2 3423/1194/2 3439/1196/2
f 3357/1198/2 3358/677/2 3323/1190/2
f 3400/651/2 3409/1195/2 3410/1199/2
f 3357/1198/2 3323/1190/2 3324/1200/2
f 3399/1201/2 3400/651/2 3410/1199/2
f 3421/1202/2 3422/1197/2 3439/1196/2
f 3421/1202/2 3439/1196/2 3440/1203/2
f 3399/1201/2 3410/1199/2 3411/1204/2
f 3398/1205/2 3399/1201/2 3411/1204/2
f 3420/1206/2 3421/1202/2 3440/1203/2
f 3420/1206/2 3440/1203/2 3441/1207/2
f 3397/1208/2 3398/1205/2 3411/1204/2
f 3397/1208/2 3411/1204/2 3412/709/2
f 3356/1209/2 3357/1198/2 3324/1200/2
f 3419/1210/2 3420/1206/2 3441/1207/2
f 3419/1210/2 3441/1207/2 3442/2/2
f 3356/1209/2 3324/1200/2 3325/1211/2
f 3396/1212/2 3397/1208/2 3412/709/2
f 3396/1212/2 3412/709/2 3413/1213/2
f 3419/1210/2 3442/2/2 3418/712/2
f 3418/712/2 3442/2/2 3417/1214/2
f 3395/1215/2 3396/1212/2 3413/1213/2
f 3395/1215/2 3413/1213/2 3414/1216/2
f 3394/617/2 3395/1215/2 3414/1216/2
f 3394/617/2 3414/1216/2 3415/269/2
f 3355/1217/2 3356/1209/2 3325/1211/2
f 3355/1217/2 3325/1211/2 3326/1218/2
f 3393/1219/2 3394/617/2 3415/269/2
f 3393/1219/2 3415/269/2 3416/1220/2
f 3392/1221/2 3393/1219/2 3416/1220/2
f 3392/1221/2 3416/1220/2 3391/1222/2
f 3355/1217/2 3326/1218/2 3327/1223/2
f 3354/1224/2 3355/1217/2 3327/1223/2
f 3354/1224/2 3327/1223/2 3328/827/2
f 3353/1225/2 3354/1224/2 3328/827/2
f 3353/1225/2 3328/827/2 3329/1226/2
f 3352/808/2 3353/1225/2 3329/1226/2
f 3352/808/2 3329/1226/2 3330/1227/2
f 3351/1228/2 3352/808/2 3330/1227/2
f 3351/1228/2 3330/1227/2 3331/1229/2
f 3350/1230/2 3351/1228/2 3331/1229/2
f 3350/1230/2 3331/1229/2 3332/1231/2
f 3350/1230/2 3332/1231/2 3333/1232/2
f 3349/1233/2 3350/1230/2 3333/1232/2
f 3349/1233/2 3333/1232/2 3334/588/2
f 3348/1234/2 3349/1233/2 3334/588/2
f 3348/1234/2 3334/588/2 3335/1235/2
f 3348/1234/2 3335/1235/2 3336/1236/2
f 3347/1237/2 3348/1234/2 3336/1236/2
f 3347/1237/2 3336/1236/2 3337/1238/2
f 3347/1237/2 3337/1238/2 3338/1239/2
f 3347/1237/2 3338/1239/2 3339/1240/2
f 3347/1237/2 3339/1240/2 3340/736/2
f 3346/779/2 3347/1237/2 3340/736/2
f 3346/779/2 3340/736/2 3341/1241/2
f 3345/1242/2 3346/779/2 3341/1241/2
f 3344/1243/2 3345/1242/2 3341/1241/2
f 3343/1244/2 3344/1243/2 3341/1241/2
f 3342/1245/2 3343/1244/2 3341/1241/2
f 3503/1246/2 3504/1248/2 3505/1247/2
f 3465/1249/2 3466/1251/2 3467/1250/2
f 3503/1246/2 3505/1247/2 3506/1252/2
f 3464/1253/2 3465/1249/2 3467/1250/2
f 3503/1246/2 3506/1252/2 3507/1254/2
f 3463/1255/2 3464/1253/2 3467/1250/2
f 3503/1246/2 3507/1254/2 3508/1256/2
f 3462/1257/2 3463/1255/2 3467/1250/2
f 3503/1246/2 3508/1256/2 3509/1258/2
f 3461/1259/2 3462/1257/2 3467/1250/2
f 3503/1246/2 3509/1258/2 3510/1260/2
f 3460/1261/2 3461/1259/2 3467/1250/2
f 3503/1246/2 3510/1260/2 3511/1262/2
f 3459/1263/2 3460/1261/2 3467/1250/2
f 3503/1246/2 3511/1262/2 3512/1264/2
f 3458/1265/2 3459/1263/2 3467/1250/2
f 3503/1246/2 3512/1264/2 3513/1266/2
f 3457/1267/2 3458/1265/2 3467/1250/2
f 3503/1246/2 3513/1266/2 3514/1268/2
f 3456/1269/2 3457/1267/2 3467/1250/2
f 3503/1246/2 3514/1268/2 3515/1270/2
f 3455/1271/2 3456/1269/2 3467/1250/2
f 3503/1246/2 3515/1270/2 3516/2/2
f 3454/1272/2 3455/1271/2 3467/1250/2
f 3503/1246/2 3516/2/2 3443/135/2
f 3503/1246/2 3443/135/2 3444/1273/2
f 3503/1246/2 3444/1273/2 3445/1274/2
f 3503/1246/2 3445/1274/2 3446/1275/2
f 3503/1246/2 3446/1275/2 3447/1276/2
f 3503/1246/2 3447/1276/2 3448/1277/2
f 3503/1246/2 3448/1277/2 3449/1278/2
f 3503/1246/2 3449/1278/2 3450/1279/2
f 3503/1246/2 3450/1279/2 3451/1280/2
f 3503/1246/2 3451/1280/2 3452/1281/2
f 3503/1246/2 3452/1281/2 3453/1282/2
f 3503/1246/2 3453/1282/2 3454/1272/2
f 3503/1246/2 3454/1272/2 3502/1283/2
f 3502/1283/2 3454/1272/2 3501/1284/2
f 3501/1284/2 3454/1272/2 3500/1285/2
f 3500/1285/2 3454/1272/2 3499/1286/2
f 3499/1286/2 3454/1272/2 3498/1287/2
f 3498/1287/2 3454/1272/2 3497/1288/2
f 3497/1288/2 3454/1272/2 3496/1289/2
f 3496/1289/2 3454/1272/2 3495/1290/2
f 3495/1290/2 3454/1272/2 3494/1291/2
f 3494/1291/2 3454/1272/2 3493/1292/2
f 3493/1292/2 3454/1272/2 3492/1293/2
f 3492/1293/2 3454/1272/2 3491/1294/2
f 3491/1294/2 3454/1272/2 3490/1295/2
f 3490/1295/2 3454/1272/2 3489/1296/2
f 3489/1296/2 3454/1272/2 3488/1297/2
f 3488/1297/2 3454/1272/2 3486/1298/2
f 3486/1298/2 3454/1272/2 3483/1299/2
f 3483/1299/2 3454/1272/2 3480/1300/2
f 3480/1300/2 3454/1272/2 3479/1301/2
f 3479/1301/2 3454/1272/2 3478/1302/2
f 3478/1302/2 3454/1272/2 3477/1303/2
f 3477/1303/2 3454/1272/2 3476/1304/2
f 3476/1304/2 3454/1272/2 3475/1305/2
f 3475/1305/2 3454/1272/2 3474/1306/2
f 3474/1306/2 3454/1272/2 3473/1307/2
f 3473/1307/2 3454/1272/2 3472/1308/2
f 3472/1308/2 3454/1272/2 3467/1250/2
f 3487/1309/1 3488/1297/1 3486/1298/1
f 3485/1310/1 3486/1298/1 3483/1299/1
f 3484/1311/1 3485/1310/1 3483/1299/1
f 3482/1312/1 3483/1299/1 3480/1300/1
f 3481/1313/1 3482/1312/1 3480/1300/1
f 3471/1314/2 3472/1308/2 3467/1250/2
f 3470/1315/2 3471/1314/2 3467/1250/2
f 3469/1316/2 3470/1315/2 3467/1250/2
f 3468/1317/2 3469/1316/2 3467/1250/2
f 3580/1061/2 3581/1319/2 3582/1318/2
f 3580/1061/2 3582/1318/2 3583/1320/2
f 3580/1061/2 3583/1320/2 3584/1321/2
f 3580/1061/2 3584/1321/2 3585/1322/2
f 3579/1323/2 3580/1061/2 3585/1322/2
f 3578/1324/2 3579/1323/2 3585/1322/2
f 3578/1324/2 3585/1322/2 3586/588/2
f 3577/1325/2 3578/1324/2 3586/588/2
f 3577/1325/2 3586/588/2 3587/1326/2
f 3576/1327/2 3577/1325/2 3587/1326/2
f 3576/1327/2 3587/1326/2 3588/1328/2
f 3575/1329/2 3576/1327/2 3588/1328/2
f 3575/1329/2 3588/1328/2 3589/1075/2
f 3574/1330/2 3575/1329/2 3589/1075/2
f 3574/1330/2 3589/1075/2 3590/1331/2
f 3573/1332/2 3574/1330/2 3590/1331/2
f 3573/1332/2 3590/1331/2 3591/1333/2
f 3572/1334/2 3573/1332/2 3591/1333/2
f 3572/1334/2 3591/1333/2 3592/1335/2
f 3571/1085/2 3572/1334/2 3592/1335/2
f 3571/1085/2 3592/1335/2 3593/1336/2
f 3570/1337/2 3571/1085/2 3593/1336/2
f 3570/1337/2 3593/1336/2 3594/1338/2
f 3569/1339/2 3570/1337/2 3594/1338/2
f 3568/1340/2 3569/1339/2 3594/1338/2
f 3567/1341/2 3568/1340/2 3594/1338/2
f 3617/1342/2 3618/1344/2 3619/1343/2
f 3616/1010/2 3617/1342/2 3619/1343/2
f 3615/1345/2 3616/1010/2 3619/1343/2
f 3614/1346/2 3615/1345/2 3619/1343/2
f 3613/1347/2 3614/1346/2 3619/1343/2
f 3612/1348/2 3613/1347/2 3619/1343/2
f 3611/1349/2 3612/1348/2 3619/1343/2
f 3610/1350/2 3611/1349/2 3619/1343/2
f 3609/808/2 3610/1350/2 3619/1343/2
f 3608/1351/2 3609/808/2 3619/1343/2
f 3607/1036/2 3608/1351/2 3619/1343/2
f 3606/1352/2 3607/1036/2 3619/1343/2
f 3605/1353/2 3606/1352/2 3619/1343/2
f 3604/1354/2 3605/1353/2 3619/1343/2
f 3603/1355/2 3604/1354/2 3619/1343/2
f 3602/1356/2 3603/1355/2 3619/1343/2
f 3601/1357/2 3602/1356/2 3619/1343/2
f 3600/1358/2 3601/1357/2 3619/1343/2
f 3599/1359/2 3600/1358/2 3619/1343/2
f 3598/1052/2 3599/1359/2 3619/1343/2
f 3597/1360/2 3598/1052/2 3619/1343/2
f 3596/1361/2 3597/1360/2 3619/1343/2
f 3595/1362/2 3596/1361/2 3619/1343/2
f 3594/1338/2 3595/1362/2 3619/1343/2
f 3567/1341/2 3594/1338/2 3619/1343/2
f 3566/1363/2 3567/1341/2 3619/1343/2
f 3565/1364/2 3566/1363/2 3619/1343/2
f 3564/1365/2 3565/1364/2 3619/1343/2
f 3563/875/2 3564/1365/2 3619/1343/2
f 3562/1111/2 3563/875/2 3619/1343/2
f 3562/1111/2 3619/1343/2 3620/1366/2
f 3562/1111/2 3620/1366/2 3621/1367/2
f 3562/1111/2 3621/1367/2 3622/1368/2
f 3561/1369/2 3562/1111/2 3622/1368/2
f 3561/1369/2 3622/1368/2 3623/1370/2
f 3561/1369/2 3623/1370/2 3624/1371/2
f 3561/1369/2 3624/1371/2 3625/895/2
f 3560/1372/2 3561/1369/2 3625/895/2
f 3560/1372/2 3625/895/2 3626/1373/2
f 3560/1372/2 3626/1373/2 3627/1374/2
f 3560/1372/2 3627/1374/2 3628/1375/2
f 3559/1376/2 3560/1372/2 3628/1375/2
f 3559/1376/2 3628/1375/2 3629/1377/2
f 3559/1376/2 3629/1377/2 3630/1378/2
f 3559/1376/2 3630/1378/2 3631/1379/2
f 3558/1380/2 3559/1376/2 3631/1379/2
f 3558/1380/2 3631/1379/2 3632/634/2
f 3557/1381/2 3558/1380/2 3632/634/2
f 3556/1382/2 3557/1381/2 3632/634/2
f 3555/1383/2 3556/1382/2 3632/634/2
f 3554/1384/2 3555/1383/2 3632/634/2
f 3553/1099/2 3554/1384/2 3632/634/2
f 3552/1385/2 3553/1099/2 3632/634/2
f 3551/1386/2 3552/1385/2 3632/634/2
f 3550/1387/2 3551/1386/2 3632/634/2
f 3549/1388/2 3550/1387/2 3632/634/2
f 3548/1389/2 3549/1388/2 3632/634/2
f 3547/1390/2 3548/1389/2 3632/634/2
f 3546/1391/2 3547/1390/2 3632/634/2
f 3545/1392/2 3546/1391/2 3632/634/2
f 3544/1081/2 3545/1392/2 3632/634/2
f 3543/1393/2 3544/1081/2 3632/634/2
f 3542/1394/2 3543/1393/2 3541/1395/2
f 3541/1395/2 3543/1393/2 3540/825/2
f 3540/825/2 3543/1393/2 3539/1396/2
f 3539/1396/2 3543/1393/2 3538/1397/2
f 3538/1397/2 3543/1393/2 3537/1398/2
f 3537/1398/2 3543/1393/2 3536/1399/2
f 3536/1399/2 3543/1393/2 3535/1026/2
f 3535/1026/2 3543/1393/2 3534/1400/2
f 3534/1400/2 3543/1393/2 3533/1401/2
f 3533/1401/2 3543/1393/2 3532/1402/2
f 3532/1402/2 3543/1393/2 3531/1403/2
f 3531/1403/2 3543/1393/2 3530/1404/2
f 3530/1404/2 3543/1393/2 3632/634/2
f 3530/1404/2 3632/634/2 3529/1405/2
f 3529/1405/2 3632/634/2 3633/1406/2
f 3528/1407/2 3529/1405/2 3633/1406/2
f 3645/1408/2 3646/1410/2 3647/1409/2
f 3644/1411/2 3645/1408/2 3647/1409/2
f 3643/919/2 3644/1411/2 3647/1409/2
f 3642/1412/2 3643/919/2 3647/1409/2
f 3641/1413/2 3642/1412/2 3647/1409/2
f 3640/1414/2 3641/1413/2 3647/1409/2
f 3639/1415/2 3640/1414/2 3647/1409/2
f 3638/1416/2 3639/1415/2 3647/1409/2
f 3637/1417/2 3638/1416/2 3647/1409/2
f 3636/1418/2 3637/1417/2 3647/1409/2
f 3635/1419/2 3636/1418/2 3647/1409/2
f 3634/949/2 3635/1419/2 3647/1409/2
f 3633/1406/2 3634/949/2 3647/1409/2
f 3528/1407/2 3633/1406/2 3647/1409/2
f 3527/1420/2 3528/1407/2 3647/1409/2
f 3526/1014/2 3527/1420/2 3647/1409/2
f 3525/1421/2 3526/1014/2 3647/1409/2
f 3525/1421/2 3647/1409/2 3648/1422/2
f 3525/1421/2 3648/1422/2 3649/1423/2
f 3525/1421/2 3649/1423/2 3650/1424/2
f 3525/1421/2 3650/1424/2 3651/1425/2
f 3525/1421/2 3651/1425/2 3652/909/2
f 3525/1421/2 3652/909/2 3653/1426/2
f 3524/1427/2 3525/1421/2 3653/1426/2
f 3524/1427/2 3653/1426/2 3654/1428/2
f 3524/1427/2 3654/1428/2 3655/310/2
f 3524/1427/2 3655/310/2 3656/1429/2
f 3523/1430/2 3524/1427/2 3656/1429/2
f 3523/1430/2 3656/1429/2 3657/1431/2
f 3523/1430/2 3657/1431/2 3658/1432/2
f 3523/1430/2 3658/1432/2 3659/1433/2
f 3522/1434/2 3523/1430/2 3659/1433/2
f 3522/1434/2 3659/1433/2 3660/1435/2
f 3521/1436/2 3522/1434/2 3660/1435/2
f 3520/1437/2 3521/1436/2 3660/1435/2
f 3519/1438/2 3520/1437/2 3660/1435/2
f 3518/1439/2 3519/1438/2 3660/1435/2
f 3517/135/2 3518/1439/2 3660/1435/2
f 3724/2/2 3517/135/2 3660/1435/2
f 3723/1440/2 3724/2/2 3660/1435/2
f 3722/1441/2 3723/1440/2 3660/1435/2
f 3721/1442/2 3722/1441/2 3660/1435/2
f 3720/1443/2 3721/1442/2 3660/1435/2
f 3719/1444/2 3720/1443/2 3660/1435/2
f 3718/1445/2 3719/1444/2 3660/1435/2
f 3717/1446/2 3718/1445/2 3660/1435/2
f 3716/1447/2 3717/1446/2 3660/1435/2
f 3715/979/2 3716/1447/2 3660/1435/2
f 3714/1448/2 3715/979/2 3660/1435/2
f 3713/1449/2 3714/1448/2 3660/1435/2
f 3712/1450/2 3713/1449/2 3660/1435/2
f 3711/1451/2 3712/1450/2 3710/1452/2
f 3710/1452/2 3712/1450/2 3709/1453/2
f 3709/1453/2 3712/1450/2 3708/1454/2
f 3708/1454/2 3712/1450/2 3707/1455/2
f 3707/1455/2 3712/1450/2 3706/903/2
f 3706/903/2 3712/1450/2 3705/1456/2
f 3705/1456/2 3712/1450/2 3704/1457/2
f 3704/1457/2 3712/1450/2 3703/1458/2
f 3703/1458/2 3712/1450/2 3702/1459/2
f 3702/1459/2 3712/1450/2 3701/738/2
f 3701/738/2 3712/1450/2 3698/1460/2
f 3698/1460/2 3712/1450/2 3697/964/2
f 3697/964/2 3712/1450/2 3696/1461/2
f 3696/1461/2 3712/1450/2 3695/1462/2
f 3695/1462/2 3712/1450/2 3694/1463/2
f 3694/1463/2 3712/1450/2 3693/1464/2
f 3693/1464/2 3712/1450/2 3692/1465/2
f 3692/1465/2 3712/1450/2 3691/1466/2
f 3691/1466/2 3712/1450/2 3690/1467/2
f 3690/1467/2 3712/1450/2 3689/1468/2
f 3689/1468/2 3712/1450/2 3688/994/2
f 3688/994/2 3712/1450/2 3687/1469/2
f 3687/1469/2 3712/1450/2 3660/1435/2
f 3687/1469/2 3660/1435/2 3661/947/2
f 3686/1470/2 3687/1469/2 3661/947/2
f 3701/738/2 3698/1460/2 3700/1471/2
f 3700/1471/6 3698/1460/6 3699/1472/6
f 3686/1470/2 3661/947/2 3662/1473/2
f 3686/1470/2 3662/1473/2 3663/1474/2
f 3685/1475/2 3686/1470/2 3663/1474/2
f 3685/1475/2 3663/1474/2 3664/1476/2
f 3684/1477/2 3685/1475/2 3664/1476/2
f 3684/1477/2 3664/1476/2 3665/1478/2
f 3683/1479/2 3684/1477/2 3665/1478/2
f 3683/1479/2 3665/1478/2 3666/1480/2
f 3682/1481/2 3683/1479/2 3666/1480/2
f 3682/1481/2 3666/1480/2 3667/1482/2
f 3681/1483/2 3682/1481/2 3667/1482/2
f 3681/1483/2 3667/1482/2 3668/1484/2
f 3680/1485/2 3681/1483/2 3668/1484/2
f 3680/1485/2 3668/1484/2 3669/1486/2
f 3679/951/2 3680/1485/2 3669/1486/2
f 3679/951/2 3669/1486/2 3670/886/2
f 3678/679/2 3679/951/2 3670/886/2
f 3678/679/2 3670/886/2 3671/1487/2
f 3677/1488/2 3678/679/2 3671/1487/2
f 3677/1488/2 3671/1487/2 3672/1489/2
f 3676/1490/2 3677/1488/2 3672/1489/2
f 3676/1490/2 3672/1489/2 3673/1491/2
f 3676/1490/2 3673/1491/2 3674/1492/2
f 3675/1493/2 3676/1490/2 3674/1492/2
f 3858/1494/2 3859/1496/2 3860/1495/2
f 3857/1497/2 3858/1494/2 3860/1495/2
f 3822/1498/2 3823/310/2 3824/1499/2
f 3856/1500/2 3857/1497/2 3860/1495/2
f 3822/1498/2 3824/1499/2 3825/1501/2
f 3822/1498/2 3825/1501/2 3826/1502/2
f 3855/1503/2 3856/1500/2 3860/1495/2
f 3822/1498/2 3826/1502/2 3827/1504/2
f 3854/1505/2 3855/1503/2 3860/1495/2
f 3822/1498/2 3827/1504/2 3828/1506/2
f 3822/1498/2 3828/1506/2 3829/1507/2
f 3853/1508/2 3854/1505/2 3860/1495/2
f 3822/1498/2 3829/1507/2 3830/8/2
f 3852/1509/2 3853/1508/2 3860/1495/2
f 3822/1498/2 3830/8/2 3831/1510/2
f 3851/70/2 3852/1509/2 3860/1495/2
f 3822/1498/2 3831/1510/2 3832/1511/2
f 3850/1512/2 3851/70/2 3860/1495/2
f 3822/1498/2 3832/1511/2 3833/1513/2
f 3849/1514/2 3850/1512/2 3860/1495/2
f 3822/1498/2 3833/1513/2 3834/1515/2
f 3848/1516/2 3849/1514/2 3860/1495/2
f 3822/1498/2 3834/1515/2 3835/1517/2
f 3847/1518/2 3848/1516/2 3860/1495/2
f 3822/1498/2 3835/1517/2 3836/1519/2
f 3822/1498/2 3836/1519/2 3837/1520/2
f 3822/1498/2 3837/1520/2 3838/1521/2
f 3822/1498/2 3838/1521/2 3839/1522/2
f 3822/1498/2 3839/1522/2 3840/1523/2
f 3822/1498/2 3840/1523/2 3841/1524/2
f 3822/1498/2 3841/1524/2 3842/1525/2
f 3822/1498/2 3842/1525/2 3843/1526/2
f 3822/1498/2 3843/1526/2 3844/1527/2
f 3822/1498/2 3844/1527/2 3845/1528/2
f 3822/1498/2 3845/1528/2 3846/1529/2
f 3822/1498/2 3846/1529/2 3847/1518/2
f 3822/1498/2 3847/1518/2 3860/1495/2
f 3822/1498/2 3860/1495/2 3821/1530/2
f 3821/1530/2 3860/1495/2 3861/1531/2
f 3821/1530/2 3861/1531/2 3862/1532/2
f 3821/1530/2 3862/1532/2 3820/1533/2
f 3820/1533/2 3862/1532/2 3863/1534/2
f 3820/1533/2 3863/1534/2 3819/1535/2
f 3819/1535/2 3863/1534/2 3864/1536/2
f 3819/1535/2 3864/1536/2 3818/1537/2
f 3818/1537/2 3864/1536/2 3817/1538/2
f 3817/1538/2 3864/1536/2 3865/1539/2
f 3817/1538/2 3865/1539/2 3816/1540/2
f 3816/1540/2 3865/1539/2 3866/1541/2
f 3816/1540/6 3866/1541/6 3815/1542/6
f 3815/1542/2 3866/1541/2 3814/1543/2
f 3814/1543/2 3866/1541/2 3867/1544/2
f 3814/1543/2 3867/1544/2 3813/1545/2
f 3813/1545/2 3867/1544/2 3868/1546/2
f 3813/1545/2 3868/1546/2 3812/1547/2
f 3812/1547/2 3868/1546/2 3869/1548/2
f 3812/1547/2 3869/1548/2 3870/1549/2
f 3812/1547/2 3870/1549/2 3811/1550/2
f 3811/1550/2 3870/1549/2 3871/1551/2
f 3811/1550/2 3871/1551/2 3872/2/2
f 3811/1550/2 3872/2/2 3810/1552/2
f 3810/1552/2 3872/2/2 3808/1553/2
f 3808/1553/2 3872/2/2 3807/1554/2
f 3807/1554/2 3872/2/2 3806/1555/2
f 3806/1555/2 3872/2/2 3805/1556/2
f 3805/1556/2 3872/2/2 3804/1557/2
f 3804/1557/2 3872/2/2 3803/1558/2
f 3803/1558/2 3872/2/2 3802/1559/2
f 3802/1559/2 3872/2/2 3801/1560/2
f 3801/1560/2 3872/2/2 3800/1561/2
f 3800/1561/2 3872/2/2 3799/1562/2
f 3799/1562/2 3872/2/2 3798/1563/2
f 3798/1563/2 3872/2/2 3725/135/2
f 3809/148/1 3810/1552/1 3808/1553/1
f 3797/1564/2 3798/1563/2 3725/135/2
f 3797/1564/2 3725/135/2 3726/1565/2
f 3796/1566/2 3797/1564/2 3726/1565/2
f 3796/1566/2 3726/1565/2 3727/1567/2
f 3795/1568/2 3796/1566/2 3727/1567/2
f 3795/1568/2 3727/1567/2 3728/1569/2
f 3794/1570/2 3795/1568/2 3728/1569/2
f 3794/1570/2 3728/1569/2 3729/1571/2
f 3793/1572/2 3794/1570/2 3729/1571/2
f 3793/1572/2 3729/1571/2 3730/1573/2
f 3792/1574/2 3793/1572/2 3730/1573/2
f 3792/1574/2 3730/1573/2 3731/1575/2
f 3791/1576/2 3792/1574/2 3731/1575/2
f 3791/1576/2 3731/1575/2 3732/1577/2
f 3790/1578/2 3791/1576/2 3732/1577/2
f 3789/1579/2 3790/1578/2 3732/1577/2
f 3789/1579/2 3732/1577/2 3733/1580/2
f 3788/143/2 3789/1579/2 3733/1580/2
f 3788/143/2 3733/1580/2 3734/1581/2
f 3787/1582/2 3788/143/2 3734/1581/2
f 3787/1582/2 3734/1581/2 3735/1583/2
f 3786/1584/2 3787/1582/2 3735/1583/2
f 3786/1584/2 3735/1583/2 3736/1585/2
f 3785/1586/2 3786/1584/2 3736/1585/2
f 3785/1586/2 3736/1585/2 3737/1587/2
f 3784/1588/2 3785/1586/2 3737/1587/2
f 3784/1588/2 3737/1587/2 3738/1589/2
f 3783/1590/2 3784/1588/2 3738/1589/2
f 3783/1590/2 3738/1589/2 3761/1591/2
f 3761/1591/2 3738/1589/2 3739/1592/2
f 3783/1590/2 3761/1591/2 3762/1593/2
f 3760/1594/2 3761/1591/2 3739/1592/2
f 3760/1594/2 3739/1592/2 3740/1595/2
f 3782/1596/2 3783/1590/2 3762/1593/2
f 3759/1597/2 3760/1594/2 3740/1595/2
f 3782/1596/2 3762/1593/2 3763/1598/2
f 3759/1597/2 3740/1595/2 3741/1599/2
f 3781/1600/2 3782/1596/2 3763/1598/2
f 3758/1601/2 3759/1597/2 3741/1599/2
f 3781/1600/2 3763/1598/2 3764/1602/2
f 3758/1601/2 3741/1599/2 3742/1603/2
f 3780/1604/2 3781/1600/2 3764/1602/2
f 3757/1605/2 3758/1601/2 3742/1603/2
f 3780/1604/2 3764/1602/2 3765/1606/2
f 3757/1605/2 3742/1603/2 3743/1607/2
f 3779/1608/2 3780/1604/2 3765/1606/2
f 3756/1609/2 3757/1605/2 3743/1607/2
f 3779/1608/2 3765/1606/2 3766/1610/2
f 3756/1609/2 3743/1607/2 3744/1611/2
f 3778/1612/2 3779/1608/2 3766/1610/2
f 3755/1613/2 3756/1609/2 3744/1611/2
f 3778/1612/2 3766/1610/2 3767/221/2
f 3755/1613/2 3744/1611/2 3745/1614/2
f 3777/1615/2 3778/1612/2 3767/221/2
f 3754/1616/2 3755/1613/2 3745/1614/2
f 3777/1615/2 3767/221/2 3768/1617/2
f 3776/1618/2 3777/1615/2 3768/1617/2
f 3754/1616/2 3745/1614/2 3746/115/2
f 3753/1619/2 3754/1616/2 3746/115/2
f 3776/1618/2 3768/1617/2 3769/1620/2
f 3775/1621/2 3776/1618/2 3769/1620/2
f 3753/1619/2 3746/115/2 3747/1622/2
f 3752/1623/2 3753/1619/2 3747/1622/2
f 3774/588/2 3775/1621/2 3769/1620/2
f 3774/588/2 3769/1620/2 3770/1624/2
f 3752/1623/2 3747/1622/2 3748/1625/2
f 3773/1626/2 3774/588/2 3770/1624/2
f 3751/1627/2 3752/1623/2 3748/1625/2
f 3773/1626/2 3770/1624/2 3771/1628/2
f 3751/1627/2 3748/1625/2 3750/1629/2
f 3750/1629/2 3748/1625/2 3749/1630/2
f 3773/1626/2 3771/1628/2 3772/1631/2
f 3933/1246/2 3934/1248/2 3935/1247/2
f 3895/1249/2 3896/1251/2 3897/1250/2
f 3933/1246/2 3935/1247/2 3936/1252/2
f 3894/1253/2 3895/1249/2 3897/1250/2
f 3933/1246/2 3936/1252/2 3937/1254/2
f 3893/1255/2 3894/1253/2 3897/1250/2
f 3933/1246/2 3937/1254/2 3938/1256/2
f 3892/1257/2 3893/1255/2 3897/1250/2
f 3933/1246/2 3938/1256/2 3939/1258/2
f 3891/1259/2 3892/1257/2 3897/1250/2
f 3933/1246/2 3939/1258/2 3940/1260/2
f 3890/1261/2 3891/1259/2 3897/1250/2
f 3933/1246/2 3940/1260/2 3941/1262/2
f 3889/1263/2 3890/1261/2 3897/1250/2
f 3933/1246/2 3941/1262/2 3942/1264/2
f 3888/1265/2 3889/1263/2 3897/1250/2
f 3933/1246/2 3942/1264/2 3943/1266/2
f 3887/1267/2 3888/1265/2 3897/1250/2
f 3933/1246/2 3943/1266/2 3944/1268/2
f 3886/1269/2 3887/1267/2 3897/1250/2
f 3933/1246/2 3944/1268/2 3945/1270/2
f 3885/1271/2 3886/1269/2 3897/1250/2
f 3933/1246/2 3945/1270/2 3946/2/2
f 3884/1272/2 3885/1271/2 3897/1250/2
f 3933/1246/2 3946/2/2 3873/135/2
f 3933/1246/2 3873/135/2 3874/1273/2
f 3933/1246/2 3874/1273/2 3875/1274/2
f 3933/1246/2 3875/1274/2 3876/1275/2
f 3933/1246/2 3876/1275/2 3877/1276/2
f 3933/1246/2 3877/1276/2 3878/1277/2
f 3933/1246/2 3878/1277/2 3879/1278/2
f 3933/1246/2 3879/1278/2 3880/1279/2
f 3933/1246/2 3880/1279/2 3881/1280/2
f 3933/1246/2 3881/1280/2 3882/1281/2
f 3933/1246/2 3882/1281/2 3883/1282/2
f 3933/1246/2 3883/1282/2 3884/1272/2
f 3933/1246/2 3884/1272/2 3932/1283/2
f 3932/1283/2 3884/1272/2 3931/1284/2
f 3931/1284/2 3884/1272/2 3930/1285/2
f 3930/1285/2 3884/1272/2 3929/1286/2
f 3929/1286/2 3884/1272/2 3928/1287/2
f 3928/1287/2 3884/1272/2 3927/1288/2
f 3927/1288/2 3884/1272/2 3926/1289/2
f 3926/1289/2 3884/1272/2 3925/1290/2
f 3925/1290/2 3884/1272/2 3924/1291/2
f 3924/1291/2 3884/1272/2 3923/1292/2
f 3923/1292/2 3884/1272/2 3922/1293/2
f 3922/1293/2 3884/1272/2 3921/1294/2
f 3921/1294/2 3884/1272/2 3920/1295/2
f 3920/1295/2 3884/1272/2 3919/1296/2
f 3919/1296/2 3884/1272/2 3918/1297/2
f 3918/1297/2 3884/1272/2 3916/1298/2
f 3916/1298/2 3884/1272/2 3913/1299/2
f 3913/1299/2 3884/1272/2 3910/1300/2
f 3910/1300/2 3884/1272/2 3909/1301/2
f 3909/1301/2 3884/1272/2 3908/1302/2
f 3908/1302/2 3884/1272/2 3907/1303/2
f 3907/1303/2 3884/1272/2 3906/1304/2
f 3906/1304/2 3884/1272/2 3905/1305/2
f 3905/1305/2 3884/1272/2 3904/1306/2
f 3904/1306/2 3884/1272/2 3903/1307/2
f 3903/1307/2 3884/1272/2 3902/1308/2
f 3902/1308/2 3884/1272/2 3897/1250/2
f 3917/1309/1 3918/1297/1 3916/1298/1
f 3915/1310/1 3916/1298/1 3913/1299/1
f 3914/1311/1 3915/1310/1 3913/1299/1
f 3912/1312/1 3913/1299/1 3910/1300/1
f 3911/1313/1 3912/1312/1 3910/1300/1
f 3901/1314/2 3902/1308/2 3897/1250/2
f 3900/1315/2 3901/1314/2 3897/1250/2
f 3899/1316/2 3900/1315/2 3897/1250/2
f 3898/1317/2 3899/1316/2 3897/1250/2
f 4041/1632/2 4042/1634/2 3995/1633/2
f 4040/143/2 4041/1632/2 3995/1633/2
f 4040/143/2 3995/1633/2 3996/1635/2
f 4039/1636/2 4040/143/2 3996/1635/2
f 4039/1636/2 3996/1635/2 3997/1637/2
f 4038/1638/2 4039/1636/2 3997/1637/2
f 4038/1638/2 3997/1637/2 3998/1639/2
f 4037/1640/2 4038/1638/2 3998/1639/2
f 4037/1640/2 3998/1639/2 3999/1641/2
f 4036/1642/2 4037/1640/2 3999/1641/2
f 4036/1642/2 3999/1641/2 4000/1643/2
f 4035/1644/2 4036/1642/2 4000/1643/2
f 4035/1644/2 4000/1643/2 4001/1645/2
f 4034/1646/2 4035/1644/2 3971/1647/2
f 3971/1647/2 4035/1644/2 3970/1648/2
f 3970/1648/2 4035/1644/2 4001/1645/2
f 3970/1648/2 4001/1645/2 3969/1649/2
f 3969/1649/2 4001/1645/2 4002/1650/2
f 3968/1651/2 3969/1649/2 4002/1650/2
f 4034/1646/2 3971/1647/2 3972/1652/2
f 3967/1653/2 3968/1651/2 4002/1650/2
f 4034/1646/2 3972/1652/2 3973/1654/2
f 3966/1655/2 3967/1653/2 4002/1650/2
f 4034/1646/2 3973/1654/2 3974/1656/2
f 3965/1657/2 3966/1655/2 4002/1650/2
f 4034/1646/2 3974/1656/2 3975/1658/2
f 4033/1659/2 4034/1646/2 3975/1658/2
f 3965/1657/2 4002/1650/2 4003/1660/2
f 3964/1661/2 3965/1657/2 4003/1660/2
f 4033/1659/2 3975/1658/2 3976/1662/2
f 3963/1663/2 3964/1661/2 4003/1660/2
f 4033/1659/2 3976/1662/2 3977/1664/2
f 4032/1665/2 4033/1659/2 3977/1664/2
f 3963/1663/2 4003/1660/2 4004/1666/2
f 3962/1667/2 3963/1663/2 4004/1666/2
f 4032/1665/2 3977/1664/2 3978/115/2
f 3961/1668/2 3962/1667/2 4004/1666/2
f 4032/1665/2 3978/115/2 3979/1669/2
f 4031/1670/2 4032/1665/2 3979/1669/2
f 3961/1668/2 4004/1666/2 4005/1671/2
f 3960/1672/2 3961/1668/2 4005/1671/2
f 4031/1670/2 3979/1669/2 3980/1673/2
f 3959/1674/2 3960/1672/2 4005/1671/2
f 4031/1670/2 3980/1673/2 3981/1675/2
f 4030/1676/2 4031/1670/2 3981/1675/2
f 3959/1674/2 4005/1671/2 4006/1677/2
f 4059/1678/2 4060/1680/2 4061/1679/2
f 4059/1678/2 4061/1679/2 4062/1681/2
f 4058/1682/2 4059/1678/2 4062/1681/2
f 4058/1682/2 4062/1681/2 4063/1683/2
f 3958/1684/2 3959/1674/2 4006/1677/2
f 4030/1676/2 3981/1675/2 3982/1685/2
f 4057/1686/2 4058/1682/2 4063/1683/2
f 4057/1686/2 4063/1683/2 4064/1687/2
f 4056/1688/2 4057/1686/2 4064/1687/2
f 4029/1689/2 4030/1676/2 3982/1685/2
f 4029/1689/2 3982/1685/2 3983/1690/2
f 3957/1691/2 3958/1684/2 4006/1677/2
f 3957/1691/2 4006/1677/2 4007/1692/2
f 4056/1688/2 4064/1687/2 4065/1693/2
f 3956/1694/2 3957/1691/2 4007/1692/2
f 4029/1689/2 3983/1690/2 3984/1695/2
f 4055/1696/2 4056/1688/2 4065/1693/2
f 4055/1696/2 4065/1693/2 4066/1697/2
f 3956/1694/2 4007/1692/2 4008/1698/2
f 4028/1699/2 4029/1689/2 3984/1695/2
f 3955/1700/2 3956/1694/2 4008/1698/2
f 4028/1699/2 3984/1695/2 3985/1701/2
f 4054/1702/2 4055/1696/2 4066/1697/2
f 4054/1702/2 4066/1697/2 4067/1703/2
f 3954/1704/2 3955/1700/2 4008/1698/2
f 4028/1699/2 3985/1701/2 3986/1705/2
f 3954/1704/2 4008/1698/2 4009/221/2
f 4027/1706/2 4028/1699/2 3986/1705/2
f 3953/1707/2 3954/1704/2 4009/221/2
f 4027/1706/2 3986/1705/2 3987/1708/2
f 4053/1709/2 4054/1702/2 4067/1703/2
f 4053/1709/2 4067/1703/2 4068/1710/2
f 3952/1711/2 3953/1707/2 4009/221/2
f 4027/1706/2 3987/1708/2 3988/1712/2
f 3952/1711/2 4009/221/2 4010/1713/2
f 4026/1714/2 4027/1706/2 3988/1712/2
f 3951/1715/2 3952/1711/2 4010/1713/2
f 4026/1714/2 3988/1712/2 3989/1716/2
f 4052/1717/2 4053/1709/2 4068/1710/2
f 3950/1718/2 3951/1715/2 4010/1713/2
f 4026/1714/2 3989/1716/2 3990/1719/2
f 4052/1717/2 4068/1710/2 4069/1720/2
f 3950/1718/2 4010/1713/2 4011/1721/2
f 4025/1722/2 4026/1714/2 3990/1719/2
f 3949/1723/2 3950/1718/2 4011/1721/2
f 4025/1722/2 3990/1719/2 3991/1724/2
f 3948/1725/2 3949/1723/2 4011/1721/2
f 4025/1722/2 3991/1724/2 3992/1726/2
f 3947/135/2 3948/1725/2 4011/1721/2
f 4025/1722/2 3992/1726/2 3993/1727/2
f 3994/1728/2 3947/135/2 4011/1721/2
f 4025/1722/2 3993/1727/2 3994/1728/2
f 4025/1722/2 3994/1728/2 4011/1721/2
f 4025/1722/2 4011/1721/2 4012/1729/2
f 4024/1730/2 4025/1722/2 4012/1729/2
f 4052/1717/2 4069/1720/2 4121/1731/2
f 4121/1731/2 4069/1720/2 4120/1732/2
f 4120/1732/2 4069/1720/2 4070/1733/2
f 4051/1734/2 4052/1717/2 4121/1731/2
f 4051/1734/2 4121/1731/2 4122/1735/2
f 4119/1736/2 4120/1732/2 4070/1733/2
f 4051/1734/2 4122/1735/2 4123/1737/2
f 4118/1738/2 4119/1736/2 4070/1733/2
f 4051/1734/2 4123/1737/2 4124/1739/2
f 4117/1740/2 4118/1738/2 4070/1733/2
f 4024/1730/2 4012/1729/2 4013/1741/2
f 4023/1742/2 4024/1730/2 4013/1741/2
f 4051/1734/2 4124/1739/2 4125/1743/2
f 4116/1744/2 4117/1740/2 4070/1733/2
f 4116/1744/2 4070/1733/2 4071/148/2
f 4051/1734/2 4125/1743/2 4126/1745/2
f 4023/1742/2 4013/1741/2 4014/1746/2
f 4022/1747/2 4023/1742/2 4014/1746/2
f 4115/1748/2 4116/1744/2 4071/148/2
f 4050/1749/2 4051/1734/2 4126/1745/2
f 4050/1749/2 4126/1745/2 4127/1750/2
f 4022/1747/2 4014/1746/2 4015/1751/2
f 4021/1752/2 4022/1747/2 4015/1751/2
f 4114/1753/2 4115/1748/2 4071/148/2
f 4021/1752/2 4015/1751/2 4016/1754/2
f 4020/1755/2 4021/1752/2 4016/1754/2
f 4114/1753/2 4071/148/2 4072/1756/2
f 4050/1749/2 4127/1750/2 4128/1757/2
f 4113/1758/2 4114/1753/2 4072/1756/2
f 4020/1755/2 4016/1754/2 4017/1759/2
f 4019/1760/2 4020/1755/2 4017/1759/2
f 4049/1761/2 4050/1749/2 4128/1757/2
f 4019/1760/2 4017/1759/2 4018/1762/2
f 4049/1761/2 4128/1757/2 4129/1763/2
f 4112/1764/2 4113/1758/2 4072/1756/2
f 4112/1764/2 4072/1756/2 4073/1765/2
f 4048/1766/2 4049/1761/2 4129/1763/2
f 4048/1766/2 4129/1763/2 4130/1767/2
f 4111/1768/2 4112/1764/2 4073/1765/2
f 4111/1768/2 4073/1765/2 4074/1769/2
f 4110/1770/2 4111/1768/2 4074/1769/2
f 4047/1771/2 4048/1766/2 4130/1767/2
f 4047/1771/2 4130/1767/2 4131/1772/2
f 4110/1770/2 4074/1769/2 4075/1773/2
f 4109/1774/2 4110/1770/2 4075/1773/2
f 4047/1771/2 4131/1772/2 4132/1775/2
f 4046/1776/2 4047/1771/2 4132/1775/2
f 4109/1774/2 4075/1773/2 4076/1777/2
f 4108/1778/2 4109/1774/2 4076/1777/2
f 4108/1778/2 4076/1777/2 4077/1779/2
f 4046/1776/2 4132/1775/2 4133/70/2
f 4045/1780/2 4046/1776/2 4133/70/2
f 4107/1781/2 4108/1778/2 4077/1779/2
f 4107/1781/2 4077/1779/2 4078/1782/2
f 4044/1783/2 4045/1780/2 4133/70/2
f 4044/1783/2 4133/70/2 4134/1784/2
f 4107/1781/2 4078/1782/2 4079/1785/2
f 4106/1786/2 4107/1781/2 4079/1785/2
f 4043/1787/2 4044/1783/2 4134/1784/2
f 4043/1787/2 4134/1784/2 4135/1788/2
f 4106/1786/2 4079/1785/2 4080/1789/2
f 4105/1790/2 4106/1786/2 4080/1789/2
f 4164/2/2 4043/1787/2 4135/1788/2
f 4164/2/2 4135/1788/2 4136/1791/2
f 4163/1792/2 4164/2/2 4136/1791/2
f 4105/1790/2 4080/1789/2 4081/1793/2
f 4104/1794/2 4105/1790/2 4081/1793/2
f 4162/1795/2 4163/1792/2 4136/1791/2
f 4161/1796/2 4162/1795/2 4136/1791/2
f 4161/1796/2 4136/1791/2 4137/1797/2
f 4160/1798/2 4161/1796/2 4137/1797/2
f 4103/1799/2 4104/1794/2 4081/1793/2
f 4159/1800/2 4160/1798/2 4137/1797/2
f 4103/1799/2 4081/1793/2 4082/1801/2
f 4158/1802/2 4159/1800/2 4137/1797/2
f 4158/1802/2 4137/1797/2 4138/1803/2
f 4157/1804/2 4158/1802/2 4138/1803/2
f 4156/1805/2 4157/1804/2 4138/1803/2
f 4102/8/2 4103/1799/2 4082/1801/2
f 4155/1806/2 4156/1805/2 4138/1803/2
f 4102/8/2 4082/1801/2 4083/1807/2
f 4155/1806/2 4138/1803/2 4139/1808/2
f 4154/1809/2 4155/1806/2 4139/1808/2
f 4153/1810/2 4154/1809/2 4139/1808/2
f 4101/1811/2 4102/8/2 4083/1807/2
f 4152/1812/2 4153/1810/2 4139/1808/2
f 4152/1812/2 4139/1808/2 4140/1813/2
f 4151/1814/2 4152/1812/2 4150/1815/2
f 4150/1815/2 4152/1812/2 4149/1816/2
f 4149/1816/2 4152/1812/2 4148/1817/2
f 4148/1817/2 4152/1812/2 4147/1818/2
f 4147/1818/2 4152/1812/2 4146/1819/2
f 4146/1819/2 4152/1812/2 4145/1820/2
f 4145/1820/2 4152/1812/2 4144/1821/2
f 4144/1821/2 4152/1812/2 4143/1822/2
f 4143/1822/2 4152/1812/2 4142/1823/2
f 4142/1823/2 4152/1812/2 4141/1824/2
f 4141/1824/2 4152/1812/2 4140/1813/2
f 4101/1811/2 4083/1807/2 4084/1825/2
f 4100/1826/2 4101/1811/2 4084/1825/2
f 4100/1826/2 4084/1825/2 4085/1827/2
f 4099/1828/2 4100/1826/2 4085/1827/2
f 4099/1828/2 4085/1827/2 4086/1829/2
f 4098/1830/2 4099/1828/2 4086/1829/2
f 4098/1830/2 4086/1829/2 4087/1831/2
f 4097/1832/2 4098/1830/2 4087/1831/2
f 4097/1832/2 4087/1831/2 4088/1833/2
f 4096/1834/2 4097/1832/2 4088/1833/2
f 4096/1834/2 4088/1833/2 4089/1835/2
f 4095/1836/2 4096/1834/2 4089/1835/2
f 4095/1836/2 4089/1835/2 4090/1837/2
f 4094/1838/2 4095/1836/2 4090/1837/2
f 4094/1838/2 4090/1837/2 4093/1839/2
f 4093/1839/2 4090/1837/2 4092/1840/2
f 4092/1840/2 4090/1837/2 4091/1841/2
f 4298/1494/2 4299/1496/2 4300/1495/2
f 4297/1497/2 4298/1494/2 4300/1495/2
f 4262/1498/2 4263/310/2 4264/1499/2
f 4296/1500/2 4297/1497/2 4300/1495/2
f 4262/1498/2 4264/1499/2 4265/1501/2
f 4262/1498/2 4265/1501/2 4266/1502/2
f 4295/1503/2 4296/1500/2 4300/1495/2
f 4262/1498/2 4266/1502/2 4267/1504/2
f 4294/1505/2 4295/1503/2 4300/1495/2
f 4262/1498/2 4267/1504/2 4268/1506/2
f 4262/1498/2 4268/1506/2 4269/1507/2
f 4293/1508/2 4294/1505/2 4300/1495/2
f 4262/1498/2 4269/1507/2 4270/8/2
f 4292/1509/2 4293/1508/2 4300/1495/2
f 4262/1498/2 4270/8/2 4271/1510/2
f 4291/70/2 4292/1509/2 4300/1495/2
f 4262/1498/2 4271/1510/2 4272/1511/2
f 4290/1512/2 4291/70/2 4300/1495/2
f 4262/1498/2 4272/1511/2 4273/1513/2
f 4289/1514/2 4290/1512/2 4300/1495/2
f 4262/1498/2 4273/1513/2 4274/1515/2
f 4288/1516/2 4289/1514/2 4300/1495/2
f 4262/1498/2 4274/1515/2 4275/1517/2
f 4287/1518/2 4288/1516/2 4300/1495/2
f 4262/1498/2 4275/1517/2 4276/1519/2
f 4262/1498/2 4276/1519/2 4277/1520/2
f 4262/1498/2 4277/1520/2 4278/1521/2
f 4262/1498/2 4278/1521/2 4279/1522/2
f 4262/1498/2 4279/1522/2 4280/1523/2
f 4262/1498/2 4280/1523/2 4281/1524/2
f 4262/1498/2 4281/1524/2 4282/1525/2
f 4262/1498/2 4282/1525/2 4283/1526/2
f 4262/1498/2 4283/1526/2 4284/1527/2
f 4262/1498/2 4284/1527/2 4285/1528/2
f 4262/1498/2 4285/1528/2 4286/1529/2
f 4262/1498/2 4286/1529/2 4287/1518/2
f 4262/1498/2 4287/1518/2 4300/1495/2
f 4262/1498/2 4300/1495/2 4261/1530/2
f 4261/1530/2 4300/1495/2 4301/1531/2
f 4261/1530/2 4301/1531/2 4302/1532/2
f 4261/1530/2 4302/1532/2 4260/1533/2
f 4260/1533/2 4302/1532/2 4303/1534/2
f 4260/1533/2 4303/1534/2 4259/1535/2
f 4259/1535/2 4303/1534/2 4304/1536/2
f 4259/1535/2 4304/1536/2 4258/1537/2
f 4258/1537/2 4304/1536/2 4257/1538/2
f 4257/1538/2 4304/1536/2 4305/1539/2
f 4257/1538/2 4305/1539/2 4256/1540/2
f 4256/1540/2 4305/1539/2 4306/1541/2
f 4256/1540/6 4306/1541/6 4255/1542/6
f 4255/1542/2 4306/1541/2 4254/1543/2
f 4254/1543/2 4306/1541/2 4307/1544/2
f 4254/1543/2 4307/1544/2 4253/1545/2
f 4253/1545/2 4307/1544/2 4308/1546/2
f 4253/1545/2 4308/1546/2 4252/1547/2
f 4252/1547/2 4308/1546/2 4309/1548/2
f 4252/1547/2 4309/1548/2 4310/1549/2
f 4252/1547/2 4310/1549/2 4251/1550/2
f 4251/1550/2 4310/1549/2 4311/1551/2
f 4251/1550/2 4311/1551/2 4312/2/2
f 4251/1550/2 4312/2/2 4250/1552/2
f 4250/1552/2 4312/2/2 4248/1553/2
f 4248/1553/2 4312/2/2 4247/1554/2
f 4247/1554/2 4312/2/2 4246/1555/2
f 4246/1555/2 4312/2/2 4245/1556/2
f 4245/1556/2 4312/2/2 4243/1558/2
f 4243/1558/2 4312/2/2 4242/1559/2
f 4242/1559/2 4312/2/2 4240/1561/2
f 4240/1561/2 4312/2/2 4238/1563/2
f 4238/1563/2 4312/2/2 4165/135/2
f 4249/148/1 4250/1552/1 4248/1553/1
f 4244/1557/1 4245/1556/1 4243/1558/1
f 4241/1560/1 4242/1559/1 4240/1561/1
f 4239/1562/1 4240/1561/1 4238/1563/1
f 4237/1564/2 4238/1563/2 4165/135/2
f 4237/1564/2 4165/135/2 4166/1565/2
f 4236/1566/2 4237/1564/2 4166/1565/2
f 4236/1566/2 4166/1565/2 4167/1567/2
f 4235/1568/2 4236/1566/2 4167/1567/2
f 4235/1568/2 4167/1567/2 4168/1569/2
f 4234/1570/2 4235/1568/2 4168/1569/2
f 4234/1570/2 4168/1569/2 4169/1571/2
f 4233/1572/2 4234/1570/2 4169/1571/2
f 4233/1572/2 4169/1571/2 4170/1573/2
f 4232/1574/2 4233/1572/2 4170/1573/2
f 4232/1574/2 4170/1573/2 4171/1575/2
f 4231/1576/2 4232/1574/2 4171/1575/2
f 4231/1576/2 4171/1575/2 4172/1577/2
f 4230/1578/2 4231/1576/2 4172/1577/2
f 4229/1579/2 4230/1578/2 4172/1577/2
f 4229/1579/2 4172/1577/2 4173/1580/2
f 4228/143/2 4229/1579/2 4173/1580/2
f 4228/143/2 4173/1580/2 4174/1581/2
f 4227/1582/2 4228/143/2 4174/1581/2
f 4227/1582/2 4174/1581/2 4175/1583/2
f 4226/1584/2 4227/1582/2 4175/1583/2
f 4226/1584/2 4175/1583/2 4176/1585/2
f 4225/1586/2 4226/1584/2 4176/1585/2
f 4225/1586/2 4176/1585/2 4177/1587/2
f 4224/1588/2 4225/1586/2 4177/1587/2
f 4224/1588/2 4177/1587/2 4178/1589/2
f 4223/1590/2 4224/1588/2 4178/1589/2
f 4223/1590/2 4178/1589/2 4201/1591/2
f 4201/1591/2 4178/1589/2 4179/1592/2
f 4223/1590/2 4201/1591/2 4202/1593/2
f 4200/1594/2 4201/1591/2 4179/1592/2
f 4200/1594/2 4179/1592/2 4180/1595/2
f 4222/1596/2 4223/1590/2 4202/1593/2
f 4199/1597/2 4200/1594/2 4180/1595/2
f 4222/1596/2 4202/1593/2 4203/1598/2
f 4199/1597/2 4180/1595/2 4181/1599/2
f 4221/1600/2 4222/1596/2 4203/1598/2
f 4198/1601/2 4199/1597/2 4181/1599/2
f 4221/1600/2 4203/1598/2 4204/1602/2
f 4198/1601/2 4181/1599/2 4182/1603/2
f 4220/1604/2 4221/1600/2 4204/1602/2
f 4197/1605/2 4198/1601/2 4182/1603/2
f 4220/1604/2 4204/1602/2 4205/1606/2
f 4197/1605/2 4182/1603/2 4183/1607/2
f 4219/1608/2 4220/1604/2 4205/1606/2
f 4196/1609/2 4197/1605/2 4183/1607/2
f 4219/1608/2 4205/1606/2 4206/1610/2
f 4196/1609/2 4183/1607/2 4184/1611/2
f 4218/1612/2 4219/1608/2 4206/1610/2
f 4195/1613/2 4196/1609/2 4184/1611/2
f 4218/1612/2 4206/1610/2 4207/221/2
f 4195/1613/2 4184/1611/2 4185/1614/2
f 4217/1615/2 4218/1612/2 4207/221/2
f 4194/1616/2 4195/1613/2 4185/1614/2
f 4217/1615/2 4207/221/2 4208/1617/2
f 4216/1618/2 4217/1615/2 4208/1617/2
f 4194/1616/2 4185/1614/2 4186/115/2
f 4193/1619/2 4194/1616/2 4186/115/2
f 4216/1618/2 4208/1617/2 4209/1620/2
f 4215/1621/2 4216/1618/2 4209/1620/2
f 4193/1619/2 4186/115/2 4187/1622/2
f 4192/1623/2 4193/1619/2 4187/1622/2
f 4214/588/2 4215/1621/2 4209/1620/2
f 4214/588/2 4209/1620/2 4210/1624/2
f 4192/1623/2 4187/1622/2 4188/1625/2
f 4213/1626/2 4214/588/2 4210/1624/2
f 4191/1627/2 4192/1623/2 4188/1625/2
f 4213/1626/2 4210/1624/2 4211/1628/2
f 4191/1627/2 4188/1625/2 4190/1629/2
f 4190/1629/2 4188/1625/2 4189/1630/2
f 4213/1626/2 4211/1628/2 4212/1631/2
s 1
f 4316/1842/7 4313/135/8 4314/1843/8
f 4318/1844/9 4315/1845/7 4316/1842/7
f 4320/1846/10 4317/1847/9 4318/1844/9
f 4322/1848/11 4319/1849/10 4320/1846/10
f 4324/1850/12 4321/1851/11 4322/1848/11
f 4326/1852/13 4323/1853/12 4324/1850/12
f 4328/1854/14 4325/1855/13 4326/1852/13
f 4330/1856/15 4327/1857/14 4328/1854/14
f 4332/1858/16 4329/1859/15 4330/1856/15
f 4334/1860/17 4331/1861/16 4332/1858/16
f 4336/1862/18 4333/1863/17 4334/1860/17
f 4338/1864/19 4335/1865/18 4336/1862/18
f 4340/1866/20 4337/1867/19 4338/1864/19
f 4342/1868/21 4339/1869/20 4340/1866/20
f 4344/1870/22 4341/1871/21 4342/1868/21
f 4346/1872/23 4343/1873/22 4344/1870/22
f 4348/1874/24 4345/1875/23 4346/1872/23
f 4350/1876/25 4347/1877/24 4348/1874/24
f 4352/1878/26 4349/1879/25 4350/1876/25
f 4354/1880/27 4351/1881/26 4352/1878/26
f 4356/1882/28 4353/1883/27 4354/1880/27
f 4358/1884/29 4355/1885/28 4356/1882/28
f 4360/1886/30 4357/1887/29 4358/1884/29
f 4362/1888/31 4359/1889/30 4360/1886/30
f 4364/1890/32 4361/1891/31 4362/1888/31
f 4366/1892/33 4363/1893/32 4364/1890/32
f 4368/1894/34 4365/1895/33 4366/1892/33
f 4370/1896/35 4367/1897/34 4368/1894/34
f 4372/1898/36 4369/1899/35 4370/1896/35
f 4374/1900/37 4371/1901/36 4372/1898/36
f 4376/1902/38 4373/1903/37 4374/1900/37
f 4378/1904/39 4375/1905/38 4376/1902/38
f 4380/1906/40 4377/1907/39 4378/1904/39
f 4382/1908/41 4379/1909/40 4380/1906/40
f 4384/1910/42 4381/1911/41 4382/1908/41
f 4386/1912/43 4383/1913/42 4384/1910/42
f 4388/1914/44 4385/1915/43 4386/1912/43
f 4390/1916/45 4387/1917/44 4388/1914/44
f 4392/1918/46 4389/1919/45 4390/1916/45
f 4394/1920/47 4391/1921/46 4392/1918/46
f 4396/1922/48 4393/1923/47 4394/1920/47
f 4398/1924/49 4395/1925/48 4396/1922/48
f 4400/1926/50 4397/1927/49 4398/1924/49
f 4402/1928/51 4399/1929/50 4400/1926/50
f 4404/1930/52 4401/1931/51 4402/1928/51
f 4406/1932/53 4403/1933/52 4404/1930/52
f 4408/1934/54 4405/1935/53 4406/1932/53
f 4410/1936/55 4407/1937/54 4408/1934/54
f 4412/1938/56 4409/1939/55 4410/1936/55
f 4414/1940/57 4411/1941/58 4412/1938/56
f 4416/1942/59 4413/1943/57 4414/1940/57
f 4418/1944/60 4415/1945/59 4416/1942/59
f 4420/1946/61 4417/1947/60 4418/1944/60
f 4422/1948/62 4419/1949/61 4420/1946/61
f 4424/1950/63 4421/1951/62 4422/1948/62
f 4426/1952/64 4423/1953/63 4424/1950/63
f 4428/1954/65 4425/1955/66 4426/1952/64
f 4430/1956/67 4427/1957/65 4428/1954/65
f 4432/1958/68 4429/1959/69 4430/1956/67
f 4434/1960/70 4431/1961/68 4432/1958/68
f 4436/1962/71 4433/1963/70 4434/1960/70
f 4438/1964/72 4435/1965/71 4436/1962/71
f 4440/1966/73 4437/1967/72 4438/1964/72
f 4442/1968/74 4439/1969/73 4440/1966/73
f 4444/1970/75 4441/1971/74 4442/1968/74
f 4446/1972/76 4443/1973/77 4444/1970/75
f 4448/1974/78 4445/1975/76 4446/1972/76
f 4450/1976/79 4447/1977/78 4448/1974/78
f 4452/1978/80 4449/1979/79 4450/1976/79
f 4454/1980/81 4451/1981/80 4452/1978/80
f 4456/1982/82 4453/1983/81 4454/1980/81
f 4458/1984/83 4455/1985/82 4456/1982/82
f 4460/1986/84 4457/1987/83 4458/1984/83
f 4462/1988/85 4459/1989/84 4460/1986/84
f 4464/1990/85 4461/181/85 4462/1988/85
f 4466/1991/85 4463/1992/85 4464/1990/85
f 4468/1993/85 4465/1994/85 4466/1991/85
f 4470/1995/85 4467/1996/85 4468/1993/85
f 4472/1997/85 4469/1998/85 4470/1995/85
f 4474/1999/85 4471/2000/85 4472/1997/85
f 4476/2001/85 4473/2002/85 4474/1999/85
f 4478/2003/85 4475/2004/85 4476/2001/85
f 4480/2005/85 4477/2006/85 4478/2003/85
f 4482/2007/85 4479/2008/85 4480/2005/85
f 4484/2009/86 4481/2010/85 4482/2007/85
f 4486/2011/87 4483/2012/86 4484/2009/86
f 4488/2013/88 4485/2014/87 4486/2011/87
f 4490/2015/89 4487/2016/88 4488/2013/88
f 4492/2017/90 4489/2018/89 4490/2015/89
f 4494/2019/91 4491/2020/90 4492/2017/90
f 4496/2021/92 4493/2022/91 4494/2019/91
f 4498/2023/93 4495/2024/92 4496/2021/92
f 4500/2025/94 4497/2026/93 4498/2023/93
f 4502/2027/95 4499/2028/94 4500/2025/94
f 4504/2029/96 4501/2030/95 4502/2027/95
f 4506/2031/97 4503/2032/96 4504/2029/96
f 4508/2033/98 4505/2034/99 4506/2031/97
f 4510/2035/100 4507/2036/98 4508/2033/98
f 4512/2037/101 4509/2038/100 4510/2035/100
f 4514/2039/102 4511/2040/101 4512/2037/101
f 4516/2041/103 4513/2042/102 4514/2039/102
f 4518/2043/104 4515/2044/103 4516/2041/103
f 4520/2045/105 4517/2046/104 4518/2043/104
f 4522/2047/106 4519/2048/105 4520/2045/105
f 4524/2049/107 4521/2050/106 4522/2047/106
f 4526/2051/108 4523/2052/107 4524/2049/107
f 4528/2053/109 4525/2054/108 4526/2051/108
f 4530/2055/110 4527/2056/109 4528/2053/109
f 4532/2057/111 4529/2058/110 4530/2055/110
f 4534/2059/112 4531/2060/111 4532/2057/111
f 4536/2061/113 4533/2062/112 4534/2059/112
f 4538/2063/113 4535/2064/113 4536/2061/113
f 4540/2065/113 4537/2066/113 4538/2063/113
f 4542/2067/113 4539/2068/113 4540/2065/113
f 4544/2069/113 4541/2070/113 4542/2067/113
f 4546/2071/113 4543/2072/113 4544/2069/113
f 4548/2073/113 4545/2074/113 4546/2071/113
f 4550/2075/113 4547/2076/113 4548/2073/113
f 4552/2077/113 4549/2078/113 4550/2075/113
f 4554/2079/113 4551/2080/113 4552/2077/113
f 4556/2081/113 4553/2082/113 4554/2079/113
f 4558/2083/114 4555/2084/113 4556/2081/113
f 4560/2085/115 4557/2086/114 4558/2083/114
f 4562/2087/116 4559/2088/115 4560/2085/115
f 4564/2089/117 4561/2090/116 4562/2087/116
f 4566/2091/118 4563/2092/117 4564/2089/117
f 4568/2093/119 4565/2094/118 4566/2091/118
f 4570/2095/120 4567/2096/119 4568/2093/119
f 4572/2097/121 4569/2098/120 4570/2095/120
f 4574/2099/122 4571/2100/121 4572/2097/121
f 4576/2101/123 4573/2102/122 4574/2099/122
f 4578/2103/124 4575/2104/123 4576/2101/123
f 4580/2105/125 4577/2106/124 4578/2103/124
f 4582/2107/126 4579/2108/127 4580/2105/125
f 4584/2109/128 4581/2110/126 4582/2107/126
f 4586/2111/129 4583/2112/130 4584/2109/128
f 4588/2113/131 4585/2114/132 4586/2111/129
f 4590/2115/133 4587/2116/131 4588/2113/131
f 4592/2117/134 4589/2118/133 4590/2115/133
f 4594/2119/135 4591/2120/136 4592/2117/134
f 4596/2121/137 4593/2122/138 4594/2119/135
f 4598/2123/139 4595/2124/140 4596/2121/137
f 4600/2125/141 4597/2126/139 4598/2123/139
f 4602/2127/142 4599/2128/141 4600/2125/141
f 4604/2129/143 4601/2130/142 4602/2127/142
f 4606/2131/144 4603/2132/145 4604/2129/143
f 4608/2133/146 4605/2134/147 4606/2131/144
f 4314/2135/8 4607/2136/148 4608/2133/146
f 4612/2137/149 4609/135/150 4610/1843/150
f 4614/2138/151 4611/2139/149 4612/2137/149
f 4616/2140/152 4613/2141/151 4614/2138/151
f 4618/2142/153 4615/2143/152 4616/2140/152
f 4620/2144/154 4617/2145/153 4618/2142/153
f 4622/2146/155 4619/2147/154 4620/2144/154
f 4624/2148/156 4621/2149/155 4622/2146/155
f 4626/2150/157 4623/2151/158 4624/2148/156
f 4628/2152/159 4625/523/157 4626/2150/157
f 4630/2153/160 4627/2154/159 4628/2152/159
f 4632/2155/161 4629/2156/160 4630/2153/160
f 4634/1914/162 4631/2157/161 4632/2155/161
f 4636/2158/163 4633/1917/162 4634/1914/162
f 4638/2159/164 4635/2160/163 4636/2158/163
f 4640/2161/165 4637/2162/166 4638/2159/164
f 4642/2163/167 4639/2164/165 4640/2161/165
f 4644/2165/168 4641/588/169 4642/2163/167
f 4646/2166/170 4643/2167/168 4644/2165/168
f 4648/2168/171 4645/2169/172 4646/2166/170
f 4650/2170/173 4647/2171/171 4648/2168/171
f 4652/2172/174 4649/2173/173 4650/2170/173
f 4654/2174/175 4651/2175/174 4652/2172/174
f 4656/2176/176 4653/2177/175 4654/2174/175
f 4658/1988/177 4655/2178/176 4656/2176/176
f 4660/2179/178 4657/181/177 4658/1988/177
f 4662/2180/179 4659/2181/178 4660/2179/178
f 4664/2182/180 4661/2183/179 4662/2180/179
f 4666/2184/181 4663/2185/180 4664/2182/180
f 4668/2186/182 4665/2187/181 4666/2184/181
f 4670/2188/183 4667/2189/182 4668/2186/182
f 4672/2190/184 4669/2191/183 4670/2188/183
f 4674/2192/185 4671/2193/186 4672/2190/184
f 4676/2194/187 4673/310/188 4674/2192/185
f 4678/2195/189 4675/2196/187 4676/2194/187
f 4680/2197/190 4677/2198/191 4678/2195/189
f 4682/2061/192 4679/2199/190 4680/2197/190
f 4684/2200/193 4681/2064/194 4682/2061/192
f 4686/2201/195 4683/2202/193 4684/2200/193
f 4688/2203/196 4685/2204/197 4686/2201/195
f 4690/2205/198 4687/2206/199 4688/2203/196
f 4692/2207/200 4689/269/198 4690/2205/198
f 4694/2208/201 4691/2209/200 4692/2207/200
f 4696/2210/202 4693/2211/203 4694/2208/201
f 4698/2212/204 4695/2213/202 4696/2210/202
f 4700/2214/205 4697/2215/204 4698/2212/204
f 4702/2216/206 4699/2217/205 4700/2214/205
f 4704/2218/207 4701/2219/206 4702/2216/206
f 4610/2135/150 4703/2220/207 4704/2218/207
f 4708/2137/208 4705/135/209 4706/1843/209
f 4710/2138/210 4707/2139/208 4708/2137/208
f 4712/2140/211 4709/2141/212 4710/2138/210
f 4714/2142/213 4711/2143/211 4712/2140/211
f 4716/2144/214 4713/2145/213 4714/2142/213
f 4718/2146/215 4715/2147/214 4716/2144/214
f 4720/2148/216 4717/2149/215 4718/2146/215
f 4722/2150/217 4719/2151/216 4720/2148/216
f 4724/2152/218 4721/523/217 4722/2150/217
f 4726/2153/219 4723/2154/218 4724/2152/218
f 4728/2155/220 4725/2156/219 4726/2153/219
f 4730/1914/221 4727/2157/222 4728/2155/220
f 4732/2158/223 4729/1917/224 4730/1914/221
f 4734/2159/225 4731/2160/226 4732/2158/223
f 4736/2161/227 4733/2162/225 4734/2159/225
f 4738/2163/228 4735/2164/227 4736/2161/227
f 4740/2165/229 4737/588/228 4738/2163/228
f 4742/2166/230 4739/2167/229 4740/2165/229
f 4744/2168/231 4741/2169/230 4742/2166/230
f 4746/2170/232 4743/2171/231 4744/2168/231
f 4748/2172/233 4745/2173/234 4746/2170/232
f 4750/2174/235 4747/2175/233 4748/2172/233
f 4752/2176/85 4749/2177/235 4750/2174/235
f 4754/1988/236 4751/2178/85 4752/2176/85
f 4756/2179/237 4753/181/236 4754/1988/236
f 4758/2180/238 4755/2181/237 4756/2179/237
f 4760/2182/239 4757/2183/240 4758/2180/238
f 4762/2184/170 4759/2185/239 4760/2182/239
f 4764/2186/241 4761/2187/170 4762/2184/170
f 4766/2188/242 4763/2189/241 4764/2186/241
f 4768/2190/243 4765/2191/242 4766/2188/242
f 4770/2192/244 4767/2193/245 4768/2190/243
f 4772/2194/246 4769/310/247 4770/2192/244
f 4774/2195/248 4771/2196/246 4772/2194/246
f 4776/2197/249 4773/2198/248 4774/2195/248
f 4778/2061/250 4775/2199/251 4776/2197/249
f 4780/2200/252 4777/2064/250 4778/2061/250
f 4782/2201/253 4779/2202/252 4780/2200/252
f 4784/2203/254 4781/2204/255 4782/2201/253
f 4786/2205/256 4783/2206/254 4784/2203/254
f 4788/2207/154 4785/269/256 4786/2205/256
f 4790/2208/257 4787/2209/154 4788/2207/154
f 4792/2210/258 4789/2211/257 4790/2208/257
f 4794/2212/259 4791/2213/258 4792/2210/258
f 4796/2214/260 4793/2215/259 4794/2212/259
f 4798/2216/261 4795/2217/262 4796/2214/260
f 4800/2218/113 4797/2219/261 4798/2216/261
f 4706/2135/209 4799/2220/113 4800/2218/113
f 4804/2221/263 4801/135/264 4802/1843/264
f 4806/2222/265 4803/2223/263 4804/2221/263
f 4808/2224/266 4805/2225/267 4806/2222/265
f 4810/2226/268 4807/2227/266 4808/2224/266
f 4812/2228/269 4809/2229/268 4810/2226/268
f 4814/2230/270 4811/2231/271 4812/2228/269
f 4816/2232/272 4813/2233/273 4814/2230/270
f 4818/2234/274 4815/2235/272 4816/2232/272
f 4820/2236/275 4817/2237/274 4818/2234/274
f 4822/2238/276 4819/2239/275 4820/2236/275
f 4824/2240/277 4821/2241/276 4822/2238/276
f 4826/2242/278 4823/2243/277 4824/2240/277
f 4828/2244/279 4825/2245/278 4826/2242/278
f 4830/2246/280 4827/2247/279 4828/2244/279
f 4832/2248/281 4829/2249/280 4830/2246/280
f 4834/2250/282 4831/2251/281 4832/2248/281
f 4836/2252/283 4833/2253/282 4834/2250/282
f 4838/2254/284 4835/2255/283 4836/2252/283
f 4840/2256/285 4837/2257/284 4838/2254/284
f 4842/2258/286 4839/2259/285 4840/2256/285
f 4844/2260/287 4841/2261/286 4842/2258/286
f 4846/2262/288 4843/2263/289 4844/2260/287
f 4848/2264/290 4845/2265/288 4846/2262/288
f 4850/2266/291 4847/2267/292 4848/2264/290
f 4852/2268/293 4849/2269/291 4850/2266/291
f 4854/2270/294 4851/2271/293 4852/2268/293
f 4856/2272/295 4853/2273/294 4854/2270/294
f 4858/2274/296 4855/2275/295 4856/2272/295
f 4860/2276/297 4857/2277/296 4858/2274/296
f 4862/2278/298 4859/2279/297 4860/2276/297
f 4864/2280/299 4861/2281/298 4862/2278/298
f 4866/2282/300 4863/2283/299 4864/2280/299
f 4868/2284/301 4865/2285/300 4866/2282/300
f 4870/2286/302 4867/2287/301 4868/2284/301
f 4872/2288/303 4869/2289/302 4870/2286/302
f 4874/2290/304 4871/2291/305 4872/2288/303
f 4876/2292/306 4873/2293/304 4874/2290/304
f 4878/2294/307 4875/2295/306 4876/2292/306
f 4880/2296/308 4877/2297/307 4878/2294/307
f 4882/2298/309 4879/2299/308 4880/2296/308
f 4884/2300/310 4881/2301/311 4882/2298/309
f 4886/2302/310 4883/2303/312 4884/2300/310
f 4888/2304/313 4885/2305/310 4886/2302/310
f 4890/2306/314 4887/2307/313 4888/2304/313
f 4892/2308/315 4889/2309/314 4890/2306/314
f 4894/2310/316 4891/2311/315 4892/2308/315
f 4896/2312/317 4893/2313/316 4894/2310/316
f 4898/2314/318 4895/2315/317 4896/2312/317
f 4900/2316/319 4897/2317/318 4898/2314/318
f 4902/2318/320 4899/2319/319 4900/2316/319
f 4904/2320/321 4901/2321/320 4902/2318/320
f 4906/2322/322 4903/2323/321 4904/2320/321
f 4908/2324/323 4905/2325/322 4906/2322/322
f 4910/2326/324 4907/2327/323 4908/2324/323
f 4912/2328/325 4909/2329/324 4910/2326/324
f 4914/2330/326 4911/2331/327 4912/2328/325
f 4916/2332/328 4913/2333/326 4914/2330/326
f 4918/2334/329 4915/2335/328 4916/2332/328
f 4920/2336/330 4917/2337/329 4918/2334/329
f 4922/2338/331 4919/2339/330 4920/2336/330
f 4924/1988/332 4921/2340/331 4922/2338/331
f 4926/2341/333 4923/181/332 4924/1988/332
f 4928/2342/334 4925/2343/333 4926/2341/333
f 4930/2344/335 4927/2345/334 4928/2342/334
f 4932/2346/336 4929/2347/335 4930/2344/335
f 4934/2348/337 4931/2349/336 4932/2346/336
f 4936/2350/338 4933/2351/339 4934/2348/337
f 4938/2352/340 4935/2353/338 4936/2350/338
f 4940/2354/341 4937/2355/340 4938/2352/340
f 4942/2356/342 4939/2357/341 4940/2354/341
f 4944/2358/343 4941/2359/344 4942/2356/342
f 4946/2360/345 4943/2361/343 4944/2358/343
f 4948/2362/346 4945/2363/347 4946/2360/345
f 4950/2364/348 4947/2365/349 4948/2362/346
f 4952/2366/350 4949/2367/348 4950/2364/348
f 4954/2368/351 4951/2369/350 4952/2366/350
f 4956/2370/352 4953/2371/351 4954/2368/351
f 4958/2372/353 4955/2373/352 4956/2370/352
f 4960/2374/354 4957/2375/353 4958/2372/353
f 4962/2376/355 4959/2377/354 4960/2374/354
f 4964/2378/356 4961/2379/355 4962/2376/355
f 4966/2380/357 4963/2381/356 4964/2378/356
f 4968/2382/358 4965/2383/357 4966/2380/357
f 4970/2384/359 4967/2385/358 4968/2382/358
f 4972/2386/360 4969/2387/359 4970/2384/359
f 4974/2388/361 4971/2389/360 4972/2386/360
f 4976/2390/362 4973/2391/361 4974/2388/361
f 4978/2392/363 4975/2393/362 4976/2390/362
f 4980/2394/364 4977/2395/363 4978/2392/363
f 4982/2396/365 4979/2397/364 4980/2394/364
f 4984/2398/366 4981/2399/365 4982/2396/365
f 4986/2400/367 4983/2401/366 4984/2398/366
f 4988/2402/368 4985/2403/367 4986/2400/367
f 4990/2404/369 4987/2405/368 4988/2402/368
f 4992/2406/370 4989/2407/371 4990/2404/369
f 4994/2408/372 4991/2409/370 4992/2406/370
f 4996/2410/373 4993/2411/374 4994/2408/372
f 4998/2412/375 4995/2413/373 4996/2410/373
f 5000/2414/376 4997/2415/375 4998/2412/375
f 5002/2416/377 4999/2417/376 5000/2414/376
f 5004/2418/378 5001/2419/379 5002/2416/377
f 5006/2420/380 5003/2421/378 5004/2418/378
f 5008/2422/381 5005/2423/380 5006/2420/380
f 5010/2424/382 5007/2425/381 5008/2422/381
f 5012/2426/383 5009/2427/382 5010/2424/382
f 5014/2428/384 5011/2429/385 5012/2426/383
f 5016/2430/386 5013/2431/387 5014/2428/384
f 5018/2432/388 5015/2433/386 5016/2430/386
f 5020/2434/389 5017/2435/390 5018/2432/388
f 5022/2436/391 5019/2437/392 5020/2434/389
f 5024/2438/393 5021/2439/394 5022/2436/391
f 5026/2440/395 5023/2441/393 5024/2438/393
f 5028/2442/396 5025/2443/397 5026/2440/395
f 5030/2444/398 5027/2445/396 5028/2442/396
f 5032/2446/399 5029/2447/400 5030/2444/398
f 5034/2448/401 5031/2449/402 5032/2446/399
f 5036/2450/403 5033/2451/401 5034/2448/401
f 5038/2452/404 5035/2453/403 5036/2450/403
f 5040/2454/405 5037/2455/404 5038/2452/404
f 5042/2456/406 5039/2457/407 5040/2454/405
f 5044/2458/408 5041/2459/406 5042/2456/406
f 4802/2135/264 5043/2460/408 5044/2458/408
f 5048/1844/113 5045/135/113 5046/1843/113
f 5050/1848/113 5047/1847/113 5048/1844/113
f 5052/1852/113 5049/1851/113 5050/1848/113
f 5054/1856/113 5051/1855/113 5052/1852/113
f 5056/1860/113 5053/1859/113 5054/1856/113
f 5058/1864/113 5055/1863/113 5056/1860/113
f 5060/1868/113 5057/1867/113 5058/1864/113
f 5062/1872/113 5059/1871/113 5060/1868/113
f 5064/1876/113 5061/1875/113 5062/1872/113
f 5066/1880/113 5063/1879/113 5064/1876/113
f 5068/1884/409 5065/1883/113 5066/1880/113
f 5070/1888/410 5067/1887/409 5068/1884/409
f 5072/1892/411 5069/1891/410 5070/1888/410
f 5074/1896/412 5071/1895/411 5072/1892/411
f 5076/1900/413 5073/1899/412 5074/1896/412
f 5078/1904/414 5075/1903/413 5076/1900/413
f 5080/1908/415 5077/1907/414 5078/1904/414
f 5082/1912/416 5079/1911/415 5080/1908/415
f 5084/1916/417 5081/1915/416 5082/1912/416
f 5086/1920/418 5083/1919/417 5084/1916/417
f 5088/1924/419 5085/1923/418 5086/1920/418
f 5090/1928/420 5087/1927/419 5088/1924/419
f 5092/1932/421 5089/1931/420 5090/1928/420
f 5094/1936/422 5091/1935/423 5092/1932/421
f 5096/1940/424 5093/1939/422 5094/1936/422
f 5098/1944/425 5095/1943/424 5096/1940/424
f 5100/1948/426 5097/1947/425 5098/1944/425
f 5102/1952/427 5099/1951/426 5100/1948/426
f 5104/1956/428 5101/1955/427 5102/1952/427
f 5106/1960/429 5103/1959/428 5104/1956/428
f 5108/1964/430 5105/1963/429 5106/1960/429
f 5110/1968/431 5107/1967/430 5108/1964/430
f 5112/1972/432 5109/1971/431 5110/1968/431
f 5114/1976/433 5111/1975/432 5112/1972/432
f 5116/1980/434 5113/1979/433 5114/1976/433
f 5118/1984/435 5115/1983/434 5116/1980/434
f 5120/1988/85 5117/1987/435 5118/1984/435
f 5122/1991/85 5119/181/85 5120/1988/85
f 5124/1995/85 5121/1994/85 5122/1991/85
f 5126/1999/85 5123/1998/85 5124/1995/85
f 5128/2003/85 5125/2002/85 5126/1999/85
f 5130/2007/85 5127/2006/85 5128/2003/85
f 5132/2011/85 5129/2010/85 5130/2007/85
f 5134/2015/85 5131/2014/85 5132/2011/85
f 5136/2019/85 5133/2018/85 5134/2015/85
f 5138/2023/85 5135/2022/85 5136/2019/85
f 5140/2027/85 5137/2026/85 5138/2023/85
f 5142/2031/436 5139/2030/85 5140/2027/85
f 5144/2035/437 5141/2034/436 5142/2031/436
f 5146/2039/438 5143/2038/437 5144/2035/437
f 5148/2043/439 5145/2042/438 5146/2039/438
f 5150/2047/440 5147/2046/439 5148/2043/439
f 5152/2051/441 5149/2050/440 5150/2047/440
f 5154/2055/442 5151/2054/441 5152/2051/441
f 5156/2059/443 5153/2058/442 5154/2055/442
f 5158/2063/444 5155/2062/443 5156/2059/443
f 5160/2067/445 5157/2066/444 5158/2063/444
f 5162/2071/446 5159/2070/445 5160/2067/445
f 5164/2075/447 5161/2074/446 5162/2071/446
f 5166/2079/448 5163/2078/449 5164/2075/447
f 5168/2083/450 5165/2082/448 5166/2079/448
f 5170/2087/451 5167/2086/450 5168/2083/450
f 5172/2091/452 5169/2090/451 5170/2087/451
f 5174/2095/453 5171/2094/452 5172/2091/452
f 5176/2099/454 5173/2098/453 5174/2095/453
f 5178/2103/455 5175/2102/454 5176/2099/454
f 5180/2107/456 5177/2106/455 5178/2103/455
f 5182/2111/457 5179/2110/456 5180/2107/456
f 5184/2115/458 5181/2114/457 5182/2111/457
f 5186/2119/459 5183/2118/458 5184/2115/458
f 5188/2123/460 5185/2122/459 5186/2119/459
f 5190/2127/461 5187/2126/460 5188/2123/460
f 5192/2131/462 5189/2130/461 5190/2127/461
f 5046/2135/113 5191/2134/462 5192/2131/462
f 5196/1842/7 5193/135/8 5194/1843/8
f 5198/1844/9 5195/1845/7 5196/1842/7
f 5200/1846/10 5197/1847/9 5198/1844/9
f 5202/1848/11 5199/1849/10 5200/1846/10
f 5204/1850/12 5201/1851/11 5202/1848/11
f 5206/1852/13 5203/1853/12 5204/1850/12
f 5208/1854/14 5205/1855/13 5206/1852/13
f 5210/1856/15 5207/1857/14 5208/1854/14
f 5212/1858/16 5209/1859/15 5210/1856/15
f 5214/1860/17 5211/1861/16 5212/1858/16
f 5216/1862/18 5213/1863/17 5214/1860/17
f 5218/1864/19 5215/1865/18 5216/1862/18
f 5220/1866/20 5217/1867/19 5218/1864/19
f 5222/1868/21 5219/1869/20 5220/1866/20
f 5224/1870/22 5221/1871/21 5222/1868/21
f 5226/1872/23 5223/1873/22 5224/1870/22
f 5228/1874/24 5225/1875/23 5226/1872/23
f 5230/1876/25 5227/1877/24 5228/1874/24
f 5232/1878/26 5229/1879/25 5230/1876/25
f 5234/1880/27 5231/1881/26 5232/1878/26
f 5236/1882/28 5233/1883/27 5234/1880/27
f 5238/1884/29 5235/1885/28 5236/1882/28
f 5240/1886/30 5237/1887/29 5238/1884/29
f 5242/1888/31 5239/1889/30 5240/1886/30
f 5244/1890/32 5241/1891/31 5242/1888/31
f 5246/1892/33 5243/1893/32 5244/1890/32
f 5248/1894/34 5245/1895/33 5246/1892/33
f 5250/1896/35 5247/1897/34 5248/1894/34
f 5252/1898/36 5249/1899/35 5250/1896/35
f 5254/1900/37 5251/1901/36 5252/1898/36
f 5256/1902/38 5253/1903/37 5254/1900/37
f 5258/1904/39 5255/1905/38 5256/1902/38
f 5260/1906/40 5257/1907/39 5258/1904/39
f 5262/1908/41 5259/1909/40 5260/1906/40
f 5264/1910/42 5261/1911/41 5262/1908/41
f 5266/1912/43 5263/1913/42 5264/1910/42
f 5268/1914/44 5265/1915/43 5266/1912/43
f 5270/1916/45 5267/1917/44 5268/1914/44
f 5272/1918/46 5269/1919/45 5270/1916/45
f 5274/1920/47 5271/1921/46 5272/1918/46
f 5276/1922/48 5273/1923/47 5274/1920/47
f 5278/1924/49 5275/1925/48 5276/1922/48
f 5280/1926/50 5277/1927/49 5278/1924/49
f 5282/1928/51 5279/1929/50 5280/1926/50
f 5284/1930/52 5281/1931/51 5282/1928/51
f 5286/1932/53 5283/1933/52 5284/1930/52
f 5288/1934/54 5285/1935/53 5286/1932/53
f 5290/1936/55 5287/1937/54 5288/1934/54
f 5292/1938/56 5289/1939/55 5290/1936/55
f 5294/1940/57 5291/1941/58 5292/1938/56
f 5296/1942/59 5293/1943/57 5294/1940/57
f 5298/1944/60 5295/1945/59 5296/1942/59
f 5300/1946/61 5297/1947/60 5298/1944/60
f 5302/1948/62 5299/1949/61 5300/1946/61
f 5304/1950/63 5301/1951/62 5302/1948/62
f 5306/1952/66 5303/1953/63 5304/1950/63
f 5308/1954/65 5305/1955/66 5306/1952/66
f 5310/1956/69 5307/1957/65 5308/1954/65
f 5312/1958/68 5309/1959/69 5310/1956/69
f 5314/1960/70 5311/1961/68 5312/1958/68
f 5316/1962/71 5313/1963/70 5314/1960/70
f 5318/1964/72 5315/1965/71 5316/1962/71
f 5320/1966/73 5317/1967/72 5318/1964/72
f 5322/1968/74 5319/1969/73 5320/1966/73
f 5324/1970/75 5321/1971/74 5322/1968/74
f 5326/1972/76 5323/1973/75 5324/1970/75
f 5328/1974/78 5325/1975/76 5326/1972/76
f 5330/1976/79 5327/1977/78 5328/1974/78
f 5332/1978/80 5329/1979/79 5330/1976/79
f 5334/1980/81 5331/1981/80 5332/1978/80
f 5336/1982/82 5333/1983/81 5334/1980/81
f 5338/1984/83 5335/1985/82 5336/1982/82
f 5340/1986/84 5337/1987/83 5338/1984/83
f 5342/1988/85 5339/1989/84 5340/1986/84
f 5344/1990/85 5341/181/85 5342/1988/85
f 5346/1991/85 5343/1992/85 5344/1990/85
f 5348/1993/85 5345/1994/85 5346/1991/85
f 5350/1995/85 5347/1996/85 5348/1993/85
f 5352/1997/85 5349/1998/85 5350/1995/85
f 5354/1999/85 5351/2000/85 5352/1997/85
f 5356/2001/85 5353/2002/85 5354/1999/85
f 5358/2003/85 5355/2004/85 5356/2001/85
f 5360/2005/85 5357/2006/85 5358/2003/85
f 5362/2007/85 5359/2008/85 5360/2005/85
f 5364/2009/86 5361/2010/85 5362/2007/85
f 5366/2011/87 5363/2012/86 5364/2009/86
f 5368/2013/88 5365/2014/87 5366/2011/87
f 5370/2015/89 5367/2016/88 5368/2013/88
f 5372/2017/90 5369/2018/89 5370/2015/89
f 5374/2019/91 5371/2020/90 5372/2017/90
f 5376/2021/92 5373/2022/91 5374/2019/91
f 5378/2023/93 5375/2024/92 5376/2021/92
f 5380/2025/94 5377/2026/93 5378/2023/93
f 5382/2027/95 5379/2028/94 5380/2025/94
f 5384/2029/96 5381/2030/95 5382/2027/95
f 5386/2031/97 5383/2032/96 5384/2029/96
f 5388/2033/98 5385/2034/99 5386/2031/97
f 5390/2035/100 5387/2036/98 5388/2033/98
f 5392/2037/101 5389/2038/100 5390/2035/100
f 5394/2039/102 5391/2040/101 5392/2037/101
f 5396/2041/103 5393/2042/102 5394/2039/102
f 5398/2043/104 5395/2044/103 5396/2041/103
f 5400/2045/105 5397/2046/104 5398/2043/104
f 5402/2047/106 5399/2048/105 5400/2045/105
f 5404/2049/107 5401/2050/106 5402/2047/106
f 5406/2051/108 5403/2052/107 5404/2049/107
f 5408/2053/109 5405/2054/108 5406/2051/108
f 5410/2055/110 5407/2056/109 5408/2053/109
f 5412/2057/111 5409/2058/110 5410/2055/110
f 5414/2059/112 5411/2060/111 5412/2057/111
f 5416/2061/113 5413/2062/112 5414/2059/112
f 5418/2063/113 5415/2064/113 5416/2061/113
f 5420/2065/113 5417/2066/113 5418/2063/113
f 5422/2067/113 5419/2068/113 5420/2065/113
f 5424/2069/113 5421/2070/113 5422/2067/113
f 5426/2071/113 5423/2072/113 5424/2069/113
f 5428/2073/113 5425/2074/113 5426/2071/113
f 5430/2075/113 5427/2076/113 5428/2073/113
f 5432/2077/113 5429/2078/113 5430/2075/113
f 5434/2079/113 5431/2080/113 5432/2077/113
f 5436/2081/113 5433/2082/113 5434/2079/113
f 5438/2083/114 5435/2084/113 5436/2081/113
f 5440/2085/115 5437/2086/114 5438/2083/114
f 5442/2087/116 5439/2088/115 5440/2085/115
f 5444/2089/117 5441/2090/116 5442/2087/116
f 5446/2091/118 5443/2092/117 5444/2089/117
f 5448/2093/119 5445/2094/118 5446/2091/118
f 5450/2095/120 5447/2096/119 5448/2093/119
f 5452/2097/121 5449/2098/120 5450/2095/120
f 5454/2099/122 5451/2100/121 5452/2097/121
f 5456/2101/123 5453/2102/122 5454/2099/122
f 5458/2103/124 5455/2104/123 5456/2101/123
f 5460/2105/125 5457/2106/124 5458/2103/124
f 5462/2107/126 5459/2108/127 5460/2105/125
f 5464/2109/128 5461/2110/126 5462/2107/126
f 5466/2111/463 5463/2112/464 5464/2109/128
f 5468/2113/465 5465/2114/463 5466/2111/463
f 5470/2115/466 5467/2116/131 5468/2113/465
f 5472/2117/136 5469/2118/133 5470/2115/466
f 5474/2119/135 5471/2120/134 5472/2117/136
f 5476/2121/467 5473/2122/138 5474/2119/135
f 5478/2123/139 5475/2124/467 5476/2121/467
f 5480/2125/468 5477/2126/139 5478/2123/139
f 5482/2127/142 5479/2128/468 5480/2125/468
f 5484/2129/469 5481/2130/142 5482/2127/142
f 5486/2131/470 5483/2132/469 5484/2129/469
f 5488/2133/146 5485/2134/471 5486/2131/470
f 5194/2135/8 5487/2136/148 5488/2133/146
f 5492/2461/472 5489/135/473 5490/1843/473
f 5494/2462/474 5491/2463/472 5492/2461/472
f 5496/2464/475 5493/2465/474 5494/2462/474
f 5498/2466/476 5495/2467/475 5496/2464/475
f 5500/2468/477 5497/2469/476 5498/2466/476
f 5502/2470/478 5499/2471/477 5500/2468/477
f 5504/2472/479 5501/2473/478 5502/2470/478
f 5506/2474/480 5503/2475/479 5504/2472/479
f 5508/2476/481 5505/2477/480 5506/2474/480
f 5510/2478/482 5507/2479/481 5508/2476/481
f 5512/2480/483 5509/2481/482 5510/2478/482
f 5514/2482/484 5511/2483/485 5512/2480/483
f 5516/2140/486 5513/2484/484 5514/2482/484
f 5518/2485/487 5515/2143/486 5516/2140/486
f 5520/2486/488 5517/2487/487 5518/2485/487
f 5522/2488/489 5519/2489/488 5520/2486/488
f 5524/2490/490 5521/2491/489 5522/2488/489
f 5526/2492/491 5523/2493/490 5524/2490/490
f 5528/2494/492 5525/2495/491 5526/2492/491
f 5530/2496/493 5527/2497/492 5528/2494/492
f 5532/2498/494 5529/2499/493 5530/2496/493
f 5534/2500/495 5531/2501/494 5532/2498/494
f 5536/2502/496 5533/2503/495 5534/2500/495
f 5538/2504/497 5535/2505/496 5536/2502/496
f 5540/2506/498 5537/2507/497 5538/2504/497
f 5542/2146/499 5539/2508/498 5540/2506/498
f 5544/2509/500 5541/2149/501 5542/2146/499
f 5546/2510/502 5543/2511/500 5544/2509/500
f 5548/2512/503 5545/2513/502 5546/2510/502
f 5550/2514/504 5547/2515/503 5548/2512/503
f 5552/2516/505 5549/2517/504 5550/2514/504
f 5554/2518/506 5551/2519/505 5552/2516/505
f 5556/2520/507 5553/2521/506 5554/2518/506
f 5558/2522/508 5555/2523/507 5556/2520/507
f 5560/2524/509 5557/2525/508 5558/2522/508
f 5562/2526/510 5559/2527/509 5560/2524/509
f 5564/2528/511 5561/2529/510 5562/2526/510
f 5566/2530/512 5563/2531/511 5564/2528/511
f 5568/2152/513 5565/2532/512 5566/2530/512
f 5570/2533/514 5567/2154/513 5568/2152/513
f 5572/2534/515 5569/2535/514 5570/2533/514
f 5574/2536/516 5571/2537/515 5572/2534/515
f 5576/2538/517 5573/2539/516 5574/2536/516
f 5578/2540/518 5575/2541/517 5576/2538/517
f 5580/2542/519 5577/2543/518 5578/2540/518
f 5582/2544/520 5579/2545/519 5580/2542/519
f 5584/2546/521 5581/2547/520 5582/2544/520
f 5586/2548/522 5583/2549/521 5584/2546/521
f 5588/2550/523 5585/2551/522 5586/2548/522
f 5590/2552/524 5587/2553/523 5588/2550/523
f 5592/2554/525 5589/2555/524 5590/2552/524
f 5594/1914/526 5591/2556/525 5592/2554/525
f 5596/2557/527 5593/1917/526 5594/1914/526
f 5598/2558/528 5595/2559/527 5596/2557/527
f 5600/2560/529 5597/2561/528 5598/2558/528
f 5602/2562/530 5599/2563/531 5600/2560/529
f 5604/2564/532 5601/2565/533 5602/2562/530
f 5606/2566/534 5603/2567/535 5604/2564/532
f 5608/2568/536 5605/2569/534 5606/2566/534
f 5610/2570/537 5607/2571/536 5608/2568/536
f 5612/2572/538 5609/2573/539 5610/2570/537
f 5614/2574/540 5611/2575/541 5612/2572/538
f 5616/2576/542 5613/2577/540 5614/2574/540
f 5618/2578/543 5615/2579/544 5616/2576/542
f 5620/2161/545 5617/2580/543 5618/2578/543
f 5622/2581/546 5619/2164/547 5620/2161/545
f 5624/2582/548 5621/2583/546 5622/2581/546
f 5626/2584/549 5623/2585/548 5624/2582/548
f 5628/2586/550 5625/2587/549 5626/2584/549
f 5630/2588/551 5627/2589/194 5628/2586/550
f 5632/2590/552 5629/2591/551 5630/2588/551
f 5634/2592/553 5631/2593/554 5632/2590/552
f 5636/2594/555 5633/2595/555 5634/2592/553
f 5638/2596/556 5635/2597/555 5636/2594/555
f 5640/2598/557 5637/2599/556 5638/2596/556
f 5642/2600/558 5639/2601/557 5640/2598/557
f 5644/2602/559 5641/2603/558 5642/2600/558
f 5646/2166/560 5643/2604/559 5644/2602/559
f 5648/2605/560 5645/2169/560 5646/2166/560
f 5650/2606/561 5647/2607/560 5648/2605/560
f 5652/2608/562 5649/2609/561 5650/2606/561
f 5654/2610/563 5651/2611/562 5652/2608/562
f 5656/2612/564 5653/2613/563 5654/2610/563
f 5658/2614/565 5655/2615/564 5656/2612/564
f 5660/2616/566 5657/2617/565 5658/2614/565
f 5662/2618/567 5659/2619/566 5660/2616/566
f 5664/2620/568 5661/2621/567 5662/2618/567
f 5666/2622/569 5663/2623/568 5664/2620/568
f 5668/2624/570 5665/2625/569 5666/2622/569
f 5670/2626/571 5667/2627/570 5668/2624/570
f 5672/2172/572 5669/2628/571 5670/2626/571
f 5674/2629/573 5671/2175/572 5672/2172/572
f 5676/2630/574 5673/2631/573 5674/2629/573
f 5678/2632/575 5675/2633/574 5676/2630/574
f 5680/2634/576 5677/2635/575 5678/2632/575
f 5682/2636/577 5679/2637/576 5680/2634/576
f 5684/2638/578 5681/2639/577 5682/2636/577
f 5686/2640/579 5683/2641/578 5684/2638/578
f 5688/2642/580 5685/2643/579 5686/2640/579
f 5690/2644/581 5687/2645/580 5688/2642/580
f 5692/2646/582 5689/2647/581 5690/2644/581
f 5694/2648/583 5691/2649/582 5692/2646/582
f 5696/2650/584 5693/2651/583 5694/2648/583
f 5698/1988/585 5695/2652/584 5696/2650/584
f 5700/2653/586 5697/181/585 5698/1988/585
f 5702/2654/587 5699/2655/586 5700/2653/586
f 5704/2656/588 5701/2657/587 5702/2654/587
f 5706/2658/589 5703/2659/588 5704/2656/588
f 5708/2660/590 5705/2661/589 5706/2658/589
f 5710/2662/591 5707/2663/590 5708/2660/590
f 5712/2664/592 5709/2665/591 5710/2662/591
f 5714/2666/593 5711/2667/592 5712/2664/592
f 5716/2668/594 5713/2669/593 5714/2666/593
f 5718/2670/595 5715/2671/594 5716/2668/594
f 5720/2672/463 5717/2673/595 5718/2670/595
f 5722/2674/596 5719/2675/463 5720/2672/463
f 5724/2182/597 5721/2676/596 5722/2674/596
f 5726/2677/598 5723/2185/597 5724/2182/597
f 5728/2678/599 5725/2679/598 5726/2677/598
f 5730/2680/600 5727/2681/599 5728/2678/599
f 5732/2682/601 5729/2683/600 5730/2680/600
f 5734/2684/602 5731/2685/601 5732/2682/601
f 5736/2686/603 5733/2687/602 5734/2684/602
f 5738/2688/604 5735/2689/603 5736/2686/603
f 5740/2690/605 5737/2691/604 5738/2688/604
f 5742/2692/606 5739/2693/605 5740/2690/605
f 5744/2694/607 5741/2695/606 5742/2692/606
f 5746/2696/608 5743/2697/607 5744/2694/607
f 5748/2698/609 5745/2699/608 5746/2696/608
f 5750/2188/610 5747/2700/611 5748/2698/609
f 5752/2701/612 5749/2191/610 5750/2188/610
f 5754/2702/613 5751/2703/612 5752/2701/612
f 5756/2704/614 5753/2705/613 5754/2702/613
f 5758/2706/615 5755/2707/614 5756/2704/614
f 5760/2708/616 5757/2709/615 5758/2706/615
f 5762/2710/617 5759/2711/616 5760/2708/616
f 5764/2712/618 5761/2713/617 5762/2710/617
f 5766/2714/619 5763/2715/618 5764/2712/618
f 5768/2716/620 5765/2717/619 5766/2714/619
f 5770/2718/621 5767/2719/620 5768/2716/620
f 5772/2720/622 5769/2721/621 5770/2718/621
f 5774/2722/623 5771/2723/622 5772/2720/622
f 5776/2194/624 5773/2724/623 5774/2722/623
f 5778/2725/625 5775/2196/624 5776/2194/624
f 5780/2726/626 5777/2727/627 5778/2725/625
f 5782/2728/628 5779/2729/629 5780/2726/626
f 5784/2730/630 5781/2731/628 5782/2728/628
f 5786/2732/631 5783/2733/630 5784/2730/630
f 5788/2734/632 5785/2735/631 5786/2732/631
f 5790/2736/633 5787/2737/632 5788/2734/632
f 5792/2738/634 5789/2739/633 5790/2736/633
f 5794/2740/635 5791/2741/634 5792/2738/634
f 5796/2742/636 5793/2743/635 5794/2740/635
f 5798/2744/637 5795/2745/636 5796/2742/636
f 5800/2746/638 5797/2747/637 5798/2744/637
f 5802/2061/639 5799/2748/638 5800/2746/638
f 5804/2749/640 5801/2064/641 5802/2061/639
f 5806/2750/642 5803/2751/640 5804/2749/640
f 5808/2752/643 5805/2753/642 5806/2750/642
f 5810/2754/644 5807/2755/643 5808/2752/643
f 5812/2756/645 5809/2757/644 5810/2754/644
f 5814/2758/646 5811/2759/645 5812/2756/645
f 5816/2760/647 5813/2761/646 5814/2758/646
f 5818/2762/648 5815/2763/647 5816/2760/647
f 5820/2764/649 5817/2765/648 5818/2762/648
f 5822/2766/650 5819/2767/649 5820/2764/649
f 5824/2768/651 5821/2769/650 5822/2766/650
f 5826/2770/652 5823/2771/651 5824/2768/651
f 5828/2203/653 5825/2772/654 5826/2770/652
f 5830/2773/655 5827/2206/653 5828/2203/653
f 5832/2774/656 5829/2775/655 5830/2773/655
f 5834/2776/657 5831/2777/656 5832/2774/656
f 5836/2778/658 5833/2779/657 5834/2776/657
f 5838/2780/659 5835/2781/658 5836/2778/658
f 5840/2782/660 5837/2783/659 5838/2780/659
f 5842/2784/661 5839/2785/660 5840/2782/660
f 5844/2786/662 5841/2787/661 5842/2784/661
f 5846/2788/486 5843/2789/662 5844/2786/662
f 5848/2790/663 5845/2791/486 5846/2788/486
f 5850/2792/664 5847/2793/663 5848/2790/663
f 5852/2794/665 5849/2795/664 5850/2792/664
f 5854/2208/666 5851/2796/665 5852/2794/665
f 5856/2797/667 5853/2211/666 5854/2208/666
f 5858/2798/668 5855/2799/667 5856/2797/667
f 5860/2800/669 5857/2801/668 5858/2798/668
f 5862/2802/670 5859/2803/669 5860/2800/669
f 5864/2804/671 5861/2805/670 5862/2802/670
f 5866/2806/672 5863/2807/671 5864/2804/671
f 5868/2808/673 5865/2809/672 5866/2806/672
f 5870/2810/674 5867/2811/673 5868/2808/673
f 5872/2812/675 5869/2813/674 5870/2810/674
f 5874/2814/676 5871/2815/675 5872/2812/675
f 5876/2816/677 5873/2817/676 5874/2814/676
f 5878/2818/678 5875/2819/677 5876/2816/677
f 5880/2214/679 5877/2820/678 5878/2818/678
f 5882/2821/680 5879/2217/679 5880/2214/679
f 5884/2822/681 5881/2823/680 5882/2821/680
f 5886/2824/682 5883/2825/681 5884/2822/681
f 5888/2826/119 5885/2827/682 5886/2824/682
f 5890/2828/683 5887/2829/119 5888/2826/119
f 5892/2830/684 5889/2831/683 5890/2828/683
f 5894/2832/685 5891/2833/684 5892/2830/684
f 5896/2834/686 5893/2835/685 5894/2832/685
f 5898/2836/687 5895/2837/686 5896/2834/686
f 5900/2838/688 5897/2839/687 5898/2836/687
f 5902/2840/689 5899/2841/688 5900/2838/688
f 5904/2842/690 5901/2843/689 5902/2840/689
f 5490/2135/473 5903/2844/690 5904/2842/690
f 5908/1844/113 5905/135/113 5906/1843/113
f 5910/1848/113 5907/1847/113 5908/1844/113
f 5912/1852/113 5909/1851/113 5910/1848/113
f 5914/1856/113 5911/1855/113 5912/1852/113
f 5916/1860/113 5913/1859/113 5914/1856/113
f 5918/1864/113 5915/1863/113 5916/1860/113
f 5920/1868/113 5917/1867/113 5918/1864/113
f 5922/1872/113 5919/1871/113 5920/1868/113
f 5924/1876/113 5921/1875/113 5922/1872/113
f 5926/1880/113 5923/1879/113 5924/1876/113
f 5928/1884/409 5925/1883/113 5926/1880/113
f 5930/1888/410 5927/1887/409 5928/1884/409
f 5932/1892/411 5929/1891/410 5930/1888/410
f 5934/1896/412 5931/1895/411 5932/1892/411
f 5936/1900/413 5933/1899/412 5934/1896/412
f 5938/1904/414 5935/1903/413 5936/1900/413
f 5940/1908/415 5937/1907/414 5938/1904/414
f 5942/1912/416 5939/1911/415 5940/1908/415
f 5944/1916/417 5941/1915/416 5942/1912/416
f 5946/1920/418 5943/1919/417 5944/1916/417
f 5948/1924/419 5945/1923/418 5946/1920/418
f 5950/1928/420 5947/1927/419 5948/1924/419
f 5952/1932/421 5949/1931/420 5950/1928/420
f 5954/1936/422 5951/1935/691 5952/1932/421
f 5956/1940/424 5953/1939/422 5954/1936/422
f 5958/1944/425 5955/1943/424 5956/1940/424
f 5960/1948/426 5957/1947/425 5958/1944/425
f 5962/1952/427 5959/1951/426 5960/1948/426
f 5964/1956/428 5961/1955/427 5962/1952/427
f 5966/1960/429 5963/1959/428 5964/1956/428
f 5968/1964/430 5965/1963/429 5966/1960/429
f 5970/1968/431 5967/1967/430 5968/1964/430
f 5972/1972/432 5969/1971/431 5970/1968/431
f 5974/1976/433 5971/1975/432 5972/1972/432
f 5976/1980/434 5973/1979/433 5974/1976/433
f 5978/1984/435 5975/1983/434 5976/1980/434
f 5980/1988/85 5977/1987/435 5978/1984/435
f 5982/1991/85 5979/181/85 5980/1988/85
f 5984/1995/85 5981/1994/85 5982/1991/85
f 5986/1999/85 5983/1998/85 5984/1995/85
f 5988/2003/85 5985/2002/85 5986/1999/85
f 5990/2007/85 5987/2006/85 5988/2003/85
f 5992/2011/85 5989/2010/85 5990/2007/85
f 5994/2015/85 5991/2014/85 5992/2011/85
f 5996/2019/85 5993/2018/85 5994/2015/85
f 5998/2023/85 5995/2022/85 5996/2019/85
f 6000/2027/85 5997/2026/85 5998/2023/85
f 6002/2031/436 5999/2030/85 6000/2027/85
f 6004/2035/437 6001/2034/436 6002/2031/436
f 6006/2039/438 6003/2038/437 6004/2035/437
f 6008/2043/439 6005/2042/438 6006/2039/438
f 6010/2047/440 6007/2046/439 6008/2043/439
f 6012/2051/441 6009/2050/440 6010/2047/440
f 6014/2055/442 6011/2054/441 6012/2051/441
f 6016/2059/443 6013/2058/442 6014/2055/442
f 6018/2063/444 6015/2062/443 6016/2059/443
f 6020/2067/445 6017/2066/444 6018/2063/444
f 6022/2071/446 6019/2070/445 6020/2067/445
f 6024/2075/447 6021/2074/446 6022/2071/446
f 6026/2079/692 6023/2078/447 6024/2075/447
f 6028/2083/450 6025/2082/448 6026/2079/692
f 6030/2087/451 6027/2086/450 6028/2083/450
f 6032/2091/452 6029/2090/451 6030/2087/451
f 6034/2095/453 6031/2094/452 6032/2091/452
f 6036/2099/454 6033/2098/453 6034/2095/453
f 6038/2103/455 6035/2102/454 6036/2099/454
f 6040/2107/456 6037/2106/455 6038/2103/455
f 6042/2111/457 6039/2110/456 6040/2107/456
f 6044/2115/458 6041/2114/457 6042/2111/457
f 6046/2119/459 6043/2118/458 6044/2115/458
f 6048/2123/460 6045/2122/459 6046/2119/459
f 6050/2127/461 6047/2126/460 6048/2123/460
f 6052/2131/462 6049/2130/461 6050/2127/461
f 5906/2135/113 6051/2134/462 6052/2131/462
f 6056/2845/693 6053/135/694 6054/1843/694
f 6058/2846/695 6055/2847/693 6056/2845/693
f 6060/1848/696 6057/2848/695 6058/2846/695
f 6062/2849/697 6059/1851/696 6060/1848/696
f 6064/2850/698 6061/2851/697 6062/2849/697
f 6066/1856/699 6063/2852/698 6064/2850/698
f 6068/2853/700 6065/1859/699 6066/1856/699
f 6070/2854/701 6067/2855/700 6068/2853/700
f 6072/1864/702 6069/2856/701 6070/2854/701
f 6074/2857/703 6071/1867/702 6072/1864/702
f 6076/2858/704 6073/2859/703 6074/2857/703
f 6078/1872/705 6075/2860/704 6076/2858/704
f 6080/2861/706 6077/1875/705 6078/1872/705
f 6082/2862/707 6079/2863/706 6080/2861/706
f 6084/1880/708 6081/2864/707 6082/2862/707
f 6086/2865/709 6083/1883/708 6084/1880/708
f 6088/2866/710 6085/2867/709 6086/2865/709
f 6090/1888/711 6087/2868/710 6088/2866/710
f 6092/2869/712 6089/1891/711 6090/1888/711
f 6094/2870/713 6091/2871/712 6092/2869/712
f 6096/1896/714 6093/2872/713 6094/2870/713
f 6098/2873/715 6095/1899/714 6096/1896/714
f 6100/2874/716 6097/2875/715 6098/2873/715
f 6102/1904/717 6099/2876/716 6100/2874/716
f 6104/2877/718 6101/1907/717 6102/1904/717
f 6106/2878/719 6103/2879/718 6104/2877/718
f 6108/1912/720 6105/2880/719 6106/2878/719
f 6110/2881/721 6107/1915/720 6108/1912/720
f 6112/2882/722 6109/2883/721 6110/2881/721
f 6114/1920/723 6111/2884/722 6112/2882/722
f 6116/2885/724 6113/1923/723 6114/1920/723
f 6118/2886/725 6115/2887/724 6116/2885/724
f 6120/1928/726 6117/2888/725 6118/2886/725
f 6122/2889/727 6119/1931/726 6120/1928/726
f 6124/2890/728 6121/2891/727 6122/2889/727
f 6126/1936/729 6123/2892/728 6124/2890/728
f 6128/2163/730 6125/1939/729 6126/1936/729
f 6130/2893/731 6127/588/730 6128/2163/730
f 6132/1944/732 6129/2894/731 6130/2893/731
f 6134/2895/733 6131/1947/732 6132/1944/732
f 6136/2896/734 6133/2897/733 6134/2895/733
f 6138/1952/735 6135/2898/734 6136/2896/734
f 6140/2899/736 6137/1955/735 6138/1952/735
f 6142/2900/737 6139/2901/736 6140/2899/736
f 6144/1960/738 6141/2902/737 6142/2900/737
f 6146/2903/739 6143/1963/738 6144/1960/738
f 6148/2904/740 6145/2905/739 6146/2903/739
f 6150/1968/741 6147/2906/740 6148/2904/740
f 6152/2907/742 6149/1971/741 6150/1968/741
f 6154/2908/743 6151/2909/744 6152/2907/742
f 6156/1976/745 6153/2910/743 6154/2908/743
f 6158/2911/746 6155/1979/745 6156/1976/745
f 6160/2912/747 6157/2913/746 6158/2911/746
f 6162/1984/748 6159/2914/747 6160/2912/747
f 6164/2915/749 6161/1987/748 6162/1984/748
f 6166/2916/750 6163/2917/749 6164/2915/749
f 6168/1991/751 6165/2918/750 6166/2916/750
f 6170/2919/752 6167/1994/751 6168/1991/751
f 6172/2920/753 6169/2921/752 6170/2919/752
f 6174/1999/754 6171/2922/753 6172/2920/753
f 6176/2923/755 6173/2002/754 6174/1999/754
f 6178/2924/756 6175/2925/755 6176/2923/755
f 6180/2007/757 6177/2926/756 6178/2924/756
f 6182/2927/758 6179/2010/757 6180/2007/757
f 6184/2928/759 6181/2929/758 6182/2927/758
f 6186/2015/760 6183/2930/759 6184/2928/759
f 6188/2931/761 6185/2018/760 6186/2015/760
f 6190/2932/762 6187/2933/761 6188/2931/761
f 6192/2023/763 6189/2934/762 6190/2932/762
f 6194/2935/764 6191/2026/763 6192/2023/763
f 6196/2936/765 6193/2937/764 6194/2935/764
f 6198/2031/766 6195/2938/765 6196/2936/765
f 6200/2939/767 6197/2034/766 6198/2031/766
f 6202/2192/768 6199/2940/767 6200/2939/767
f 6204/2039/769 6201/310/768 6202/2192/768
f 6206/2941/770 6203/2042/769 6204/2039/769
f 6208/2942/771 6205/2943/770 6206/2941/770
f 6210/2047/772 6207/2944/771 6208/2942/771
f 6212/2945/773 6209/2050/772 6210/2047/772
f 6214/2946/774 6211/2947/773 6212/2945/773
f 6216/2055/775 6213/2948/774 6214/2946/774
f 6218/2949/776 6215/2058/775 6216/2055/775
f 6220/2950/777 6217/2951/776 6218/2949/776
f 6222/2063/778 6219/2952/777 6220/2950/777
f 6224/2953/779 6221/2066/778 6222/2063/778
f 6226/2954/780 6223/2955/781 6224/2953/779
f 6228/2071/782 6225/2956/780 6226/2954/780
f 6230/2957/783 6227/2074/782 6228/2071/782
f 6232/2958/784 6229/2959/783 6230/2957/783
f 6234/2079/785 6231/2960/784 6232/2958/784
f 6236/2961/786 6233/2082/785 6234/2079/785
f 6238/2962/787 6235/2963/786 6236/2961/786
f 6240/2087/788 6237/2964/787 6238/2962/787
f 6242/2965/789 6239/2090/788 6240/2087/788
f 6244/2966/790 6241/2967/789 6242/2965/789
f 6246/2095/791 6243/2968/790 6244/2966/790
f 6248/2969/792 6245/2098/791 6246/2095/791
f 6250/2970/793 6247/2971/792 6248/2969/792
f 6252/2103/794 6249/2972/793 6250/2970/793
f 6254/2973/795 6251/2106/794 6252/2103/794
f 6256/2974/796 6253/2975/795 6254/2973/795
f 6258/2111/797 6255/2976/796 6256/2974/796
f 6260/2977/798 6257/2114/797 6258/2111/797
f 6262/2978/799 6259/2979/798 6260/2977/798
f 6264/2119/800 6261/2980/799 6262/2978/799
f 6266/2981/801 6263/2122/800 6264/2119/800
f 6268/2982/418 6265/2983/801 6266/2981/801
f 6270/2127/802 6267/2984/418 6268/2982/418
f 6272/2985/803 6269/2130/802 6270/2127/802
f 6274/2986/804 6271/2987/803 6272/2985/803
f 6054/2135/694 6273/2988/804 6274/2986/804
f 6278/2474/805 6275/135/806 6276/1843/806
f 6280/2488/807 6277/2477/805 6278/2474/805
f 6282/2504/808 6279/2491/807 6280/2488/807
f 6284/2518/809 6281/2507/808 6282/2504/808
f 6286/2533/810 6283/2521/809 6284/2518/809
f 6288/2548/811 6285/2535/810 6286/2533/810
f 6290/2562/812 6287/2551/811 6288/2548/811
f 6292/2578/813 6289/2565/812 6290/2562/812
f 6294/2592/814 6291/2580/813 6292/2578/813
f 6296/2606/815 6293/2595/814 6294/2592/814
f 6298/2622/816 6295/2609/815 6296/2606/815
f 6300/2636/817 6297/2625/816 6298/2622/816
f 6302/1988/818 6299/2639/817 6300/2636/817
f 6304/2666/819 6301/181/818 6302/1988/818
f 6306/2680/820 6303/2669/819 6304/2666/819
f 6308/2696/821 6305/2683/820 6306/2680/820
f 6310/2710/822 6307/2699/821 6308/2696/821
f 6312/2725/823 6309/2713/822 6310/2710/822
f 6314/2740/824 6311/2727/823 6312/2725/823
f 6316/2754/825 6313/2743/824 6314/2740/824
f 6318/2770/826 6315/2757/825 6316/2754/825
f 6320/2784/827 6317/2772/826 6318/2770/826
f 6322/2798/828 6319/2787/827 6320/2784/827
f 6324/2814/829 6321/2801/828 6322/2798/828
f 6326/2828/830 6323/2817/829 6324/2814/829
f 6276/2135/806 6325/2831/830 6326/2828/830
f 6330/2474/831 6327/135/832 6328/1843/832
f 6332/2488/833 6329/2477/831 6330/2474/831
f 6334/2504/834 6331/2491/833 6332/2488/833
f 6336/2518/835 6333/2507/834 6334/2504/834
f 6338/2533/836 6335/2521/835 6336/2518/835
f 6340/2548/837 6337/2535/836 6338/2533/836
f 6342/2562/838 6339/2551/837 6340/2548/837
f 6344/2578/839 6341/2565/838 6342/2562/838
f 6346/2592/840 6343/2580/839 6344/2578/839
f 6348/2606/841 6345/2595/840 6346/2592/840
f 6350/2622/842 6347/2609/841 6348/2606/841
f 6352/2636/843 6349/2625/842 6350/2622/842
f 6354/1988/844 6351/2639/843 6352/2636/843
f 6356/2666/845 6353/181/844 6354/1988/844
f 6358/2680/846 6355/2669/845 6356/2666/845
f 6360/2696/847 6357/2683/846 6358/2680/846
f 6362/2710/848 6359/2699/847 6360/2696/847
f 6364/2725/849 6361/2713/848 6362/2710/848
f 6366/2740/850 6363/2727/849 6364/2725/849
f 6368/2754/851 6365/2743/850 6366/2740/850
f 6370/2770/852 6367/2757/851 6368/2754/851
f 6372/2784/853 6369/2772/852 6370/2770/852
f 6374/2798/854 6371/2787/853 6372/2784/853
f 6376/2814/855 6373/2801/854 6374/2798/854
f 6378/2828/856 6375/2817/855 6376/2814/855
f 6328/2135/832 6377/2831/856 6378/2828/856
f 6382/2474/857 6379/135/858 6380/1843/858
f 6384/2488/859 6381/2477/857 6382/2474/857
f 6386/2504/860 6383/2491/859 6384/2488/859
f 6388/2518/861 6385/2507/860 6386/2504/860
f 6390/2533/862 6387/2521/863 6388/2518/861
f 6392/2548/864 6389/2535/862 6390/2533/862
f 6394/2562/865 6391/2551/864 6392/2548/864
f 6396/2578/866 6393/2565/865 6394/2562/865
f 6398/2592/867 6395/2580/866 6396/2578/866
f 6400/2606/868 6397/2595/867 6398/2592/867
f 6402/2622/869 6399/2609/870 6400/2606/868
f 6404/2636/871 6401/2625/872 6402/2622/869
f 6406/1988/873 6403/2639/871 6404/2636/871
f 6408/2666/874 6405/181/873 6406/1988/873
f 6410/2680/875 6407/2669/874 6408/2666/874
f 6412/2696/876 6409/2683/875 6410/2680/875
f 6414/2710/877 6411/2699/876 6412/2696/876
f 6416/2725/878 6413/2713/877 6414/2710/877
f 6418/2740/879 6415/2727/878 6416/2725/878
f 6420/2754/880 6417/2743/879 6418/2740/879
f 6422/2770/881 6419/2757/880 6420/2754/880
f 6424/2784/882 6421/2772/881 6422/2770/881
f 6426/2798/883 6423/2787/882 6424/2784/882
f 6428/2814/884 6425/2801/883 6426/2798/883
f 6430/2828/885 6427/2817/884 6428/2814/884
f 6380/2135/858 6429/2831/886 6430/2828/885
f 6434/2474/887 6431/135/888 6432/1843/888
f 6436/2488/889 6433/2477/887 6434/2474/887
f 6438/2504/890 6435/2491/889 6436/2488/889
f 6440/2518/891 6437/2507/890 6438/2504/890
f 6442/2533/892 6439/2521/891 6440/2518/891
f 6444/2548/893 6441/2535/892 6442/2533/892
f 6446/2562/894 6443/2551/895 6444/2548/893
f 6448/2578/896 6445/2565/897 6446/2562/894
f 6450/2592/898 6447/2580/899 6448/2578/896
f 6452/2606/900 6449/2595/898 6450/2592/898
f 6454/2622/901 6451/2609/900 6452/2606/900
f 6456/2636/902 6453/2625/901 6454/2622/901
f 6458/1988/903 6455/2639/902 6456/2636/902
f 6460/2666/904 6457/181/905 6458/1988/903
f 6462/2680/906 6459/2669/904 6460/2666/904
f 6464/2696/907 6461/2683/906 6462/2680/906
f 6466/2710/908 6463/2699/909 6464/2696/907
f 6468/2725/910 6465/2713/911 6466/2710/908
f 6470/2740/912 6467/2727/910 6468/2725/910
f 6472/2754/913 6469/2743/912 6470/2740/912
f 6474/2770/914 6471/2757/913 6472/2754/913
f 6476/2784/915 6473/2772/914 6474/2770/914
f 6478/2798/916 6475/2787/915 6476/2784/915
f 6480/2814/917 6477/2801/916 6478/2798/916
f 6482/2828/918 6479/2817/917 6480/2814/917
f 6432/2135/888 6481/2831/919 6482/2828/918
f 6486/2989/920 6483/135/921 6484/1843/921
f 6488/2990/922 6485/2991/923 6486/2989/920
f 6490/2992/924 6487/2993/922 6488/2990/922
f 6492/2994/925 6489/2995/924 6490/2992/924
f 6494/2996/926 6491/2997/925 6492/2994/925
f 6496/2998/927 6493/2999/926 6494/2996/926
f 6498/3000/928 6495/3001/927 6496/2998/927
f 6500/3002/929 6497/3003/928 6498/3000/928
f 6502/3004/930 6499/3005/929 6500/3002/929
f 6504/3006/931 6501/3007/930 6502/3004/930
f 6506/3008/932 6503/3009/933 6504/3006/931
f 6508/3010/934 6505/3011/935 6506/3008/932
f 6510/3012/229 6507/3013/934 6508/3010/934
f 6512/3014/229 6509/3015/229 6510/3012/229
f 6514/3016/934 6511/3017/229 6512/3014/229
f 6516/3018/934 6513/3019/934 6514/3016/934
f 6518/3020/229 6515/3021/934 6516/3018/934
f 6520/3022/229 6517/3023/229 6518/3020/229
f 6522/3024/229 6519/3025/229 6520/3022/229
f 6524/3026/936 6521/3027/229 6522/3024/229
f 6526/3028/936 6523/3029/936 6524/3026/936
f 6528/3030/936 6525/3031/936 6526/3028/936
f 6530/3032/154 6527/3033/936 6528/3030/936
f 6532/3034/154 6529/3035/154 6530/3032/154
f 6534/3036/936 6531/3037/154 6532/3034/154
f 6536/3038/936 6533/3039/936 6534/3036/936
f 6538/3040/154 6535/3041/936 6536/3038/936
f 6540/3042/937 6537/3043/154 6538/3040/154
f 6542/3044/938 6539/3045/939 6540/3042/937
f 6544/3046/940 6541/3047/938 6542/3044/938
f 6546/3048/941 6543/3049/940 6544/3046/940
f 6548/3050/942 6545/3051/943 6546/3048/941
f 6550/3052/944 6547/3053/942 6548/3050/942
f 6552/3054/945 6549/3055/944 6550/3052/944
f 6554/3056/946 6551/3057/945 6552/3054/945
f 6556/3058/947 6553/3059/946 6554/3056/946
f 6558/3060/948 6555/3061/947 6556/3058/947
f 6560/3062/949 6557/3063/948 6558/3060/948
f 6562/3064/950 6559/3065/949 6560/3062/949
f 6564/3066/951 6561/3067/950 6562/3064/950
f 6566/3068/952 6563/3069/951 6564/3066/951
f 6568/3070/953 6565/3071/952 6566/3068/952
f 6484/2135/921 6567/3072/953 6568/3070/953
f 6572/1914/936 6569/135/154 6570/1843/154
f 6574/1988/229 6571/1917/936 6572/1914/936
f 6576/2061/934 6573/181/229 6574/1988/229
f 6570/2135/154 6575/2064/934 6576/2061/934
f 6580/1914/936 6577/135/154 6578/1843/154
f 6582/1988/229 6579/1917/936 6580/1914/936
f 6584/2061/934 6581/181/229 6582/1988/229
f 6578/2135/154 6583/2064/934 6584/2061/934
f 6588/1914/936 6585/135/154 6586/1843/154
f 6590/1988/229 6587/1917/936 6588/1914/936
f 6592/2061/934 6589/181/229 6590/1988/229
f 6586/2135/154 6591/2064/934 6592/2061/934
f 6596/1914/936 6593/135/154 6594/1843/154
f 6598/1988/229 6595/1917/936 6596/1914/936
f 6600/2061/934 6597/181/229 6598/1988/229
f 6594/2135/154 6599/2064/934 6600/2061/934
f 6604/3073/936 6601/135/936 6602/1843/936
f 6606/3074/154 6603/3075/936 6604/3073/936
f 6608/3076/934 6605/3077/154 6606/3074/154
f 6610/3078/229 6607/3079/934 6608/3076/934
f 6612/2138/954 6609/3080/229 6610/3078/229
f 6614/3081/955 6611/2141/956 6612/2138/954
f 6616/3082/957 6613/3083/958 6614/3081/955
f 6618/3084/959 6615/3085/960 6616/3082/957
f 6620/3086/961 6617/3087/962 6618/3084/959
f 6622/2142/963 6619/3088/964 6620/3086/961
f 6624/3089/965 6621/2145/966 6622/2142/963
f 6626/3090/967 6623/3091/968 6624/3089/965
f 6628/3092/969 6625/1037/967 6626/3090/967
f 6630/3093/970 6627/3094/969 6628/3092/969
f 6632/2146/971 6629/3095/970 6630/3093/970
f 6634/3096/972 6631/2149/971 6632/2146/971
f 6636/3097/973 6633/3098/974 6634/3096/972
f 6638/3099/975 6635/3100/976 6636/3097/973
f 6640/3101/977 6637/3102/978 6638/3099/975
f 6642/2150/979 6639/3103/980 6640/3101/977
f 6644/3104/981 6641/523/979 6642/2150/979
f 6646/3105/982 6643/3106/981 6644/3104/981
f 6648/3107/983 6645/3108/982 6646/3105/982
f 6650/3109/984 6647/3110/983 6648/3107/983
f 6652/2153/985 6649/1108/984 6650/3109/984
f 6654/3111/986 6651/2156/985 6652/2153/985
f 6656/3112/987 6653/3113/986 6654/3111/986
f 6658/3114/988 6655/3115/987 6656/3112/987
f 6660/3116/989 6657/3117/988 6658/3114/988
f 6662/1914/990 6659/3118/989 6660/3116/989
f 6664/3119/991 6661/1917/992 6662/1914/990
f 6666/3120/993 6663/3121/991 6664/3119/991
f 6668/3122/994 6665/3123/993 6666/3120/993
f 6670/3124/995 6667/3125/996 6668/3122/994
f 6672/2159/997 6669/3126/998 6670/3124/995
f 6674/3127/999 6671/2162/997 6672/2159/997
f 6676/3128/1000 6673/1060/1001 6674/3127/999
f 6678/3129/1002 6675/3130/1000 6676/3128/1000
f 6680/3131/1003 6677/3132/1002 6678/3129/1002
f 6682/2163/1004 6679/3133/1003 6680/3131/1003
f 6684/3134/1005 6681/588/1004 6682/2163/1004
f 6686/3135/1006 6683/3136/1005 6684/3134/1005
f 6688/3137/1007 6685/3138/1006 6686/3135/1006
f 6690/3139/1008 6687/3140/1007 6688/3137/1007
f 6692/2166/1009 6689/3141/1008 6690/3139/1008
f 6694/3142/1010 6691/2169/1009 6692/2166/1009
f 6696/3143/1011 6693/3144/1010 6694/3142/1010
f 6698/3145/1012 6695/3146/1011 6696/3143/1011
f 6700/3147/1013 6697/1049/1012 6698/3145/1012
f 6702/2170/1014 6699/3148/1013 6700/3147/1013
f 6704/3149/1015 6701/2173/1014 6702/2170/1014
f 6706/3150/1016 6703/3151/1015 6704/3149/1015
f 6708/3152/1017 6705/3153/1016 6706/3150/1016
f 6710/3154/1018 6707/3155/1017 6708/3152/1017
f 6712/2174/1019 6709/3156/1018 6710/3154/1018
f 6714/3157/1020 6711/2177/1019 6712/2174/1019
f 6716/3158/1021 6713/3159/1020 6714/3157/1020
f 6718/3160/1022 6715/3161/1021 6716/3158/1021
f 6720/3162/1023 6717/3163/1022 6718/3160/1022
f 6722/1988/1024 6719/3164/1023 6720/3162/1023
f 6724/3165/1025 6721/181/1026 6722/1988/1024
f 6726/3166/1027 6723/3167/1025 6724/3165/1025
f 6728/3168/1028 6725/3169/1027 6726/3166/1027
f 6730/3170/1029 6727/3171/1028 6728/3168/1028
f 6732/2180/1030 6729/3172/1029 6730/3170/1029
f 6734/3173/1031 6731/2183/1030 6732/2180/1030
f 6736/3174/1032 6733/3175/1033 6734/3173/1031
f 6738/3176/1034 6735/3177/1035 6736/3174/1032
f 6740/3178/1036 6737/3179/1034 6738/3176/1034
f 6742/2184/1037 6739/3180/1036 6740/3178/1036
f 6744/3181/1038 6741/2187/1037 6742/2184/1037
f 6746/3182/1039 6743/3183/1038 6744/3181/1038
f 6748/3184/1040 6745/930/1039 6746/3182/1039
f 6750/3185/1041 6747/3186/1040 6748/3184/1040
f 6752/2188/1042 6749/3187/1041 6750/3185/1041
f 6754/3188/1043 6751/2191/1042 6752/2188/1042
f 6756/3189/1044 6753/3190/1043 6754/3188/1043
f 6758/3191/1045 6755/3192/1044 6756/3189/1044
f 6760/3193/1046 6757/3194/1045 6758/3191/1045
f 6762/2192/1047 6759/3195/1046 6760/3193/1046
f 6764/3196/1048 6761/310/1047 6762/2192/1047
f 6766/3197/1049 6763/3198/1048 6764/3196/1048
f 6768/3199/1050 6765/3200/1049 6766/3197/1049
f 6770/3201/1051 6767/3202/1050 6768/3199/1050
f 6772/2195/1052 6769/941/1051 6770/3201/1051
f 6774/3203/1053 6771/2198/1054 6772/2195/1052
f 6776/3204/1055 6773/3205/1056 6774/3203/1053
f 6778/3206/1057 6775/3207/1058 6776/3204/1055
f 6780/3208/1059 6777/3209/1057 6778/3206/1057
f 6782/2061/1060 6779/3210/1059 6780/3208/1059
f 6784/3211/1061 6781/2064/1060 6782/2061/1060
f 6786/3212/1062 6783/3213/1061 6784/3211/1061
f 6788/3214/1063 6785/3215/1064 6786/3212/1062
f 6790/3216/1065 6787/3217/1063 6788/3214/1063
f 6792/2201/1066 6789/3218/1065 6790/3216/1065
f 6794/3219/1067 6791/2204/1066 6792/2201/1066
f 6796/3220/1068 6793/968/1067 6794/3219/1067
f 6798/3221/1069 6795/3222/1068 6796/3220/1068
f 6800/3223/1070 6797/3224/1069 6798/3221/1069
f 6802/2205/1071 6799/3225/1070 6800/3223/1070
f 6804/3226/1072 6801/269/1071 6802/2205/1071
f 6806/3227/1073 6803/3228/1072 6804/3226/1072
f 6808/3229/1074 6805/3230/1073 6806/3227/1073
f 6810/3231/1075 6807/3232/1074 6808/3229/1074
f 6812/2208/1076 6809/3233/1075 6810/3231/1075
f 6814/3234/1077 6811/2211/1076 6812/2208/1076
f 6816/3235/1078 6813/3236/1077 6814/3234/1077
f 6818/3237/1079 6815/3238/1078 6816/3235/1078
f 6820/3239/1080 6817/924/1079 6818/3237/1079
f 6822/2212/1081 6819/3240/1080 6820/3239/1080
f 6824/3241/1082 6821/2215/1081 6822/2212/1081
f 6826/3242/1083 6823/3243/1082 6824/3241/1082
f 6828/3244/768 6825/3245/1083 6826/3242/1083
f 6830/3246/1084 6827/3247/768 6828/3244/768
f 6832/2216/1085 6829/3248/1084 6830/3246/1084
f 6834/3249/1086 6831/2219/1085 6832/2216/1085
f 6836/3250/1087 6833/3251/1086 6834/3249/1086
f 6838/3252/1088 6835/3253/1087 6836/3250/1087
f 6840/3254/154 6837/3255/1089 6838/3252/1088
f 6602/2135/936 6839/3256/154 6840/3254/154
f 6844/3257/1090 6841/135/1091 6842/1843/1091
f 6846/3258/1092 6843/3259/1090 6844/3257/1090
f 6848/3260/1093 6845/3261/1092 6846/3258/1092
f 6850/3262/1094 6847/3263/1093 6848/3260/1093
f 6852/3264/1095 6849/3265/1094 6850/3262/1094
f 6854/3266/1096 6851/3267/1095 6852/3264/1095
f 6856/3268/1097 6853/3269/1096 6854/3266/1096
f 6858/3270/1098 6855/3271/1097 6856/3268/1097
f 6860/3272/1099 6857/3273/1098 6858/3270/1098
f 6862/3274/1100 6859/3275/1099 6860/3272/1099
f 6864/3276/1101 6861/3277/1100 6862/3274/1100
f 6866/3278/1102 6863/3279/1101 6864/3276/1101
f 6868/3280/1103 6865/3281/1102 6866/3278/1102
f 6870/3282/1104 6867/3283/1103 6868/3280/1103
f 6872/3284/1105 6869/3285/1104 6870/3282/1104
f 6874/3286/1106 6871/3287/1105 6872/3284/1105
f 6876/3288/1107 6873/3289/1106 6874/3286/1106
f 6878/3290/1108 6875/3291/1107 6876/3288/1107
f 6880/3292/1109 6877/3293/1108 6878/3290/1108
f 6882/3294/1110 6879/3295/1109 6880/3292/1109
f 6884/3296/1111 6881/3297/1110 6882/3294/1110
f 6886/3298/1112 6883/3299/1111 6884/3296/1111
f 6888/3300/1113 6885/3301/1112 6886/3298/1112
f 6890/3302/1114 6887/3303/1113 6888/3300/1113
f 6892/3304/1115 6889/3305/1114 6890/3302/1114
f 6894/3306/1116 6891/3307/1115 6892/3304/1115
f 6896/3308/1117 6893/3309/1116 6894/3306/1116
f 6898/3310/1118 6895/3311/1117 6896/3308/1117
f 6900/3312/1119 6897/3313/1118 6898/3310/1118
f 6902/3314/1120 6899/3315/1119 6900/3312/1119
f 6904/3316/1121 6901/3317/1120 6902/3314/1120
f 6906/3318/1122 6903/3319/1121 6904/3316/1121
f 6908/3320/1123 6905/3321/1122 6906/3318/1122
f 6910/3322/1124 6907/3323/1123 6908/3320/1123
f 6912/3324/1125 6909/3325/1124 6910/3322/1124
f 6914/3326/1126 6911/3327/1125 6912/3324/1125
f 6916/3328/1127 6913/3329/1126 6914/3326/1126
f 6918/3330/1128 6915/3331/1127 6916/3328/1127
f 6920/3332/1129 6917/3333/1130 6918/3330/1128
f 6922/3334/1131 6919/3335/1129 6920/3332/1129
f 6924/3336/1132 6921/3337/1131 6922/3334/1131
f 6926/3338/1133 6923/3339/1132 6924/3336/1132
f 6928/3340/1134 6925/3341/1133 6926/3338/1133
f 6930/3342/1135 6927/3343/1134 6928/3340/1134
f 6932/3344/1136 6929/3345/1135 6930/3342/1135
f 6934/3346/1137 6931/3347/1136 6932/3344/1136
f 6936/3348/1138 6933/3349/1137 6934/3346/1137
f 6938/3350/1139 6935/3351/1138 6936/3348/1138
f 6940/3352/1140 6937/3353/1139 6938/3350/1139
f 6942/3354/1141 6939/3355/1140 6940/3352/1140
f 6944/3356/1142 6941/3357/1141 6942/3354/1141
f 6946/3358/1143 6943/3359/1142 6944/3356/1142
f 6948/3360/1144 6945/3361/1143 6946/3358/1143
f 6950/3362/1145 6947/3363/1144 6948/3360/1144
f 6952/3364/1146 6949/3365/1145 6950/3362/1145
f 6954/3366/1147 6951/3367/1146 6952/3364/1146
f 6956/3368/1148 6953/3369/1147 6954/3366/1147
f 6958/3370/1149 6955/3371/1148 6956/3368/1148
f 6960/3372/1150 6957/3373/1149 6958/3370/1149
f 6962/3374/1151 6959/3375/1150 6960/3372/1150
f 6964/3376/1152 6961/3377/1151 6962/3374/1151
f 6966/3378/1153 6963/3379/1152 6964/3376/1152
f 6968/3380/1154 6965/3381/1153 6966/3378/1153
f 6970/3382/1155 6967/3383/1154 6968/3380/1154
f 6972/3384/1156 6969/3385/1155 6970/3382/1155
f 6974/3386/1157 6971/3387/1156 6972/3384/1156
f 6976/3388/1158 6973/3389/1157 6974/3386/1157
f 6978/3390/1159 6975/3391/1158 6976/3388/1158
f 6980/3392/1160 6977/3393/1159 6978/3390/1159
f 6982/3394/1161 6979/3395/1160 6980/3392/1160
f 6984/3396/1162 6981/3397/1161 6982/3394/1161
f 6986/3398/1163 6983/3399/1162 6984/3396/1162
f 6988/3400/1164 6985/3401/1163 6986/3398/1163
f 6990/3402/1165 6987/3403/1164 6988/3400/1164
f 6992/3404/1166 6989/3405/1165 6990/3402/1165
f 6994/3406/1167 6991/3407/1166 6992/3404/1166
f 6996/3408/1168 6993/3409/1167 6994/3406/1167
f 6998/3410/1169 6995/3411/1168 6996/3408/1168
f 7000/3412/351 6997/3413/1169 6998/3410/1169
f 7002/3414/1170 6999/3415/351 7000/3412/351
f 7004/3416/1171 7001/3417/1170 7002/3414/1170
f 7006/3418/1172 7003/3419/1171 7004/3416/1171
f 7008/3420/1173 7005/3421/1174 7006/3418/1172
f 7010/3422/1175 7007/3423/1173 7008/3420/1173
f 7012/3424/1176 7009/3425/1175 7010/3422/1175
f 7014/3426/1177 7011/3427/1176 7012/3424/1176
f 7016/3428/1178 7013/3429/1177 7014/3426/1177
f 7018/3430/1179 7015/3431/1178 7016/3428/1178
f 7020/3432/1180 7017/3433/1179 7018/3430/1179
f 7022/3434/1181 7019/3435/1180 7020/3432/1180
f 7024/3436/1182 7021/3437/1181 7022/3434/1181
f 7026/3438/1183 7023/3439/1182 7024/3436/1182
f 7028/3440/1184 7025/3441/1183 7026/3438/1183
f 7030/3442/1185 7027/3443/1184 7028/3440/1184
f 7032/3444/1186 7029/3445/1185 7030/3442/1185
f 7034/3446/1187 7031/3447/1186 7032/3444/1186
f 7036/3448/1188 7033/3449/1187 7034/3446/1187
f 7038/3450/1189 7035/3451/1188 7036/3448/1188
f 7040/3452/1190 7037/3453/1189 7038/3450/1189
f 7042/3454/1191 7039/3455/1190 7040/3452/1190
f 7044/3456/1192 7041/3457/1191 7042/3454/1191
f 7046/3458/1193 7043/3459/1192 7044/3456/1192
f 7048/3460/1194 7045/3461/1193 7046/3458/1193
f 7050/3462/1195 7047/3463/1194 7048/3460/1194
f 7052/3464/1196 7049/3465/1195 7050/3462/1195
f 7054/3466/1197 7051/3467/1196 7052/3464/1196
f 7056/3468/1198 7053/3469/1197 7054/3466/1197
f 7058/3470/1199 7055/3471/1198 7056/3468/1198
f 7060/3472/1200 7057/3473/1199 7058/3470/1199
f 7062/3474/1201 7059/3475/1200 7060/3472/1200
f 7064/3476/1202 7061/3477/1201 7062/3474/1201
f 7066/3478/1203 7063/3479/1202 7064/3476/1202
f 7068/3480/1204 7065/3481/1203 7066/3478/1203
f 7070/3482/1205 7067/3483/1204 7068/3480/1204
f 7072/3484/1206 7069/3485/1205 7070/3482/1205
f 7074/3486/1207 7071/3487/1206 7072/3484/1206
f 7076/3488/1208 7073/3489/1207 7074/3486/1207
f 7078/3490/1209 7075/3491/1208 7076/3488/1208
f 7080/3492/1210 7077/3493/1209 7078/3490/1209
f 7082/3494/1211 7079/3495/1210 7080/3492/1210
f 7084/3496/1212 7081/3497/1211 7082/3494/1211
f 7086/3498/1213 7083/3499/1212 7084/3496/1212
f 7088/3500/1214 7085/3501/1213 7086/3498/1213
f 7090/3502/1215 7087/3503/1214 7088/3500/1214
f 7092/3504/358 7089/3505/1215 7090/3502/1215
f 7094/3506/1216 7091/3507/358 7092/3504/358
f 7096/3508/1217 7093/3509/1216 7094/3506/1216
f 7098/3510/1218 7095/3511/1217 7096/3508/1217
f 7100/3512/1219 7097/3513/1218 7098/3510/1218
f 7102/3514/1220 7099/3515/1219 7100/3512/1219
f 7104/3516/1221 7101/3517/1220 7102/3514/1220
f 7106/3518/1222 7103/3519/1221 7104/3516/1221
f 7108/3520/1223 7105/3521/1222 7106/3518/1222
f 7110/3522/1224 7107/3523/1223 7108/3520/1223
f 7112/3524/1225 7109/3525/1224 7110/3522/1224
f 7114/3526/1226 7111/3527/1227 7112/3524/1225
f 7116/3528/1228 7113/3529/1226 7114/3526/1226
f 7118/3530/1229 7115/3531/1228 7116/3528/1228
f 7120/3532/1230 7117/3533/1229 7118/3530/1229
f 7122/3534/1231 7119/3535/1230 7120/3532/1230
f 7124/3536/1232 7121/3537/1231 7122/3534/1231
f 7126/3538/1233 7123/3539/1232 7124/3536/1232
f 7128/3540/1234 7125/3541/1233 7126/3538/1233
f 7130/3542/1235 7127/3543/1234 7128/3540/1234
f 7132/3544/1236 7129/3545/1235 7130/3542/1235
f 7134/3546/949 7131/3547/1236 7132/3544/1236
f 7136/3548/1237 7133/3549/949 7134/3546/949
f 7138/3550/1238 7135/3551/1239 7136/3548/1237
f 7140/1988/1240 7137/3552/1238 7138/3550/1238
f 7142/3553/1241 7139/181/1240 7140/1988/1240
f 7144/3554/1242 7141/3555/1241 7142/3553/1241
f 7146/3556/1243 7143/3557/1242 7144/3554/1242
f 7148/3558/1244 7145/3559/1243 7146/3556/1243
f 7150/3560/1245 7147/3561/1244 7148/3558/1244
f 7152/3562/1246 7149/3563/1245 7150/3560/1245
f 7154/3564/1247 7151/3565/1246 7152/3562/1246
f 7156/3566/1248 7153/3567/1247 7154/3564/1247
f 7158/3568/1249 7155/3569/1248 7156/3566/1248
f 7160/3570/428 7157/3571/1249 7158/3568/1249
f 7162/3572/1250 7159/3573/428 7160/3570/428
f 7164/3574/1251 7161/3575/1250 7162/3572/1250
f 7166/3576/1252 7163/3577/1251 7164/3574/1251
f 7168/3578/1253 7165/3579/1252 7166/3576/1252
f 7170/3580/1254 7167/3581/1253 7168/3578/1253
f 7172/3582/1255 7169/3583/1254 7170/3580/1254
f 7174/3584/1256 7171/3585/1255 7172/3582/1255
f 7176/3586/1257 7173/3587/1256 7174/3584/1256
f 7178/3588/1258 7175/3589/1257 7176/3586/1257
f 7180/3590/1259 7177/3591/1258 7178/3588/1258
f 7182/3592/1260 7179/3593/1259 7180/3590/1259
f 7184/3594/1040 7181/3595/1260 7182/3592/1260
f 7186/3596/1261 7183/3597/1040 7184/3594/1040
f 7188/3598/1262 7185/3599/1261 7186/3596/1261
f 7190/3600/1263 7187/3601/1262 7188/3598/1262
f 7192/3602/1264 7189/3603/1263 7190/3600/1263
f 7194/3604/1265 7191/3605/1264 7192/3602/1264
f 7196/3606/1266 7193/3607/1265 7194/3604/1265
f 7198/3608/1267 7195/3609/1266 7196/3606/1266
f 7200/3610/1268 7197/3611/1267 7198/3608/1267
f 7202/3612/1269 7199/3613/1268 7200/3610/1268
f 7204/3614/1270 7201/3615/1269 7202/3612/1269
f 7206/3616/1271 7203/3617/1272 7204/3614/1270
f 7208/3618/1273 7205/3619/1274 7206/3616/1271
f 7210/3620/1275 7207/3621/1273 7208/3618/1273
f 7212/3622/1276 7209/3623/1277 7210/3620/1275
f 7214/3624/65 7211/3625/1276 7212/3622/1276
f 7216/3626/1278 7213/3627/65 7214/3624/65
f 7218/3628/1279 7215/3629/1278 7216/3626/1278
f 7220/3630/1280 7217/3631/1279 7218/3628/1279
f 7222/3632/1281 7219/3633/1280 7220/3630/1280
f 7224/3634/1282 7221/3635/1281 7222/3632/1281
f 7226/3636/1283 7223/3637/1282 7224/3634/1282
f 7228/3638/1284 7225/3639/1283 7226/3636/1283
f 7230/3640/1285 7227/3641/1284 7228/3638/1284
f 7232/3642/1286 7229/3643/1285 7230/3640/1285
f 7234/3644/1287 7231/3645/1288 7232/3642/1286
f 7236/3646/1289 7233/3647/1287 7234/3644/1287
f 7238/3648/1290 7235/3649/1289 7236/3646/1289
f 7240/3650/1291 7237/3651/1292 7238/3648/1290
f 7242/3652/415 7239/3653/1291 7240/3650/1291
f 7244/3654/1293 7241/3655/415 7242/3652/415
f 7246/3656/1294 7243/3657/1293 7244/3654/1293
f 7248/3658/1295 7245/3659/1294 7246/3656/1294
f 7250/3660/1296 7247/3661/1295 7248/3658/1295
f 7252/3662/1297 7249/3663/1296 7250/3660/1296
f 7254/3664/1298 7251/3665/1297 7252/3662/1297
f 7256/3666/1299 7253/3667/1298 7254/3664/1298
f 7258/3668/1300 7255/3669/1299 7256/3666/1299
f 7260/3670/1301 7257/3671/1300 7258/3668/1300
f 7262/3672/1302 7259/3673/1301 7260/3670/1301
f 7264/3674/1303 7261/3675/1302 7262/3672/1302
f 7266/3676/1304 7263/3677/1303 7264/3674/1303
f 7268/3678/1305 7265/3679/1306 7266/3676/1304
f 7270/3680/1307 7267/3681/1305 7268/3678/1305
f 7272/3682/1308 7269/3683/1307 7270/3680/1307
f 7274/3684/1309 7271/3685/1308 7272/3682/1308
f 7276/3686/1310 7273/3687/1309 7274/3684/1309
f 7278/3688/1311 7275/3689/1310 7276/3686/1310
f 7280/3690/1312 7277/3691/1311 7278/3688/1311
f 7282/3692/1313 7279/3693/1312 7280/3690/1312
f 7284/3694/1314 7281/3695/1313 7282/3692/1313
f 7286/3696/1315 7283/3697/1314 7284/3694/1314
f 7288/3698/1316 7285/3699/1315 7286/3696/1315
f 7290/3700/1317 7287/3701/1316 7288/3698/1316
f 7292/3702/1318 7289/3703/1319 7290/3700/1317
f 7294/3704/1320 7291/3705/1321 7292/3702/1318
f 7296/3706/1322 7293/3707/1320 7294/3704/1320
f 7298/3708/1323 7295/3709/1322 7296/3706/1322
f 7300/3710/1324 7297/3711/1323 7298/3708/1323
f 7302/3712/1325 7299/3713/1326 7300/3710/1324
f 7304/3714/1327 7301/3715/1328 7302/3712/1325
f 7306/3716/1329 7303/3717/1327 7304/3714/1327
f 7308/3718/1330 7305/3719/1329 7306/3716/1329
f 7310/3720/1331 7307/3721/1330 7308/3718/1330
f 7312/3722/1332 7309/3723/1331 7310/3720/1331
f 7314/3724/1333 7311/3725/1332 7312/3722/1332
f 7316/3726/1334 7313/3727/1335 7314/3724/1333
f 7318/3728/1336 7315/3729/1334 7316/3726/1334
f 7320/3730/1337 7317/3731/1336 7318/3728/1336
f 7322/3732/1338 7319/3733/1337 7320/3730/1337
f 7324/3734/1339 7321/3735/1338 7322/3732/1338
f 7326/3736/1340 7323/3737/1339 7324/3734/1339
f 7328/3738/1341 7325/3739/1340 7326/3736/1340
f 7330/3740/1342 7327/3741/1341 7328/3738/1341
f 7332/3742/1343 7329/3743/1342 7330/3740/1342
f 7334/3744/1344 7331/3745/1343 7332/3742/1343
f 7336/3746/1345 7333/3747/1344 7334/3744/1344
f 7338/3748/1346 7335/3749/1345 7336/3746/1345
f 7340/3750/1347 7337/3751/1346 7338/3748/1346
f 7342/3752/1348 7339/3753/1347 7340/3750/1347
f 7344/3754/1349 7341/3755/1348 7342/3752/1348
f 7346/3756/1350 7343/3757/1349 7344/3754/1349
f 7348/3758/1351 7345/3759/1350 7346/3756/1350
f 7350/3760/1352 7347/3761/1351 7348/3758/1351
f 7352/3762/1353 7349/3763/1352 7350/3760/1352
f 7354/3764/316 7351/3765/1353 7352/3762/1353
f 7356/3766/1354 7353/3767/316 7354/3764/316
f 7358/3768/1355 7355/3769/1354 7356/3766/1354
f 7360/3770/1356 7357/3771/1355 7358/3768/1355
f 7362/3772/1357 7359/3773/1356 7360/3770/1356
f 7364/3774/1358 7361/3775/1357 7362/3772/1357
f 7366/3776/1359 7363/3777/1358 7364/3774/1358
f 7368/3778/1360 7365/3779/1359 7366/3776/1359
f 7370/3780/1361 7367/3781/1360 7368/3778/1360
f 7372/3782/1362 7369/3783/1361 7370/3780/1361
f 7374/3784/1363 7371/3785/1362 7372/3782/1362
f 7376/3786/1364 7373/3787/1363 7374/3784/1363
f 7378/3788/1365 7375/3789/1364 7376/3786/1364
f 7380/3790/1362 7377/3791/1365 7378/3788/1365
f 7382/3792/1366 7379/3793/1362 7380/3790/1362
f 7384/3794/1367 7381/3795/1366 7382/3792/1366
f 7386/3796/1368 7383/3797/1367 7384/3794/1367
f 7388/3798/1369 7385/3799/1368 7386/3796/1368
f 7390/3800/1370 7387/3801/1369 7388/3798/1369
f 7392/3802/1371 7389/3803/1370 7390/3800/1370
f 7394/3804/1372 7391/3805/1371 7392/3802/1371
f 7396/3806/1373 7393/3807/1372 7394/3804/1372
f 7398/3808/1374 7395/3809/1373 7396/3806/1373
f 7400/3810/1375 7397/3811/1374 7398/3808/1374
f 7402/3812/1376 7399/3813/1375 7400/3810/1375
f 7404/3814/1377 7401/3815/1376 7402/3812/1376
f 7406/3816/1378 7403/3817/1377 7404/3814/1377
f 7408/3818/1379 7405/3819/1378 7406/3816/1378
f 7410/3820/1380 7407/3821/1379 7408/3818/1379
f 7412/3822/1381 7409/3823/1380 7410/3820/1380
f 7414/3824/1382 7411/3825/1381 7412/3822/1381
f 7416/3826/1383 7413/3827/1382 7414/3824/1382
f 7418/3828/1384 7415/3829/1383 7416/3826/1383
f 7420/3830/1385 7417/3831/1384 7418/3828/1384
f 7422/3832/1386 7419/3833/1385 7420/3830/1385
f 7424/3834/1387 7421/3835/1386 7422/3832/1386
f 7426/3836/1388 7423/3837/1387 7424/3834/1387
f 7428/3838/1389 7425/3839/1388 7426/3836/1388
f 7430/3840/1390 7427/3841/1391 7428/3838/1389
f 7432/3842/1392 7429/3843/1390 7430/3840/1390
f 7434/3844/1393 7431/3845/1394 7432/3842/1392
f 7436/3846/1395 7433/3847/1393 7434/3844/1393
f 6842/2135/1091 7435/3848/1395 7436/3846/1395
f 7440/3849/1396 7437/135/1397 7438/1843/1398
f 7442/3850/1399 7439/3851/1396 7440/3849/1396
f 7444/3852/1400 7441/3853/1399 7442/3850/1399
f 7446/3854/1401 7443/3855/1400 7444/3852/1400
f 7448/3856/1402 7445/3857/1401 7446/3854/1401
f 7450/3858/1403 7447/3859/1402 7448/3856/1402
f 7452/3860/1404 7449/3861/1403 7450/3858/1403
f 7454/3862/1405 7451/3863/1404 7452/3860/1404
f 7456/3864/1406 7453/3865/1405 7454/3862/1405
f 7458/3866/1407 7455/3867/1406 7456/3864/1406
f 7460/3868/1408 7457/3869/1409 7458/3866/1407
f 7462/3870/1410 7459/3871/1408 7460/3868/1408
f 7464/3872/1411 7461/3873/1410 7462/3870/1410
f 7466/3874/1412 7463/3875/1411 7464/3872/1411
f 7468/3876/1413 7465/3877/1412 7466/3874/1412
f 7470/3878/1414 7467/3879/1413 7468/3876/1413
f 7472/3880/1415 7469/3881/1416 7470/3878/1414
f 7474/3882/1417 7471/3883/1415 7472/3880/1415
f 7476/3884/1418 7473/3885/1417 7474/3882/1417
f 7478/3886/1419 7475/3887/1418 7476/3884/1418
f 7480/3888/1420 7477/3889/1419 7478/3886/1419
f 7482/3890/1421 7479/3891/1420 7480/3888/1420
f 7484/3892/1422 7481/3893/1421 7482/3890/1421
f 7486/3894/1423 7483/3895/1422 7484/3892/1422
f 7488/3896/1424 7485/3897/1425 7486/3894/1423
f 7490/3898/1426 7487/114/1424 7488/3896/1424
f 7492/3899/1427 7489/3900/1426 7490/3898/1426
f 7494/3901/1428 7491/3902/1427 7492/3899/1427
f 7496/3903/1429 7493/3904/1428 7494/3901/1428
f 7498/3905/1430 7495/3906/1431 7496/3903/1429
f 7500/3907/1432 7497/3908/1430 7498/3905/1430
f 7502/3909/1433 7499/3910/1432 7500/3907/1432
f 7504/3911/1434 7501/3912/384 7502/3909/1433
f 7506/3913/1435 7503/3914/1436 7504/3911/1434
f 7508/3090/1437 7505/3915/1438 7506/3913/1435
f 7510/3916/1439 7507/1037/1437 7508/3090/1437
f 7512/3917/1440 7509/3918/1439 7510/3916/1439
f 7514/3919/1441 7511/3920/1440 7512/3917/1440
f 7516/3921/1442 7513/3922/1443 7514/3919/1441
f 7518/3923/1444 7515/3924/1442 7516/3921/1442
f 7520/3925/1445 7517/3926/1444 7518/3923/1444
f 7522/3927/1446 7519/3928/1445 7520/3925/1445
f 7524/3929/1447 7521/3930/1446 7522/3927/1446
f 7526/3931/1448 7523/3932/1447 7524/3929/1447
f 7528/3933/1449 7525/3934/1448 7526/3931/1448
f 7530/3935/170 7527/3936/1450 7528/3933/1449
f 7532/3937/1451 7529/3938/170 7530/3935/170
f 7534/3939/229 7531/3940/1451 7532/3937/1451
f 7536/3941/229 7533/3942/229 7534/3939/229
f 7538/3943/934 7535/3944/229 7536/3941/229
f 7540/3945/934 7537/115/934 7538/3943/934
f 7542/3946/229 7539/3947/934 7540/3945/934
f 7544/3948/229 7541/3949/229 7542/3946/229
f 7546/3950/1452 7543/3951/229 7544/3948/229
f 7548/3952/1453 7545/3953/1452 7546/3950/1452
f 7550/3954/1454 7547/3955/1453 7548/3952/1453
f 7552/3956/1455 7549/3957/1456 7550/3954/1454
f 7554/3958/1457 7551/3959/1458 7552/3956/1455
f 7556/3960/1459 7553/3961/1460 7554/3958/1457
f 7558/3962/290 7555/3963/1459 7556/3960/1459
f 7560/3964/1461 7557/3965/290 7558/3962/290
f 7562/3966/1462 7559/3967/1461 7560/3964/1461
f 7564/3968/1463 7561/3969/1462 7562/3966/1462
f 7566/3970/1464 7563/3971/1463 7564/3968/1463
f 7568/3972/1465 7565/3973/1464 7566/3970/1464
f 7570/3974/1466 7567/3975/1465 7568/3972/1465
f 7572/3976/113 7569/3977/1466 7570/3974/1466
f 7574/3978/113 7571/3979/113 7572/3976/113
f 7576/3980/113 7573/3981/113 7574/3978/113
f 7578/3109/113 7575/3982/113 7576/3980/113
f 7580/3983/113 7577/1108/113 7578/3109/113
f 7582/3984/113 7579/3985/113 7580/3983/113
f 7584/3986/113 7581/3987/113 7582/3984/113
f 7586/3988/113 7583/3989/113 7584/3986/113
f 7588/3990/113 7585/3991/113 7586/3988/113
f 7590/3992/113 7587/224/113 7588/3990/113
f 7592/3993/113 7589/3994/113 7590/3992/113
f 7594/3995/1467 7591/3996/113 7592/3993/113
f 7596/3997/689 7593/3998/1467 7594/3995/1467
f 7598/3999/1468 7595/4000/689 7596/3997/689
f 7600/4001/1469 7597/4002/1468 7598/3999/1468
f 7602/4003/1470 7599/4004/1471 7600/4001/1469
f 7604/4005/1472 7601/4006/1470 7602/4003/1470
f 7606/4007/1473 7603/4008/1472 7604/4005/1472
f 7608/4009/1474 7605/4010/1473 7606/4007/1473
f 7610/4011/1475 7607/4012/1474 7608/4009/1474
f 7612/4013/1476 7609/4014/1475 7610/4011/1475
f 7614/4015/1477 7611/4016/1476 7612/4013/1476
f 7616/4017/1478 7613/4018/1477 7614/4015/1477
f 7618/4019/1479 7615/4020/1478 7616/4017/1478
f 7620/4021/1480 7617/4022/1479 7618/4019/1479
f 7622/4023/1481 7619/4024/1482 7620/4021/1480
f 7624/4025/1483 7621/4026/1481 7622/4023/1481
f 7626/4027/1484 7623/4028/1483 7624/4025/1483
f 7628/4029/1485 7625/4030/1486 7626/4027/1484
f 7630/4031/1487 7627/4032/1485 7628/4029/1485
f 7632/4033/1488 7629/4034/1487 7630/4031/1487
f 7634/4035/1489 7631/4036/1488 7632/4033/1488
f 7636/4037/1490 7633/4038/1489 7634/4035/1489
f 7638/4039/1491 7635/4040/1490 7636/4037/1490
f 7640/4041/1492 7637/221/1491 7638/4039/1491
f 7642/4042/1493 7639/4043/1492 7640/4041/1492
f 7644/4044/1494 7641/4045/1493 7642/4042/1493
f 7646/4046/1495 7643/4047/1494 7644/4044/1494
f 7648/3127/1496 7645/4048/1495 7646/4046/1495
f 7650/4049/1497 7647/1060/1496 7648/3127/1496
f 7652/4050/1498 7649/4051/1497 7650/4049/1497
f 7654/4052/1499 7651/4053/1498 7652/4050/1498
f 7656/4054/1500 7653/4055/1501 7654/4052/1499
f 7658/4056/1502 7655/4057/1503 7656/4054/1500
f 7660/4058/1504 7657/4059/1502 7658/4056/1502
f 7662/4060/1505 7659/4061/1504 7660/4058/1504
f 7664/4062/1506 7661/4063/1505 7662/4060/1505
f 7666/4064/1507 7663/4065/1506 7664/4062/1506
f 7668/4066/85 7665/4067/1507 7666/4064/1507
f 7670/4068/85 7667/4069/85 7668/4066/85
f 7672/4070/85 7669/4071/85 7670/4068/85
f 7674/4072/85 7671/4073/85 7672/4070/85
f 7676/4074/85 7673/4075/85 7674/4072/85
f 7678/4076/85 7675/4077/85 7676/4074/85
f 7680/4078/85 7677/4079/85 7678/4076/85
f 7682/4080/85 7679/4081/85 7680/4078/85
f 7684/4082/85 7681/4083/85 7682/4080/85
f 7686/4084/85 7683/4085/85 7684/4082/85
f 7688/4086/85 7685/4087/85 7686/4084/85
f 7690/4088/1508 7687/198/85 7688/4086/85
f 7692/4089/1509 7689/4090/1508 7690/4088/1508
f 7694/4091/1510 7691/4092/1509 7692/4089/1509
f 7696/4093/1511 7693/4094/1510 7694/4091/1510
f 7698/4095/1512 7695/4096/1511 7696/4093/1511
f 7700/4097/1513 7697/4098/1512 7698/4095/1512
f 7702/4099/1514 7699/4100/1513 7700/4097/1513
f 7704/4101/1515 7701/4102/1514 7702/4099/1514
f 7706/4103/1516 7703/4104/1515 7704/4101/1515
f 7708/4105/1517 7705/4106/1518 7706/4103/1516
f 7710/4107/1519 7707/4108/1517 7708/4105/1517
f 7712/4109/1520 7709/4110/1519 7710/4107/1519
f 7714/4111/1521 7711/4112/1520 7712/4109/1520
f 7716/4113/936 7713/4114/1521 7714/4111/1521
f 7718/3145/1522 7715/4115/936 7716/4113/936
f 7720/4116/1523 7717/1049/1522 7718/3145/1522
f 7722/4117/738 7719/4118/1523 7720/4116/1523
f 7724/4119/1524 7721/4120/738 7722/4117/738
f 7726/4121/1525 7723/4122/1524 7724/4119/1524
f 7728/4123/1526 7725/4124/1525 7726/4121/1525
f 7730/4125/1527 7727/4126/1526 7728/4123/1526
f 7732/4127/1528 7729/4128/1527 7730/4125/1527
f 7734/4129/1529 7731/4130/1528 7732/4127/1528
f 7736/4131/1530 7733/4132/1529 7734/4129/1529
f 7738/4133/1531 7735/4134/1530 7736/4131/1530
f 7740/4135/1532 7737/143/1531 7738/4133/1531
f 7742/4136/1533 7739/4137/1532 7740/4135/1532
f 7744/4138/1534 7741/4139/1533 7742/4136/1533
f 7746/4140/1535 7743/4141/1536 7744/4138/1534
f 7748/4142/1537 7745/4143/1535 7746/4140/1535
f 7750/4144/1538 7747/4145/1537 7748/4142/1537
f 7752/4146/1539 7749/4147/1538 7750/4144/1538
f 7754/4148/1540 7751/4149/1539 7752/4146/1539
f 7756/4150/1541 7753/4151/1542 7754/4148/1540
f 7758/4152/1543 7755/4153/1541 7756/4150/1541
f 7760/4154/1544 7757/4155/1543 7758/4152/1543
f 7762/4156/1545 7759/4157/1544 7760/4154/1544
f 7764/4158/1546 7761/4159/1545 7762/4156/1545
f 7766/4160/1547 7763/4161/1548 7764/4158/1546
f 7768/4162/1549 7765/4163/1550 7766/4160/1547
f 7770/4164/1551 7767/4165/1549 7768/4162/1549
f 7772/4166/1552 7769/4167/1551 7770/4164/1551
f 7774/4168/1553 7771/4169/1552 7772/4166/1552
f 7776/4170/1554 7773/4171/1553 7774/4168/1553
f 7778/4172/1555 7775/4173/1554 7776/4170/1554
f 7780/4174/1556 7777/4175/1555 7778/4172/1555
f 7782/4176/1557 7779/4177/1556 7780/4174/1556
f 7784/4178/948 7781/4179/1557 7782/4176/1557
f 7786/4180/1558 7783/4181/948 7784/4178/948
f 7788/1988/1559 7785/4182/1558 7786/4180/1558
f 7790/4183/1560 7787/181/1559 7788/1988/1559
f 7792/4184/936 7789/4185/1560 7790/4183/1560
f 7794/4186/154 7791/4187/936 7792/4184/936
f 7796/4188/154 7793/4189/154 7794/4186/154
f 7798/4190/249 7795/4191/154 7796/4188/154
f 7800/4192/936 7797/4193/249 7798/4190/249
f 7802/4194/936 7799/4195/936 7800/4192/936
f 7804/4196/1561 7801/4197/936 7802/4194/936
f 7806/4198/1562 7803/4199/1561 7804/4196/1561
f 7808/4200/1563 7805/4201/1562 7806/4198/1562
f 7810/4202/1564 7807/4203/1563 7808/4200/1563
f 7812/4204/1565 7809/4205/1564 7810/4202/1564
f 7814/4206/1566 7811/4207/1565 7812/4204/1565
f 7816/4208/1567 7813/4209/1566 7814/4206/1566
f 7818/4210/1568 7815/4211/1567 7816/4208/1567
f 7820/4212/1569 7817/4213/1570 7818/4210/1568
f 7822/4214/1571 7819/4215/1572 7820/4212/1569
f 7824/4216/1573 7821/4217/1574 7822/4214/1571
f 7826/4218/1575 7823/4219/1573 7824/4216/1573
f 7828/4220/1576 7825/4221/1575 7826/4218/1575
f 7830/4222/1577 7827/4223/1576 7828/4220/1576
f 7832/4224/1578 7829/4225/1579 7830/4222/1577
f 7834/4226/1580 7831/4227/1578 7832/4224/1578
f 7836/4228/1581 7833/4229/1580 7834/4226/1580
f 7838/4230/1582 7835/4231/1583 7836/4228/1581
f 7840/4232/1584 7837/148/1585 7838/4230/1582
f 7842/4233/1586 7839/4234/1584 7840/4232/1584
f 7844/4235/329 7841/4236/1587 7842/4233/1586
f 7846/4237/1588 7843/4238/1589 7844/4235/329
f 7848/4239/1590 7845/4240/1588 7846/4237/1588
f 7850/4241/1591 7847/4242/1590 7848/4239/1590
f 7852/4243/1592 7849/4244/1591 7850/4241/1591
f 7854/4245/1593 7851/4246/1592 7852/4243/1592
f 7856/4247/1594 7853/4248/1593 7854/4245/1593
f 7858/3182/1595 7855/4249/1594 7856/4247/1594
f 7860/4250/1596 7857/930/1595 7858/3182/1595
f 7862/4251/1597 7859/4252/1596 7860/4250/1596
f 7864/4253/1598 7861/4254/1597 7862/4251/1597
f 7866/4255/1599 7863/4256/1598 7864/4253/1598
f 7868/4257/1600 7865/4258/1599 7866/4255/1599
f 7870/4259/1601 7867/4260/1600 7868/4257/1600
f 7872/4261/1602 7869/4262/1601 7870/4259/1601
f 7874/4263/1603 7871/4264/1602 7872/4261/1602
f 7876/4265/1604 7873/4266/1603 7874/4263/1603
f 7878/4267/1605 7875/4268/1604 7876/4265/1604
f 7880/4269/1606 7877/4270/1605 7878/4267/1605
f 7882/4271/1607 7879/4272/1606 7880/4269/1606
f 7884/4273/1608 7881/4274/1607 7882/4271/1607
f 7886/4275/1609 7883/4276/1608 7884/4273/1608
f 7888/4277/1610 7885/4278/1609 7886/4275/1609
f 7890/4279/1611 7887/36/1610 7888/4277/1610
f 7892/4280/1612 7889/4281/1611 7890/4279/1611
f 7894/4282/1613 7891/4283/1612 7892/4280/1612
f 7896/4284/1614 7893/4285/1613 7894/4282/1613
f 7898/4286/1615 7895/4287/1614 7896/4284/1614
f 7900/4288/1616 7897/4289/1615 7898/4286/1615
f 7902/4290/794 7899/4291/1616 7900/4288/1616
f 7904/4292/1617 7901/4293/794 7902/4290/794
f 7906/4294/1618 7903/4295/1617 7904/4292/1617
f 7908/4296/1619 7905/4297/1618 7906/4294/1618
f 7910/4298/1620 7907/4299/1621 7908/4296/1619
f 7912/4300/1622 7909/4301/1623 7910/4298/1620
f 7914/4302/1624 7911/4303/1622 7912/4300/1622
f 7916/4304/1625 7913/4305/1624 7914/4302/1624
f 7918/4306/1626 7915/4307/1625 7916/4304/1625
f 7920/4308/1627 7917/4309/1626 7918/4306/1626
f 7922/4310/1628 7919/4311/1627 7920/4308/1627
f 7924/4312/1629 7921/4313/1628 7922/4310/1628
f 7926/4314/1630 7923/4315/1629 7924/4312/1629
f 7928/3201/1631 7925/4316/1630 7926/4314/1630
f 7930/4317/1632 7927/941/1631 7928/3201/1631
f 7932/4318/1633 7929/4319/1632 7930/4317/1632
f 7934/4320/1634 7931/4321/1633 7932/4318/1633
f 7936/4322/1635 7933/4323/1636 7934/4320/1634
f 7938/4324/1637 7935/4325/1635 7936/4322/1635
f 7940/4326/1638 7937/8/1637 7938/4324/1637
f 7942/4327/1639 7939/4328/1638 7940/4326/1638
f 7944/4329/1640 7941/4330/1639 7942/4327/1639
f 7946/4331/1641 7943/4332/1642 7944/4329/1640
f 7948/4333/1643 7945/4334/1641 7946/4331/1641
f 7950/4335/1644 7947/4336/1645 7948/4333/1643
f 7952/4337/936 7949/4338/1644 7950/4335/1644
f 7954/4339/154 7951/4340/936 7952/4337/936
f 7956/4341/1646 7953/4342/154 7954/4339/154
f 7958/4343/1647 7955/4344/1648 7956/4341/1646
f 7960/4345/1649 7957/4346/1647 7958/4343/1647
f 7962/4347/1498 7959/4348/1649 7960/4345/1649
f 7964/4349/1650 7961/4350/1498 7962/4347/1498
f 7966/4351/1651 7963/4352/1650 7964/4349/1650
f 7968/4353/1652 7965/4354/1651 7966/4351/1651
f 7970/4355/1653 7967/4356/1654 7968/4353/1652
f 7972/4357/1655 7969/4358/1653 7970/4355/1653
f 7974/4359/1656 7971/4360/1655 7972/4357/1655
f 7976/4361/1657 7973/4362/1658 7974/4359/1656
f 7978/4363/1659 7975/4364/1657 7976/4361/1657
f 7980/4365/1660 7977/4366/1659 7978/4363/1659
f 7982/4367/1661 7979/4368/1660 7980/4365/1660
f 7984/4369/1662 7981/4370/1661 7982/4367/1661
f 7986/4371/1663 7983/4372/1664 7984/4369/1662
f 7988/4373/1665 7985/4374/1666 7986/4371/1663
f 7990/4375/1667 7987/88/1665 7988/4373/1665
f 7992/4376/1668 7989/4377/1667 7990/4375/1667
f 7994/4378/1669 7991/4379/1668 7992/4376/1668
f 7996/4380/1670 7993/4381/1669 7994/4378/1669
f 7998/3219/1671 7995/4382/1670 7996/4380/1670
f 8000/4383/1672 7997/968/1671 7998/3219/1671
f 8002/4384/1673 7999/4385/1672 8000/4383/1672
f 8004/4386/1674 8001/4387/1673 8002/4384/1673
f 8006/4388/1675 8003/4389/1674 8004/4386/1674
f 8008/4390/1676 8005/4391/1675 8006/4388/1675
f 8010/4392/1677 8007/4393/1676 8008/4390/1676
f 8012/4394/1678 8009/4395/1677 8010/4392/1677
f 8014/4396/1679 8011/4397/1680 8012/4394/1678
f 8016/4398/1681 8013/4399/1679 8014/4396/1679
f 8018/4400/1682 8015/4401/1681 8016/4398/1681
f 8020/4402/1683 8017/4403/1684 8018/4400/1682
f 8022/4404/1685 8019/4405/1683 8020/4402/1683
f 8024/4406/1686 8021/4407/1685 8022/4404/1685
f 8026/4408/1687 8023/4409/1686 8024/4406/1686
f 8028/4410/1688 8025/4411/1687 8026/4408/1687
f 8030/4412/1689 8027/4413/1688 8028/4410/1688
f 8032/4414/1690 8029/4415/1689 8030/4412/1689
f 8034/4416/1691 8031/4417/1692 8032/4414/1690
f 8036/4418/1693 8033/4419/1694 8034/4416/1691
f 8038/4420/1695 8035/4421/1696 8036/4418/1693
f 8040/4422/1697 8037/70/1695 8038/4420/1695
f 8042/4423/1698 8039/4424/1699 8040/4422/1697
f 8044/4425/1700 8041/4426/1698 8042/4423/1698
f 8046/4427/1701 8043/4428/1700 8044/4425/1700
f 8048/4429/1702 8045/4430/1701 8046/4427/1701
f 8050/4431/1703 8047/4432/1702 8048/4429/1702
f 8052/4433/1704 8049/4434/1705 8050/4431/1703
f 8054/4435/1706 8051/4436/1707 8052/4433/1704
f 8056/4437/1708 8053/4438/1706 8054/4435/1706
f 8058/4439/1709 8055/4440/1708 8056/4437/1708
f 8060/4441/1710 8057/4442/1711 8058/4439/1709
f 8062/4443/1712 8059/4444/1710 8060/4441/1710
f 8064/4445/1713 8061/4446/1712 8062/4443/1712
f 8066/4447/1714 8063/4448/1713 8064/4445/1713
f 8068/3237/1715 8065/4449/1714 8066/4447/1714
f 8070/4450/1716 8067/924/1715 8068/3237/1715
f 8072/4451/1717 8069/4452/1716 8070/4450/1716
f 8074/4453/1718 8071/4454/1719 8072/4451/1717
f 8076/4455/1720 8073/4456/1718 8074/4453/1718
f 8078/4457/1721 8075/4458/1720 8076/4455/1720
f 8080/4459/1722 8077/4460/1721 8078/4457/1721
f 8082/4461/1723 8079/4462/1722 8080/4459/1722
f 8084/4463/1724 8081/4464/1723 8082/4461/1723
f 8086/4465/1725 8083/4466/1726 8084/4463/1724
f 8088/4467/1727 8085/4468/1725 8086/4465/1725
f 8090/4469/1728 8087/55/1727 8088/4467/1727
f 8092/4470/1729 8089/4471/1728 8090/4469/1728
f 8094/4472/1730 8091/4473/1729 8092/4470/1729
f 8096/4474/1731 8093/4475/1732 8094/4472/1730
f 8098/4476/1733 8095/4477/1731 8096/4474/1731
f 8100/4478/1734 8097/4479/1733 8098/4476/1733
f 8102/4480/1735 8099/4481/1736 8100/4478/1734
f 8104/4482/1737 8101/4483/1738 8102/4480/1735
f 8106/4484/1739 8103/4485/1740 8104/4482/1737
f 8108/4486/1741 8105/4487/1742 8106/4484/1739
f 8110/4488/1743 8107/4489/1744 8108/4486/1741
f 8112/4490/1745 8109/4491/1746 8110/4488/1743
f 8114/4492/1747 8111/4493/1745 8112/4490/1745
f 8116/4494/1748 8113/4495/1747 8114/4492/1747
f 8118/4496/1749 8115/4497/1748 8116/4494/1748
f 8120/4498/1750 8117/4499/1751 8118/4496/1749
f 8122/4500/1752 8119/4501/1750 8120/4498/1750
f 8124/4502/1183 8121/4503/1752 8122/4500/1752
f 8126/4504/1753 8123/4505/1183 8124/4502/1183
f 8128/4506/1754 8125/4507/1753 8126/4504/1753
f 8130/4508/1755 8127/4509/1754 8128/4506/1754
f 8132/4510/1756 8129/4511/1755 8130/4508/1755
f 8134/4512/1757 8131/4513/1758 8132/4510/1756
f 8136/4514/1759 8133/4515/697 8134/4512/1757
f 7438/2135/1398 8135/4516/1759 8136/4514/1759
f 8140/3109/154 8137/135/249 8138/1843/249
f 8142/3145/934 8139/1108/154 8140/3109/154
f 8144/3182/229 8141/1049/934 8142/3145/934
f 8146/3219/936 8143/930/229 8144/3182/229
f 8138/2135/249 8145/968/936 8146/3219/936
f 8150/2474/1760 8147/135/1761 8148/1843/1761
f 8152/2488/1762 8149/2477/1760 8150/2474/1760
f 8154/2504/825 8151/2491/1762 8152/2488/1762
f 8156/2518/1763 8153/2507/825 8154/2504/825
f 8158/2533/1764 8155/2521/1763 8156/2518/1763
f 8160/2548/1765 8157/2535/1764 8158/2533/1764
f 8162/2562/1766 8159/2551/1765 8160/2548/1765
f 8164/2578/1767 8161/2565/1768 8162/2562/1766
f 8166/2592/1769 8163/2580/1767 8164/2578/1767
f 8168/2606/1770 8165/2595/1769 8166/2592/1769
f 8170/2622/1771 8167/2609/1770 8168/2606/1770
f 8172/2636/1772 8169/2625/1771 8170/2622/1771
f 8174/1988/1773 8171/2639/1772 8172/2636/1772
f 8176/2666/1774 8173/181/1773 8174/1988/1773
f 8178/2680/1775 8175/2669/1774 8176/2666/1774
f 8180/2696/1776 8177/2683/1775 8178/2680/1775
f 8182/2710/1777 8179/2699/1776 8180/2696/1776
f 8184/2725/1778 8181/2713/1777 8182/2710/1777
f 8186/2740/1779 8183/2727/1778 8184/2725/1778
f 8188/2754/1780 8185/2743/1779 8186/2740/1779
f 8190/2770/1781 8187/2757/1780 8188/2754/1780
f 8192/2784/1782 8189/2772/1781 8190/2770/1781
f 8194/2798/1783 8191/2787/1782 8192/2784/1782
f 8196/2814/1784 8193/2801/1783 8194/2798/1783
f 8198/2828/1785 8195/2817/1784 8196/2814/1784
f 8148/2135/1761 8197/2831/1785 8198/2828/1785
f 8202/1914/936 8199/135/154 8200/1843/154
f 8204/1988/229 8201/1917/936 8202/1914/936
f 8206/2061/934 8203/181/229 8204/1988/229
f 8200/2135/154 8205/2064/934 8206/2061/934
f 8210/1914/229 8207/135/936 8208/1843/936
f 8212/1988/934 8209/1917/229 8210/1914/229
f 8214/2061/154 8211/181/934 8212/1988/934
f 8208/2135/936 8213/2064/154 8214/2061/154
f 8218/1914/936 8215/135/154 8216/1843/154
f 8220/1988/229 8217/1917/936 8218/1914/936
f 8222/2061/934 8219/181/229 8220/1988/229
f 8216/2135/154 8221/2064/934 8222/2061/934
f 8226/4517/1786 8223/135/154 8224/1843/154
f 8228/4518/1787 8225/4519/1788 8226/4517/1786
f 8230/4520/1789 8227/4521/1787 8228/4518/1787
f 8232/4522/1790 8229/4523/1791 8230/4520/1789
f 8234/2474/1792 8231/4524/1793 8232/4522/1790
f 8236/4525/1794 8233/2477/1792 8234/2474/1792
f 8238/4526/1795 8235/4527/1794 8236/4525/1794
f 8240/4528/1796 8237/4529/1795 8238/4526/1795
f 8242/4530/1797 8239/4531/1798 8240/4528/1796
f 8244/2488/1799 8241/4532/1800 8242/4530/1797
f 8246/4533/1801 8243/2491/1802 8244/2488/1799
f 8248/4534/1803 8245/4535/1801 8246/4533/1801
f 8250/3090/1804 8247/4536/1805 8248/4534/1803
f 8252/4537/1806 8249/1037/1804 8250/3090/1804
f 8254/2504/1807 8251/4538/1806 8252/4537/1806
f 8256/4539/1808 8253/2507/1807 8254/2504/1807
f 8258/4540/1809 8255/4541/1810 8256/4539/1808
f 8260/4542/1811 8257/4543/1809 8258/4540/1809
f 8262/4544/1812 8259/4545/1811 8260/4542/1811
f 8264/2518/1813 8261/4546/1812 8262/4544/1812
f 8266/4547/1814 8263/2521/1815 8264/2518/1813
f 8268/4548/188 8265/4549/1814 8266/4547/1814
f 8270/4550/1816 8267/4551/1817 8268/4548/188
f 8272/4552/1818 8269/4553/1816 8270/4550/1816
f 8274/2533/1819 8271/4554/1818 8272/4552/1818
f 8276/3109/1820 8273/2535/1821 8274/2533/1819
f 8278/4555/934 8275/1108/1820 8276/3109/1820
f 8280/4556/1822 8277/4557/934 8278/4555/934
f 8282/4558/1823 8279/4559/1822 8280/4556/1822
f 8284/2548/1824 8281/4560/1823 8282/4558/1823
f 8286/4561/1825 8283/2551/1824 8284/2548/1824
f 8288/4562/1826 8285/4563/1827 8286/4561/1825
f 8290/4564/1828 8287/4565/1829 8288/4562/1826
f 8292/4566/1830 8289/4567/1828 8290/4564/1828
f 8294/2562/1831 8291/4568/1832 8292/4566/1830
f 8296/4569/1833 8293/2565/1834 8294/2562/1831
f 8298/4570/1835 8295/4571/1833 8296/4569/1833
f 8300/4572/1836 8297/4573/1835 8298/4570/1835
f 8302/3127/1837 8299/4574/1838 8300/4572/1836
f 8304/2578/1839 8301/1060/1840 8302/3127/1837
f 8306/4575/1841 8303/2580/1839 8304/2578/1839
f 8308/4576/1842 8305/4577/1843 8306/4575/1841
f 8310/4578/1844 8307/4579/1845 8308/4576/1842
f 8312/4580/1846 8309/4581/1844 8310/4578/1844
f 8314/2592/1847 8311/4582/1846 8312/4580/1846
f 8316/4583/1848 8313/2595/1847 8314/2592/1847
f 8318/4584/1849 8315/4585/1848 8316/4583/1848
f 8320/4586/1850 8317/4587/1849 8318/4584/1849
f 8322/4588/1851 8319/4589/1850 8320/4586/1850
f 8324/2606/1852 8321/4590/1851 8322/4588/1851
f 8326/4591/437 8323/2609/1852 8324/2606/1852
f 8328/3145/1853 8325/4592/437 8326/4591/437
f 8330/4593/1854 8327/1049/1853 8328/3145/1853
f 8332/4594/1855 8329/4595/1854 8330/4593/1854
f 8334/2622/1856 8331/4596/1857 8332/4594/1855
f 8336/4597/1858 8333/2625/1856 8334/2622/1856
f 8338/4598/1859 8335/4599/1860 8336/4597/1858
f 8340/4600/1861 8337/4601/1859 8338/4598/1859
f 8342/4602/1862 8339/4603/1863 8340/4600/1861
f 8344/2636/1864 8341/4604/1865 8342/4602/1862
f 8346/4605/1866 8343/2639/1864 8344/2636/1864
f 8348/4606/1867 8345/4607/1866 8346/4605/1866
f 8350/4608/1868 8347/4609/1869 8348/4606/1867
f 8352/4610/1870 8349/4611/1868 8350/4608/1868
f 8354/1988/1871 8351/4612/1870 8352/4610/1870
f 8356/4613/1872 8353/181/1871 8354/1988/1871
f 8358/4614/1873 8355/4615/1872 8356/4613/1872
f 8360/4616/1466 8357/4617/1873 8358/4614/1873
f 8362/4618/1874 8359/4619/1466 8360/4616/1466
f 8364/2666/1875 8361/4620/1874 8362/4618/1874
f 8366/4621/1876 8363/2669/1875 8364/2666/1875
f 8368/4622/1877 8365/4623/1876 8366/4621/1876
f 8370/4624/1878 8367/4625/1877 8368/4622/1877
f 8372/4626/1879 8369/4627/1878 8370/4624/1878
f 8374/2680/715 8371/4628/1879 8372/4626/1879
f 8376/4629/1880 8373/2683/715 8374/2680/715
f 8378/4630/1881 8375/4631/1882 8376/4629/1880
f 8380/3182/1883 8377/4632/1881 8378/4630/1881
f 8382/4633/1884 8379/930/1151 8380/3182/1883
f 8384/2696/1885 8381/4634/1886 8382/4633/1884
f 8386/4635/1887 8383/2699/1888 8384/2696/1885
f 8388/4636/1889 8385/4637/1890 8386/4635/1887
f 8390/4638/1891 8387/4639/1892 8388/4636/1889
f 8392/4640/1893 8389/4641/1891 8390/4638/1891
f 8394/2710/1894 8391/4642/1895 8392/4640/1893
f 8396/4643/1896 8393/2713/1894 8394/2710/1894
f 8398/4644/1897 8395/4645/1896 8396/4643/1896
f 8400/4646/1898 8397/4647/1899 8398/4644/1897
f 8402/4648/936 8399/4649/1900 8400/4646/1898
f 8404/2725/1901 8401/4650/936 8402/4648/936
f 8406/3201/1902 8403/2727/1901 8404/2725/1901
f 8408/4651/1903 8405/941/1902 8406/3201/1902
f 8410/4652/1904 8407/4653/1903 8408/4651/1903
f 8412/4654/1905 8409/4655/1906 8410/4652/1904
f 8414/2740/1907 8411/4656/1905 8412/4654/1905
f 8416/4657/1908 8413/2743/1907 8414/2740/1907
f 8418/4658/1909 8415/4659/1908 8416/4657/1908
f 8420/4660/1910 8417/4661/1909 8418/4658/1909
f 8422/4662/1911 8419/4663/1910 8420/4660/1910
f 8424/2754/1912 8421/4664/1911 8422/4662/1911
f 8426/4665/1913 8423/2757/1912 8424/2754/1912
f 8428/4666/1914 8425/4667/1913 8426/4665/1913
f 8430/4668/1915 8427/4669/1914 8428/4666/1914
f 8432/3219/1916 8429/4670/1915 8430/4668/1915
f 8434/2770/1917 8431/968/1918 8432/3219/1916
f 8436/4671/1919 8433/2772/1920 8434/2770/1917
f 8438/4672/1921 8435/4673/1922 8436/4671/1919
f 8440/4674/1923 8437/4675/1924 8438/4672/1921
f 8442/4676/1925 8439/4677/1923 8440/4674/1923
f 8444/2784/1926 8441/4678/1925 8442/4676/1925
f 8446/4679/1927 8443/2787/1928 8444/2784/1926
f 8448/4680/1929 8445/4681/1930 8446/4679/1927
f 8450/4682/1931 8447/4683/1932 8448/4680/1929
f 8452/4684/1933 8449/4685/1931 8450/4682/1931
f 8454/2798/1934 8451/4686/1935 8452/4684/1933
f 8456/4687/1936 8453/2801/1934 8454/2798/1934
f 8458/3237/1937 8455/4688/1936 8456/4687/1936
f 8460/4689/1938 8457/924/1937 8458/3237/1937
f 8462/4690/1939 8459/4691/1938 8460/4689/1938
f 8464/2814/1940 8461/4692/1939 8462/4690/1939
f 8466/4693/1941 8463/2817/1940 8464/2814/1940
f 8468/4694/1942 8465/4695/1941 8466/4693/1941
f 8470/4696/1555 8467/4697/1942 8468/4694/1942
f 8472/4698/1943 8469/4699/1555 8470/4696/1555
f 8474/2828/1944 8471/4700/1943 8472/4698/1943
f 8476/4701/1945 8473/2831/1944 8474/2828/1944
f 8478/4702/936 8475/4703/1946 8476/4701/1945
f 8480/4704/154 8477/4705/936 8478/4702/936
f 8482/4706/154 8479/4707/154 8480/4704/154
f 8224/2135/154 8481/4708/154 8482/4706/154
f 8486/4709/934 8483/135/934 8484/1843/934
f 8488/4710/229 8485/4711/934 8486/4709/934
f 8490/4712/229 8487/4713/229 8488/4710/229
f 8492/4714/1947 8489/4715/229 8490/4712/229
f 8494/4716/1948 8491/4717/1947 8492/4714/1947
f 8496/4718/1949 8493/4719/1950 8494/4716/1948
f 8498/4720/1951 8495/4721/1949 8496/4718/1949
f 8500/4722/1952 8497/4723/1951 8498/4720/1951
f 8502/4724/1953 8499/4725/1952 8500/4722/1952
f 8504/4726/1954 8501/4727/1955 8502/4724/1953
f 8506/4728/1956 8503/4729/1954 8504/4726/1954
f 8508/4730/1215 8505/4731/1956 8506/4728/1956
f 8510/4732/1957 8507/4733/1215 8508/4730/1215
f 8512/4734/1958 8509/4735/1959 8510/4732/1957
f 8514/4736/1960 8511/4737/1958 8512/4734/1958
f 8516/4738/1961 8513/4739/1960 8514/4736/1960
f 8518/4740/1962 8515/4741/1961 8516/4738/1961
f 8520/4742/1963 8517/4743/1964 8518/4740/1962
f 8522/4744/1965 8519/4745/1963 8520/4742/1963
f 8524/4746/1966 8521/4747/1965 8522/4744/1965
f 8526/4748/1967 8523/4749/1966 8524/4746/1966
f 8528/4750/1968 8525/4751/1967 8526/4748/1967
f 8530/4752/1969 8527/4753/1968 8528/4750/1968
f 8532/4754/1970 8529/4755/1969 8530/4752/1969
f 8534/4756/1971 8531/4757/1970 8532/4754/1970
f 8536/4758/1972 8533/4759/1971 8534/4756/1971
f 8538/4760/1973 8535/4761/1972 8536/4758/1972
f 8540/4762/1974 8537/4763/1973 8538/4760/1973
f 8542/4764/1975 8539/4765/1974 8540/4762/1974
f 8544/4766/1976 8541/4767/1975 8542/4764/1975
f 8546/4768/1977 8543/4769/1978 8544/4766/1976
f 8548/4770/1979 8545/4771/1980 8546/4768/1977
f 8550/4772/1981 8547/4773/1979 8548/4770/1979
f 8552/4774/1982 8549/4775/1983 8550/4772/1981
f 8554/4776/1984 8551/4777/1982 8552/4774/1982
f 8556/4778/1985 8553/4779/1984 8554/4776/1984
f 8558/4780/1986 8555/4781/1987 8556/4778/1985
f 8560/4782/1988 8557/4783/1989 8558/4780/1986
f 8562/4784/1990 8559/4785/1988 8560/4782/1988
f 8564/4786/1991 8561/4787/1990 8562/4784/1990
f 8566/4788/1992 8563/4789/1991 8564/4786/1991
f 8568/4790/1993 8565/4791/1992 8566/4788/1992
f 8570/4792/1994 8567/4793/1993 8568/4790/1993
f 8572/4794/1995 8569/4795/1994 8570/4792/1994
f 8574/4796/1996 8571/4797/1995 8572/4794/1995
f 8576/4798/1997 8573/4799/1996 8574/4796/1996
f 8578/4800/1998 8575/4801/1997 8576/4798/1997
f 8580/4802/1999 8577/4803/1998 8578/4800/1998
f 8582/4804/2000 8579/4805/1999 8580/4802/1999
f 8584/4806/2001 8581/4807/2000 8582/4804/2000
f 8586/4808/413 8583/4809/2001 8584/4806/2001
f 8588/4810/2002 8585/4811/413 8586/4808/413
f 8590/4812/2003 8587/4813/2002 8588/4810/2002
f 8592/4814/2004 8589/4815/2003 8590/4812/2003
f 8594/4816/2005 8591/4817/2006 8592/4814/2004
f 8596/4818/2007 8593/4819/2008 8594/4816/2005
f 8598/4820/2009 8595/4821/2007 8596/4818/2007
f 8600/4822/2010 8597/4823/2009 8598/4820/2009
f 8602/4824/501 8599/4825/2010 8600/4822/2010
f 8604/4826/2011 8601/4827/501 8602/4824/501
f 8606/4828/2012 8603/4829/2011 8604/4826/2011
f 8608/4830/2013 8605/4831/2014 8606/4828/2012
f 8610/4832/2015 8607/4833/2016 8608/4830/2013
f 8612/4834/2017 8609/4835/2018 8610/4832/2015
f 8614/4836/936 8611/4837/2019 8612/4834/2017
f 8616/4838/936 8613/4839/936 8614/4836/936
f 8618/4840/154 8615/4841/936 8616/4838/936
f 8620/4842/154 8617/4843/154 8618/4840/154
f 8622/4844/154 8619/4845/154 8620/4842/154
f 8624/4846/934 8621/4847/154 8622/4844/154
f 8484/2135/934 8623/4848/934 8624/4846/934
f 4316/1842/7 4315/1845/7 4313/135/8
f 4318/1844/9 4317/1847/9 4315/1845/7
f 4320/1846/10 4319/1849/10 4317/1847/9
f 4322/1848/11 4321/1851/11 4319/1849/10
f 4324/1850/12 4323/1853/12 4321/1851/11
f 4326/1852/13 4325/1855/13 4323/1853/12
f 4328/1854/14 4327/1857/14 4325/1855/13
f 4330/1856/15 4329/1859/15 4327/1857/14
f 4332/1858/16 4331/1861/16 4329/1859/15
f 4334/1860/17 4333/1863/17 4331/1861/16
f 4336/1862/18 4335/1865/18 4333/1863/17
f 4338/1864/19 4337/1867/19 4335/1865/18
f 4340/1866/20 4339/1869/20 4337/1867/19
f 4342/1868/21 4341/1871/21 4339/1869/20
f 4344/1870/22 4343/1873/22 4341/1871/21
f 4346/1872/23 4345/1875/23 4343/1873/22
f 4348/1874/24 4347/1877/24 4345/1875/23
f 4350/1876/25 4349/1879/25 4347/1877/24
f 4352/1878/26 4351/1881/26 4349/1879/25
f 4354/1880/27 4353/1883/27 4351/1881/26
f 4356/1882/28 4355/1885/28 4353/1883/27
f 4358/1884/29 4357/1887/29 4355/1885/28
f 4360/1886/30 4359/1889/30 4357/1887/29
f 4362/1888/31 4361/1891/31 4359/1889/30
f 4364/1890/32 4363/1893/32 4361/1891/31
f 4366/1892/33 4365/1895/33 4363/1893/32
f 4368/1894/34 4367/1897/34 4365/1895/33
f 4370/1896/35 4369/1899/35 4367/1897/34
f 4372/1898/36 4371/1901/36 4369/1899/35
f 4374/1900/37 4373/1903/37 4371/1901/36
f 4376/1902/38 4375/1905/38 4373/1903/37
f 4378/1904/39 4377/1907/39 4375/1905/38
f 4380/1906/40 4379/1909/40 4377/1907/39
f 4382/1908/41 4381/1911/41 4379/1909/40
f 4384/1910/42 4383/1913/42 4381/1911/41
f 4386/1912/43 4385/1915/43 4383/1913/42
f 4388/1914/44 4387/1917/44 4385/1915/43
f 4390/1916/45 4389/1919/45 4387/1917/44
f 4392/1918/46 4391/1921/46 4389/1919/45
f 4394/1920/47 4393/1923/47 4391/1921/46
f 4396/1922/48 4395/1925/48 4393/1923/47
f 4398/1924/49 4397/1927/49 4395/1925/48
f 4400/1926/50 4399/1929/50 4397/1927/49
f 4402/1928/51 4401/1931/51 4399/1929/50
f 4404/1930/52 4403/1933/52 4401/1931/51
f 4406/1932/53 4405/1935/53 4403/1933/52
f 4408/1934/54 4407/1937/54 4405/1935/53
f 4410/1936/55 4409/1939/55 4407/1937/54
f 4412/1938/56 4411/1941/58 4409/1939/55
f 4414/1940/57 4413/1943/57 4411/1941/58
f 4416/1942/59 4415/1945/59 4413/1943/57
f 4418/1944/60 4417/1947/60 4415/1945/59
f 4420/1946/61 4419/1949/61 4417/1947/60
f 4422/1948/62 4421/1951/62 4419/1949/61
f 4424/1950/63 4423/1953/63 4421/1951/62
f 4426/1952/64 4425/1955/66 4423/1953/63
f 4428/1954/65 4427/1957/65 4425/1955/66
f 4430/1956/67 4429/1959/69 4427/1957/65
f 4432/1958/68 4431/1961/68 4429/1959/69
f 4434/1960/70 4433/1963/70 4431/1961/68
f 4436/1962/71 4435/1965/71 4433/1963/70
f 4438/1964/72 4437/1967/72 4435/1965/71
f 4440/1966/73 4439/1969/73 4437/1967/72
f 4442/1968/74 4441/1971/74 4439/1969/73
f 4444/1970/75 4443/1973/77 4441/1971/74
f 4446/1972/76 4445/1975/76 4443/1973/77
f 4448/1974/78 4447/1977/78 4445/1975/76
f 4450/1976/79 4449/1979/79 4447/1977/78
f 4452/1978/80 4451/1981/80 4449/1979/79
f 4454/1980/81 4453/1983/81 4451/1981/80
f 4456/1982/82 4455/1985/82 4453/1983/81
f 4458/1984/83 4457/1987/83 4455/1985/82
f 4460/1986/84 4459/1989/84 4457/1987/83
f 4462/1988/85 4461/181/85 4459/1989/84
f 4464/1990/85 4463/1992/85 4461/181/85
f 4466/1991/85 4465/1994/85 4463/1992/85
f 4468/1993/85 4467/1996/85 4465/1994/85
f 4470/1995/85 4469/1998/85 4467/1996/85
f 4472/1997/85 4471/2000/85 4469/1998/85
f 4474/1999/85 4473/2002/85 4471/2000/85
f 4476/2001/85 4475/2004/85 4473/2002/85
f 4478/2003/85 4477/2006/85 4475/2004/85
f 4480/2005/85 4479/2008/85 4477/2006/85
f 4482/2007/85 4481/2010/85 4479/2008/85
f 4484/2009/86 4483/2012/86 4481/2010/85
f 4486/2011/87 4485/2014/87 4483/2012/86
f 4488/2013/88 4487/2016/88 4485/2014/87
f 4490/2015/89 4489/2018/89 4487/2016/88
f 4492/2017/90 4491/2020/90 4489/2018/89
f 4494/2019/91 4493/2022/91 4491/2020/90
f 4496/2021/92 4495/2024/92 4493/2022/91
f 4498/2023/93 4497/2026/93 4495/2024/92
f 4500/2025/94 4499/2028/94 4497/2026/93
f 4502/2027/95 4501/2030/95 4499/2028/94
f 4504/2029/96 4503/2032/96 4501/2030/95
f 4506/2031/97 4505/2034/99 4503/2032/96
f 4508/2033/98 4507/2036/98 4505/2034/99
f 4510/2035/100 4509/2038/100 4507/2036/98
f 4512/2037/101 4511/2040/101 4509/2038/100
f 4514/2039/102 4513/2042/102 4511/2040/101
f 4516/2041/103 4515/2044/103 4513/2042/102
f 4518/2043/104 4517/2046/104 4515/2044/103
f 4520/2045/105 4519/2048/105 4517/2046/104
f 4522/2047/106 4521/2050/106 4519/2048/105
f 4524/2049/107 4523/2052/107 4521/2050/106
f 4526/2051/108 4525/2054/108 4523/2052/107
f 4528/2053/109 4527/2056/109 4525/2054/108
f 4530/2055/110 4529/2058/110 4527/2056/109
f 4532/2057/111 4531/2060/111 4529/2058/110
f 4534/2059/112 4533/2062/112 4531/2060/111
f 4536/2061/113 4535/2064/113 4533/2062/112
f 4538/2063/113 4537/2066/113 4535/2064/113
f 4540/2065/113 4539/2068/113 4537/2066/113
f 4542/2067/113 4541/2070/113 4539/2068/113
f 4544/2069/113 4543/2072/113 4541/2070/113
f 4546/2071/113 4545/2074/113 4543/2072/113
f 4548/2073/113 4547/2076/113 4545/2074/113
f 4550/2075/113 4549/2078/113 4547/2076/113
f 4552/2077/113 4551/2080/113 4549/2078/113
f 4554/2079/113 4553/2082/113 4551/2080/113
f 4556/2081/113 4555/2084/113 4553/2082/113
f 4558/2083/114 4557/2086/114 4555/2084/113
f 4560/2085/115 4559/2088/115 4557/2086/114
f 4562/2087/116 4561/2090/116 4559/2088/115
f 4564/2089/117 4563/2092/117 4561/2090/116
f 4566/2091/118 4565/2094/118 4563/2092/117
f 4568/2093/119 4567/2096/119 4565/2094/118
f 4570/2095/120 4569/2098/120 4567/2096/119
f 4572/2097/121 4571/2100/121 4569/2098/120
f 4574/2099/122 4573/2102/122 4571/2100/121
f 4576/2101/123 4575/2104/123 4573/2102/122
f 4578/2103/124 4577/2106/124 4575/2104/123
f 4580/2105/125 4579/2108/127 4577/2106/124
f 4582/2107/126 4581/2110/126 4579/2108/127
f 4584/2109/128 4583/2112/130 4581/2110/126
f 4586/2111/129 4585/2114/132 4583/2112/130
f 4588/2113/131 4587/2116/131 4585/2114/132
f 4590/2115/133 4589/2118/133 4587/2116/131
f 4592/2117/134 4591/2120/136 4589/2118/133
f 4594/2119/135 4593/2122/138 4591/2120/136
f 4596/2121/137 4595/2124/140 4593/2122/138
f 4598/2123/139 4597/2126/139 4595/2124/140
f 4600/2125/141 4599/2128/141 4597/2126/139
f 4602/2127/142 4601/2130/142 4599/2128/141
f 4604/2129/143 4603/2132/145 4601/2130/142
f 4606/2131/144 4605/2134/147 4603/2132/145
f 4608/2133/146 4607/2136/148 4605/2134/147
f 4314/2135/8 4313/2/8 4607/2136/148
f 4612/2137/149 4611/2139/149 4609/135/150
f 4614/2138/151 4613/2141/151 4611/2139/149
f 4616/2140/152 4615/2143/152 4613/2141/151
f 4618/2142/153 4617/2145/153 4615/2143/152
f 4620/2144/154 4619/2147/154 4617/2145/153
f 4622/2146/155 4621/2149/155 4619/2147/154
f 4624/2148/156 4623/2151/158 4621/2149/155
f 4626/2150/157 4625/523/157 4623/2151/158
f 4628/2152/159 4627/2154/159 4625/523/157
f 4630/2153/160 4629/2156/160 4627/2154/159
f 4632/2155/161 4631/2157/161 4629/2156/160
f 4634/1914/162 4633/1917/162 4631/2157/161
f 4636/2158/163 4635/2160/163 4633/1917/162
f 4638/2159/164 4637/2162/166 4635/2160/163
f 4640/2161/165 4639/2164/165 4637/2162/166
f 4642/2163/167 4641/588/169 4639/2164/165
f 4644/2165/168 4643/2167/168 4641/588/169
f 4646/2166/170 4645/2169/172 4643/2167/168
f 4648/2168/171 4647/2171/171 4645/2169/172
f 4650/2170/173 4649/2173/173 4647/2171/171
f 4652/2172/174 4651/2175/174 4649/2173/173
f 4654/2174/175 4653/2177/175 4651/2175/174
f 4656/2176/176 4655/2178/176 4653/2177/175
f 4658/1988/177 4657/181/177 4655/2178/176
f 4660/2179/178 4659/2181/178 4657/181/177
f 4662/2180/179 4661/2183/179 4659/2181/178
f 4664/2182/180 4663/2185/180 4661/2183/179
f 4666/2184/181 4665/2187/181 4663/2185/180
f 4668/2186/182 4667/2189/182 4665/2187/181
f 4670/2188/183 4669/2191/183 4667/2189/182
f 4672/2190/184 4671/2193/186 4669/2191/183
f 4674/2192/185 4673/310/188 4671/2193/186
f 4676/2194/187 4675/2196/187 4673/310/188
f 4678/2195/189 4677/2198/191 4675/2196/187
f 4680/2197/190 4679/2199/190 4677/2198/191
f 4682/2061/192 4681/2064/194 4679/2199/190
f 4684/2200/193 4683/2202/193 4681/2064/194
f 4686/2201/195 4685/2204/197 4683/2202/193
f 4688/2203/196 4687/2206/199 4685/2204/197
f 4690/2205/198 4689/269/198 4687/2206/199
f 4692/2207/200 4691/2209/200 4689/269/198
f 4694/2208/201 4693/2211/203 4691/2209/200
f 4696/2210/202 4695/2213/202 4693/2211/203
f 4698/2212/204 4697/2215/204 4695/2213/202
f 4700/2214/205 4699/2217/205 4697/2215/204
f 4702/2216/206 4701/2219/206 4699/2217/205
f 4704/2218/207 4703/2220/207 4701/2219/206
f 4610/2135/150 4609/2/150 4703/2220/207
f 4708/2137/208 4707/2139/208 4705/135/209
f 4710/2138/210 4709/2141/212 4707/2139/208
f 4712/2140/211 4711/2143/211 4709/2141/212
f 4714/2142/213 4713/2145/213 4711/2143/211
f 4716/2144/214 4715/2147/214 4713/2145/213
f 4718/2146/215 4717/2149/215 4715/2147/214
f 4720/2148/216 4719/2151/216 4717/2149/215
f 4722/2150/217 4721/523/217 4719/2151/216
f 4724/2152/218 4723/2154/218 4721/523/217
f 4726/2153/219 4725/2156/219 4723/2154/218
f 4728/2155/220 4727/2157/222 4725/2156/219
f 4730/1914/221 4729/1917/224 4727/2157/222
f 4732/2158/223 4731/2160/226 4729/1917/224
f 4734/2159/225 4733/2162/225 4731/2160/226
f 4736/2161/227 4735/2164/227 4733/2162/225
f 4738/2163/228 4737/588/228 4735/2164/227
f 4740/2165/229 4739/2167/229 4737/588/228
f 4742/2166/230 4741/2169/230 4739/2167/229
f 4744/2168/231 4743/2171/231 4741/2169/230
f 4746/2170/232 4745/2173/234 4743/2171/231
f 4748/2172/233 4747/2175/233 4745/2173/234
f 4750/2174/235 4749/2177/235 4747/2175/233
f 4752/2176/85 4751/2178/85 4749/2177/235
f 4754/1988/236 4753/181/236 4751/2178/85
f 4756/2179/237 4755/2181/237 4753/181/236
f 4758/2180/238 4757/2183/240 4755/2181/237
f 4760/2182/239 4759/2185/239 4757/2183/240
f 4762/2184/170 4761/2187/170 4759/2185/239
f 4764/2186/241 4763/2189/241 4761/2187/170
f 4766/2188/242 4765/2191/242 4763/2189/241
f 4768/2190/243 4767/2193/245 4765/2191/242
f 4770/2192/244 4769/310/247 4767/2193/245
f 4772/2194/246 4771/2196/246 4769/310/247
f 4774/2195/248 4773/2198/248 4771/2196/246
f 4776/2197/249 4775/2199/251 4773/2198/248
f 4778/2061/250 4777/2064/250 4775/2199/251
f 4780/2200/252 4779/2202/252 4777/2064/250
f 4782/2201/253 4781/2204/255 4779/2202/252
f 4784/2203/254 4783/2206/254 4781/2204/255
f 4786/2205/256 4785/269/256 4783/2206/254
f 4788/2207/154 4787/2209/154 4785/269/256
f 4790/2208/257 4789/2211/257 4787/2209/154
f 4792/2210/258 4791/2213/258 4789/2211/257
f 4794/2212/259 4793/2215/259 4791/2213/258
f 4796/2214/260 4795/2217/262 4793/2215/259
f 4798/2216/261 4797/2219/261 4795/2217/262
f 4800/2218/113 4799/2220/113 4797/2219/261
f 4706/2135/209 4705/2/209 4799/2220/113
f 4804/2221/263 4803/2223/263 4801/135/264
f 4806/2222/265 4805/2225/267 4803/2223/263
f 4808/2224/266 4807/2227/266 4805/2225/267
f 4810/2226/268 4809/2229/268 4807/2227/266
f 4812/2228/269 4811/2231/271 4809/2229/268
f 4814/2230/270 4813/2233/273 4811/2231/271
f 4816/2232/272 4815/2235/272 4813/2233/273
f 4818/2234/274 4817/2237/274 4815/2235/272
f 4820/2236/275 4819/2239/275 4817/2237/274
f 4822/2238/276 4821/2241/276 4819/2239/275
f 4824/2240/277 4823/2243/277 4821/2241/276
f 4826/2242/278 4825/2245/278 4823/2243/277
f 4828/2244/279 4827/2247/279 4825/2245/278
f 4830/2246/280 4829/2249/280 4827/2247/279
f 4832/2248/281 4831/2251/281 4829/2249/280
f 4834/2250/282 4833/2253/282 4831/2251/281
f 4836/2252/283 4835/2255/283 4833/2253/282
f 4838/2254/284 4837/2257/284 4835/2255/283
f 4840/2256/285 4839/2259/285 4837/2257/284
f 4842/2258/286 4841/2261/286 4839/2259/285
f 4844/2260/287 4843/2263/289 4841/2261/286
f 4846/2262/288 4845/2265/288 4843/2263/289
f 4848/2264/290 4847/2267/292 4845/2265/288
f 4850/2266/291 4849/2269/291 4847/2267/292
f 4852/2268/293 4851/2271/293 4849/2269/291
f 4854/2270/294 4853/2273/294 4851/2271/293
f 4856/2272/295 4855/2275/295 4853/2273/294
f 4858/2274/296 4857/2277/296 4855/2275/295
f 4860/2276/297 4859/2279/297 4857/2277/296
f 4862/2278/298 4861/2281/298 4859/2279/297
f 4864/2280/299 4863/2283/299 4861/2281/298
f 4866/2282/300 4865/2285/300 4863/2283/299
f 4868/2284/301 4867/2287/301 4865/2285/300
f 4870/2286/302 4869/2289/302 4867/2287/301
f 4872/2288/303 4871/2291/305 4869/2289/302
f 4874/2290/304 4873/2293/304 4871/2291/305
f 4876/2292/306 4875/2295/306 4873/2293/304
f 4878/2294/307 4877/2297/307 4875/2295/306
f 4880/2296/308 4879/2299/308 4877/2297/307
f 4882/2298/309 4881/2301/311 4879/2299/308
f 4884/2300/310 4883/2303/312 4881/2301/311
f 4886/2302/310 4885/2305/310 4883/2303/312
f 4888/2304/313 4887/2307/313 4885/2305/310
f 4890/2306/314 4889/2309/314 4887/2307/313
f 4892/2308/315 4891/2311/315 4889/2309/314
f 4894/2310/316 4893/2313/316 4891/2311/315
f 4896/2312/317 4895/2315/317 4893/2313/316
f 4898/2314/318 4897/2317/318 4895/2315/317
f 4900/2316/319 4899/2319/319 4897/2317/318
f 4902/2318/320 4901/2321/320 4899/2319/319
f 4904/2320/321 4903/2323/321 4901/2321/320
f 4906/2322/322 4905/2325/322 4903/2323/321
f 4908/2324/323 4907/2327/323 4905/2325/322
f 4910/2326/324 4909/2329/324 4907/2327/323
f 4912/2328/325 4911/2331/327 4909/2329/324
f 4914/2330/326 4913/2333/326 4911/2331/327
f 4916/2332/328 4915/2335/328 4913/2333/326
f 4918/2334/329 4917/2337/329 4915/2335/328
f 4920/2336/330 4919/2339/330 4917/2337/329
f 4922/2338/331 4921/2340/331 4919/2339/330
f 4924/1988/332 4923/181/332 4921/2340/331
f 4926/2341/333 4925/2343/333 4923/181/332
f 4928/2342/334 4927/2345/334 4925/2343/333
f 4930/2344/335 4929/2347/335 4927/2345/334
f 4932/2346/336 4931/2349/336 4929/2347/335
f 4934/2348/337 4933/2351/339 4931/2349/336
f 4936/2350/338 4935/2353/338 4933/2351/339
f 4938/2352/340 4937/2355/340 4935/2353/338
f 4940/2354/341 4939/2357/341 4937/2355/340
f 4942/2356/342 4941/2359/344 4939/2357/341
f 4944/2358/343 4943/2361/343 4941/2359/344
f 4946/2360/345 4945/2363/347 4943/2361/343
f 4948/2362/346 4947/2365/349 4945/2363/347
f 4950/2364/348 4949/2367/348 4947/2365/349
f 4952/2366/350 4951/2369/350 4949/2367/348
f 4954/2368/351 4953/2371/351 4951/2369/350
f 4956/2370/352 4955/2373/352 4953/2371/351
f 4958/2372/353 4957/2375/353 4955/2373/352
f 4960/2374/354 4959/2377/354 4957/2375/353
f 4962/2376/355 4961/2379/355 4959/2377/354
f 4964/2378/356 4963/2381/356 4961/2379/355
f 4966/2380/357 4965/2383/357 4963/2381/356
f 4968/2382/358 4967/2385/358 4965/2383/357
f 4970/2384/359 4969/2387/359 4967/2385/358
f 4972/2386/360 4971/2389/360 4969/2387/359
f 4974/2388/361 4973/2391/361 4971/2389/360
f 4976/2390/362 4975/2393/362 4973/2391/361
f 4978/2392/363 4977/2395/363 4975/2393/362
f 4980/2394/364 4979/2397/364 4977/2395/363
f 4982/2396/365 4981/2399/365 4979/2397/364
f 4984/2398/366 4983/2401/366 4981/2399/365
f 4986/2400/367 4985/2403/367 4983/2401/366
f 4988/2402/368 4987/2405/368 4985/2403/367
f 4990/2404/369 4989/2407/371 4987/2405/368
f 4992/2406/370 4991/2409/370 4989/2407/371
f 4994/2408/372 4993/2411/374 4991/2409/370
f 4996/2410/373 4995/2413/373 4993/2411/374
f 4998/2412/375 4997/2415/375 4995/2413/373
f 5000/2414/376 4999/2417/376 4997/2415/375
f 5002/2416/377 5001/2419/379 4999/2417/376
f 5004/2418/378 5003/2421/378 5001/2419/379
f 5006/2420/380 5005/2423/380 5003/2421/378
f 5008/2422/381 5007/2425/381 5005/2423/380
f 5010/2424/382 5009/2427/382 5007/2425/381
f 5012/2426/383 5011/2429/385 5009/2427/382
f 5014/2428/384 5013/2431/387 5011/2429/385
f 5016/2430/386 5015/2433/386 5013/2431/387
f 5018/2432/388 5017/2435/390 5015/2433/386
f 5020/2434/389 5019/2437/392 5017/2435/390
f 5022/2436/391 5021/2439/394 5019/2437/392
f 5024/2438/393 5023/2441/393 5021/2439/394
f 5026/2440/395 5025/2443/397 5023/2441/393
f 5028/2442/396 5027/2445/396 5025/2443/397
f 5030/2444/398 5029/2447/400 5027/2445/396
f 5032/2446/399 5031/2449/402 5029/2447/400
f 5034/2448/401 5033/2451/401 5031/2449/402
f 5036/2450/403 5035/2453/403 5033/2451/401
f 5038/2452/404 5037/2455/404 5035/2453/403
f 5040/2454/405 5039/2457/407 5037/2455/404
f 5042/2456/406 5041/2459/406 5039/2457/407
f 5044/2458/408 5043/2460/408 5041/2459/406
f 4802/2135/264 4801/2/264 5043/2460/408
f 5048/1844/113 5047/1847/113 5045/135/113
f 5050/1848/113 5049/1851/113 5047/1847/113
f 5052/1852/113 5051/1855/113 5049/1851/113
f 5054/1856/113 5053/1859/113 5051/1855/113
f 5056/1860/113 5055/1863/113 5053/1859/113
f 5058/1864/113 5057/1867/113 5055/1863/113
f 5060/1868/113 5059/1871/113 5057/1867/113
f 5062/1872/113 5061/1875/113 5059/1871/113
f 5064/1876/113 5063/1879/113 5061/1875/113
f 5066/1880/113 5065/1883/113 5063/1879/113
f 5068/1884/409 5067/1887/409 5065/1883/113
f 5070/1888/410 5069/1891/410 5067/1887/409
f 5072/1892/411 5071/1895/411 5069/1891/410
f 5074/1896/412 5073/1899/412 5071/1895/411
f 5076/1900/413 5075/1903/413 5073/1899/412
f 5078/1904/414 5077/1907/414 5075/1903/413
f 5080/1908/415 5079/1911/415 5077/1907/414
f 5082/1912/416 5081/1915/416 5079/1911/415
f 5084/1916/417 5083/1919/417 5081/1915/416
f 5086/1920/418 5085/1923/418 5083/1919/417
f 5088/1924/419 5087/1927/419 5085/1923/418
f 5090/1928/420 5089/1931/420 5087/1927/419
f 5092/1932/421 5091/1935/423 5089/1931/420
f 5094/1936/422 5093/1939/422 5091/1935/423
f 5096/1940/424 5095/1943/424 5093/1939/422
f 5098/1944/425 5097/1947/425 5095/1943/424
f 5100/1948/426 5099/1951/426 5097/1947/425
f 5102/1952/427 5101/1955/427 5099/1951/426
f 5104/1956/428 5103/1959/428 5101/1955/427
f 5106/1960/429 5105/1963/429 5103/1959/428
f 5108/1964/430 5107/1967/430 5105/1963/429
f 5110/1968/431 5109/1971/431 5107/1967/430
f 5112/1972/432 5111/1975/432 5109/1971/431
f 5114/1976/433 5113/1979/433 5111/1975/432
f 5116/1980/434 5115/1983/434 5113/1979/433
f 5118/1984/435 5117/1987/435 5115/1983/434
f 5120/1988/85 5119/181/85 5117/1987/435
f 5122/1991/85 5121/1994/85 5119/181/85
f 5124/1995/85 5123/1998/85 5121/1994/85
f 5126/1999/85 5125/2002/85 5123/1998/85
f 5128/2003/85 5127/2006/85 5125/2002/85
f 5130/2007/85 5129/2010/85 5127/2006/85
f 5132/2011/85 5131/2014/85 5129/2010/85
f 5134/2015/85 5133/2018/85 5131/2014/85
f 5136/2019/85 5135/2022/85 5133/2018/85
f 5138/2023/85 5137/2026/85 5135/2022/85
f 5140/2027/85 5139/2030/85 5137/2026/85
f 5142/2031/436 5141/2034/436 5139/2030/85
f 5144/2035/437 5143/2038/437 5141/2034/436
f 5146/2039/438 5145/2042/438 5143/2038/437
f 5148/2043/439 5147/2046/439 5145/2042/438
f 5150/2047/440 5149/2050/440 5147/2046/439
f 5152/2051/441 5151/2054/441 5149/2050/440
f 5154/2055/442 5153/2058/442 5151/2054/441
f 5156/2059/443 5155/2062/443 5153/2058/442
f 5158/2063/444 5157/2066/444 5155/2062/443
f 5160/2067/445 5159/2070/445 5157/2066/444
f 5162/2071/446 5161/2074/446 5159/2070/445
f 5164/2075/447 5163/2078/449 5161/2074/446
f 5166/2079/448 5165/2082/448 5163/2078/449
f 5168/2083/450 5167/2086/450 5165/2082/448
f 5170/2087/451 5169/2090/451 5167/2086/450
f 5172/2091/452 5171/2094/452 5169/2090/451
f 5174/2095/453 5173/2098/453 5171/2094/452
f 5176/2099/454 5175/2102/454 5173/2098/453
f 5178/2103/455 5177/2106/455 5175/2102/454
f 5180/2107/456 5179/2110/456 5177/2106/455
f 5182/2111/457 5181/2114/457 5179/2110/456
f 5184/2115/458 5183/2118/458 5181/2114/457
f 5186/2119/459 5185/2122/459 5183/2118/458
f 5188/2123/460 5187/2126/460 5185/2122/459
f 5190/2127/461 5189/2130/461 5187/2126/460
f 5192/2131/462 5191/2134/462 5189/2130/461
f 5046/2135/113 5045/2/113 5191/2134/462
f 5196/1842/7 5195/1845/7 5193/135/8
f 5198/1844/9 5197/1847/9 5195/1845/7
f 5200/1846/10 5199/1849/10 5197/1847/9
f 5202/1848/11 5201/1851/11 5199/1849/10
f 5204/1850/12 5203/1853/12 5201/1851/11
f 5206/1852/13 5205/1855/13 5203/1853/12
f 5208/1854/14 5207/1857/14 5205/1855/13
f 5210/1856/15 5209/1859/15 5207/1857/14
f 5212/1858/16 5211/1861/16 5209/1859/15
f 5214/1860/17 5213/1863/17 5211/1861/16
f 5216/1862/18 5215/1865/18 5213/1863/17
f 5218/1864/19 5217/1867/19 5215/1865/18
f 5220/1866/20 5219/1869/20 5217/1867/19
f 5222/1868/21 5221/1871/21 5219/1869/20
f 5224/1870/22 5223/1873/22 5221/1871/21
f 5226/1872/23 5225/1875/23 5223/1873/22
f 5228/1874/24 5227/1877/24 5225/1875/23
f 5230/1876/25 5229/1879/25 5227/1877/24
f 5232/1878/26 5231/1881/26 5229/1879/25
f 5234/1880/27 5233/1883/27 5231/1881/26
f 5236/1882/28 5235/1885/28 5233/1883/27
f 5238/1884/29 5237/1887/29 5235/1885/28
f 5240/1886/30 5239/1889/30 5237/1887/29
f 5242/1888/31 5241/1891/31 5239/1889/30
f 5244/1890/32 5243/1893/32 5241/1891/31
f 5246/1892/33 5245/1895/33 5243/1893/32
f 5248/1894/34 5247/1897/34 5245/1895/33
f 5250/1896/35 5249/1899/35 5247/1897/34
f 5252/1898/36 5251/1901/36 5249/1899/35
f 5254/1900/37 5253/1903/37 5251/1901/36
f 5256/1902/38 5255/1905/38 5253/1903/37
f 5258/1904/39 5257/1907/39 5255/1905/38
f 5260/1906/40 5259/1909/40 5257/1907/39
f 5262/1908/41 5261/1911/41 5259/1909/40
f 5264/1910/42 5263/1913/42 5261/1911/41
f 5266/1912/43 5265/1915/43 5263/1913/42
f 5268/1914/44 5267/1917/44 5265/1915/43
f 5270/1916/45 5269/1919/45 5267/1917/44
f 5272/1918/46 5271/1921/46 5269/1919/45
f 5274/1920/47 5273/1923/47 5271/1921/46
f 5276/1922/48 5275/1925/48 5273/1923/47
f 5278/1924/49 5277/1927/49 5275/1925/48
f 5280/1926/50 5279/1929/50 5277/1927/49
f 5282/1928/51 5281/1931/51 5279/1929/50
f 5284/1930/52 5283/1933/52 5281/1931/51
f 5286/1932/53 5285/1935/53 5283/1933/52
f 5288/1934/54 5287/1937/54 5285/1935/53
f 5290/1936/55 5289/1939/55 5287/1937/54
f 5292/1938/56 5291/1941/58 5289/1939/55
f 5294/1940/57 5293/1943/57 5291/1941/58
f 5296/1942/59 5295/1945/59 5293/1943/57
f 5298/1944/60 5297/1947/60 5295/1945/59
f 5300/1946/61 5299/1949/61 5297/1947/60
f 5302/1948/62 5301/1951/62 5299/1949/61
f 5304/1950/63 5303/1953/63 5301/1951/62
f 5306/1952/66 5305/1955/66 5303/1953/63
f 5308/1954/65 5307/1957/65 5305/1955/66
f 5310/1956/69 5309/1959/69 5307/1957/65
f 5312/1958/68 5311/1961/68 5309/1959/69
f 5314/1960/70 5313/1963/70 5311/1961/68
f 5316/1962/71 5315/1965/71 5313/1963/70
f 5318/1964/72 5317/1967/72 5315/1965/71
f 5320/1966/73 5319/1969/73 5317/1967/72
f 5322/1968/74 5321/1971/74 5319/1969/73
f 5324/1970/75 5323/1973/75 5321/1971/74
f 5326/1972/76 5325/1975/76 5323/1973/75
f 5328/1974/78 5327/1977/78 5325/1975/76
f 5330/1976/79 5329/1979/79 5327/1977/78
f 5332/1978/80 5331/1981/80 5329/1979/79
f 5334/1980/81 5333/1983/81 5331/1981/80
f 5336/1982/82 5335/1985/82 5333/1983/81
f 5338/1984/83 5337/1987/83 5335/1985/82
f 5340/1986/84 5339/1989/84 5337/1987/83
f 5342/1988/85 5341/181/85 5339/1989/84
f 5344/1990/85 5343/1992/85 5341/181/85
f 5346/1991/85 5345/1994/85 5343/1992/85
f 5348/1993/85 5347/1996/85 5345/1994/85
f 5350/1995/85 5349/1998/85 5347/1996/85
f 5352/1997/85 5351/2000/85 5349/1998/85
f 5354/1999/85 5353/2002/85 5351/2000/85
f 5356/2001/85 5355/2004/85 5353/2002/85
f 5358/2003/85 5357/2006/85 5355/2004/85
f 5360/2005/85 5359/2008/85 5357/2006/85
f 5362/2007/85 5361/2010/85 5359/2008/85
f 5364/2009/86 5363/2012/86 5361/2010/85
f 5366/2011/87 5365/2014/87 5363/2012/86
f 5368/2013/88 5367/2016/88 5365/2014/87
f 5370/2015/89 5369/2018/89 5367/2016/88
f 5372/2017/90 5371/2020/90 5369/2018/89
f 5374/2019/91 5373/2022/91 5371/2020/90
f 5376/2021/92 5375/2024/92 5373/2022/91
f 5378/2023/93 5377/2026/93 5375/2024/92
f 5380/2025/94 5379/2028/94 5377/2026/93
f 5382/2027/95 5381/2030/95 5379/2028/94
f 5384/2029/96 5383/2032/96 5381/2030/95
f 5386/2031/97 5385/2034/99 5383/2032/96
f 5388/2033/98 5387/2036/98 5385/2034/99
f 5390/2035/100 5389/2038/100 5387/2036/98
f 5392/2037/101 5391/2040/101 5389/2038/100
f 5394/2039/102 5393/2042/102 5391/2040/101
f 5396/2041/103 5395/2044/103 5393/2042/102
f 5398/2043/104 5397/2046/104 5395/2044/103
f 5400/2045/105 5399/2048/105 5397/2046/104
f 5402/2047/106 5401/2050/106 5399/2048/105
f 5404/2049/107 5403/2052/107 5401/2050/106
f 5406/2051/108 5405/2054/108 5403/2052/107
f 5408/2053/109 5407/2056/109 5405/2054/108
f 5410/2055/110 5409/2058/110 5407/2056/109
f 5412/2057/111 5411/2060/111 5409/2058/110
f 5414/2059/112 5413/2062/112 5411/2060/111
f 5416/2061/113 5415/2064/113 5413/2062/112
f 5418/2063/113 5417/2066/113 5415/2064/113
f 5420/2065/113 5419/2068/113 5417/2066/113
f 5422/2067/113 5421/2070/113 5419/2068/113
f 5424/2069/113 5423/2072/113 5421/2070/113
f 5426/2071/113 5425/2074/113 5423/2072/113
f 5428/2073/113 5427/2076/113 5425/2074/113
f 5430/2075/113 5429/2078/113 5427/2076/113
f 5432/2077/113 5431/2080/113 5429/2078/113
f 5434/2079/113 5433/2082/113 5431/2080/113
f 5436/2081/113 5435/2084/113 5433/2082/113
f 5438/2083/114 5437/2086/114 5435/2084/113
f 5440/2085/115 5439/2088/115 5437/2086/114
f 5442/2087/116 5441/2090/116 5439/2088/115
f 5444/2089/117 5443/2092/117 5441/2090/116
f 5446/2091/118 5445/2094/118 5443/2092/117
f 5448/2093/119 5447/2096/119 5445/2094/118
f 5450/2095/120 5449/2098/120 5447/2096/119
f 5452/2097/121 5451/2100/121 5449/2098/120
f 5454/2099/122 5453/2102/122 5451/2100/121
f 5456/2101/123 5455/2104/123 5453/2102/122
f 5458/2103/124 5457/2106/124 5455/2104/123
f 5460/2105/125 5459/2108/127 5457/2106/124
f 5462/2107/126 5461/2110/126 5459/2108/127
f 5464/2109/128 5463/2112/464 5461/2110/126
f 5466/2111/463 5465/2114/463 5463/2112/464
f 5468/2113/465 5467/2116/131 5465/2114/463
f 5470/2115/466 5469/2118/133 5467/2116/131
f 5472/2117/136 5471/2120/134 5469/2118/133
f 5474/2119/135 5473/2122/138 5471/2120/134
f 5476/2121/467 5475/2124/467 5473/2122/138
f 5478/2123/139 5477/2126/139 5475/2124/467
f 5480/2125/468 5479/2128/468 5477/2126/139
f 5482/2127/142 5481/2130/142 5479/2128/468
f 5484/2129/469 5483/2132/469 5481/2130/142
f 5486/2131/470 5485/2134/471 5483/2132/469
f 5488/2133/146 5487/2136/148 5485/2134/471
f 5194/2135/8 5193/2/8 5487/2136/148
f 5492/2461/472 5491/2463/472 5489/135/473
f 5494/2462/474 5493/2465/474 5491/2463/472
f 5496/2464/475 5495/2467/475 5493/2465/474
f 5498/2466/476 5497/2469/476 5495/2467/475
f 5500/2468/477 5499/2471/477 5497/2469/476
f 5502/2470/478 5501/2473/478 5499/2471/477
f 5504/2472/479 5503/2475/479 5501/2473/478
f 5506/2474/480 5505/2477/480 5503/2475/479
f 5508/2476/481 5507/2479/481 5505/2477/480
f 5510/2478/482 5509/2481/482 5507/2479/481
f 5512/2480/483 5511/2483/485 5509/2481/482
f 5514/2482/484 5513/2484/484 5511/2483/485
f 5516/2140/486 5515/2143/486 5513/2484/484
f 5518/2485/487 5517/2487/487 5515/2143/486
f 5520/2486/488 5519/2489/488 5517/2487/487
f 5522/2488/489 5521/2491/489 5519/2489/488
f 5524/2490/490 5523/2493/490 5521/2491/489
f 5526/2492/491 5525/2495/491 5523/2493/490
f 5528/2494/492 5527/2497/492 5525/2495/491
f 5530/2496/493 5529/2499/493 5527/2497/492
f 5532/2498/494 5531/2501/494 5529/2499/493
f 5534/2500/495 5533/2503/495 5531/2501/494
f 5536/2502/496 5535/2505/496 5533/2503/495
f 5538/2504/497 5537/2507/497 5535/2505/496
f 5540/2506/498 5539/2508/498 5537/2507/497
f 5542/2146/499 5541/2149/501 5539/2508/498
f 5544/2509/500 5543/2511/500 5541/2149/501
f 5546/2510/502 5545/2513/502 5543/2511/500
f 5548/2512/503 5547/2515/503 5545/2513/502
f 5550/2514/504 5549/2517/504 5547/2515/503
f 5552/2516/505 5551/2519/505 5549/2517/504
f 5554/2518/506 5553/2521/506 5551/2519/505
f 5556/2520/507 5555/2523/507 5553/2521/506
f 5558/2522/508 5557/2525/508 5555/2523/507
f 5560/2524/509 5559/2527/509 5557/2525/508
f 5562/2526/510 5561/2529/510 5559/2527/509
f 5564/2528/511 5563/2531/511 5561/2529/510
f 5566/2530/512 5565/2532/512 5563/2531/511
f 5568/2152/513 5567/2154/513 5565/2532/512
f 5570/2533/514 5569/2535/514 5567/2154/513
f 5572/2534/515 5571/2537/515 5569/2535/514
f 5574/2536/516 5573/2539/516 5571/2537/515
f 5576/2538/517 5575/2541/517 5573/2539/516
f 5578/2540/518 5577/2543/518 5575/2541/517
f 5580/2542/519 5579/2545/519 5577/2543/518
f 5582/2544/520 5581/2547/520 5579/2545/519
f 5584/2546/521 5583/2549/521 5581/2547/520
f 5586/2548/522 5585/2551/522 5583/2549/521
f 5588/2550/523 5587/2553/523 5585/2551/522
f 5590/2552/524 5589/2555/524 5587/2553/523
f 5592/2554/525 5591/2556/525 5589/2555/524
f 5594/1914/526 5593/1917/526 5591/2556/525
f 5596/2557/527 5595/2559/527 5593/1917/526
f 5598/2558/528 5597/2561/528 5595/2559/527
f 5600/2560/529 5599/2563/531 5597/2561/528
f 5602/2562/530 5601/2565/533 5599/2563/531
f 5604/2564/532 5603/2567/535 5601/2565/533
f 5606/2566/534 5605/2569/534 5603/2567/535
f 5608/2568/536 5607/2571/536 5605/2569/534
f 5610/2570/537 5609/2573/539 5607/2571/536
f 5612/2572/538 5611/2575/541 5609/2573/539
f 5614/2574/540 5613/2577/540 5611/2575/541
f 5616/2576/542 5615/2579/544 5613/2577/540
f 5618/2578/543 5617/2580/543 5615/2579/544
f 5620/2161/545 5619/2164/547 5617/2580/543
f 5622/2581/546 5621/2583/546 5619/2164/547
f 5624/2582/548 5623/2585/548 5621/2583/546
f 5626/2584/549 5625/2587/549 5623/2585/548
f 5628/2586/550 5627/2589/194 5625/2587/549
f 5630/2588/551 5629/2591/551 5627/2589/194
f 5632/2590/552 5631/2593/554 5629/2591/551
f 5634/2592/553 5633/2595/555 5631/2593/554
f 5636/2594/555 5635/2597/555 5633/2595/555
f 5638/2596/556 5637/2599/556 5635/2597/555
f 5640/2598/557 5639/2601/557 5637/2599/556
f 5642/2600/558 5641/2603/558 5639/2601/557
f 5644/2602/559 5643/2604/559 5641/2603/558
f 5646/2166/560 5645/2169/560 5643/2604/559
f 5648/2605/560 5647/2607/560 5645/2169/560
f 5650/2606/561 5649/2609/561 5647/2607/560
f 5652/2608/562 5651/2611/562 5649/2609/561
f 5654/2610/563 5653/2613/563 5651/2611/562
f 5656/2612/564 5655/2615/564 5653/2613/563
f 5658/2614/565 5657/2617/565 5655/2615/564
f 5660/2616/566 5659/2619/566 5657/2617/565
f 5662/2618/567 5661/2621/567 5659/2619/566
f 5664/2620/568 5663/2623/568 5661/2621/567
f 5666/2622/569 5665/2625/569 5663/2623/568
f 5668/2624/570 5667/2627/570 5665/2625/569
f 5670/2626/571 5669/2628/571 5667/2627/570
f 5672/2172/572 5671/2175/572 5669/2628/571
f 5674/2629/573 5673/2631/573 5671/2175/572
f 5676/2630/574 5675/2633/574 5673/2631/573
f 5678/2632/575 5677/2635/575 5675/2633/574
f 5680/2634/576 5679/2637/576 5677/2635/575
f 5682/2636/577 5681/2639/577 5679/2637/576
f 5684/2638/578 5683/2641/578 5681/2639/577
f 5686/2640/579 5685/2643/579 5683/2641/578
f 5688/2642/580 5687/2645/580 5685/2643/579
f 5690/2644/581 5689/2647/581 5687/2645/580
f 5692/2646/582 5691/2649/582 5689/2647/581
f 5694/2648/583 5693/2651/583 5691/2649/582
f 5696/2650/584 5695/2652/584 5693/2651/583
f 5698/1988/585 5697/181/585 5695/2652/584
f 5700/2653/586 5699/2655/586 5697/181/585
f 5702/2654/587 5701/2657/587 5699/2655/586
f 5704/2656/588 5703/2659/588 5701/2657/587
f 5706/2658/589 5705/2661/589 5703/2659/588
f 5708/2660/590 5707/2663/590 5705/2661/589
f 5710/2662/591 5709/2665/591 5707/2663/590
f 5712/2664/592 5711/2667/592 5709/2665/591
f 5714/2666/593 5713/2669/593 5711/2667/592
f 5716/2668/594 5715/2671/594 5713/2669/593
f 5718/2670/595 5717/2673/595 5715/2671/594
f 5720/2672/463 5719/2675/463 5717/2673/595
f 5722/2674/596 5721/2676/596 5719/2675/463
f 5724/2182/597 5723/2185/597 5721/2676/596
f 5726/2677/598 5725/2679/598 5723/2185/597
f 5728/2678/599 5727/2681/599 5725/2679/598
f 5730/2680/600 5729/2683/600 5727/2681/599
f 5732/2682/601 5731/2685/601 5729/2683/600
f 5734/2684/602 5733/2687/602 5731/2685/601
f 5736/2686/603 5735/2689/603 5733/2687/602
f 5738/2688/604 5737/2691/604 5735/2689/603
f 5740/2690/605 5739/2693/605 5737/2691/604
f 5742/2692/606 5741/2695/606 5739/2693/605
f 5744/2694/607 5743/2697/607 5741/2695/606
f 5746/2696/608 5745/2699/608 5743/2697/607
f 5748/2698/609 5747/2700/611 5745/2699/608
f 5750/2188/610 5749/2191/610 5747/2700/611
f 5752/2701/612 5751/2703/612 5749/2191/610
f 5754/2702/613 5753/2705/613 5751/2703/612
f 5756/2704/614 5755/2707/614 5753/2705/613
f 5758/2706/615 5757/2709/615 5755/2707/614
f 5760/2708/616 5759/2711/616 5757/2709/615
f 5762/2710/617 5761/2713/617 5759/2711/616
f 5764/2712/618 5763/2715/618 5761/2713/617
f 5766/2714/619 5765/2717/619 5763/2715/618
f 5768/2716/620 5767/2719/620 5765/2717/619
f 5770/2718/621 5769/2721/621 5767/2719/620
f 5772/2720/622 5771/2723/622 5769/2721/621
f 5774/2722/623 5773/2724/623 5771/2723/622
f 5776/2194/624 5775/2196/624 5773/2724/623
f 5778/2725/625 5777/2727/627 5775/2196/624
f 5780/2726/626 5779/2729/629 5777/2727/627
f 5782/2728/628 5781/2731/628 5779/2729/629
f 5784/2730/630 5783/2733/630 5781/2731/628
f 5786/2732/631 5785/2735/631 5783/2733/630
f 5788/2734/632 5787/2737/632 5785/2735/631
f 5790/2736/633 5789/2739/633 5787/2737/632
f 5792/2738/634 5791/2741/634 5789/2739/633
f 5794/2740/635 5793/2743/635 5791/2741/634
f 5796/2742/636 5795/2745/636 5793/2743/635
f 5798/2744/637 5797/2747/637 5795/2745/636
f 5800/2746/638 5799/2748/638 5797/2747/637
f 5802/2061/639 5801/2064/641 5799/2748/638
f 5804/2749/640 5803/2751/640 5801/2064/641
f 5806/2750/642 5805/2753/642 5803/2751/640
f 5808/2752/643 5807/2755/643 5805/2753/642
f 5810/2754/644 5809/2757/644 5807/2755/643
f 5812/2756/645 5811/2759/645 5809/2757/644
f 5814/2758/646 5813/2761/646 5811/2759/645
f 5816/2760/647 5815/2763/647 5813/2761/646
f 5818/2762/648 5817/2765/648 5815/2763/647
f 5820/2764/649 5819/2767/649 5817/2765/648
f 5822/2766/650 5821/2769/650 5819/2767/649
f 5824/2768/651 5823/2771/651 5821/2769/650
f 5826/2770/652 5825/2772/654 5823/2771/651
f 5828/2203/653 5827/2206/653 5825/2772/654
f 5830/2773/655 5829/2775/655 5827/2206/653
f 5832/2774/656 5831/2777/656 5829/2775/655
f 5834/2776/657 5833/2779/657 5831/2777/656
f 5836/2778/658 5835/2781/658 5833/2779/657
f 5838/2780/659 5837/2783/659 5835/2781/658
f 5840/2782/660 5839/2785/660 5837/2783/659
f 5842/2784/661 5841/2787/661 5839/2785/660
f 5844/2786/662 5843/2789/662 5841/2787/661
f 5846/2788/486 5845/2791/486 5843/2789/662
f 5848/2790/663 5847/2793/663 5845/2791/486
f 5850/2792/664 5849/2795/664 5847/2793/663
f 5852/2794/665 5851/2796/665 5849/2795/664
f 5854/2208/666 5853/2211/666 5851/2796/665
f 5856/2797/667 5855/2799/667 5853/2211/666
f 5858/2798/668 5857/2801/668 5855/2799/667
f 5860/2800/669 5859/2803/669 5857/2801/668
f 5862/2802/670 5861/2805/670 5859/2803/669
f 5864/2804/671 5863/2807/671 5861/2805/670
f 5866/2806/672 5865/2809/672 5863/2807/671
f 5868/2808/673 5867/2811/673 5865/2809/672
f 5870/2810/674 5869/2813/674 5867/2811/673
f 5872/2812/675 5871/2815/675 5869/2813/674
f 5874/2814/676 5873/2817/676 5871/2815/675
f 5876/2816/677 5875/2819/677 5873/2817/676
f 5878/2818/678 5877/2820/678 5875/2819/677
f 5880/2214/679 5879/2217/679 5877/2820/678
f 5882/2821/680 5881/2823/680 5879/2217/679
f 5884/2822/681 5883/2825/681 5881/2823/680
f 5886/2824/682 5885/2827/682 5883/2825/681
f 5888/2826/119 5887/2829/119 5885/2827/682
f 5890/2828/683 5889/2831/683 5887/2829/119
f 5892/2830/684 5891/2833/684 5889/2831/683
f 5894/2832/685 5893/2835/685 5891/2833/684
f 5896/2834/686 5895/2837/686 5893/2835/685
f 5898/2836/687 5897/2839/687 5895/2837/686
f 5900/2838/688 5899/2841/688 5897/2839/687
f 5902/2840/689 5901/2843/689 5899/2841/688
f 5904/2842/690 5903/2844/690 5901/2843/689
f 5490/2135/473 5489/2/473 5903/2844/690
f 5908/1844/113 5907/1847/113 5905/135/113
f 5910/1848/113 5909/1851/113 5907/1847/113
f 5912/1852/113 5911/1855/113 5909/1851/113
f 5914/1856/113 5913/1859/113 5911/1855/113
f 5916/1860/113 5915/1863/113 5913/1859/113
f 5918/1864/113 5917/1867/113 5915/1863/113
f 5920/1868/113 5919/1871/113 5917/1867/113
f 5922/1872/113 5921/1875/113 5919/1871/113
f 5924/1876/113 5923/1879/113 5921/1875/113
f 5926/1880/113 5925/1883/113 5923/1879/113
f 5928/1884/409 5927/1887/409 5925/1883/113
f 5930/1888/410 5929/1891/410 5927/1887/409
f 5932/1892/411 5931/1895/411 5929/1891/410
f 5934/1896/412 5933/1899/412 5931/1895/411
f 5936/1900/413 5935/1903/413 5933/1899/412
f 5938/1904/414 5937/1907/414 5935/1903/413
f 5940/1908/415 5939/1911/415 5937/1907/414
f 5942/1912/416 5941/1915/416 5939/1911/415
f 5944/1916/417 5943/1919/417 5941/1915/416
f 5946/1920/418 5945/1923/418 5943/1919/417
f 5948/1924/419 5947/1927/419 5945/1923/418
f 5950/1928/420 5949/1931/420 5947/1927/419
f 5952/1932/421 5951/1935/691 5949/1931/420
f 5954/1936/422 5953/1939/422 5951/1935/691
f 5956/1940/424 5955/1943/424 5953/1939/422
f 5958/1944/425 5957/1947/425 5955/1943/424
f 5960/1948/426 5959/1951/426 5957/1947/425
f 5962/1952/427 5961/1955/427 5959/1951/426
f 5964/1956/428 5963/1959/428 5961/1955/427
f 5966/1960/429 5965/1963/429 5963/1959/428
f 5968/1964/430 5967/1967/430 5965/1963/429
f 5970/1968/431 5969/1971/431 5967/1967/430
f 5972/1972/432 5971/1975/432 5969/1971/431
f 5974/1976/433 5973/1979/433 5971/1975/432
f 5976/1980/434 5975/1983/434 5973/1979/433
f 5978/1984/435 5977/1987/435 5975/1983/434
f 5980/1988/85 5979/181/85 5977/1987/435
f 5982/1991/85 5981/1994/85 5979/181/85
f 5984/1995/85 5983/1998/85 5981/1994/85
f 5986/1999/85 5985/2002/85 5983/1998/85
f 5988/2003/85 5987/2006/85 5985/2002/85
f 5990/2007/85 5989/2010/85 5987/2006/85
f 5992/2011/85 5991/2014/85 5989/2010/85
f 5994/2015/85 5993/2018/85 5991/2014/85
f 5996/2019/85 5995/2022/85 5993/2018/85
f 5998/2023/85 5997/2026/85 5995/2022/85
f 6000/2027/85 5999/2030/85 5997/2026/85
f 6002/2031/436 6001/2034/436 5999/2030/85
f 6004/2035/437 6003/2038/437 6001/2034/436
f 6006/2039/438 6005/2042/438 6003/2038/437
f 6008/2043/439 6007/2046/439 6005/2042/438
f 6010/2047/440 6009/2050/440 6007/2046/439
f 6012/2051/441 6011/2054/441 6009/2050/440
f 6014/2055/442 6013/2058/442 6011/2054/441
f 6016/2059/443 6015/2062/443 6013/2058/442
f 6018/2063/444 6017/2066/444 6015/2062/443
f 6020/2067/445 6019/2070/445 6017/2066/444
f 6022/2071/446 6021/2074/446 6019/2070/445
f 6024/2075/447 6023/2078/447 6021/2074/446
f 6026/2079/692 6025/2082/448 6023/2078/447
f 6028/2083/450 6027/2086/450 6025/2082/448
f 6030/2087/451 6029/2090/451 6027/2086/450
f 6032/2091/452 6031/2094/452 6029/2090/451
f 6034/2095/453 6033/2098/453 6031/2094/452
f 6036/2099/454 6035/2102/454 6033/2098/453
f 6038/2103/455 6037/2106/455 6035/2102/454
f 6040/2107/456 6039/2110/456 6037/2106/455
f 6042/2111/457 6041/2114/457 6039/2110/456
f 6044/2115/458 6043/2118/458 6041/2114/457
f 6046/2119/459 6045/2122/459 6043/2118/458
f 6048/2123/460 6047/2126/460 6045/2122/459
f 6050/2127/461 6049/2130/461 6047/2126/460
f 6052/2131/462 6051/2134/462 6049/2130/461
f 5906/2135/113 5905/2/113 6051/2134/462
f 6056/2845/693 6055/2847/693 6053/135/694
f 6058/2846/695 6057/2848/695 6055/2847/693
f 6060/1848/696 6059/1851/696 6057/2848/695
f 6062/2849/697 6061/2851/697 6059/1851/696
f 6064/2850/698 6063/2852/698 6061/2851/697
f 6066/1856/699 6065/1859/699 6063/2852/698
f 6068/2853/700 6067/2855/700 6065/1859/699
f 6070/2854/701 6069/2856/701 6067/2855/700
f 6072/1864/702 6071/1867/702 6069/2856/701
f 6074/2857/703 6073/2859/703 6071/1867/702
f 6076/2858/704 6075/2860/704 6073/2859/703
f 6078/1872/705 6077/1875/705 6075/2860/704
f 6080/2861/706 6079/2863/706 6077/1875/705
f 6082/2862/707 6081/2864/707 6079/2863/706
f 6084/1880/708 6083/1883/708 6081/2864/707
f 6086/2865/709 6085/2867/709 6083/1883/708
f 6088/2866/710 6087/2868/710 6085/2867/709
f 6090/1888/711 6089/1891/711 6087/2868/710
f 6092/2869/712 6091/2871/712 6089/1891/711
f 6094/2870/713 6093/2872/713 6091/2871/712
f 6096/1896/714 6095/1899/714 6093/2872/713
f 6098/2873/715 6097/2875/715 6095/1899/714
f 6100/2874/716 6099/2876/716 6097/2875/715
f 6102/1904/717 6101/1907/717 6099/2876/716
f 6104/2877/718 6103/2879/718 6101/1907/717
f 6106/2878/719 6105/2880/719 6103/2879/718
f 6108/1912/720 6107/1915/720 6105/2880/719
f 6110/2881/721 6109/2883/721 6107/1915/720
f 6112/2882/722 6111/2884/722 6109/2883/721
f 6114/1920/723 6113/1923/723 6111/2884/722
f 6116/2885/724 6115/2887/724 6113/1923/723
f 6118/2886/725 6117/2888/725 6115/2887/724
f 6120/1928/726 6119/1931/726 6117/2888/725
f 6122/2889/727 6121/2891/727 6119/1931/726
f 6124/2890/728 6123/2892/728 6121/2891/727
f 6126/1936/729 6125/1939/729 6123/2892/728
f 6128/2163/730 6127/588/730 6125/1939/729
f 6130/2893/731 6129/2894/731 6127/588/730
f 6132/1944/732 6131/1947/732 6129/2894/731
f 6134/2895/733 6133/2897/733 6131/1947/732
f 6136/2896/734 6135/2898/734 6133/2897/733
f 6138/1952/735 6137/1955/735 6135/2898/734
f 6140/2899/736 6139/2901/736 6137/1955/735
f 6142/2900/737 6141/2902/737 6139/2901/736
f 6144/1960/738 6143/1963/738 6141/2902/737
f 6146/2903/739 6145/2905/739 6143/1963/738
f 6148/2904/740 6147/2906/740 6145/2905/739
f 6150/1968/741 6149/1971/741 6147/2906/740
f 6152/2907/742 6151/2909/744 6149/1971/741
f 6154/2908/743 6153/2910/743 6151/2909/744
f 6156/1976/745 6155/1979/745 6153/2910/743
f 6158/2911/746 6157/2913/746 6155/1979/745
f 6160/2912/747 6159/2914/747 6157/2913/746
f 6162/1984/748 6161/1987/748 6159/2914/747
f 6164/2915/749 6163/2917/749 6161/1987/748
f 6166/2916/750 6165/2918/750 6163/2917/749
f 6168/1991/751 6167/1994/751 6165/2918/750
f 6170/2919/752 6169/2921/752 6167/1994/751
f 6172/2920/753 6171/2922/753 6169/2921/752
f 6174/1999/754 6173/2002/754 6171/2922/753
f 6176/2923/755 6175/2925/755 6173/2002/754
f 6178/2924/756 6177/2926/756 6175/2925/755
f 6180/2007/757 6179/2010/757 6177/2926/756
f 6182/2927/758 6181/2929/758 6179/2010/757
f 6184/2928/759 6183/2930/759 6181/2929/758
f 6186/2015/760 6185/2018/760 6183/2930/759
f 6188/2931/761 6187/2933/761 6185/2018/760
f 6190/2932/762 6189/2934/762 6187/2933/761
f 6192/2023/763 6191/2026/763 6189/2934/762
f 6194/2935/764 6193/2937/764 6191/2026/763
f 6196/2936/765 6195/2938/765 6193/2937/764
f 6198/2031/766 6197/2034/766 6195/2938/765
f 6200/2939/767 6199/2940/767 6197/2034/766
f 6202/2192/768 6201/310/768 6199/2940/767
f 6204/2039/769 6203/2042/769 6201/310/768
f 6206/2941/770 6205/2943/770 6203/2042/769
f 6208/2942/771 6207/2944/771 6205/2943/770
f 6210/2047/772 6209/2050/772 6207/2944/771
f 6212/2945/773 6211/2947/773 6209/2050/772
f 6214/2946/774 6213/2948/774 6211/2947/773
f 6216/2055/775 6215/2058/775 6213/2948/774
f 6218/2949/776 6217/2951/776 6215/2058/775
f 6220/2950/777 6219/2952/777 6217/2951/776
f 6222/2063/778 6221/2066/778 6219/2952/777
f 6224/2953/779 6223/2955/781 6221/2066/778
f 6226/2954/780 6225/2956/780 6223/2955/781
f 6228/2071/782 6227/2074/782 6225/2956/780
f 6230/2957/783 6229/2959/783 6227/2074/782
f 6232/2958/784 6231/2960/784 6229/2959/783
f 6234/2079/785 6233/2082/785 6231/2960/784
f 6236/2961/786 6235/2963/786 6233/2082/785
f 6238/2962/787 6237/2964/787 6235/2963/786
f 6240/2087/788 6239/2090/788 6237/2964/787
f 6242/2965/789 6241/2967/789 6239/2090/788
f 6244/2966/790 6243/2968/790 6241/2967/789
f 6246/2095/791 6245/2098/791 6243/2968/790
f 6248/2969/792 6247/2971/792 6245/2098/791
f 6250/2970/793 6249/2972/793 6247/2971/792
f 6252/2103/794 6251/2106/794 6249/2972/793
f 6254/2973/795 6253/2975/795 6251/2106/794
f 6256/2974/796 6255/2976/796 6253/2975/795
f 6258/2111/797 6257/2114/797 6255/2976/796
f 6260/2977/798 6259/2979/798 6257/2114/797
f 6262/2978/799 6261/2980/799 6259/2979/798
f 6264/2119/800 6263/2122/800 6261/2980/799
f 6266/2981/801 6265/2983/801 6263/2122/800
f 6268/2982/418 6267/2984/418 6265/2983/801
f 6270/2127/802 6269/2130/802 6267/2984/418
f 6272/2985/803 6271/2987/803 6269/2130/802
f 6274/2986/804 6273/2988/804 6271/2987/803
f 6054/2135/694 6053/2/694 6273/2988/804
f 6278/2474/805 6277/2477/805 6275/135/806
f 6280/2488/807 6279/2491/807 6277/2477/805
f 6282/2504/808 6281/2507/808 6279/2491/807
f 6284/2518/809 6283/2521/809 6281/2507/808
f 6286/2533/810 6285/2535/810 6283/2521/809
f 6288/2548/811 6287/2551/811 6285/2535/810
f 6290/2562/812 6289/2565/812 6287/2551/811
f 6292/2578/813 6291/2580/813 6289/2565/812
f 6294/2592/814 6293/2595/814 6291/2580/813
f 6296/2606/815 6295/2609/815 6293/2595/814
f 6298/2622/816 6297/2625/816 6295/2609/815
f 6300/2636/817 6299/2639/817 6297/2625/816
f 6302/1988/818 6301/181/818 6299/2639/817
f 6304/2666/819 6303/2669/819 6301/181/818
f 6306/2680/820 6305/2683/820 6303/2669/819
f 6308/2696/821 6307/2699/821 6305/2683/820
f 6310/2710/822 6309/2713/822 6307/2699/821
f 6312/2725/823 6311/2727/823 6309/2713/822
f 6314/2740/824 6313/2743/824 6311/2727/823
f 6316/2754/825 6315/2757/825 6313/2743/824
f 6318/2770/826 6317/2772/826 6315/2757/825
f 6320/2784/827 6319/2787/827 6317/2772/826
f 6322/2798/828 6321/2801/828 6319/2787/827
f 6324/2814/829 6323/2817/829 6321/2801/828
f 6326/2828/830 6325/2831/830 6323/2817/829
f 6276/2135/806 6275/2/806 6325/2831/830
f 6330/2474/831 6329/2477/831 6327/135/832
f 6332/2488/833 6331/2491/833 6329/2477/831
f 6334/2504/834 6333/2507/834 6331/2491/833
f 6336/2518/835 6335/2521/835 6333/2507/834
f 6338/2533/836 6337/2535/836 6335/2521/835
f 6340/2548/837 6339/2551/837 6337/2535/836
f 6342/2562/838 6341/2565/838 6339/2551/837
f 6344/2578/839 6343/2580/839 6341/2565/838
f 6346/2592/840 6345/2595/840 6343/2580/839
f 6348/2606/841 6347/2609/841 6345/2595/840
f 6350/2622/842 6349/2625/842 6347/2609/841
f 6352/2636/843 6351/2639/843 6349/2625/842
f 6354/1988/844 6353/181/844 6351/2639/843
f 6356/2666/845 6355/2669/845 6353/181/844
f 6358/2680/846 6357/2683/846 6355/2669/845
f 6360/2696/847 6359/2699/847 6357/2683/846
f 6362/2710/848 6361/2713/848 6359/2699/847
f 6364/2725/849 6363/2727/849 6361/2713/848
f 6366/2740/850 6365/2743/850 6363/2727/849
f 6368/2754/851 6367/2757/851 6365/2743/850
f 6370/2770/852 6369/2772/852 6367/2757/851
f 6372/2784/853 6371/2787/853 6369/2772/852
f 6374/2798/854 6373/2801/854 6371/2787/853
f 6376/2814/855 6375/2817/855 6373/2801/854
f 6378/2828/856 6377/2831/856 6375/2817/855
f 6328/2135/832 6327/2/832 6377/2831/856
f 6382/2474/857 6381/2477/857 6379/135/858
f 6384/2488/859 6383/2491/859 6381/2477/857
f 6386/2504/860 6385/2507/860 6383/2491/859
f 6388/2518/861 6387/2521/863 6385/2507/860
f 6390/2533/862 6389/2535/862 6387/2521/863
f 6392/2548/864 6391/2551/864 6389/2535/862
f 6394/2562/865 6393/2565/865 6391/2551/864
f 6396/2578/866 6395/2580/866 6393/2565/865
f 6398/2592/867 6397/2595/867 6395/2580/866
f 6400/2606/868 6399/2609/870 6397/2595/867
f 6402/2622/869 6401/2625/872 6399/2609/870
f 6404/2636/871 6403/2639/871 6401/2625/872
f 6406/1988/873 6405/181/873 6403/2639/871
f 6408/2666/874 6407/2669/874 6405/181/873
f 6410/2680/875 6409/2683/875 6407/2669/874
f 6412/2696/876 6411/2699/876 6409/2683/875
f 6414/2710/877 6413/2713/877 6411/2699/876
f 6416/2725/878 6415/2727/878 6413/2713/877
f 6418/2740/879 6417/2743/879 6415/2727/878
f 6420/2754/880 6419/2757/880 6417/2743/879
f 6422/2770/881 6421/2772/881 6419/2757/880
f 6424/2784/882 6423/2787/882 6421/2772/881
f 6426/2798/883 6425/2801/883 6423/2787/882
f 6428/2814/884 6427/2817/884 6425/2801/883
f 6430/2828/885 6429/2831/886 6427/2817/884
f 6380/2135/858 6379/2/858 6429/2831/886
f 6434/2474/887 6433/2477/887 6431/135/888
f 6436/2488/889 6435/2491/889 6433/2477/887
f 6438/2504/890 6437/2507/890 6435/2491/889
f 6440/2518/891 6439/2521/891 6437/2507/890
f 6442/2533/892 6441/2535/892 6439/2521/891
f 6444/2548/893 6443/2551/895 6441/2535/892
f 6446/2562/894 6445/2565/897 6443/2551/895
f 6448/2578/896 6447/2580/899 6445/2565/897
f 6450/2592/898 6449/2595/898 6447/2580/899
f 6452/2606/900 6451/2609/900 6449/2595/898
f 6454/2622/901 6453/2625/901 6451/2609/900
f 6456/2636/902 6455/2639/902 6453/2625/901
f 6458/1988/903 6457/181/905 6455/2639/902
f 6460/2666/904 6459/2669/904 6457/181/905
f 6462/2680/906 6461/2683/906 6459/2669/904
f 6464/2696/907 6463/2699/909 6461/2683/906
f 6466/2710/908 6465/2713/911 6463/2699/909
f 6468/2725/910 6467/2727/910 6465/2713/911
f 6470/2740/912 6469/2743/912 6467/2727/910
f 6472/2754/913 6471/2757/913 6469/2743/912
f 6474/2770/914 6473/2772/914 6471/2757/913
f 6476/2784/915 6475/2787/915 6473/2772/914
f 6478/2798/916 6477/2801/916 6475/2787/915
f 6480/2814/917 6479/2817/917 6477/2801/916
f 6482/2828/918 6481/2831/919 6479/2817/917
f 6432/2135/888 6431/2/888 6481/2831/919
f 6486/2989/920 6485/2991/923 6483/135/921
f 6488/2990/922 6487/2993/922 6485/2991/923
f 6490/2992/924 6489/2995/924 6487/2993/922
f 6492/2994/925 6491/2997/925 6489/2995/924
f 6494/2996/926 6493/2999/926 6491/2997/925
f 6496/2998/927 6495/3001/927 6493/2999/926
f 6498/3000/928 6497/3003/928 6495/3001/927
f 6500/3002/929 6499/3005/929 6497/3003/928
f 6502/3004/930 6501/3007/930 6499/3005/929
f 6504/3006/931 6503/3009/933 6501/3007/930
f 6506/3008/932 6505/3011/935 6503/3009/933
f 6508/3010/934 6507/3013/934 6505/3011/935
f 6510/3012/229 6509/3015/229 6507/3013/934
f 6512/3014/229 6511/3017/229 6509/3015/229
f 6514/3016/934 6513/3019/934 6511/3017/229
f 6516/3018/934 6515/3021/934 6513/3019/934
f 6518/3020/229 6517/3023/229 6515/3021/934
f 6520/3022/229 6519/3025/229 6517/3023/229
f 6522/3024/229 6521/3027/229 6519/3025/229
f 6524/3026/936 6523/3029/936 6521/3027/229
f 6526/3028/936 6525/3031/936 6523/3029/936
f 6528/3030/936 6527/3033/936 6525/3031/936
f 6530/3032/154 6529/3035/154 6527/3033/936
f 6532/3034/154 6531/3037/154 6529/3035/154
f 6534/3036/936 6533/3039/936 6531/3037/154
f 6536/3038/936 6535/3041/936 6533/3039/936
f 6538/3040/154 6537/3043/154 6535/3041/936
f 6540/3042/937 6539/3045/939 6537/3043/154
f 6542/3044/938 6541/3047/938 6539/3045/939
f 6544/3046/940 6543/3049/940 6541/3047/938
f 6546/3048/941 6545/3051/943 6543/3049/940
f 6548/3050/942 6547/3053/942 6545/3051/943
f 6550/3052/944 6549/3055/944 6547/3053/942
f 6552/3054/945 6551/3057/945 6549/3055/944
f 6554/3056/946 6553/3059/946 6551/3057/945
f 6556/3058/947 6555/3061/947 6553/3059/946
f 6558/3060/948 6557/3063/948 6555/3061/947
f 6560/3062/949 6559/3065/949 6557/3063/948
f 6562/3064/950 6561/3067/950 6559/3065/949
f 6564/3066/951 6563/3069/951 6561/3067/950
f 6566/3068/952 6565/3071/952 6563/3069/951
f 6568/3070/953 6567/3072/953 6565/3071/952
f 6484/2135/921 6483/2/921 6567/3072/953
f 6572/1914/936 6571/1917/936 6569/135/154
f 6574/1988/229 6573/181/229 6571/1917/936
f 6576/2061/934 6575/2064/934 6573/181/229
f 6570/2135/154 6569/2/154 6575/2064/934
f 6580/1914/936 6579/1917/936 6577/135/154
f 6582/1988/229 6581/181/229 6579/1917/936
f 6584/2061/934 6583/2064/934 6581/181/229
f 6578/2135/154 6577/2/154 6583/2064/934
f 6588/1914/936 6587/1917/936 6585/135/154
f 6590/1988/229 6589/181/229 6587/1917/936
f 6592/2061/934 6591/2064/934 6589/181/229
f 6586/2135/154 6585/2/154 6591/2064/934
f 6596/1914/936 6595/1917/936 6593/135/154
f 6598/1988/229 6597/181/229 6595/1917/936
f 6600/2061/934 6599/2064/934 6597/181/229
f 6594/2135/154 6593/2/154 6599/2064/934
f 6604/3073/936 6603/3075/936 6601/135/936
f 6606/3074/154 6605/3077/154 6603/3075/936
f 6608/3076/934 6607/3079/934 6605/3077/154
f 6610/3078/229 6609/3080/229 6607/3079/934
f 6612/2138/954 6611/2141/956 6609/3080/229
f 6614/3081/955 6613/3083/958 6611/2141/956
f 6616/3082/957 6615/3085/960 6613/3083/958
f 6618/3084/959 6617/3087/962 6615/3085/960
f 6620/3086/961 6619/3088/964 6617/3087/962
f 6622/2142/963 6621/2145/966 6619/3088/964
f 6624/3089/965 6623/3091/968 6621/2145/966
f 6626/3090/967 6625/1037/967 6623/3091/968
f 6628/3092/969 6627/3094/969 6625/1037/967
f 6630/3093/970 6629/3095/970 6627/3094/969
f 6632/2146/971 6631/2149/971 6629/3095/970
f 6634/3096/972 6633/3098/974 6631/2149/971
f 6636/3097/973 6635/3100/976 6633/3098/974
f 6638/3099/975 6637/3102/978 6635/3100/976
f 6640/3101/977 6639/3103/980 6637/3102/978
f 6642/2150/979 6641/523/979 6639/3103/980
f 6644/3104/981 6643/3106/981 6641/523/979
f 6646/3105/982 6645/3108/982 6643/3106/981
f 6648/3107/983 6647/3110/983 6645/3108/982
f 6650/3109/984 6649/1108/984 6647/3110/983
f 6652/2153/985 6651/2156/985 6649/1108/984
f 6654/3111/986 6653/3113/986 6651/2156/985
f 6656/3112/987 6655/3115/987 6653/3113/986
f 6658/3114/988 6657/3117/988 6655/3115/987
f 6660/3116/989 6659/3118/989 6657/3117/988
f 6662/1914/990 6661/1917/992 6659/3118/989
f 6664/3119/991 6663/3121/991 6661/1917/992
f 6666/3120/993 6665/3123/993 6663/3121/991
f 6668/3122/994 6667/3125/996 6665/3123/993
f 6670/3124/995 6669/3126/998 6667/3125/996
f 6672/2159/997 6671/2162/997 6669/3126/998
f 6674/3127/999 6673/1060/1001 6671/2162/997
f 6676/3128/1000 6675/3130/1000 6673/1060/1001
f 6678/3129/1002 6677/3132/1002 6675/3130/1000
f 6680/3131/1003 6679/3133/1003 6677/3132/1002
f 6682/2163/1004 6681/588/1004 6679/3133/1003
f 6684/3134/1005 6683/3136/1005 6681/588/1004
f 6686/3135/1006 6685/3138/1006 6683/3136/1005
f 6688/3137/1007 6687/3140/1007 6685/3138/1006
f 6690/3139/1008 6689/3141/1008 6687/3140/1007
f 6692/2166/1009 6691/2169/1009 6689/3141/1008
f 6694/3142/1010 6693/3144/1010 6691/2169/1009
f 6696/3143/1011 6695/3146/1011 6693/3144/1010
f 6698/3145/1012 6697/1049/1012 6695/3146/1011
f 6700/3147/1013 6699/3148/1013 6697/1049/1012
f 6702/2170/1014 6701/2173/1014 6699/3148/1013
f 6704/3149/1015 6703/3151/1015 6701/2173/1014
f 6706/3150/1016 6705/3153/1016 6703/3151/1015
f 6708/3152/1017 6707/3155/1017 6705/3153/1016
f 6710/3154/1018 6709/3156/1018 6707/3155/1017
f 6712/2174/1019 6711/2177/1019 6709/3156/1018
f 6714/3157/1020 6713/3159/1020 6711/2177/1019
f 6716/3158/1021 6715/3161/1021 6713/3159/1020
f 6718/3160/1022 6717/3163/1022 6715/3161/1021
f 6720/3162/1023 6719/3164/1023 6717/3163/1022
f 6722/1988/1024 6721/181/1026 6719/3164/1023
f 6724/3165/1025 6723/3167/1025 6721/181/1026
f 6726/3166/1027 6725/3169/1027 6723/3167/1025
f 6728/3168/1028 6727/3171/1028 6725/3169/1027
f 6730/3170/1029 6729/3172/1029 6727/3171/1028
f 6732/2180/1030 6731/2183/1030 6729/3172/1029
f 6734/3173/1031 6733/3175/1033 6731/2183/1030
f 6736/3174/1032 6735/3177/1035 6733/3175/1033
f 6738/3176/1034 6737/3179/1034 6735/3177/1035
f 6740/3178/1036 6739/3180/1036 6737/3179/1034
f 6742/2184/1037 6741/2187/1037 6739/3180/1036
f 6744/3181/1038 6743/3183/1038 6741/2187/1037
f 6746/3182/1039 6745/930/1039 6743/3183/1038
f 6748/3184/1040 6747/3186/1040 6745/930/1039
f 6750/3185/1041 6749/3187/1041 6747/3186/1040
f 6752/2188/1042 6751/2191/1042 6749/3187/1041
f 6754/3188/1043 6753/3190/1043 6751/2191/1042
f 6756/3189/1044 6755/3192/1044 6753/3190/1043
f 6758/3191/1045 6757/3194/1045 6755/3192/1044
f 6760/3193/1046 6759/3195/1046 6757/3194/1045
f 6762/2192/1047 6761/310/1047 6759/3195/1046
f 6764/3196/1048 6763/3198/1048 6761/310/1047
f 6766/3197/1049 6765/3200/1049 6763/3198/1048
f 6768/3199/1050 6767/3202/1050 6765/3200/1049
f 6770/3201/1051 6769/941/1051 6767/3202/1050
f 6772/2195/1052 6771/2198/1054 6769/941/1051
f 6774/3203/1053 6773/3205/1056 6771/2198/1054
f 6776/3204/1055 6775/3207/1058 6773/3205/1056
f 6778/3206/1057 6777/3209/1057 6775/3207/1058
f 6780/3208/1059 6779/3210/1059 6777/3209/1057
f 6782/2061/1060 6781/2064/1060 6779/3210/1059
f 6784/3211/1061 6783/3213/1061 6781/2064/1060
f 6786/3212/1062 6785/3215/1064 6783/3213/1061
f 6788/3214/1063 6787/3217/1063 6785/3215/1064
f 6790/3216/1065 6789/3218/1065 6787/3217/1063
f 6792/2201/1066 6791/2204/1066 6789/3218/1065
f 6794/3219/1067 6793/968/1067 6791/2204/1066
f 6796/3220/1068 6795/3222/1068 6793/968/1067
f 6798/3221/1069 6797/3224/1069 6795/3222/1068
f 6800/3223/1070 6799/3225/1070 6797/3224/1069
f 6802/2205/1071 6801/269/1071 6799/3225/1070
f 6804/3226/1072 6803/3228/1072 6801/269/1071
f 6806/3227/1073 6805/3230/1073 6803/3228/1072
f 6808/3229/1074 6807/3232/1074 6805/3230/1073
f 6810/3231/1075 6809/3233/1075 6807/3232/1074
f 6812/2208/1076 6811/2211/1076 6809/3233/1075
f 6814/3234/1077 6813/3236/1077 6811/2211/1076
f 6816/3235/1078 6815/3238/1078 6813/3236/1077
f 6818/3237/1079 6817/924/1079 6815/3238/1078
f 6820/3239/1080 6819/3240/1080 6817/924/1079
f 6822/2212/1081 6821/2215/1081 6819/3240/1080
f 6824/3241/1082 6823/3243/1082 6821/2215/1081
f 6826/3242/1083 6825/3245/1083 6823/3243/1082
f 6828/3244/768 6827/3247/768 6825/3245/1083
f 6830/3246/1084 6829/3248/1084 6827/3247/768
f 6832/2216/1085 6831/2219/1085 6829/3248/1084
f 6834/3249/1086 6833/3251/1086 6831/2219/1085
f 6836/3250/1087 6835/3253/1087 6833/3251/1086
f 6838/3252/1088 6837/3255/1089 6835/3253/1087
f 6840/3254/154 6839/3256/154 6837/3255/1089
f 6602/2135/936 6601/2/936 6839/3256/154
f 6844/3257/1090 6843/3259/1090 6841/135/1091
f 6846/3258/1092 6845/3261/1092 6843/3259/1090
f 6848/3260/1093 6847/3263/1093 6845/3261/1092
f 6850/3262/1094 6849/3265/1094 6847/3263/1093
f 6852/3264/1095 6851/3267/1095 6849/3265/1094
f 6854/3266/1096 6853/3269/1096 6851/3267/1095
f 6856/3268/1097 6855/3271/1097 6853/3269/1096
f 6858/3270/1098 6857/3273/1098 6855/3271/1097
f 6860/3272/1099 6859/3275/1099 6857/3273/1098
f 6862/3274/1100 6861/3277/1100 6859/3275/1099
f 6864/3276/1101 6863/3279/1101 6861/3277/1100
f 6866/3278/1102 6865/3281/1102 6863/3279/1101
f 6868/3280/1103 6867/3283/1103 6865/3281/1102
f 6870/3282/1104 6869/3285/1104 6867/3283/1103
f 6872/3284/1105 6871/3287/1105 6869/3285/1104
f 6874/3286/1106 6873/3289/1106 6871/3287/1105
f 6876/3288/1107 6875/3291/1107 6873/3289/1106
f 6878/3290/1108 6877/3293/1108 6875/3291/1107
f 6880/3292/1109 6879/3295/1109 6877/3293/1108
f 6882/3294/1110 6881/3297/1110 6879/3295/1109
f 6884/3296/1111 6883/3299/1111 6881/3297/1110
f 6886/3298/1112 6885/3301/1112 6883/3299/1111
f 6888/3300/1113 6887/3303/1113 6885/3301/1112
f 6890/3302/1114 6889/3305/1114 6887/3303/1113
f 6892/3304/1115 6891/3307/1115 6889/3305/1114
f 6894/3306/1116 6893/3309/1116 6891/3307/1115
f 6896/3308/1117 6895/3311/1117 6893/3309/1116
f 6898/3310/1118 6897/3313/1118 6895/3311/1117
f 6900/3312/1119 6899/3315/1119 6897/3313/1118
f 6902/3314/1120 6901/3317/1120 6899/3315/1119
f 6904/3316/1121 6903/3319/1121 6901/3317/1120
f 6906/3318/1122 6905/3321/1122 6903/3319/1121
f 6908/3320/1123 6907/3323/1123 6905/3321/1122
f 6910/3322/1124 6909/3325/1124 6907/3323/1123
f 6912/3324/1125 6911/3327/1125 6909/3325/1124
f 6914/3326/1126 6913/3329/1126 6911/3327/1125
f 6916/3328/1127 6915/3331/1127 6913/3329/1126
f 6918/3330/1128 6917/3333/1130 6915/3331/1127
f 6920/3332/1129 6919/3335/1129 6917/3333/1130
f 6922/3334/1131 6921/3337/1131 6919/3335/1129
f 6924/3336/1132 6923/3339/1132 6921/3337/1131
f 6926/3338/1133 6925/3341/1133 6923/3339/1132
f 6928/3340/1134 6927/3343/1134 6925/3341/1133
f 6930/3342/1135 6929/3345/1135 6927/3343/1134
f 6932/3344/1136 6931/3347/1136 6929/3345/1135
f 6934/3346/1137 6933/3349/1137 6931/3347/1136
f 6936/3348/1138 6935/3351/1138 6933/3349/1137
f 6938/3350/1139 6937/3353/1139 6935/3351/1138
f 6940/3352/1140 6939/3355/1140 6937/3353/1139
f 6942/3354/1141 6941/3357/1141 6939/3355/1140
f 6944/3356/1142 6943/3359/1142 6941/3357/1141
f 6946/3358/1143 6945/3361/1143 6943/3359/1142
f 6948/3360/1144 6947/3363/1144 6945/3361/1143
f 6950/3362/1145 6949/3365/1145 6947/3363/1144
f 6952/3364/1146 6951/3367/1146 6949/3365/1145
f 6954/3366/1147 6953/3369/1147 6951/3367/1146
f 6956/3368/1148 6955/3371/1148 6953/3369/1147
f 6958/3370/1149 6957/3373/1149 6955/3371/1148
f 6960/3372/1150 6959/3375/1150 6957/3373/1149
f 6962/3374/1151 6961/3377/1151 6959/3375/1150
f 6964/3376/1152 6963/3379/1152 6961/3377/1151
f 6966/3378/1153 6965/3381/1153 6963/3379/1152
f 6968/3380/1154 6967/3383/1154 6965/3381/1153
f 6970/3382/1155 6969/3385/1155 6967/3383/1154
f 6972/3384/1156 6971/3387/1156 6969/3385/1155
f 6974/3386/1157 6973/3389/1157 6971/3387/1156
f 6976/3388/1158 6975/3391/1158 6973/3389/1157
f 6978/3390/1159 6977/3393/1159 6975/3391/1158
f 6980/3392/1160 6979/3395/1160 6977/3393/1159
f 6982/3394/1161 6981/3397/1161 6979/3395/1160
f 6984/3396/1162 6983/3399/1162 6981/3397/1161
f 6986/3398/1163 6985/3401/1163 6983/3399/1162
f 6988/3400/1164 6987/3403/1164 6985/3401/1163
f 6990/3402/1165 6989/3405/1165 6987/3403/1164
f 6992/3404/1166 6991/3407/1166 6989/3405/1165
f 6994/3406/1167 6993/3409/1167 6991/3407/1166
f 6996/3408/1168 6995/3411/1168 6993/3409/1167
f 6998/3410/1169 6997/3413/1169 6995/3411/1168
f 7000/3412/351 6999/3415/351 6997/3413/1169
f 7002/3414/1170 7001/3417/1170 6999/3415/351
f 7004/3416/1171 7003/3419/1171 7001/3417/1170
f 7006/3418/1172 7005/3421/1174 7003/3419/1171
f 7008/3420/1173 7007/3423/1173 7005/3421/1174
f 7010/3422/1175 7009/3425/1175 7007/3423/1173
f 7012/3424/1176 7011/3427/1176 7009/3425/1175
f 7014/3426/1177 7013/3429/1177 7011/3427/1176
f 7016/3428/1178 7015/3431/1178 7013/3429/1177
f 7018/3430/1179 7017/3433/1179 7015/3431/1178
f 7020/3432/1180 7019/3435/1180 7017/3433/1179
f 7022/3434/1181 7021/3437/1181 7019/3435/1180
f 7024/3436/1182 7023/3439/1182 7021/3437/1181
f 7026/3438/1183 7025/3441/1183 7023/3439/1182
f 7028/3440/1184 7027/3443/1184 7025/3441/1183
f 7030/3442/1185 7029/3445/1185 7027/3443/1184
f 7032/3444/1186 7031/3447/1186 7029/3445/1185
f 7034/3446/1187 7033/3449/1187 7031/3447/1186
f 7036/3448/1188 7035/3451/1188 7033/3449/1187
f 7038/3450/1189 7037/3453/1189 7035/3451/1188
f 7040/3452/1190 7039/3455/1190 7037/3453/1189
f 7042/3454/1191 7041/3457/1191 7039/3455/1190
f 7044/3456/1192 7043/3459/1192 7041/3457/1191
f 7046/3458/1193 7045/3461/1193 7043/3459/1192
f 7048/3460/1194 7047/3463/1194 7045/3461/1193
f 7050/3462/1195 7049/3465/1195 7047/3463/1194
f 7052/3464/1196 7051/3467/1196 7049/3465/1195
f 7054/3466/1197 7053/3469/1197 7051/3467/1196
f 7056/3468/1198 7055/3471/1198 7053/3469/1197
f 7058/3470/1199 7057/3473/1199 7055/3471/1198
f 7060/3472/1200 7059/3475/1200 7057/3473/1199
f 7062/3474/1201 7061/3477/1201 7059/3475/1200
f 7064/3476/1202 7063/3479/1202 7061/3477/1201
f 7066/3478/1203 7065/3481/1203 7063/3479/1202
f 7068/3480/1204 7067/3483/1204 7065/3481/1203
f 7070/3482/1205 7069/3485/1205 7067/3483/1204
f 7072/3484/1206 7071/3487/1206 7069/3485/1205
f 7074/3486/1207 7073/3489/1207 7071/3487/1206
f 7076/3488/1208 7075/3491/1208 7073/3489/1207
f 7078/3490/1209 7077/3493/1209 7075/3491/1208
f 7080/3492/1210 7079/3495/1210 7077/3493/1209
f 7082/3494/1211 7081/3497/1211 7079/3495/1210
f 7084/3496/1212 7083/3499/1212 7081/3497/1211
f 7086/3498/1213 7085/3501/1213 7083/3499/1212
f 7088/3500/1214 7087/3503/1214 7085/3501/1213
f 7090/3502/1215 7089/3505/1215 7087/3503/1214
f 7092/3504/358 7091/3507/358 7089/3505/1215
f 7094/3506/1216 7093/3509/1216 7091/3507/358
f 7096/3508/1217 7095/3511/1217 7093/3509/1216
f 7098/3510/1218 7097/3513/1218 7095/3511/1217
f 7100/3512/1219 7099/3515/1219 7097/3513/1218
f 7102/3514/1220 7101/3517/1220 7099/3515/1219
f 7104/3516/1221 7103/3519/1221 7101/3517/1220
f 7106/3518/1222 7105/3521/1222 7103/3519/1221
f 7108/3520/1223 7107/3523/1223 7105/3521/1222
f 7110/3522/1224 7109/3525/1224 7107/3523/1223
f 7112/3524/1225 7111/3527/1227 7109/3525/1224
f 7114/3526/1226 7113/3529/1226 7111/3527/1227
f 7116/3528/1228 7115/3531/1228 7113/3529/1226
f 7118/3530/1229 7117/3533/1229 7115/3531/1228
f 7120/3532/1230 7119/3535/1230 7117/3533/1229
f 7122/3534/1231 7121/3537/1231 7119/3535/1230
f 7124/3536/1232 7123/3539/1232 7121/3537/1231
f 7126/3538/1233 7125/3541/1233 7123/3539/1232
f 7128/3540/1234 7127/3543/1234 7125/3541/1233
f 7130/3542/1235 7129/3545/1235 7127/3543/1234
f 7132/3544/1236 7131/3547/1236 7129/3545/1235
f 7134/3546/949 7133/3549/949 7131/3547/1236
f 7136/3548/1237 7135/3551/1239 7133/3549/949
f 7138/3550/1238 7137/3552/1238 7135/3551/1239
f 7140/1988/1240 7139/181/1240 7137/3552/1238
f 7142/3553/1241 7141/3555/1241 7139/181/1240
f 7144/3554/1242 7143/3557/1242 7141/3555/1241
f 7146/3556/1243 7145/3559/1243 7143/3557/1242
f 7148/3558/1244 7147/3561/1244 7145/3559/1243
f 7150/3560/1245 7149/3563/1245 7147/3561/1244
f 7152/3562/1246 7151/3565/1246 7149/3563/1245
f 7154/3564/1247 7153/3567/1247 7151/3565/1246
f 7156/3566/1248 7155/3569/1248 7153/3567/1247
f 7158/3568/1249 7157/3571/1249 7155/3569/1248
f 7160/3570/428 7159/3573/428 7157/3571/1249
f 7162/3572/1250 7161/3575/1250 7159/3573/428
f 7164/3574/1251 7163/3577/1251 7161/3575/1250
f 7166/3576/1252 7165/3579/1252 7163/3577/1251
f 7168/3578/1253 7167/3581/1253 7165/3579/1252
f 7170/3580/1254 7169/3583/1254 7167/3581/1253
f 7172/3582/1255 7171/3585/1255 7169/3583/1254
f 7174/3584/1256 7173/3587/1256 7171/3585/1255
f 7176/3586/1257 7175/3589/1257 7173/3587/1256
f 7178/3588/1258 7177/3591/1258 7175/3589/1257
f 7180/3590/1259 7179/3593/1259 7177/3591/1258
f 7182/3592/1260 7181/3595/1260 7179/3593/1259
f 7184/3594/1040 7183/3597/1040 7181/3595/1260
f 7186/3596/1261 7185/3599/1261 7183/3597/1040
f 7188/3598/1262 7187/3601/1262 7185/3599/1261
f 7190/3600/1263 7189/3603/1263 7187/3601/1262
f 7192/3602/1264 7191/3605/1264 7189/3603/1263
f 7194/3604/1265 7193/3607/1265 7191/3605/1264
f 7196/3606/1266 7195/3609/1266 7193/3607/1265
f 7198/3608/1267 7197/3611/1267 7195/3609/1266
f 7200/3610/1268 7199/3613/1268 7197/3611/1267
f 7202/3612/1269 7201/3615/1269 7199/3613/1268
f 7204/3614/1270 7203/3617/1272 7201/3615/1269
f 7206/3616/1271 7205/3619/1274 7203/3617/1272
f 7208/3618/1273 7207/3621/1273 7205/3619/1274
f 7210/3620/1275 7209/3623/1277 7207/3621/1273
f 7212/3622/1276 7211/3625/1276 7209/3623/1277
f 7214/3624/65 7213/3627/65 7211/3625/1276
f 7216/3626/1278 7215/3629/1278 7213/3627/65
f 7218/3628/1279 7217/3631/1279 7215/3629/1278
f 7220/3630/1280 7219/3633/1280 7217/3631/1279
f 7222/3632/1281 7221/3635/1281 7219/3633/1280
f 7224/3634/1282 7223/3637/1282 7221/3635/1281
f 7226/3636/1283 7225/3639/1283 7223/3637/1282
f 7228/3638/1284 7227/3641/1284 7225/3639/1283
f 7230/3640/1285 7229/3643/1285 7227/3641/1284
f 7232/3642/1286 7231/3645/1288 7229/3643/1285
f 7234/3644/1287 7233/3647/1287 7231/3645/1288
f 7236/3646/1289 7235/3649/1289 7233/3647/1287
f 7238/3648/1290 7237/3651/1292 7235/3649/1289
f 7240/3650/1291 7239/3653/1291 7237/3651/1292
f 7242/3652/415 7241/3655/415 7239/3653/1291
f 7244/3654/1293 7243/3657/1293 7241/3655/415
f 7246/3656/1294 7245/3659/1294 7243/3657/1293
f 7248/3658/1295 7247/3661/1295 7245/3659/1294
f 7250/3660/1296 7249/3663/1296 7247/3661/1295
f 7252/3662/1297 7251/3665/1297 7249/3663/1296
f 7254/3664/1298 7253/3667/1298 7251/3665/1297
f 7256/3666/1299 7255/3669/1299 7253/3667/1298
f 7258/3668/1300 7257/3671/1300 7255/3669/1299
f 7260/3670/1301 7259/3673/1301 7257/3671/1300
f 7262/3672/1302 7261/3675/1302 7259/3673/1301
f 7264/3674/1303 7263/3677/1303 7261/3675/1302
f 7266/3676/1304 7265/3679/1306 7263/3677/1303
f 7268/3678/1305 7267/3681/1305 7265/3679/1306
f 7270/3680/1307 7269/3683/1307 7267/3681/1305
f 7272/3682/1308 7271/3685/1308 7269/3683/1307
f 7274/3684/1309 7273/3687/1309 7271/3685/1308
f 7276/3686/1310 7275/3689/1310 7273/3687/1309
f 7278/3688/1311 7277/3691/1311 7275/3689/1310
f 7280/3690/1312 7279/3693/1312 7277/3691/1311
f 7282/3692/1313 7281/3695/1313 7279/3693/1312
f 7284/3694/1314 7283/3697/1314 7281/3695/1313
f 7286/3696/1315 7285/3699/1315 7283/3697/1314
f 7288/3698/1316 7287/3701/1316 7285/3699/1315
f 7290/3700/1317 7289/3703/1319 7287/3701/1316
f 7292/3702/1318 7291/3705/1321 7289/3703/1319
f 7294/3704/1320 7293/3707/1320 7291/3705/1321
f 7296/3706/1322 7295/3709/1322 7293/3707/1320
f 7298/3708/1323 7297/3711/1323 7295/3709/1322
f 7300/3710/1324 7299/3713/1326 7297/3711/1323
f 7302/3712/1325 7301/3715/1328 7299/3713/1326
f 7304/3714/1327 7303/3717/1327 7301/3715/1328
f 7306/3716/1329 7305/3719/1329 7303/3717/1327
f 7308/3718/1330 7307/3721/1330 7305/3719/1329
f 7310/3720/1331 7309/3723/1331 7307/3721/1330
f 7312/3722/1332 7311/3725/1332 7309/3723/1331
f 7314/3724/1333 7313/3727/1335 7311/3725/1332
f 7316/3726/1334 7315/3729/1334 7313/3727/1335
f 7318/3728/1336 7317/3731/1336 7315/3729/1334
f 7320/3730/1337 7319/3733/1337 7317/3731/1336
f 7322/3732/1338 7321/3735/1338 7319/3733/1337
f 7324/3734/1339 7323/3737/1339 7321/3735/1338
f 7326/3736/1340 7325/3739/1340 7323/3737/1339
f 7328/3738/1341 7327/3741/1341 7325/3739/1340
f 7330/3740/1342 7329/3743/1342 7327/3741/1341
f 7332/3742/1343 7331/3745/1343 7329/3743/1342
f 7334/3744/1344 7333/3747/1344 7331/3745/1343
f 7336/3746/1345 7335/3749/1345 7333/3747/1344
f 7338/3748/1346 7337/3751/1346 7335/3749/1345
f 7340/3750/1347 7339/3753/1347 7337/3751/1346
f 7342/3752/1348 7341/3755/1348 7339/3753/1347
f 7344/3754/1349 7343/3757/1349 7341/3755/1348
f 7346/3756/1350 7345/3759/1350 7343/3757/1349
f 7348/3758/1351 7347/3761/1351 7345/3759/1350
f 7350/3760/1352 7349/3763/1352 7347/3761/1351
f 7352/3762/1353 7351/3765/1353 7349/3763/1352
f 7354/3764/316 7353/3767/316 7351/3765/1353
f 7356/3766/1354 7355/3769/1354 7353/3767/316
f 7358/3768/1355 7357/3771/1355 7355/3769/1354
f 7360/3770/1356 7359/3773/1356 7357/3771/1355
f 7362/3772/1357 7361/3775/1357 7359/3773/1356
f 7364/3774/1358 7363/3777/1358 7361/3775/1357
f 7366/3776/1359 7365/3779/1359 7363/3777/1358
f 7368/3778/1360 7367/3781/1360 7365/3779/1359
f 7370/3780/1361 7369/3783/1361 7367/3781/1360
f 7372/3782/1362 7371/3785/1362 7369/3783/1361
f 7374/3784/1363 7373/3787/1363 7371/3785/1362
f 7376/3786/1364 7375/3789/1364 7373/3787/1363
f 7378/3788/1365 7377/3791/1365 7375/3789/1364
f 7380/3790/1362 7379/3793/1362 7377/3791/1365
f 7382/3792/1366 7381/3795/1366 7379/3793/1362
f 7384/3794/1367 7383/3797/1367 7381/3795/1366
f 7386/3796/1368 7385/3799/1368 7383/3797/1367
f 7388/3798/1369 7387/3801/1369 7385/3799/1368
f 7390/3800/1370 7389/3803/1370 7387/3801/1369
f 7392/3802/1371 7391/3805/1371 7389/3803/1370
f 7394/3804/1372 7393/3807/1372 7391/3805/1371
f 7396/3806/1373 7395/3809/1373 7393/3807/1372
f 7398/3808/1374 7397/3811/1374 7395/3809/1373
f 7400/3810/1375 7399/3813/1375 7397/3811/1374
f 7402/3812/1376 7401/3815/1376 7399/3813/1375
f 7404/3814/1377 7403/3817/1377 7401/3815/1376
f 7406/3816/1378 7405/3819/1378 7403/3817/1377
f 7408/3818/1379 7407/3821/1379 7405/3819/1378
f 7410/3820/1380 7409/3823/1380 7407/3821/1379
f 7412/3822/1381 7411/3825/1381 7409/3823/1380
f 7414/3824/1382 7413/3827/1382 7411/3825/1381
f 7416/3826/1383 7415/3829/1383 7413/3827/1382
f 7418/3828/1384 7417/3831/1384 7415/3829/1383
f 7420/3830/1385 7419/3833/1385 7417/3831/1384
f 7422/3832/1386 7421/3835/1386 7419/3833/1385
f 7424/3834/1387 7423/3837/1387 7421/3835/1386
f 7426/3836/1388 7425/3839/1388 7423/3837/1387
f 7428/3838/1389 7427/3841/1391 7425/3839/1388
f 7430/3840/1390 7429/3843/1390 7427/3841/1391
f 7432/3842/1392 7431/3845/1394 7429/3843/1390
f 7434/3844/1393 7433/3847/1393 7431/3845/1394
f 7436/3846/1395 7435/3848/1395 7433/3847/1393
f 6842/2135/1091 6841/2/1091 7435/3848/1395
f 7440/3849/1396 7439/3851/1396 7437/135/1397
f 7442/3850/1399 7441/3853/1399 7439/3851/1396
f 7444/3852/1400 7443/3855/1400 7441/3853/1399
f 7446/3854/1401 7445/3857/1401 7443/3855/1400
f 7448/3856/1402 7447/3859/1402 7445/3857/1401
f 7450/3858/1403 7449/3861/1403 7447/3859/1402
f 7452/3860/1404 7451/3863/1404 7449/3861/1403
f 7454/3862/1405 7453/3865/1405 7451/3863/1404
f 7456/3864/1406 7455/3867/1406 7453/3865/1405
f 7458/3866/1407 7457/3869/1409 7455/3867/1406
f 7460/3868/1408 7459/3871/1408 7457/3869/1409
f 7462/3870/1410 7461/3873/1410 7459/3871/1408
f 7464/3872/1411 7463/3875/1411 7461/3873/1410
f 7466/3874/1412 7465/3877/1412 7463/3875/1411
f 7468/3876/1413 7467/3879/1413 7465/3877/1412
f 7470/3878/1414 7469/3881/1416 7467/3879/1413
f 7472/3880/1415 7471/3883/1415 7469/3881/1416
f 7474/3882/1417 7473/3885/1417 7471/3883/1415
f 7476/3884/1418 7475/3887/1418 7473/3885/1417
f 7478/3886/1419 7477/3889/1419 7475/3887/1418
f 7480/3888/1420 7479/3891/1420 7477/3889/1419
f 7482/3890/1421 7481/3893/1421 7479/3891/1420
f 7484/3892/1422 7483/3895/1422 7481/3893/1421
f 7486/3894/1423 7485/3897/1425 7483/3895/1422
f 7488/3896/1424 7487/114/1424 7485/3897/1425
f 7490/3898/1426 7489/3900/1426 7487/114/1424
f 7492/3899/1427 7491/3902/1427 7489/3900/1426
f 7494/3901/1428 7493/3904/1428 7491/3902/1427
f 7496/3903/1429 7495/3906/1431 7493/3904/1428
f 7498/3905/1430 7497/3908/1430 7495/3906/1431
f 7500/3907/1432 7499/3910/1432 7497/3908/1430
f 7502/3909/1433 7501/3912/384 7499/3910/1432
f 7504/3911/1434 7503/3914/1436 7501/3912/384
f 7506/3913/1435 7505/3915/1438 7503/3914/1436
f 7508/3090/1437 7507/1037/1437 7505/3915/1438
f 7510/3916/1439 7509/3918/1439 7507/1037/1437
f 7512/3917/1440 7511/3920/1440 7509/3918/1439
f 7514/3919/1441 7513/3922/1443 7511/3920/1440
f 7516/3921/1442 7515/3924/1442 7513/3922/1443
f 7518/3923/1444 7517/3926/1444 7515/3924/1442
f 7520/3925/1445 7519/3928/1445 7517/3926/1444
f 7522/3927/1446 7521/3930/1446 7519/3928/1445
f 7524/3929/1447 7523/3932/1447 7521/3930/1446
f 7526/3931/1448 7525/3934/1448 7523/3932/1447
f 7528/3933/1449 7527/3936/1450 7525/3934/1448
f 7530/3935/170 7529/3938/170 7527/3936/1450
f 7532/3937/1451 7531/3940/1451 7529/3938/170
f 7534/3939/229 7533/3942/229 7531/3940/1451
f 7536/3941/229 7535/3944/229 7533/3942/229
f 7538/3943/934 7537/115/934 7535/3944/229
f 7540/3945/934 7539/3947/934 7537/115/934
f 7542/3946/229 7541/3949/229 7539/3947/934
f 7544/3948/229 7543/3951/229 7541/3949/229
f 7546/3950/1452 7545/3953/1452 7543/3951/229
f 7548/3952/1453 7547/3955/1453 7545/3953/1452
f 7550/3954/1454 7549/3957/1456 7547/3955/1453
f 7552/3956/1455 7551/3959/1458 7549/3957/1456
f 7554/3958/1457 7553/3961/1460 7551/3959/1458
f 7556/3960/1459 7555/3963/1459 7553/3961/1460
f 7558/3962/290 7557/3965/290 7555/3963/1459
f 7560/3964/1461 7559/3967/1461 7557/3965/290
f 7562/3966/1462 7561/3969/1462 7559/3967/1461
f 7564/3968/1463 7563/3971/1463 7561/3969/1462
f 7566/3970/1464 7565/3973/1464 7563/3971/1463
f 7568/3972/1465 7567/3975/1465 7565/3973/1464
f 7570/3974/1466 7569/3977/1466 7567/3975/1465
f 7572/3976/113 7571/3979/113 7569/3977/1466
f 7574/3978/113 7573/3981/113 7571/3979/113
f 7576/3980/113 7575/3982/113 7573/3981/113
f 7578/3109/113 7577/1108/113 7575/3982/113
f 7580/3983/113 7579/3985/113 7577/1108/113
f 7582/3984/113 7581/3987/113 7579/3985/113
f 7584/3986/113 7583/3989/113 7581/3987/113
f 7586/3988/113 7585/3991/113 7583/3989/113
f 7588/3990/113 7587/224/113 7585/3991/113
f 7590/3992/113 7589/3994/113 7587/224/113
f 7592/3993/113 7591/3996/113 7589/3994/113
f 7594/3995/1467 7593/3998/1467 7591/3996/113
f 7596/3997/689 7595/4000/689 7593/3998/1467
f 7598/3999/1468 7597/4002/1468 7595/4000/689
f 7600/4001/1469 7599/4004/1471 7597/4002/1468
f 7602/4003/1470 7601/4006/1470 7599/4004/1471
f 7604/4005/1472 7603/4008/1472 7601/4006/1470
f 7606/4007/1473 7605/4010/1473 7603/4008/1472
f 7608/4009/1474 7607/4012/1474 7605/4010/1473
f 7610/4011/1475 7609/4014/1475 7607/4012/1474
f 7612/4013/1476 7611/4016/1476 7609/4014/1475
f 7614/4015/1477 7613/4018/1477 7611/4016/1476
f 7616/4017/1478 7615/4020/1478 7613/4018/1477
f 7618/4019/1479 7617/4022/1479 7615/4020/1478
f 7620/4021/1480 7619/4024/1482 7617/4022/1479
f 7622/4023/1481 7621/4026/1481 7619/4024/1482
f 7624/4025/1483 7623/4028/1483 7621/4026/1481
f 7626/4027/1484 7625/4030/1486 7623/4028/1483
f 7628/4029/1485 7627/4032/1485 7625/4030/1486
f 7630/4031/1487 7629/4034/1487 7627/4032/1485
f 7632/4033/1488 7631/4036/1488 7629/4034/1487
f 7634/4035/1489 7633/4038/1489 7631/4036/1488
f 7636/4037/1490 7635/4040/1490 7633/4038/1489
f 7638/4039/1491 7637/221/1491 7635/4040/1490
f 7640/4041/1492 7639/4043/1492 7637/221/1491
f 7642/4042/1493 7641/4045/1493 7639/4043/1492
f 7644/4044/1494 7643/4047/1494 7641/4045/1493
f 7646/4046/1495 7645/4048/1495 7643/4047/1494
f 7648/3127/1496 7647/1060/1496 7645/4048/1495
f 7650/4049/1497 7649/4051/1497 7647/1060/1496
f 7652/4050/1498 7651/4053/1498 7649/4051/1497
f 7654/4052/1499 7653/4055/1501 7651/4053/1498
f 7656/4054/1500 7655/4057/1503 7653/4055/1501
f 7658/4056/1502 7657/4059/1502 7655/4057/1503
f 7660/4058/1504 7659/4061/1504 7657/4059/1502
f 7662/4060/1505 7661/4063/1505 7659/4061/1504
f 7664/4062/1506 7663/4065/1506 7661/4063/1505
f 7666/4064/1507 7665/4067/1507 7663/4065/1506
f 7668/4066/85 7667/4069/85 7665/4067/1507
f 7670/4068/85 7669/4071/85 7667/4069/85
f 7672/4070/85 7671/4073/85 7669/4071/85
f 7674/4072/85 7673/4075/85 7671/4073/85
f 7676/4074/85 7675/4077/85 7673/4075/85
f 7678/4076/85 7677/4079/85 7675/4077/85
f 7680/4078/85 7679/4081/85 7677/4079/85
f 7682/4080/85 7681/4083/85 7679/4081/85
f 7684/4082/85 7683/4085/85 7681/4083/85
f 7686/4084/85 7685/4087/85 7683/4085/85
f 7688/4086/85 7687/198/85 7685/4087/85
f 7690/4088/1508 7689/4090/1508 7687/198/85
f 7692/4089/1509 7691/4092/1509 7689/4090/1508
f 7694/4091/1510 7693/4094/1510 7691/4092/1509
f 7696/4093/1511 7695/4096/1511 7693/4094/1510
f 7698/4095/1512 7697/4098/1512 7695/4096/1511
f 7700/4097/1513 7699/4100/1513 7697/4098/1512
f 7702/4099/1514 7701/4102/1514 7699/4100/1513
f 7704/4101/1515 7703/4104/1515 7701/4102/1514
f 7706/4103/1516 7705/4106/1518 7703/4104/1515
f 7708/4105/1517 7707/4108/1517 7705/4106/1518
f 7710/4107/1519 7709/4110/1519 7707/4108/1517
f 7712/4109/1520 7711/4112/1520 7709/4110/1519
f 7714/4111/1521 7713/4114/1521 7711/4112/1520
f 7716/4113/936 7715/4115/936 7713/4114/1521
f 7718/3145/1522 7717/1049/1522 7715/4115/936
f 7720/4116/1523 7719/4118/1523 7717/1049/1522
f 7722/4117/738 7721/4120/738 7719/4118/1523
f 7724/4119/1524 7723/4122/1524 7721/4120/738
f 7726/4121/1525 7725/4124/1525 7723/4122/1524
f 7728/4123/1526 7727/4126/1526 7725/4124/1525
f 7730/4125/1527 7729/4128/1527 7727/4126/1526
f 7732/4127/1528 7731/4130/1528 7729/4128/1527
f 7734/4129/1529 7733/4132/1529 7731/4130/1528
f 7736/4131/1530 7735/4134/1530 7733/4132/1529
f 7738/4133/1531 7737/143/1531 7735/4134/1530
f 7740/4135/1532 7739/4137/1532 7737/143/1531
f 7742/4136/1533 7741/4139/1533 7739/4137/1532
f 7744/4138/1534 7743/4141/1536 7741/4139/1533
f 7746/4140/1535 7745/4143/1535 7743/4141/1536
f 7748/4142/1537 7747/4145/1537 7745/4143/1535
f 7750/4144/1538 7749/4147/1538 7747/4145/1537
f 7752/4146/1539 7751/4149/1539 7749/4147/1538
f 7754/4148/1540 7753/4151/1542 7751/4149/1539
f 7756/4150/1541 7755/4153/1541 7753/4151/1542
f 7758/4152/1543 7757/4155/1543 7755/4153/1541
f 7760/4154/1544 7759/4157/1544 7757/4155/1543
f 7762/4156/1545 7761/4159/1545 7759/4157/1544
f 7764/4158/1546 7763/4161/1548 7761/4159/1545
f 7766/4160/1547 7765/4163/1550 7763/4161/1548
f 7768/4162/1549 7767/4165/1549 7765/4163/1550
f 7770/4164/1551 7769/4167/1551 7767/4165/1549
f 7772/4166/1552 7771/4169/1552 7769/4167/1551
f 7774/4168/1553 7773/4171/1553 7771/4169/1552
f 7776/4170/1554 7775/4173/1554 7773/4171/1553
f 7778/4172/1555 7777/4175/1555 7775/4173/1554
f 7780/4174/1556 7779/4177/1556 7777/4175/1555
f 7782/4176/1557 7781/4179/1557 7779/4177/1556
f 7784/4178/948 7783/4181/948 7781/4179/1557
f 7786/4180/1558 7785/4182/1558 7783/4181/948
f 7788/1988/1559 7787/181/1559 7785/4182/1558
f 7790/4183/1560 7789/4185/1560 7787/181/1559
f 7792/4184/936 7791/4187/936 7789/4185/1560
f 7794/4186/154 7793/4189/154 7791/4187/936
f 7796/4188/154 7795/4191/154 7793/4189/154
f 7798/4190/249 7797/4193/249 7795/4191/154
f 7800/4192/936 7799/4195/936 7797/4193/249
f 7802/4194/936 7801/4197/936 7799/4195/936
f 7804/4196/1561 7803/4199/1561 7801/4197/936
f 7806/4198/1562 7805/4201/1562 7803/4199/1561
f 7808/4200/1563 7807/4203/1563 7805/4201/1562
f 7810/4202/1564 7809/4205/1564 7807/4203/1563
f 7812/4204/1565 7811/4207/1565 7809/4205/1564
f 7814/4206/1566 7813/4209/1566 7811/4207/1565
f 7816/4208/1567 7815/4211/1567 7813/4209/1566
f 7818/4210/1568 7817/4213/1570 7815/4211/1567
f 7820/4212/1569 7819/4215/1572 7817/4213/1570
f 7822/4214/1571 7821/4217/1574 7819/4215/1572
f 7824/4216/1573 7823/4219/1573 7821/4217/1574
f 7826/4218/1575 7825/4221/1575 7823/4219/1573
f 7828/4220/1576 7827/4223/1576 7825/4221/1575
f 7830/4222/1577 7829/4225/1579 7827/4223/1576
f 7832/4224/1578 7831/4227/1578 7829/4225/1579
f 7834/4226/1580 7833/4229/1580 7831/4227/1578
f 7836/4228/1581 7835/4231/1583 7833/4229/1580
f 7838/4230/1582 7837/148/1585 7835/4231/1583
f 7840/4232/1584 7839/4234/1584 7837/148/1585
f 7842/4233/1586 7841/4236/1587 7839/4234/1584
f 7844/4235/329 7843/4238/1589 7841/4236/1587
f 7846/4237/1588 7845/4240/1588 7843/4238/1589
f 7848/4239/1590 7847/4242/1590 7845/4240/1588
f 7850/4241/1591 7849/4244/1591 7847/4242/1590
f 7852/4243/1592 7851/4246/1592 7849/4244/1591
f 7854/4245/1593 7853/4248/1593 7851/4246/1592
f 7856/4247/1594 7855/4249/1594 7853/4248/1593
f 7858/3182/1595 7857/930/1595 7855/4249/1594
f 7860/4250/1596 7859/4252/1596 7857/930/1595
f 7862/4251/1597 7861/4254/1597 7859/4252/1596
f 7864/4253/1598 7863/4256/1598 7861/4254/1597
f 7866/4255/1599 7865/4258/1599 7863/4256/1598
f 7868/4257/1600 7867/4260/1600 7865/4258/1599
f 7870/4259/1601 7869/4262/1601 7867/4260/1600
f 7872/4261/1602 7871/4264/1602 7869/4262/1601
f 7874/4263/1603 7873/4266/1603 7871/4264/1602
f 7876/4265/1604 7875/4268/1604 7873/4266/1603
f 7878/4267/1605 7877/4270/1605 7875/4268/1604
f 7880/4269/1606 7879/4272/1606 7877/4270/1605
f 7882/4271/1607 7881/4274/1607 7879/4272/1606
f 7884/4273/1608 7883/4276/1608 7881/4274/1607
f 7886/4275/1609 7885/4278/1609 7883/4276/1608
f 7888/4277/1610 7887/36/1610 7885/4278/1609
f 7890/4279/1611 7889/4281/1611 7887/36/1610
f 7892/4280/1612 7891/4283/1612 7889/4281/1611
f 7894/4282/1613 7893/4285/1613 7891/4283/1612
f 7896/4284/1614 7895/4287/1614 7893/4285/1613
f 7898/4286/1615 7897/4289/1615 7895/4287/1614
f 7900/4288/1616 7899/4291/1616 7897/4289/1615
f 7902/4290/794 7901/4293/794 7899/4291/1616
f 7904/4292/1617 7903/4295/1617 7901/4293/794
f 7906/4294/1618 7905/4297/1618 7903/4295/1617
f 7908/4296/1619 7907/4299/1621 7905/4297/1618
f 7910/4298/1620 7909/4301/1623 7907/4299/1621
f 7912/4300/1622 7911/4303/1622 7909/4301/1623
f 7914/4302/1624 7913/4305/1624 7911/4303/1622
f 7916/4304/1625 7915/4307/1625 7913/4305/1624
f 7918/4306/1626 7917/4309/1626 7915/4307/1625
f 7920/4308/1627 7919/4311/1627 7917/4309/1626
f 7922/4310/1628 7921/4313/1628 7919/4311/1627
f 7924/4312/1629 7923/4315/1629 7921/4313/1628
f 7926/4314/1630 7925/4316/1630 7923/4315/1629
f 7928/3201/1631 7927/941/1631 7925/4316/1630
f 7930/4317/1632 7929/4319/1632 7927/941/1631
f 7932/4318/1633 7931/4321/1633 7929/4319/1632
f 7934/4320/1634 7933/4323/1636 7931/4321/1633
f 7936/4322/1635 7935/4325/1635 7933/4323/1636
f 7938/4324/1637 7937/8/1637 7935/4325/1635
f 7940/4326/1638 7939/4328/1638 7937/8/1637
f 7942/4327/1639 7941/4330/1639 7939/4328/1638
f 7944/4329/1640 7943/4332/1642 7941/4330/1639
f 7946/4331/1641 7945/4334/1641 7943/4332/1642
f 7948/4333/1643 7947/4336/1645 7945/4334/1641
f 7950/4335/1644 7949/4338/1644 7947/4336/1645
f 7952/4337/936 7951/4340/936 7949/4338/1644
f 7954/4339/154 7953/4342/154 7951/4340/936
f 7956/4341/1646 7955/4344/1648 7953/4342/154
f 7958/4343/1647 7957/4346/1647 7955/4344/1648
f 7960/4345/1649 7959/4348/1649 7957/4346/1647
f 7962/4347/1498 7961/4350/1498 7959/4348/1649
f 7964/4349/1650 7963/4352/1650 7961/4350/1498
f 7966/4351/1651 7965/4354/1651 7963/4352/1650
f 7968/4353/1652 7967/4356/1654 7965/4354/1651
f 7970/4355/1653 7969/4358/1653 7967/4356/1654
f 7972/4357/1655 7971/4360/1655 7969/4358/1653
f 7974/4359/1656 7973/4362/1658 7971/4360/1655
f 7976/4361/1657 7975/4364/1657 7973/4362/1658
f 7978/4363/1659 7977/4366/1659 7975/4364/1657
f 7980/4365/1660 7979/4368/1660 7977/4366/1659
f 7982/4367/1661 7981/4370/1661 7979/4368/1660
f 7984/4369/1662 7983/4372/1664 7981/4370/1661
f 7986/4371/1663 7985/4374/1666 7983/4372/1664
f 7988/4373/1665 7987/88/1665 7985/4374/1666
f 7990/4375/1667 7989/4377/1667 7987/88/1665
f 7992/4376/1668 7991/4379/1668 7989/4377/1667
f 7994/4378/1669 7993/4381/1669 7991/4379/1668
f 7996/4380/1670 7995/4382/1670 7993/4381/1669
f 7998/3219/1671 7997/968/1671 7995/4382/1670
f 8000/4383/1672 7999/4385/1672 7997/968/1671
f 8002/4384/1673 8001/4387/1673 7999/4385/1672
f 8004/4386/1674 8003/4389/1674 8001/4387/1673
f 8006/4388/1675 8005/4391/1675 8003/4389/1674
f 8008/4390/1676 8007/4393/1676 8005/4391/1675
f 8010/4392/1677 8009/4395/1677 8007/4393/1676
f 8012/4394/1678 8011/4397/1680 8009/4395/1677
f 8014/4396/1679 8013/4399/1679 8011/4397/1680
f 8016/4398/1681 8015/4401/1681 8013/4399/1679
f 8018/4400/1682 8017/4403/1684 8015/4401/1681
f 8020/4402/1683 8019/4405/1683 8017/4403/1684
f 8022/4404/1685 8021/4407/1685 8019/4405/1683
f 8024/4406/1686 8023/4409/1686 8021/4407/1685
f 8026/4408/1687 8025/4411/1687 8023/4409/1686
f 8028/4410/1688 8027/4413/1688 8025/4411/1687
f 8030/4412/1689 8029/4415/1689 8027/4413/1688
f 8032/4414/1690 8031/4417/1692 8029/4415/1689
f 8034/4416/1691 8033/4419/1694 8031/4417/1692
f 8036/4418/1693 8035/4421/1696 8033/4419/1694
f 8038/4420/1695 8037/70/1695 8035/4421/1696
f 8040/4422/1697 8039/4424/1699 8037/70/1695
f 8042/4423/1698 8041/4426/1698 8039/4424/1699
f 8044/4425/1700 8043/4428/1700 8041/4426/1698
f 8046/4427/1701 8045/4430/1701 8043/4428/1700
f 8048/4429/1702 8047/4432/1702 8045/4430/1701
f 8050/4431/1703 8049/4434/1705 8047/4432/1702
f 8052/4433/1704 8051/4436/1707 8049/4434/1705
f 8054/4435/1706 8053/4438/1706 8051/4436/1707
f 8056/4437/1708 8055/4440/1708 8053/4438/1706
f 8058/4439/1709 8057/4442/1711 8055/4440/1708
f 8060/4441/1710 8059/4444/1710 8057/4442/1711
f 8062/4443/1712 8061/4446/1712 8059/4444/1710
f 8064/4445/1713 8063/4448/1713 8061/4446/1712
f 8066/4447/1714 8065/4449/1714 8063/4448/1713
f 8068/3237/1715 8067/924/1715 8065/4449/1714
f 8070/4450/1716 8069/4452/1716 8067/924/1715
f 8072/4451/1717 8071/4454/1719 8069/4452/1716
f 8074/4453/1718 8073/4456/1718 8071/4454/1719
f 8076/4455/1720 8075/4458/1720 8073/4456/1718
f 8078/4457/1721 8077/4460/1721 8075/4458/1720
f 8080/4459/1722 8079/4462/1722 8077/4460/1721
f 8082/4461/1723 8081/4464/1723 8079/4462/1722
f 8084/4463/1724 8083/4466/1726 8081/4464/1723
f 8086/4465/1725 8085/4468/1725 8083/4466/1726
f 8088/4467/1727 8087/55/1727 8085/4468/1725
f 8090/4469/1728 8089/4471/1728 8087/55/1727
f 8092/4470/1729 8091/4473/1729 8089/4471/1728
f 8094/4472/1730 8093/4475/1732 8091/4473/1729
f 8096/4474/1731 8095/4477/1731 8093/4475/1732
f 8098/4476/1733 8097/4479/1733 8095/4477/1731
f 8100/4478/1734 8099/4481/1736 8097/4479/1733
f 8102/4480/1735 8101/4483/1738 8099/4481/1736
f 8104/4482/1737 8103/4485/1740 8101/4483/1738
f 8106/4484/1739 8105/4487/1742 8103/4485/1740
f 8108/4486/1741 8107/4489/1744 8105/4487/1742
f 8110/4488/1743 8109/4491/1746 8107/4489/1744
f 8112/4490/1745 8111/4493/1745 8109/4491/1746
f 8114/4492/1747 8113/4495/1747 8111/4493/1745
f 8116/4494/1748 8115/4497/1748 8113/4495/1747
f 8118/4496/1749 8117/4499/1751 8115/4497/1748
f 8120/4498/1750 8119/4501/1750 8117/4499/1751
f 8122/4500/1752 8121/4503/1752 8119/4501/1750
f 8124/4502/1183 8123/4505/1183 8121/4503/1752
f 8126/4504/1753 8125/4507/1753 8123/4505/1183
f 8128/4506/1754 8127/4509/1754 8125/4507/1753
f 8130/4508/1755 8129/4511/1755 8127/4509/1754
f 8132/4510/1756 8131/4513/1758 8129/4511/1755
f 8134/4512/1757 8133/4515/697 8131/4513/1758
f 8136/4514/1759 8135/4516/1759 8133/4515/697
f 7438/2135/1398 7437/2/1397 8135/4516/1759
f 8140/3109/154 8139/1108/154 8137/135/249
f 8142/3145/934 8141/1049/934 8139/1108/154
f 8144/3182/229 8143/930/229 8141/1049/934
f 8146/3219/936 8145/968/936 8143/930/229
f 8138/2135/249 8137/2/249 8145/968/936
f 8150/2474/1760 8149/2477/1760 8147/135/1761
f 8152/2488/1762 8151/2491/1762 8149/2477/1760
f 8154/2504/825 8153/2507/825 8151/2491/1762
f 8156/2518/1763 8155/2521/1763 8153/2507/825
f 8158/2533/1764 8157/2535/1764 8155/2521/1763
f 8160/2548/1765 8159/2551/1765 8157/2535/1764
f 8162/2562/1766 8161/2565/1768 8159/2551/1765
f 8164/2578/1767 8163/2580/1767 8161/2565/1768
f 8166/2592/1769 8165/2595/1769 8163/2580/1767
f 8168/2606/1770 8167/2609/1770 8165/2595/1769
f 8170/2622/1771 8169/2625/1771 8167/2609/1770
f 8172/2636/1772 8171/2639/1772 8169/2625/1771
f 8174/1988/1773 8173/181/1773 8171/2639/1772
f 8176/2666/1774 8175/2669/1774 8173/181/1773
f 8178/2680/1775 8177/2683/1775 8175/2669/1774
f 8180/2696/1776 8179/2699/1776 8177/2683/1775
f 8182/2710/1777 8181/2713/1777 8179/2699/1776
f 8184/2725/1778 8183/2727/1778 8181/2713/1777
f 8186/2740/1779 8185/2743/1779 8183/2727/1778
f 8188/2754/1780 8187/2757/1780 8185/2743/1779
f 8190/2770/1781 8189/2772/1781 8187/2757/1780
f 8192/2784/1782 8191/2787/1782 8189/2772/1781
f 8194/2798/1783 8193/2801/1783 8191/2787/1782
f 8196/2814/1784 8195/2817/1784 8193/2801/1783
f 8198/2828/1785 8197/2831/1785 8195/2817/1784
f 8148/2135/1761 8147/2/1761 8197/2831/1785
f 8202/1914/936 8201/1917/936 8199/135/154
f 8204/1988/229 8203/181/229 8201/1917/936
f 8206/2061/934 8205/2064/934 8203/181/229
f 8200/2135/154 8199/2/154 8205/2064/934
f 8210/1914/229 8209/1917/229 8207/135/936
f 8212/1988/934 8211/181/934 8209/1917/229
f 8214/2061/154 8213/2064/154 8211/181/934
f 8208/2135/936 8207/2/936 8213/2064/154
f 8218/1914/936 8217/1917/936 8215/135/154
f 8220/1988/229 8219/181/229 8217/1917/936
f 8222/2061/934 8221/2064/934 8219/181/229
f 8216/2135/154 8215/2/154 8221/2064/934
f 8226/4517/1786 8225/4519/1788 8223/135/154
f 8228/4518/1787 8227/4521/1787 8225/4519/1788
f 8230/4520/1789 8229/4523/1791 8227/4521/1787
f 8232/4522/1790 8231/4524/1793 8229/4523/1791
f 8234/2474/1792 8233/2477/1792 8231/4524/1793
f 8236/4525/1794 8235/4527/1794 8233/2477/1792
f 8238/4526/1795 8237/4529/1795 8235/4527/1794
f 8240/4528/1796 8239/4531/1798 8237/4529/1795
f 8242/4530/1797 8241/4532/1800 8239/4531/1798
f 8244/2488/1799 8243/2491/1802 8241/4532/1800
f 8246/4533/1801 8245/4535/1801 8243/2491/1802
f 8248/4534/1803 8247/4536/1805 8245/4535/1801
f 8250/3090/1804 8249/1037/1804 8247/4536/1805
f 8252/4537/1806 8251/4538/1806 8249/1037/1804
f 8254/2504/1807 8253/2507/1807 8251/4538/1806
f 8256/4539/1808 8255/4541/1810 8253/2507/1807
f 8258/4540/1809 8257/4543/1809 8255/4541/1810
f 8260/4542/1811 8259/4545/1811 8257/4543/1809
f 8262/4544/1812 8261/4546/1812 8259/4545/1811
f 8264/2518/1813 8263/2521/1815 8261/4546/1812
f 8266/4547/1814 8265/4549/1814 8263/2521/1815
f 8268/4548/188 8267/4551/1817 8265/4549/1814
f 8270/4550/1816 8269/4553/1816 8267/4551/1817
f 8272/4552/1818 8271/4554/1818 8269/4553/1816
f 8274/2533/1819 8273/2535/1821 8271/4554/1818
f 8276/3109/1820 8275/1108/1820 8273/2535/1821
f 8278/4555/934 8277/4557/934 8275/1108/1820
f 8280/4556/1822 8279/4559/1822 8277/4557/934
f 8282/4558/1823 8281/4560/1823 8279/4559/1822
f 8284/2548/1824 8283/2551/1824 8281/4560/1823
f 8286/4561/1825 8285/4563/1827 8283/2551/1824
f 8288/4562/1826 8287/4565/1829 8285/4563/1827
f 8290/4564/1828 8289/4567/1828 8287/4565/1829
f 8292/4566/1830 8291/4568/1832 8289/4567/1828
f 8294/2562/1831 8293/2565/1834 8291/4568/1832
f 8296/4569/1833 8295/4571/1833 8293/2565/1834
f 8298/4570/1835 8297/4573/1835 8295/4571/1833
f 8300/4572/1836 8299/4574/1838 8297/4573/1835
f 8302/3127/1837 8301/1060/1840 8299/4574/1838
f 8304/2578/1839 8303/2580/1839 8301/1060/1840
f 8306/4575/1841 8305/4577/1843 8303/2580/1839
f 8308/4576/1842 8307/4579/1845 8305/4577/1843
f 8310/4578/1844 8309/4581/1844 8307/4579/1845
f 8312/4580/1846 8311/4582/1846 8309/4581/1844
f 8314/2592/1847 8313/2595/1847 8311/4582/1846
f 8316/4583/1848 8315/4585/1848 8313/2595/1847
f 8318/4584/1849 8317/4587/1849 8315/4585/1848
f 8320/4586/1850 8319/4589/1850 8317/4587/1849
f 8322/4588/1851 8321/4590/1851 8319/4589/1850
f 8324/2606/1852 8323/2609/1852 8321/4590/1851
f 8326/4591/437 8325/4592/437 8323/2609/1852
f 8328/3145/1853 8327/1049/1853 8325/4592/437
f 8330/4593/1854 8329/4595/1854 8327/1049/1853
f 8332/4594/1855 8331/4596/1857 8329/4595/1854
f 8334/2622/1856 8333/2625/1856 8331/4596/1857
f 8336/4597/1858 8335/4599/1860 8333/2625/1856
f 8338/4598/1859 8337/4601/1859 8335/4599/1860
f 8340/4600/1861 8339/4603/1863 8337/4601/1859
f 8342/4602/1862 8341/4604/1865 8339/4603/1863
f 8344/2636/1864 8343/2639/1864 8341/4604/1865
f 8346/4605/1866 8345/4607/1866 8343/2639/1864
f 8348/4606/1867 8347/4609/1869 8345/4607/1866
f 8350/4608/1868 8349/4611/1868 8347/4609/1869
f 8352/4610/1870 8351/4612/1870 8349/4611/1868
f 8354/1988/1871 8353/181/1871 8351/4612/1870
f 8356/4613/1872 8355/4615/1872 8353/181/1871
f 8358/4614/1873 8357/4617/1873 8355/4615/1872
f 8360/4616/1466 8359/4619/1466 8357/4617/1873
f 8362/4618/1874 8361/4620/1874 8359/4619/1466
f 8364/2666/1875 8363/2669/1875 8361/4620/1874
f 8366/4621/1876 8365/4623/1876 8363/2669/1875
f 8368/4622/1877 8367/4625/1877 8365/4623/1876
f 8370/4624/1878 8369/4627/1878 8367/4625/1877
f 8372/4626/1879 8371/4628/1879 8369/4627/1878
f 8374/2680/715 8373/2683/715 8371/4628/1879
f 8376/4629/1880 8375/4631/1882 8373/2683/715
f 8378/4630/1881 8377/4632/1881 8375/4631/1882
f 8380/3182/1883 8379/930/1151 8377/4632/1881
f 8382/4633/1884 8381/4634/1886 8379/930/1151
f 8384/2696/1885 8383/2699/1888 8381/4634/1886
f 8386/4635/1887 8385/4637/1890 8383/2699/1888
f 8388/4636/1889 8387/4639/1892 8385/4637/1890
f 8390/4638/1891 8389/4641/1891 8387/4639/1892
f 8392/4640/1893 8391/4642/1895 8389/4641/1891
f 8394/2710/1894 8393/2713/1894 8391/4642/1895
f 8396/4643/1896 8395/4645/1896 8393/2713/1894
f 8398/4644/1897 8397/4647/1899 8395/4645/1896
f 8400/4646/1898 8399/4649/1900 8397/4647/1899
f 8402/4648/936 8401/4650/936 8399/4649/1900
f 8404/2725/1901 8403/2727/1901 8401/4650/936
f 8406/3201/1902 8405/941/1902 8403/2727/1901
f 8408/4651/1903 8407/4653/1903 8405/941/1902
f 8410/4652/1904 8409/4655/1906 8407/4653/1903
f 8412/4654/1905 8411/4656/1905 8409/4655/1906
f 8414/2740/1907 8413/2743/1907 8411/4656/1905
f 8416/4657/1908 8415/4659/1908 8413/2743/1907
f 8418/4658/1909 8417/4661/1909 8415/4659/1908
f 8420/4660/1910 8419/4663/1910 8417/4661/1909
f 8422/4662/1911 8421/4664/1911 8419/4663/1910
f 8424/2754/1912 8423/2757/1912 8421/4664/1911
f 8426/4665/1913 8425/4667/1913 8423/2757/1912
f 8428/4666/1914 8427/4669/1914 8425/4667/1913
f 8430/4668/1915 8429/4670/1915 8427/4669/1914
f 8432/3219/1916 8431/968/1918 8429/4670/1915
f 8434/2770/1917 8433/2772/1920 8431/968/1918
f 8436/4671/1919 8435/4673/1922 8433/2772/1920
f 8438/4672/1921 8437/4675/1924 8435/4673/1922
f 8440/4674/1923 8439/4677/1923 8437/4675/1924
f 8442/4676/1925 8441/4678/1925 8439/4677/1923
f 8444/2784/1926 8443/2787/1928 8441/4678/1925
f 8446/4679/1927 8445/4681/1930 8443/2787/1928
f 8448/4680/1929 8447/4683/1932 8445/4681/1930
f 8450/4682/1931 8449/4685/1931 8447/4683/1932
f 8452/4684/1933 8451/4686/1935 8449/4685/1931
f 8454/2798/1934 8453/2801/1934 8451/4686/1935
f 8456/4687/1936 8455/4688/1936 8453/2801/1934
f 8458/3237/1937 8457/924/1937 8455/4688/1936
f 8460/4689/1938 8459/4691/1938 8457/924/1937
f 8462/4690/1939 8461/4692/1939 8459/4691/1938
f 8464/2814/1940 8463/2817/1940 8461/4692/1939
f 8466/4693/1941 8465/4695/1941 8463/2817/1940
f 8468/4694/1942 8467/4697/1942 8465/4695/1941
f 8470/4696/1555 8469/4699/1555 8467/4697/1942
f 8472/4698/1943 8471/4700/1943 8469/4699/1555
f 8474/2828/1944 8473/2831/1944 8471/4700/1943
f 8476/4701/1945 8475/4703/1946 8473/2831/1944
f 8478/4702/936 8477/4705/936 8475/4703/1946
f 8480/4704/154 8479/4707/154 8477/4705/936
f 8482/4706/154 8481/4708/154 8479/4707/154
f 8224/2135/154 8223/2/154 8481/4708/154
f 8486/4709/934 8485/4711/934 8483/135/934
f 8488/4710/229 8487/4713/229 8485/4711/934
f 8490/4712/229 8489/4715/229 8487/4713/229
f 8492/4714/1947 8491/4717/1947 8489/4715/229
f 8494/4716/1948 8493/4719/1950 8491/4717/1947
f 8496/4718/1949 8495/4721/1949 8493/4719/1950
f 8498/4720/1951 8497/4723/1951 8495/4721/1949
f 8500/4722/1952 8499/4725/1952 8497/4723/1951
f 8502/4724/1953 8501/4727/1955 8499/4725/1952
f 8504/4726/1954 8503/4729/1954 8501/4727/1955
f 8506/4728/1956 8505/4731/1956 8503/4729/1954
f 8508/4730/1215 8507/4733/1215 8505/4731/1956
f 8510/4732/1957 8509/4735/1959 8507/4733/1215
f 8512/4734/1958 8511/4737/1958 8509/4735/1959
f 8514/4736/1960 8513/4739/1960 8511/4737/1958
f 8516/4738/1961 8515/4741/1961 8513/4739/1960
f 8518/4740/1962 8517/4743/1964 8515/4741/1961
f 8520/4742/1963 8519/4745/1963 8517/4743/1964
f 8522/4744/1965 8521/4747/1965 8519/4745/1963
f 8524/4746/1966 8523/4749/1966 8521/4747/1965
f 8526/4748/1967 8525/4751/1967 8523/4749/1966
f 8528/4750/1968 8527/4753/1968 8525/4751/1967
f 8530/4752/1969 8529/4755/1969 8527/4753/1968
f 8532/4754/1970 8531/4757/1970 8529/4755/1969
f 8534/4756/1971 8533/4759/1971 8531/4757/1970
f 8536/4758/1972 8535/4761/1972 8533/4759/1971
f 8538/4760/1973 8537/4763/1973 8535/4761/1972
f 8540/4762/1974 8539/4765/1974 8537/4763/1973
f 8542/4764/1975 8541/4767/1975 8539/4765/1974
f 8544/4766/1976 8543/4769/1978 8541/4767/1975
f 8546/4768/1977 8545/4771/1980 8543/4769/1978
f 8548/4770/1979 8547/4773/1979 8545/4771/1980
f 8550/4772/1981 8549/4775/1983 8547/4773/1979
f 8552/4774/1982 8551/4777/1982 8549/4775/1983
f 8554/4776/1984 8553/4779/1984 8551/4777/1982
f 8556/4778/1985 8555/4781/1987 8553/4779/1984
f 8558/4780/1986 8557/4783/1989 8555/4781/1987
f 8560/4782/1988 8559/4785/1988 8557/4783/1989
f 8562/4784/1990 8561/4787/1990 8559/4785/1988
f 8564/4786/1991 8563/4789/1991 8561/4787/1990
f 8566/4788/1992 8565/4791/1992 8563/4789/1991
f 8568/4790/1993 8567/4793/1993 8565/4791/1992
f 8570/4792/1994 8569/4795/1994 8567/4793/1993
f 8572/4794/1995 8571/4797/1995 8569/4795/1994
f 8574/4796/1996 8573/4799/1996 8571/4797/1995
f 8576/4798/1997 8575/4801/1997 8573/4799/1996
f 8578/4800/1998 8577/4803/1998 8575/4801/1997
f 8580/4802/1999 8579/4805/1999 8577/4803/1998
f 8582/4804/2000 8581/4807/2000 8579/4805/1999
f 8584/4806/2001 8583/4809/2001 8581/4807/2000
f 8586/4808/413 8585/4811/413 8583/4809/2001
f 8588/4810/2002 8587/4813/2002 8585/4811/413
f 8590/4812/2003 8589/4815/2003 8587/4813/2002
f 8592/4814/2004 8591/4817/2006 8589/4815/2003
f 8594/4816/2005 8593/4819/2008 8591/4817/2006
f 8596/4818/2007 8595/4821/2007 8593/4819/2008
f 8598/4820/2009 8597/4823/2009 8595/4821/2007
f 8600/4822/2010 8599/4825/2010 8597/4823/2009
f 8602/4824/501 8601/4827/501 8599/4825/2010
f 8604/4826/2011 8603/4829/2011 8601/4827/501
f 8606/4828/2012 8605/4831/2014 8603/4829/2011
f 8608/4830/2013 8607/4833/2016 8605/4831/2014
f 8610/4832/2015 8609/4835/2018 8607/4833/2016
f 8612/4834/2017 8611/4837/2019 8609/4835/2018
f 8614/4836/936 8613/4839/936 8611/4837/2019
f 8616/4838/936 8615/4841/936 8613/4839/936
f 8618/4840/154 8617/4843/154 8615/4841/936
f 8620/4842/154 8619/4845/154 8617/4843/154
f 8622/4844/154 8621/4847/154 8619/4845/154
f 8624/4846/934 8623/4848/934 8621/4847/154
f 8484/2135/934 8483/2/934 8623/4848/934
